Flow,Period,Deadline,Execution Time,w,h,Target_Utilization,Actual_Utilization,Utilization_Error,Queue
F1,400000,400000,1251,1,2,0.003128640481835532,0.0031275,,6
F2,400000,400000,9022,1,2,0.022555446228419984,0.022555,,6
F3,200000,200000,2057,1,2,0.010285062012139745,0.010285,,1
F4,400000,400000,1480,1,2,0.003699768231198164,0.0037,,7
F5,200000,200000,7133,1,2,0.035666407491813656,0.035665,,2
F6,200000,200000,10457,1,2,0.05228381814305505,0.052285,,3
F7,100000,100000,678,1,2,0.006780373145113372,0.00678,,2
F8,400000,400000,5031,1,2,0.012577843111066134,0.0125775,,4
F9,50000,50000,6134,1,2,0.1226894753934257,0.12268,,2
F10,400000,400000,2255,1,2,0.005638435296723199,0.0056375,,3
F11,400000,400000,7466,1,2,0.018665634151838917,0.018665,,7
F12,100000,100000,790,1,2,0.007899749338637102,0.0079,,5
F13,200000,200000,8123,1,2,0.040615606859415676,0.040615,,3
F14,400000,400000,6260,1,2,0.015650511078488083,0.01565,,3
F15,50000,50000,3039,1,2,0.06078199688712271,0.06078,,3
F16,400000,400000,7685,1,2,0.01921343198343456,0.0192125,,2
