Flow,Period,Deadline,Execution Time,w,h,Target_Utilization,Actual_Utilization,Utilization_Error,Queue
F1,400000,400000,3011,1,2,0.007526946303404725,0.0075275,,4
F2,200000,200000,10617,1,2,0.05308492770905987,0.053085,,2
F3,200000,200000,5317,1,2,0.026585158093700045,0.026585,,3
F4,200000,200000,827,1,2,0.004135199821976243,0.004135,,2
F5,50000,50000,1812,1,2,0.03624145739627277,0.03624,,4
F6,200000,200000,1813,1,2,0.009064383836753509,0.009065,,3
F7,200000,200000,8615,1,2,0.043073316826287705,0.043075,,6
F8,400000,400000,5550,1,2,0.013875186663404288,0.013875,,1
F9,200000,200000,7925,1,2,0.03962587639925985,0.039625,,2
F10,400000,400000,5397,1,2,0.013492226295675092,0.0134925,,1
F11,400000,400000,8877,1,2,0.02219291261005782,0.0221925,,6
F12,200000,200000,9947,1,2,0.049735625402497805,0.049735,,2
F13,100000,100000,1136,1,2,0.011360627829154757,0.01136,,6
F14,100000,100000,4593,1,2,0.04592838418529086,0.04593,,3
F15,400000,400000,946,1,2,0.0023657260470191024,0.002365,,3
F16,200000,200000,8297,1,2,0.04148643995268017,0.041485,,1
