Flow,Period,Deadline,Execution Time,w,h,Target_Utilization,Actual_Utilization,Utilization_Error,Queue
F1,400000,400000,2326,1,2,0.00581468469117552,0.005815,,6
F2,50000,50000,3220,1,2,0.06439667697328899,0.0644,,4
F3,100000,100000,6019,1,2,0.06019495469747482,0.06019,,1
F4,200000,200000,9823,1,2,0.04911459734757345,0.049115,,4
F5,400000,400000,5723,1,2,0.014308517580946312,0.0143075,,5
F6,400000,400000,10391,1,2,0.025977042017489294,0.0259775,,1
F7,400000,400000,600,1,2,0.0013847378158522994,0.0015,,1
F8,400000,400000,4851,1,2,0.012126564005558171,0.0121275,,5
F9,100000,100000,3042,1,2,0.030421822475253324,0.03042,,6
F10,100000,100000,3287,1,2,0.03287244594564126,0.03287,,3
F11,200000,200000,1749,1,2,0.008745838359300373,0.008745,,2
F12,400000,400000,4329,1,2,0.010822885150363087,0.0108225,,4
F13,200000,200000,9482,1,2,0.047408289020843375,0.04741,,7
F14,100000,100000,6091,1,2,0.06091008625265439,0.06091,,4
F15,400000,400000,4755,1,2,0.011887565373830906,0.0118875,,3
F16,400000,400000,5709,1,2,0.01427251746982322,0.0142725,,2
