Flow,Period,Deadline,Execution Time,w,h,Target_Utilization,Actual_Utilization,Utilization_Error,Queue
F1,400000,400000,3577,1,2,0.008942198716200278,0.0089425,,2
F2,200000,200000,6899,1,2,0.03449264287142739,0.034495,,4
F3,200000,200000,2603,1,2,0.013014388279812494,0.013015,,4
F4,200000,200000,3641,1,2,0.01820464541193867,0.018205,,6
F5,400000,400000,9157,1,2,0.022891425341275973,0.0228925,,5
F6,100000,100000,7945,1,2,0.07944789466730112,0.07945,,4
F7,400000,400000,5087,1,2,0.012717058530597902,0.0127175,,6
F8,400000,400000,4849,1,2,0.01212205997513871,0.0121225,,1
F9,100000,100000,7092,1,2,0.07091731955554673,0.07092,,4
F10,100000,100000,6138,1,2,0.06137903228244122,0.06138,,7
F11,50000,50000,1147,1,2,0.022940746780207674,0.02294,,2
F12,400000,400000,11891,1,2,0.02972841515723254,0.0297275,,7
F13,400000,400000,8791,1,2,0.02197874358307695,0.0219775,,4
F14,400000,400000,7149,1,2,0.017872995555810033,0.0178725,,7
F15,400000,400000,5537,1,2,0.013842034597550602,0.0138425,,5
F16,200000,200000,3135,1,2,0.015675091342543933,0.015675,,2
