Flow,Period,Deadline,Execution Time,w,h,Target_Utilization,Actual_Utilization,Utilization_Error,Queue
F1,100000,100000,8243,1,2,0.08242969331775785,0.08243,,3
F2,200000,200000,11414,1,2,0.057069791289086846,0.05707,,3
F3,400000,400000,600,1,2,0.0009983150152703124,0.0015,,2
F4,200000,200000,6257,1,2,0.03128630051654874,0.031285,,6
F5,400000,400000,1670,1,2,0.004175102403488534,0.004175,,5
F6,200000,200000,6549,1,2,0.03274430325900321,0.032745,,7
F7,50000,50000,1881,1,2,0.03762066091466712,0.03762,,2
F8,400000,400000,4741,1,2,0.011852997725923076,0.0118525,,1
F9,400000,400000,1022,1,2,0.00255497685826378,0.002555,,4
F10,200000,200000,8273,1,2,0.04136742695281603,0.041365,,6
F11,400000,400000,8947,1,2,0.022367193883704548,0.0223675,,4
F12,200000,200000,5802,1,2,0.029009089518920908,0.02901,,3
F13,200000,200000,2641,1,2,0.013205121972636902,0.013205,,7
F14,400000,400000,2136,1,2,0.005338960292039237,0.00534,,6
F15,400000,400000,600,1,2,0.0008297751023353742,0.0015,,4
F16,200000,200000,8169,1,2,0.040845110139138094,0.040845,,4
