Flow,Period,Deadline,Execution Time,w,h,Target_Utilization,Actual_Utilization,Utilization_Error,Queue
F1,200000,200000,2365,1,2,0.011825663354373017,0.011825,,1
F2,200000,200000,4791,1,2,0.02395615656718031,0.023955,,4
F3,200000,200000,7519,1,2,0.03759399790702356,0.037595,,2
F4,200000,200000,11386,1,2,0.05692853724482122,0.05693,,4
F5,50000,50000,3476,1,2,0.06951599413689175,0.06952,,3
F6,200000,200000,8627,1,2,0.04313616288607269,0.043135,,3
F7,400000,400000,4565,1,2,0.011413103406899272,0.0114125,,4
F8,400000,400000,10666,1,2,0.026665765061657465,0.026665,,5
F9,200000,200000,6813,1,2,0.03406612583243335,0.034065,,3
F10,400000,400000,651,1,2,0.0016270981125600936,0.0016275,,3
F11,200000,200000,4555,1,2,0.022775054185462135,0.022775,,7
F12,200000,200000,1976,1,2,0.009880861648582345,0.00988,,6
F13,400000,400000,7827,1,2,0.019567188139777605,0.0195675,,2
F14,100000,100000,6094,1,2,0.06093556502766717,0.06094,,5
F15,400000,400000,1755,1,2,0.0043887217369501935,0.0043875,,5
F16,200000,200000,8126,1,2,0.040628584065517365,0.04063,,5
