Flow,Period,Deadline,Execution Time,w,h,Target_Utilization,Actual_Utilization,Utilization_Error,Queue
F1,400000,400000,5790,1,2,0.014475260519091593,0.014475,,7
F2,100000,100000,7195,1,2,0.07194542888492778,0.07195,,4
F3,400000,400000,3268,1,2,0.008169164257748496,0.00817,,6
F4,200000,200000,9483,1,2,0.04741403928388094,0.047415,,4
F5,400000,400000,1841,1,2,0.004601280542614716,0.0046025,,3
F6,100000,100000,3278,1,2,0.0327819556482582,0.03278,,1
F7,400000,400000,2243,1,2,0.005607471380370044,0.0056075,,2
F8,200000,200000,6633,1,2,0.033165348163468056,0.033165,,4
F9,50000,50000,3468,1,2,0.06935894415009874,0.06936,,6
F10,200000,200000,9283,1,2,0.04641618747970298,0.046415,,7
F11,200000,200000,7921,1,2,0.03960272933407739,0.039605,,6
F12,400000,400000,2571,1,2,0.006427854610815388,0.0064275,,5
F13,200000,200000,1484,1,2,0.007420311979791726,0.00742,,7
F14,400000,400000,1356,1,2,0.003389528215327113,0.00339,,4
F15,200000,200000,8639,1,2,0.04319395293061709,0.043195,,1
F16,400000,400000,775,1,2,0.0019382319918949517,0.0019375,,7
