Flow,Period,Deadline,Execution Time,w,h,Target_Utilization,Actual_Utilization,Utilization_Error,Queue
F1,400000,400000,1833,1,2,0.004582042890786675,0.0045825,,4
F2,400000,400000,2935,1,2,0.007338232779024567,0.0073375,,6
F3,200000,200000,1176,1,2,0.005880067434468672,0.00588,,2
F4,400000,400000,5905,1,2,0.014761702517704312,0.0147625,,5
F5,200000,200000,6494,1,2,0.03246935756031072,0.03247,,6
F6,200000,200000,8885,1,2,0.04442607687269051,0.044425,,3
F7,100000,100000,7778,1,2,0.07778096789378308,0.07778,,3
F8,200000,200000,6283,1,2,0.03141404525235875,0.031415,,3
F9,400000,400000,7212,1,2,0.018029776356882132,0.01803,,2
F10,100000,100000,4191,1,2,0.04190867950315197,0.04191,,1
F11,400000,400000,1125,1,2,0.002811438597035004,0.0028125,,6
F12,400000,400000,2491,1,2,0.006228303610648855,0.0062275,,7
F13,400000,400000,855,1,2,0.0021376380689611396,0.0021375,,4
F14,400000,400000,6215,1,2,0.015538318348170224,0.0155375,,1
F15,50000,50000,3797,1,2,0.0759424279111156,0.07594,,3
F16,200000,200000,9219,1,2,0.04609471502098387,0.046095,,3
