Flow,Period,Deadline,Execution Time,w,h,Target_Utilization,Actual_Utilization,Utilization_Error,Queue
F1,50000,50000,4658,1,2,0.0931600418470086,0.09316,,1
F2,200000,200000,9207,1,2,0.04603348209247937,0.046035,,1
F3,400000,400000,4469,1,2,0.011171302053904875,0.0111725,,7
F4,400000,400000,3507,1,2,0.008768599417503131,0.0087675,,1
F5,100000,100000,3342,1,2,0.033421449249467605,0.03342,,4
F6,400000,400000,600,1,2,0.0012881291832615993,0.0015,,6
F7,200000,200000,3518,1,2,0.017589151731451147,0.01759,,3
F8,200000,200000,6428,1,2,0.03213927353837162,0.03214,,1
F9,100000,100000,1639,1,2,0.016390005205448144,0.01639,,5
F10,200000,200000,3686,1,2,0.01843052397894715,0.01843,,1
F11,200000,200000,7680,1,2,0.03839985058850365,0.0384,,4
F12,400000,400000,3802,1,2,0.00950564958479358,0.009505,,3
F13,100000,100000,2574,1,2,0.02574099267942949,0.02574,,4
F14,100000,100000,6895,1,2,0.06895027809662593,0.06895,,4
F15,400000,400000,2505,1,2,0.006263351034403324,0.0062625,,4
F16,400000,400000,9251,1,2,0.023126754989083287,0.0231275,,6
