Flow,Period,Deadline,Execution Time,w,h,Target_Utilization,Actual_Utilization,Utilization_Error,Queue
F1,400000,400000,6214,1,2,0.015534528728666175,0.015535,,7
F2,100000,100000,3131,1,2,0.03131019616094338,0.03131,,3
F3,200000,200000,9602,1,2,0.04800755963036474,0.04801,,4
F4,400000,400000,8425,1,2,0.021061712547317257,0.0210625,,2
F5,400000,400000,1344,1,2,0.003360480455024073,0.00336,,7
F6,100000,100000,4497,1,2,0.04496978909396032,0.04497,,1
F7,100000,100000,5235,1,2,0.052351688866503154,0.05235,,2
F8,200000,200000,11879,1,2,0.05939380277685463,0.059395,,7
F9,200000,200000,9033,1,2,0.045165339846711394,0.045165,,5
F10,400000,400000,600,1,2,0.0005889529406652161,0.0015,,2
F11,400000,400000,2359,1,2,0.005896322645431329,0.0058975,,2
F12,200000,200000,2717,1,2,0.013586239115888465,0.013585,,5
F13,400000,400000,4351,1,2,0.010877416245555369,0.0108775,,5
F14,100000,100000,7118,1,2,0.07118225764491237,0.07118,,4
F15,100000,100000,4231,1,2,0.04230776296218092,0.04231,,4
F16,400000,400000,3319,1,2,0.008298233802403512,0.0082975,,7
