Flow,Period,Deadline,Execution Time,w,h,Target_Utilization,Actual_Utilization,Utilization_Error,Queue
F1,400000,400000,9910,1,2,0.024773752544972716,0.024775,,6
F2,400000,400000,600,1,2,0.001067569108016031,0.0015,,7
F3,400000,400000,11445,1,2,0.028613104329622496,0.0286125,,7
F4,400000,400000,5761,1,2,0.014403269251791473,0.0144025,,1
F5,400000,400000,11341,1,2,0.028353671207561215,0.0283525,,2
F6,50000,50000,2012,1,2,0.04023793197719411,0.04024,,1
F7,200000,200000,7015,1,2,0.03507475578822361,0.035075,,7
F8,400000,400000,9803,1,2,0.024507066840368186,0.0245075,,5
F9,400000,400000,839,1,2,0.0020965659084067334,0.0020975,,7
F10,400000,400000,600,1,2,0.0004951360248584558,0.0015,,1
F11,50000,50000,1646,1,2,0.032917937077278164,0.03292,,1
F12,400000,400000,6815,1,2,0.01703817891830023,0.0170375,,3
F13,100000,100000,8613,1,2,0.08612504485107181,0.08613,,1
F14,50000,50000,4833,1,2,0.09665980155540196,0.09666,,1
F15,100000,100000,899,1,2,0.00899082668018996,0.00899,,4
F16,400000,400000,3263,1,2,0.008158233539381839,0.0081575,,4
