Flow,Period,Deadline,Execution Time,w,h,Target_Utilization,Actual_Utilization,Utilization_Error,Queue
F1,200000,200000,10166,1,2,0.05083097787847485,0.05083,,5
F2,200000,200000,600,1,2,0.003000240997097614,0.003,,1
F3,100000,100000,7741,1,2,0.07741465850020873,0.07741,,3
F4,200000,200000,6665,1,2,0.033324060845593584,0.033325,,6
F5,400000,400000,861,1,2,0.0021535421364880514,0.0021525,,3
F6,400000,400000,3795,1,2,0.00948714727806993,0.0094875,,1
F7,400000,400000,2051,1,2,0.00512815847621273,0.0051275,,7
F8,200000,200000,3825,1,2,0.019125242456998204,0.019125,,4
F9,400000,400000,3330,1,2,0.008323955065151684,0.008325,,4
F10,100000,100000,5461,1,2,0.054610738758405525,0.05461,,1
F11,400000,400000,7495,1,2,0.018737362970593058,0.0187375,,6
F12,100000,100000,645,1,2,0.006448910357963661,0.00645,,2
F13,50000,50000,3097,1,2,0.0619448427497437,0.06194,,4
F14,400000,400000,10149,1,2,0.025371827864278995,0.0253725,,7
F15,200000,200000,5295,1,2,0.02647513388485522,0.026475,,2
F16,200000,200000,6277,1,2,0.03138443991981967,0.031385,,3
