Flow,Period,Deadline,Execution Time,w,h,Target_Utilization,Actual_Utilization,Utilization_Error,Queue
F1,100000,100000,1135,1,2,0.011350061366468878,0.01135,,6
F2,100000,100000,11685,1,2,0.11684983323592502,0.11685,,7
F3,400000,400000,5420,1,2,0.013549159154355228,0.01355,,6
F4,400000,400000,4339,1,2,0.01084666878638596,0.0108475,,3
F5,100000,100000,11083,1,2,0.11083445461550806,0.11083,,1
F6,400000,400000,10264,1,2,0.025659623280058025,0.02566,,7
F7,50000,50000,2274,1,2,0.04547757535994568,0.04548,,7
F8,100000,100000,3742,1,2,0.03742061257309752,0.03742,,6
F9,100000,100000,1101,1,2,0.011009206879022876,0.01101,,2
F10,400000,400000,8481,1,2,0.021202383270211733,0.0212025,,7
F11,100000,100000,1175,1,2,0.011749653858028973,0.01175,,3
F12,400000,400000,4533,1,2,0.011332242203609524,0.0113325,,7
F13,400000,400000,4793,1,2,0.011983427861007166,0.0119825,,2
F14,400000,400000,638,1,2,0.0015940830006397344,0.001595,,5
F15,400000,400000,1161,1,2,0.002902438768418697,0.0029025,,5
F16,200000,200000,6819,1,2,0.034093068825010384,0.034095,,6
