Flow,Period,Deadline,Execution Time,w,h,Target_Utilization,Actual_Utilization,Utilization_Error,Queue
F1,200000,200000,2991,1,2,0.01495404911410153,0.014955,,1
F2,50000,50000,2803,1,2,0.05606035200127174,0.05606,,1
F3,400000,400000,3245,1,2,0.008113443560759825,0.0081125,,4
F4,200000,200000,5921,1,2,0.029604248447331782,0.029605,,4
F5,100000,100000,6160,1,2,0.06159833508896029,0.0616,,4
F6,400000,400000,5379,1,2,0.013448606533178475,0.0134475,,3
F7,400000,400000,626,1,2,0.001564880733028351,0.001565,,7
F8,400000,400000,600,1,2,3.572115108252394e-05,0.0015,,1
F9,200000,200000,11090,1,2,0.05545082950784316,0.05545,,4
F10,400000,400000,1789,1,2,0.004471422875687581,0.0044725,,2
F11,200000,200000,9299,1,2,0.04649551752410533,0.046495,,1
F12,200000,200000,6491,1,2,0.03245421540767854,0.032455,,3
F13,400000,400000,4577,1,2,0.011441871895407962,0.0114425,,6
F14,200000,200000,10359,1,2,0.051792518158397874,0.051795,,5
F15,100000,100000,6887,1,2,0.06886622118498478,0.06887,,1
F16,200000,200000,2780,1,2,0.013900860692704289,0.0139,,5
