Flow,Period,Deadline,Execution Time,w,h,Target_Utilization,Actual_Utilization,Utilization_Error,Queue
F1,400000,400000,3774,1,2,0.00943582067627241,0.009435,,4
F2,200000,200000,2551,1,2,0.012754525885949997,0.012755,,3
F3,400000,400000,3434,1,2,0.008584928507002931,0.008585,,6
F4,100000,100000,3340,1,2,0.03340040073386363,0.0334,,6
F5,100000,100000,2228,1,2,0.022280627513249218,0.02228,,5
F6,100000,100000,7471,1,2,0.07471056799290843,0.07471,,4
F7,200000,200000,3066,1,2,0.015331095226063352,0.01533,,6
F8,50000,50000,5945,1,2,0.11889689994456032,0.1189,,1
F9,100000,100000,7296,1,2,0.07295643713126795,0.07296,,3
F10,400000,400000,5861,1,2,0.014652907508503232,0.0146525,,2
F11,400000,400000,2113,1,2,0.0052833433686647335,0.0052825,,2
F12,400000,400000,6529,1,2,0.016321860531667093,0.0163225,,4
F13,100000,100000,5728,1,2,0.05728098981507322,0.05728,,2
F14,400000,400000,600,1,2,0.0007744611426781824,0.0015,,5
F15,400000,400000,8471,1,2,0.021176745611805353,0.0211775,,5
F16,200000,200000,928,1,2,0.004638796553538088,0.00464,,7
