Flow,Period,Deadline,Execution Time,w,h,Target_Utilization,Actual_Utilization,Utilization_Error,Queue
F1,400000,400000,8373,1,2,0.020931623990678938,0.0209325,,2
F2,100000,100000,1227,1,2,0.012270931637389682,0.01227,,6
F3,200000,200000,11487,1,2,0.05743276181040202,0.057435,,1
F4,400000,400000,3815,1,2,0.009538050368967155,0.0095375,,1
F5,200000,200000,6617,1,2,0.03308616088917582,0.033085,,3
F6,400000,400000,1567,1,2,0.003918193580969009,0.0039175,,7
F7,100000,100000,6904,1,2,0.0690394243477418,0.06904,,2
F8,400000,400000,2183,1,2,0.005456293137666074,0.0054575,,3
F9,200000,200000,1142,1,2,0.005710470249724597,0.00571,,5
F10,200000,200000,3147,1,2,0.015735138021695766,0.015735,,5
F11,50000,50000,3172,1,2,0.06344184882805096,0.06344,,5
F12,200000,200000,4502,1,2,0.022509446904707714,0.02251,,6
F13,100000,100000,10187,1,2,0.10186572492311823,0.10187,,7
F14,400000,400000,1741,1,2,0.004352747571044181,0.0043525,,2
F15,400000,400000,600,1,2,0.0014616067404667234,0.0015,,4
F16,200000,200000,3615,1,2,0.01807538179555474,0.018075,,1
