Flow,Period,Deadline,Execution Time,w,h,Target_Utilization,Actual_Utilization,Utilization_Error,Queue
F1,50000,50000,7377,1,2,0.14754495671584,0.14754,,5
F2,200000,200000,8280,1,2,0.04139915689458051,0.0414,,3
F3,400000,400000,2649,1,2,0.006623251646893175,0.0066225,,4
F4,400000,400000,5408,1,2,0.013519507969012301,0.01352,,2
F5,200000,200000,7228,1,2,0.03613896748083087,0.03614,,1
F6,400000,400000,2058,1,2,0.005145876699455126,0.005145,,3
F7,400000,400000,3248,1,2,0.008121099453528763,0.00812,,5
F8,200000,200000,11157,1,2,0.0557833258033239,0.055785,,4
F9,400000,400000,3925,1,2,0.009813185423614534,0.0098125,,6
F10,200000,200000,934,1,2,0.00467091282056023,0.00467,,1
F11,400000,400000,4002,1,2,0.010004558450863753,0.010005,,2
F12,400000,400000,660,1,2,0.0016504186210723193,0.00165,,6
F13,400000,400000,4087,1,2,0.010218676926981057,0.0102175,,4
F14,400000,400000,2074,1,2,0.0051856554424241225,0.005185,,2
F15,400000,400000,1410,1,2,0.0035237918448167635,0.003525,,5
F16,100000,100000,4096,1,2,0.0409581994137132,0.04096,,7
