Flow,Period,Deadline,Execution Time,w,h,Target_Utilization,Actual_Utilization,Utilization_Error,Queue
F1,200000,200000,2979,1,2,0.014896045169489613,0.014895,,6
F2,200000,200000,11769,1,2,0.05884604606536881,0.058845,,5
F3,200000,200000,1259,1,2,0.006294816286080085,0.006295,,4
F4,200000,200000,2698,1,2,0.013488759272180517,0.01349,,1
F5,400000,400000,3779,1,2,0.00944642713043875,0.0094475,,2
F6,200000,200000,3566,1,2,0.01783103271353198,0.01783,,3
F7,200000,200000,11040,1,2,0.05520245137975538,0.0552,,7
F8,200000,200000,7291,1,2,0.03645282766121952,0.036455,,6
F9,200000,200000,11643,1,2,0.05821678475923192,0.058215,,3
F10,200000,200000,10109,1,2,0.05054495009488261,0.050545,,2
F11,200000,200000,989,1,2,0.004945303945183582,0.004945,,1
F12,200000,200000,10106,1,2,0.0505317801785975,0.05053,,5
F13,400000,400000,8927,1,2,0.022316260961172646,0.0223175,,3
F14,200000,200000,3862,1,2,0.0193106616435605,0.01931,,1
F15,400000,400000,3530,1,2,0.0088240654779357,0.008825,,5
F16,400000,400000,4687,1,2,0.011716751378813582,0.0117175,,7
