Flow,Period,Deadline,Execution Time,w,h,Target_Utilization,Actual_Utilization,Utilization_Error,Queue
F1,400000,400000,10331,1,2,0.02582732297089607,0.0258275,,7
F2,400000,400000,4641,1,2,0.011603348602728325,0.0116025,,2
F3,200000,200000,9648,1,2,0.0482378934501812,0.04824,,3
F4,400000,400000,652,1,2,0.0016293912292656976,0.00163,,7
F5,50000,50000,5486,1,2,0.10972243735608245,0.10972,,4
F6,200000,200000,1162,1,2,0.005810464798630427,0.00581,,4
F7,400000,400000,1991,1,2,0.0049783671417614195,0.0049775,,6
F8,400000,400000,1652,1,2,0.004129151461421066,0.00413,,4
F9,200000,200000,10895,1,2,0.054472892449660915,0.054475,,4
F10,200000,200000,9584,1,2,0.04792205172737138,0.04792,,1
F11,400000,400000,600,1,2,0.001176010227737459,0.0015,,2
F12,400000,400000,4771,1,2,0.01192637731228921,0.0119275,,4
F13,400000,400000,5755,1,2,0.014387328452494526,0.0143875,,6
F14,100000,100000,5470,1,2,0.05470137348862299,0.0547,,3
F15,400000,400000,600,1,2,0.00025367401208559485,0.0015,,7
F16,400000,400000,1419,1,2,0.0035467864022015053,0.0035475,,6
