Flow,Period,Deadline,Execution Time,w,h,Target_Utilization,Actual_Utilization,Utilization_Error,Queue
F1,100000,100000,5329,1,2,0.05328886391054216,0.05329,,2
F2,400000,400000,8070,1,2,0.020175072980691156,0.020175,,2
F3,100000,100000,1642,1,2,0.016420692502479572,0.01642,,5
F4,400000,400000,666,1,2,0.001663995718373501,0.001665,,7
F5,100000,100000,2289,1,2,0.022891165913621447,0.02289,,1
F6,400000,400000,11666,1,2,0.02916377243613799,0.029165,,4
F7,400000,400000,2555,1,2,0.00638852739625112,0.0063875,,2
F8,100000,100000,9751,1,2,0.09751214689619483,0.09751,,6
F9,200000,200000,3642,1,2,0.018209952733895557,0.01821,,4
F10,400000,400000,6967,1,2,0.017416598747863526,0.0174175,,6
F11,400000,400000,601,1,2,0.0015031092337752794,0.0015025,,6
F12,400000,400000,9798,1,2,0.02449533461486636,0.024495,,2
F13,400000,400000,9623,1,2,0.024057261356920198,0.0240575,,5
F14,400000,400000,4511,1,2,0.011277397074469078,0.0112775,,3
F15,100000,100000,10201,1,2,0.10201135024710682,0.10201,,4
F16,400000,400000,2034,1,2,0.00508600234242888,0.005085,,1
