Flow,Period,Deadline,Execution Time,w,h,Target_Utilization,Actual_Utilization,Utilization_Error,Queue
F1,400000,400000,7016,1,2,0.01754061934211759,0.01754,,1
F2,200000,200000,8438,1,2,0.04219137802631601,0.04219,,7
F3,200000,200000,6311,1,2,0.03155622328187363,0.031555,,5
F4,200000,200000,9278,1,2,0.04639086514019841,0.04639,,4
F5,400000,400000,5583,1,2,0.013957205152294871,0.0139575,,5
F6,200000,200000,10519,1,2,0.052593912505496415,0.052595,,5
F7,400000,400000,2139,1,2,0.0053483387654442716,0.0053475,,5
F8,200000,200000,682,1,2,0.0034088307089854275,0.00341,,6
F9,200000,200000,3002,1,2,0.015011170333193075,0.01501,,6
F10,50000,50000,6217,1,2,0.12434403492711717,0.12434,,3
F11,400000,400000,600,1,2,0.001195124397704167,0.0015,,1
F12,400000,400000,9457,1,2,0.023642552431250907,0.0236425,,6
F13,200000,200000,2151,1,2,0.010754813149355932,0.010755,,1
F14,400000,400000,3679,1,2,0.009197955509086295,0.0091975,,4
F15,400000,400000,3066,1,2,0.007663826158946212,0.007665,,6
F16,200000,200000,2565,1,2,0.012825354932856001,0.012825,,7
