Flow,Period,Deadline,Execution Time,w,h,Target_Utilization,Actual_Utilization,Utilization_Error,Queue
F1,200000,200000,5231,1,2,0.026154076445460583,0.026155,,1
F2,400000,400000,4224,1,2,0.010559833188893253,0.01056,,3
F3,100000,100000,845,1,2,0.008451131109917076,0.00845,,6
F4,200000,200000,6999,1,2,0.03499725794089753,0.034995,,6
F5,100000,100000,601,1,2,0.006009763456253869,0.00601,,7
F6,200000,200000,1691,1,2,0.008455519991139804,0.008455,,5
F7,200000,200000,3967,1,2,0.019833786747378068,0.019835,,1
F8,400000,400000,11553,1,2,0.028882406959734264,0.0288825,,2
F9,200000,200000,8723,1,2,0.043614449826179236,0.043615,,3
F10,50000,50000,4455,1,2,0.0890997763490356,0.0891,,2
F11,200000,200000,10950,1,2,0.054747716016413484,0.05475,,2
F12,400000,400000,8583,1,2,0.021458200627781143,0.0214575,,2
F13,200000,200000,9860,1,2,0.049297894235650626,0.0493,,1
F14,400000,400000,923,1,2,0.002306941457058953,0.0023075,,2
F15,400000,400000,4457,1,2,0.011141683647155756,0.0111425,,6
F16,400000,400000,9993,1,2,0.024982898794213195,0.0249825,,3
