Flow,Period,Deadline,Execution Time,w,h,Target_Utilization,Actual_Utilization,Utilization_Error,Queue
F1,100000,100000,7133,1,2,0.07133025819533201,0.07133,,4
F2,200000,200000,11454,1,2,0.05726764834587006,0.05727,,3
F3,100000,100000,9573,1,2,0.09572638968565572,0.09573,,6
F4,100000,100000,6605,1,2,0.06604944745365071,0.06605,,7
F5,100000,100000,11718,1,2,0.11717884691522662,0.11718,,3
F6,50000,50000,7159,1,2,0.14317616399964345,0.14318,,7
F7,200000,200000,9087,1,2,0.045433276818841184,0.045435,,6
F8,200000,200000,8382,1,2,0.04191215044225183,0.04191,,2
F9,200000,200000,8864,1,2,0.044318411468002084,0.04432,,5
F10,50000,50000,4092,1,2,0.08184312011640993,0.08184,,5
F11,50000,50000,7796,1,2,0.15591793950354704,0.15592,,6
F12,400000,400000,6577,1,2,0.01644312589614741,0.0164425,,3
F13,100000,100000,3715,1,2,0.03715203547441886,0.03715,,7
F14,200000,200000,4948,1,2,0.024739674987735535,0.02474,,4
F15,100000,100000,1014,1,2,0.010140973029861989,0.01014,,6
F16,400000,400000,9683,1,2,0.024207105467280544,0.0242075,,1
