Flow,Period,Deadline,Execution Time,w,h,Target_Utilization,Actual_Utilization,Utilization_Error,Queue
F1,100000,100000,8379,1,2,0.08379061473236049,0.08379,,2
F2,100000,100000,5507,1,2,0.05506835865434334,0.05507,,5
F3,200000,200000,8731,1,2,0.04365471407205046,0.043655,,2
F4,200000,200000,11491,1,2,0.05745351837305612,0.057455,,7
F5,100000,100000,7847,1,2,0.07847018803673167,0.07847,,1
F6,50000,50000,10774,1,2,0.21548916233686205,0.21548,,4
F7,400000,400000,5835,1,2,0.014587412969619074,0.0145875,,1
F8,200000,200000,7839,1,2,0.039193979338062956,0.039195,,4
F9,100000,100000,8991,1,2,0.08990831279116784,0.08991,,4
F10,50000,50000,6054,1,2,0.12108544915947769,0.12108,,1
F11,200000,200000,7668,1,2,0.03833874119561606,0.03834,,7
F12,400000,400000,3547,1,2,0.008867086591327733,0.0088675,,6
F13,50000,50000,3045,1,2,0.06089873111546509,0.0609,,4
F14,200000,200000,1893,1,2,0.009464045284312564,0.009465,,3
F15,100000,100000,9807,1,2,0.09806615617092501,0.09807,,7
F16,400000,400000,5653,1,2,0.014133484888617055,0.0141325,,5
