Flow,Period,Deadline,Execution Time,w,h,Target_Utilization,Actual_Utilization,Utilization_Error,Queue
F1,400000,400000,6827,1,2,0.017068691128471425,0.0170675,,7
F2,200000,200000,1975,1,2,0.009874130063702857,0.009875,,1
F3,400000,400000,11785,1,2,0.029462649325912915,0.0294625,,5
F4,50000,50000,9395,1,2,0.18789798450191975,0.1879,,3
F5,400000,400000,6641,1,2,0.01660294774227067,0.0166025,,3
F6,50000,50000,9112,1,2,0.1822496561153416,0.18224,,3
F7,200000,200000,9439,1,2,0.047197319369666646,0.047195,,2
F8,100000,100000,8442,1,2,0.08442003886284694,0.08442,,2
F9,100000,100000,6402,1,2,0.06401859678522481,0.06402,,1
F10,200000,200000,7057,1,2,0.0352873029993262,0.035285,,7
F11,100000,100000,6763,1,2,0.06762872594465047,0.06763,,7
F12,50000,50000,4686,1,2,0.09372396234446914,0.09372,,1
F13,100000,100000,11911,1,2,0.11911090466283122,0.11911,,5
F14,400000,400000,2749,1,2,0.0068735186469262854,0.0068725,,6
F15,200000,200000,9545,1,2,0.0477243041106338,0.047725,,5
F16,200000,200000,11899,1,2,0.05949662051216614,0.059495,,3
