Flow,Period,Deadline,Execution Time,w,h,Target_Utilization,Actual_Utilization,Utilization_Error,Queue
F1,200000,200000,8887,1,2,0.04443558737908859,0.044435,,4
F2,50000,50000,2192,1,2,0.04383950756697075,0.04384,,6
F3,100000,100000,7091,1,2,0.07091136704355272,0.07091,,1
F4,50000,50000,8713,1,2,0.1742596907710472,0.17426,,7
F5,400000,400000,10143,1,2,0.025358561375059985,0.0253575,,3
F6,50000,50000,7991,1,2,0.15981294667429435,0.15982,,7
F7,100000,100000,9449,1,2,0.09448846235440084,0.09449,,4
F8,50000,50000,2515,1,2,0.05029881022346411,0.0503,,5
F9,400000,400000,11046,1,2,0.027615935454725293,0.027615,,7
F10,200000,200000,11500,1,2,0.05750038659656864,0.0575,,2
F11,100000,100000,10734,1,2,0.10734269737016097,0.10734,,3
F12,50000,50000,3644,1,2,0.07287500544447675,0.07288,,6
F13,400000,400000,3059,1,2,0.007647974169462571,0.0076475,,5
F14,200000,200000,9578,1,2,0.04789102369728336,0.04789,,3
F15,400000,400000,10907,1,2,0.027268294240096788,0.0272675,,1
F16,200000,200000,6559,1,2,0.03279395003011444,0.032795,,2
