Flow,Period,Deadline,Execution Time,w,h,Target_Utilization,Actual_Utilization,Utilization_Error,Queue
F1,400000,400000,7507,1,2,0.018766429523807027,0.0187675,,7
F2,200000,200000,11942,1,2,0.05971132441904514,0.05971,,3
F3,50000,50000,9721,1,2,0.19441000921961016,0.19442,,4
F4,200000,200000,7572,1,2,0.03785926251318639,0.03786,,2
F5,100000,100000,8943,1,2,0.08942809995301815,0.08943,,3
F6,200000,200000,5123,1,2,0.025615016559676462,0.025615,,3
F7,50000,50000,3237,1,2,0.06474296892305742,0.06474,,2
F8,200000,200000,10415,1,2,0.052072749952411845,0.052075,,6
F9,100000,100000,7441,1,2,0.07441431593482101,0.07441,,6
F10,100000,100000,5724,1,2,0.05723912011172144,0.05724,,1
F11,200000,200000,6799,1,2,0.033992982872211586,0.033995,,5
F12,50000,50000,12000,1,2,0.26850598652328495,0.24,,1
F13,400000,400000,3167,1,2,0.007918048829025012,0.0079175,,1
F14,100000,100000,6537,1,2,0.06537421539575537,0.06537,,1
F15,400000,400000,600,1,2,0.0006585189203880959,0.0015,,1
F16,400000,400000,8006,1,2,0.020014223199680516,0.020015,,6
