Flow,Period,Deadline,Execution Time,w,h,Target_Utilization,Actual_Utilization,Utilization_Error,Queue
F1,200000,200000,11795,1,2,0.05897625371356574,0.058975,,5
F2,50000,50000,2133,1,2,0.04265906371125694,0.04266,,6
F3,50000,50000,4580,1,2,0.09160190749230035,0.0916,,6
F4,100000,100000,6069,1,2,0.0606914213129649,0.06069,,7
F5,200000,200000,11153,1,2,0.055762563354790906,0.055765,,1
F6,400000,400000,8471,1,2,0.021176979302423793,0.0211775,,5
F7,50000,50000,10913,1,2,0.21826172522570114,0.21826,,3
F8,100000,100000,1292,1,2,0.012921067710870093,0.01292,,4
F9,400000,400000,946,1,2,0.0023654465177500583,0.002365,,5
F10,50000,50000,764,1,2,0.015278835295313598,0.01528,,3
F11,100000,100000,8599,1,2,0.08598556334250884,0.08599,,4
F12,400000,400000,600,1,2,0.000729763354657964,0.0015,,7
F13,400000,400000,1249,1,2,0.0031227465293461876,0.0031225,,7
F14,400000,400000,7333,1,2,0.018333614556448996,0.0183325,,7
F15,50000,50000,8318,1,2,0.1663520566001312,0.16636,,3
F16,50000,50000,7439,1,2,0.14878266555411934,0.14878,,2
