Flow,Period,Deadline,Execution Time,w,h,Target_Utilization,Actual_Utilization,Utilization_Error,Queue
F1,200000,200000,9005,1,2,0.04502581327076305,0.045025,,2
F2,200000,200000,8165,1,2,0.040823988419689594,0.040825,,5
F3,100000,100000,3388,1,2,0.033881482499989346,0.03388,,2
F4,50000,50000,7537,1,2,0.15073729813200198,0.15074,,5
F5,400000,400000,10103,1,2,0.02525823618743195,0.0252575,,3
F6,400000,400000,6099,1,2,0.015247491199257945,0.0152475,,6
F7,50000,50000,10841,1,2,0.2168281223838613,0.21682,,1
F8,400000,400000,7942,1,2,0.01985572517109996,0.019855,,4
F9,100000,100000,8103,1,2,0.0810285930320162,0.08103,,7
F10,200000,200000,8925,1,2,0.04462264364186497,0.044625,,1
F11,100000,100000,8067,1,2,0.08067479364340041,0.08067,,6
F12,50000,50000,8002,1,2,0.16004006623431968,0.16004,,1
F13,50000,50000,718,1,2,0.014359339357852344,0.01436,,3
F14,400000,400000,7407,1,2,0.018517020726869574,0.0185175,,7
F15,100000,100000,9392,1,2,0.09391786159880346,0.09392,,4
F16,400000,400000,1991,1,2,0.004977500466991011,0.0049775,,1
