Flow,Period,Deadline,Execution Time,w,h,Target_Utilization,Actual_Utilization,Utilization_Error,Queue
F1,200000,200000,2942,1,2,0.01470885631225971,0.01471,,3
F2,50000,50000,5118,1,2,0.10236228944036974,0.10236,,5
F3,50000,50000,6025,1,2,0.12050504808881823,0.1205,,6
F4,200000,200000,5389,1,2,0.026944073963695025,0.026945,,2
F5,200000,200000,6097,1,2,0.030486252906272715,0.030485,,3
F6,100000,100000,9110,1,2,0.09110131622160045,0.0911,,7
F7,200000,200000,10401,1,2,0.05200516347330053,0.052005,,6
F8,50000,50000,7246,1,2,0.14492211538467997,0.14492,,2
F9,50000,50000,9234,1,2,0.1846759938078803,0.18468,,2
F10,200000,200000,8185,1,2,0.04092560673868523,0.040925,,5
F11,400000,400000,9583,1,2,0.023956421677791162,0.0239575,,1
F12,400000,400000,7453,1,2,0.018632418823737756,0.0186325,,7
F13,400000,400000,4178,1,2,0.010446113637798238,0.010445,,4
F14,100000,100000,10215,1,2,0.10215242779668461,0.10215,,3
F15,100000,100000,9165,1,2,0.09165199453060324,0.09165,,1
F16,400000,400000,3438,1,2,0.0085947336521039,0.008595,,5
