Flow,Period,Deadline,Execution Time,w,h,Target_Utilization,Actual_Utilization,Utilization_Error,Queue
F1,50000,50000,8774,1,2,0.17547657596304023,0.17548,,5
F2,400000,400000,5195,1,2,0.012986670691787827,0.0129875,,4
F3,200000,200000,7197,1,2,0.03598613832247266,0.035985,,7
F4,400000,400000,9311,1,2,0.02327853854960249,0.0232775,,1
F5,200000,200000,5859,1,2,0.029294792472960518,0.029295,,2
F6,50000,50000,6403,1,2,0.12805645443093638,0.12806,,6
F7,400000,400000,10690,1,2,0.026724198921712405,0.026725,,5
F8,50000,50000,3345,1,2,0.06690289265714389,0.0669,,5
F9,200000,200000,10667,1,2,0.053333945713491926,0.053335,,6
F10,400000,400000,670,1,2,0.0016755480732819628,0.001675,,7
F11,400000,400000,10892,1,2,0.027230524821454105,0.02723,,4
F12,50000,50000,11293,1,2,0.2258643198703928,0.22586,,6
F13,100000,100000,6821,1,2,0.06821282821149832,0.06821,,4
F14,50000,50000,4596,1,2,0.09191659331671971,0.09192,,7
F15,400000,400000,7111,1,2,0.017777674375208025,0.0177775,,2
F16,100000,100000,8903,1,2,0.08903291933205916,0.08903,,1
