Flow,Period,Deadline,Execution Time,w,h,Target_Utilization,Actual_Utilization,Utilization_Error,Queue
F1,50000,50000,6463,1,2,0.12925048261166483,0.12926,,6
F2,100000,100000,4285,1,2,0.042848362494421255,0.04285,,3
F3,50000,50000,11541,1,2,0.23081690977177816,0.23082,,4
F4,100000,100000,5343,1,2,0.05342928621935339,0.05343,,5
F5,200000,200000,6061,1,2,0.03030325682187318,0.030305,,2
F6,100000,100000,6540,1,2,0.06539690705881074,0.0654,,1
F7,200000,200000,2742,1,2,0.013709185692757253,0.01371,,7
F8,100000,100000,8429,1,2,0.08428801796563762,0.08429,,2
F9,100000,100000,10657,1,2,0.10657414802276222,0.10657,,7
F10,400000,400000,5556,1,2,0.013889668034226477,0.01389,,7
F11,100000,100000,11721,1,2,0.11720714309860163,0.11721,,1
F12,400000,400000,4193,1,2,0.01048131560648645,0.0104825,,3
F13,50000,50000,3971,1,2,0.0794243806662554,0.07942,,6
F14,400000,400000,3551,1,2,0.008877279877532576,0.0088775,,2
F15,200000,200000,2079,1,2,0.010394601042262131,0.010395,,1
F16,400000,400000,3737,1,2,0.009341895554057976,0.0093425,,7
