Flow,Period,Deadline,Execution Time,w,h,Target_Utilization,Actual_Utilization,Utilization_Error,Queue
F1,100000,100000,11278,1,2,0.11277552676825842,0.11278,,7
F2,100000,100000,7253,1,2,0.07252900342629465,0.07253,,3
F3,100000,100000,7000,1,2,0.06999853216558083,0.07,,7
F4,100000,100000,9403,1,2,0.09403089584477153,0.09403,,1
F5,400000,400000,9993,1,2,0.02498177972974458,0.0249825,,2
F6,200000,200000,10342,1,2,0.05171128840255912,0.05171,,7
F7,200000,200000,10794,1,2,0.05397137504765215,0.05397,,4
F8,200000,200000,7269,1,2,0.03634705282540324,0.036345,,5
F9,50000,50000,3043,1,2,0.06086274600441266,0.06086,,5
F10,50000,50000,4547,1,2,0.0909381812681177,0.09094,,5
F11,100000,100000,6696,1,2,0.06696068817133927,0.06696,,1
F12,200000,200000,3792,1,2,0.018959107603221448,0.01896,,1
F13,200000,200000,10994,1,2,0.054967934619281816,0.05497,,3
F14,400000,400000,11305,1,2,0.028262558336770605,0.0282625,,1
F15,50000,50000,5974,1,2,0.11947847227045072,0.11948,,7
F16,200000,200000,11842,1,2,0.05921167191485823,0.05921,,6
