Flow,Period,Deadline,Execution Time,w,h,Target_Utilization,Actual_Utilization,Utilization_Error,Queue
F1,400000,400000,1487,1,2,0.0037173168448534355,0.0037175,,1
F2,200000,200000,797,1,2,0.003985171477650207,0.003985,,1
F3,400000,400000,10671,1,2,0.02667846557524256,0.0266775,,3
F4,200000,200000,11175,1,2,0.05587344930621152,0.055875,,2
F5,200000,200000,9877,1,2,0.049382658076366326,0.049385,,4
F6,400000,400000,2769,1,2,0.006921574969425914,0.0069225,,1
F7,50000,50000,3887,1,2,0.07773874135617853,0.07774,,5
F8,50000,50000,6348,1,2,0.12695752887727063,0.12696,,6
F9,100000,100000,9784,1,2,0.09784411483866384,0.09784,,2
F10,100000,100000,8954,1,2,0.08953795029390055,0.08954,,7
F11,50000,50000,2556,1,2,0.05111766018007213,0.05112,,7
F12,100000,100000,10407,1,2,0.10406586960813824,0.10407,,5
F13,50000,50000,8797,1,2,0.1759481563209827,0.17594,,4
F14,100000,100000,7852,1,2,0.07852269028297124,0.07852,,3
F15,100000,100000,8253,1,2,0.08252530156177623,0.08253,,4
F16,200000,200000,10437,1,2,0.05218666213219018,0.052185,,6
