Flow,Period,Deadline,Execution Time,w,h,Target_Utilization,Actual_Utilization,Utilization_Error,Queue
F1,50000,50000,8905,1,2,0.17809960728477914,0.1781,,1
F2,50000,50000,1055,1,2,0.021100917685419995,0.0211,,2
F3,400000,400000,2139,1,2,0.005347322627212936,0.0053475,,5
F4,50000,50000,4420,1,2,0.08840314752716216,0.0884,,7
F5,100000,100000,7533,1,2,0.07533324108476958,0.07533,,7
F6,50000,50000,9795,1,2,0.19590846851132654,0.1959,,1
F7,100000,100000,2442,1,2,0.024419399630878913,0.02442,,3
F8,50000,50000,3371,1,2,0.06741513470915872,0.06742,,5
F9,100000,100000,7937,1,2,0.07936766286761704,0.07937,,4
F10,100000,100000,3278,1,2,0.03278031345109805,0.03278,,7
F11,200000,200000,5233,1,2,0.026164361192506536,0.026165,,1
F12,200000,200000,8377,1,2,0.041886260284204946,0.041885,,6
F13,200000,200000,10047,1,2,0.050236329465299684,0.050235,,1
F14,200000,200000,11515,1,2,0.05757679326827586,0.057575,,3
F15,50000,50000,3691,1,2,0.07381513254830663,0.07382,,4
F16,400000,400000,3673,1,2,0.009183656094162357,0.0091825,,6
