Flow,Period,Deadline,Execution Time,w,h,Target_Utilization,Actual_Utilization,Utilization_Error,Queue
F1,400000,400000,962,1,2,0.002404464767553627,0.002405,,7
F2,50000,50000,2127,1,2,0.042541031759206316,0.04254,,6
F3,100000,100000,6517,1,2,0.06517049421406007,0.06517,,6
F4,100000,100000,6223,1,2,0.06223483711285405,0.06223,,4
F5,200000,200000,10104,1,2,0.05051796361303251,0.05052,,1
F6,200000,200000,9372,1,2,0.04685779645928556,0.04686,,5
F7,50000,50000,7932,1,2,0.15863913647871286,0.15864,,1
F8,100000,100000,11669,1,2,0.11669065068377293,0.11669,,1
F9,100000,100000,1852,1,2,0.018519425677297308,0.01852,,7
F10,200000,200000,9846,1,2,0.049230762655066596,0.04923,,3
F11,400000,400000,2858,1,2,0.0071461077468402134,0.007145,,1
F12,200000,200000,8015,1,2,0.04007351462366848,0.040075,,4
F13,200000,200000,5177,1,2,0.0258853871517159,0.025885,,2
F14,50000,50000,4052,1,2,0.08104176071461158,0.08104,,4
F15,50000,50000,8756,1,2,0.175118374720513,0.17512,,1
F16,100000,100000,7239,1,2,0.07239356824846228,0.07239,,3
