Flow,Period,Deadline,Execution Time,w,h,Target_Utilization,Actual_Utilization,Utilization_Error,Queue
F1,200000,200000,8667,1,2,0.04333352131768242,0.043335,,2
F2,100000,100000,6519,1,2,0.06518664138840558,0.06519,,5
F3,400000,400000,3393,1,2,0.008481312506881666,0.0084825,,4
F4,400000,400000,600,1,2,0.0007560928988298299,0.0015,,3
F5,400000,400000,8903,1,2,0.022256625190699486,0.0222575,,5
F6,400000,400000,751,1,2,0.0018779594707517555,0.0018775,,3
F7,200000,200000,7109,1,2,0.03554496788775108,0.035545,,1
F8,50000,50000,6431,1,2,0.1286165457027526,0.12862,,2
F9,50000,50000,10691,1,2,0.21382066245439801,0.21382,,2
F10,100000,100000,11607,1,2,0.11607474218081798,0.11607,,7
F11,100000,100000,4505,1,2,0.045048452161920105,0.04505,,7
F12,100000,100000,8079,1,2,0.08079046530103406,0.08079,,4
F13,50000,50000,3148,1,2,0.06295650741516501,0.06296,,3
F14,400000,400000,600,1,2,0.0014835837992023537,0.0015,,4
F15,50000,50000,6491,1,2,0.12981176171427025,0.12982,,2
F16,100000,100000,6935,1,2,0.06934853930151696,0.06935,,1
