Flow,Period,Deadline,Execution Time,w,h,Target_Utilization,Actual_Utilization,Utilization_Error,Queue
F1,100000,100000,6907,1,2,0.06907149980635863,0.06907,,1
F2,200000,200000,6257,1,2,0.0312863085557874,0.031285,,2
F3,100000,100000,7562,1,2,0.07562330496029979,0.07562,,2
F4,100000,100000,6263,1,2,0.06262753169190716,0.06263,,4
F5,100000,100000,7427,1,2,0.07426968251813515,0.07427,,4
F6,100000,100000,5583,1,2,0.0558301878520886,0.05583,,3
F7,400000,400000,8861,1,2,0.022152447095852734,0.0221525,,1
F8,50000,50000,10131,1,2,0.20262519472461293,0.20262,,7
F9,100000,100000,6738,1,2,0.0673845445226019,0.06738,,2
F10,100000,100000,4282,1,2,0.042821123662768024,0.04282,,6
F11,200000,200000,10413,1,2,0.05206269902748506,0.052065,,1
F12,200000,200000,8095,1,2,0.040473746447053705,0.040475,,7
F13,400000,400000,6777,1,2,0.016942971851985206,0.0169425,,3
F14,50000,50000,6699,1,2,0.13398502803427415,0.13398,,3
F15,100000,100000,6460,1,2,0.06460181176519231,0.0646,,7
F16,400000,400000,10106,1,2,0.0252638631227247,0.025265,,4
