Flow,Period,Deadline,Execution Time,w,h,Target_Utilization,Actual_Utilization,Utilization_Error,Queue
F1,100000,100000,9717,1,2,0.09716706840008615,0.09717,,4
F2,100000,100000,9778,1,2,0.09777676533686541,0.09778,,7
F3,400000,400000,11980,1,2,0.029950482835608527,0.02995,,6
F4,100000,100000,8807,1,2,0.08806879140342072,0.08807,,2
F5,200000,200000,6081,1,2,0.030404718338319703,0.030405,,2
F6,50000,50000,7022,1,2,0.14043918162817048,0.14044,,7
F7,200000,200000,6761,1,2,0.033804331712576574,0.033805,,4
F8,100000,100000,10941,1,2,0.10941460817054394,0.10941,,1
F9,50000,50000,10330,1,2,0.20659990335528103,0.2066,,2
F10,50000,50000,832,1,2,0.016640826175547796,0.01664,,1
F11,400000,400000,8701,1,2,0.021753060442004063,0.0217525,,3
F12,200000,200000,11105,1,2,0.05552703517748658,0.055525,,7
F13,400000,400000,600,1,2,0.0014606518804451962,0.0015,,5
F14,50000,50000,3514,1,2,0.07028277851829046,0.07028,,6
F15,100000,100000,6487,1,2,0.064874623734797,0.06487,,1
F16,400000,400000,600,1,2,0.0010666855692812115,0.0015,,5
