Flow,Period,Deadline,Execution Time,w,h,Target_Utilization,Actual_Utilization,Utilization_Error,Queue
F1,100000,100000,3568,1,2,0.0356810033808691,0.03568,,3
F2,400000,400000,11493,1,2,0.02873126461349873,0.0287325,,7
F3,100000,100000,7502,1,2,0.07502059470053912,0.07502,,5
F4,50000,50000,12000,1,2,0.2555549309040922,0.24,,3
F5,200000,200000,10405,1,2,0.05202518350239693,0.052025,,3
F6,400000,400000,789,1,2,0.00197241803966397,0.0019725,,2
F7,100000,100000,4642,1,2,0.04642005463320542,0.04642,,6
F8,200000,200000,10760,1,2,0.05380087959835783,0.0538,,2
F9,200000,200000,10191,1,2,0.050954584465541186,0.050955,,7
F10,100000,100000,10469,1,2,0.10469092618116149,0.10469,,2
F11,50000,50000,3752,1,2,0.07503670303123422,0.07504,,7
F12,200000,200000,6079,1,2,0.030395879862333886,0.030395,,1
F13,100000,100000,9797,1,2,0.09796502955864793,0.09797,,5
F14,100000,100000,4907,1,2,0.04906972409412948,0.04907,,2
F15,100000,100000,3158,1,2,0.03157972648767069,0.03158,,4
F16,200000,200000,8299,1,2,0.041497189795673704,0.041495,,5
