Flow,Period,Deadline,Execution Time,w,h,Target_Utilization,Actual_Utilization,Utilization_Error,Queue
F1,400000,400000,7873,1,2,0.01968301725846411,0.0196825,,6
F2,400000,400000,600,1,2,0.0009094077443270177,0.0015,,6
F3,50000,50000,7249,1,2,0.14498029579225946,0.14498,,2
F4,400000,400000,3128,1,2,0.007819513186667848,0.00782,,3
F5,400000,400000,2649,1,2,0.006621501030294241,0.0066225,,5
F6,400000,400000,3645,1,2,0.00911161296721763,0.0091125,,7
F7,50000,50000,8367,1,2,0.16733627626759695,0.16734,,2
F8,50000,50000,10802,1,2,0.21604257334610766,0.21604,,4
F9,400000,400000,600,1,2,0.00024278854499032443,0.0015,,6
F10,50000,50000,6618,1,2,0.13235895060600195,0.13236,,4
F11,100000,100000,3921,1,2,0.03921068132466615,0.03921,,5
F12,400000,400000,7299,1,2,0.01824665465251074,0.0182475,,1
F13,100000,100000,2154,1,2,0.02153996924642282,0.02154,,1
F14,50000,50000,7422,1,2,0.1484360244862754,0.14844,,6
F15,400000,400000,11961,1,2,0.029902206560445357,0.0299025,,3
F16,50000,50000,3088,1,2,0.06176226601671918,0.06176,,6
