Flow,Period,Deadline,Execution Time,w,h,Target_Utilization,Actual_Utilization,Utilization_Error,Queue
F1,50000,50000,5749,1,2,0.11498404435554688,0.11498,,3
F2,50000,50000,11307,1,2,0.22613391297011376,0.22614,,4
F3,100000,100000,6149,1,2,0.061486064983834354,0.06149,,3
F4,100000,100000,7071,1,2,0.07070778601266436,0.07071,,2
F5,200000,200000,7463,1,2,0.03731518729780692,0.037315,,6
F6,100000,100000,2412,1,2,0.02411961605302193,0.02412,,4
F7,200000,200000,1251,1,2,0.00625492492214752,0.006255,,6
F8,200000,200000,7734,1,2,0.038668538952367104,0.03867,,5
F9,200000,200000,6489,1,2,0.032444151066239324,0.032445,,2
F10,100000,100000,6665,1,2,0.06664501945228235,0.06665,,1
F11,100000,100000,3651,1,2,0.036509871964958196,0.03651,,5
F12,50000,50000,6158,1,2,0.12316746194189421,0.12316,,1
F13,200000,200000,9709,1,2,0.04854453469263831,0.048545,,2
F14,100000,100000,7179,1,2,0.07178875466866123,0.07179,,3
F15,100000,100000,7515,1,2,0.07514710149033711,0.07515,,1
F16,200000,200000,9625,1,2,0.04812512063485891,0.048125,,4
