Flow,Period,Deadline,Execution Time,w,h,Target_Utilization,Actual_Utilization,Utilization_Error,Queue
F1,100000,100000,7923,1,2,0.07923313338259574,0.07923,,3
F2,200000,200000,1583,1,2,0.007915297998404291,0.007915,,5
F3,100000,100000,6170,1,2,0.061701177060489276,0.0617,,1
F4,100000,100000,8485,1,2,0.08484968290378847,0.08485,,4
F5,50000,50000,3908,1,2,0.07816388963022969,0.07816,,2
F6,200000,200000,9608,1,2,0.04803945516695651,0.04804,,7
F7,50000,50000,6332,1,2,0.12663714396830883,0.12664,,4
F8,400000,400000,7533,1,2,0.018831509170202154,0.0188325,,5
F9,400000,400000,6514,1,2,0.016284690103072097,0.016285,,1
F10,100000,100000,3209,1,2,0.03208890348621546,0.03209,,3
F11,100000,100000,11625,1,2,0.11625391298195176,0.11625,,2
F12,100000,100000,6818,1,2,0.06817950909977905,0.06818,,6
F13,50000,50000,9993,1,2,0.1998654906285066,0.19986,,6
F14,200000,200000,8385,1,2,0.04192619603022836,0.041925,,4
F15,400000,400000,7319,1,2,0.01829656403927148,0.0182975,,2
F16,200000,200000,877,1,2,0.004384590886764267,0.004385,,6
