Flow,Period,Deadline,Execution Time,w,h,Target_Utilization,Actual_Utilization,Utilization_Error,Queue
F1,400000,400000,6615,1,2,0.016538171093495535,0.0165375,,1
F2,100000,100000,6195,1,2,0.061945179615248924,0.06195,,6
F3,100000,100000,10833,1,2,0.10833385163183828,0.10833,,7
F4,400000,400000,8016,1,2,0.02003986198934482,0.02004,,6
F5,200000,200000,2891,1,2,0.014454082041959193,0.014455,,5
F6,400000,400000,9951,1,2,0.024878064228242902,0.0248775,,7
F7,400000,400000,9350,1,2,0.023376067859255945,0.023375,,2
F8,100000,100000,4371,1,2,0.04371232754152021,0.04371,,1
F9,100000,100000,8754,1,2,0.08754186235279615,0.08754,,3
F10,100000,100000,5261,1,2,0.052607745894785785,0.05261,,2
F11,50000,50000,11101,1,2,0.22201396871967033,0.22202,,1
F12,200000,200000,3029,1,2,0.015145473319272407,0.015145,,4
F13,400000,400000,5507,1,2,0.013768016373095937,0.0137675,,7
F14,200000,200000,6374,1,2,0.031871019260798605,0.03187,,3
F15,50000,50000,6203,1,2,0.12406646773894531,0.12406,,1
F16,50000,50000,8147,1,2,0.1629399947486983,0.16294,,7
