Flow,Period,Deadline,Execution Time,w,h,Target_Utilization,Actual_Utilization,Utilization_Error,Queue
F1,400000,400000,2418,1,2,0.006046128514654248,0.006045,,5
F2,50000,50000,8883,1,2,0.17766283951097417,0.17766,,2
F3,50000,50000,11388,1,2,0.22776289803913174,0.22776,,5
F4,50000,50000,2409,1,2,0.048178154792811845,0.04818,,6
F5,400000,400000,1448,1,2,0.003620898811808604,0.00362,,7
F6,100000,100000,10246,1,2,0.10246022882658828,0.10246,,6
F7,200000,200000,6867,1,2,0.03433315093971401,0.034335,,7
F8,200000,200000,3484,1,2,0.017420734371083435,0.01742,,6
F9,400000,400000,1561,1,2,0.003903531925228243,0.0039025,,4
F10,50000,50000,10285,1,2,0.20569864825862763,0.2057,,5
F11,200000,200000,7441,1,2,0.03720477881808601,0.037205,,1
F12,400000,400000,4489,1,2,0.011222068505587962,0.0112225,,3
F13,100000,100000,2503,1,2,0.025029697313153854,0.02503,,1
F14,400000,400000,600,1,2,0.0006989490812323584,0.0015,,5
F15,100000,100000,5725,1,2,0.057248228888555325,0.05725,,5
F16,100000,100000,7455,1,2,0.07454507211890105,0.07455,,1
