Flow,Period,Deadline,Execution Time,w,h,Target_Utilization,Actual_Utilization,Utilization_Error,Queue
F1,400000,400000,1207,1,2,0.0030174826217861384,0.0030175,,1
F2,400000,400000,7910,1,2,0.019774979368517576,0.019775,,7
F3,400000,400000,4577,1,2,0.011443688191286494,0.0114425,,4
F4,100000,100000,11991,1,2,0.1199094657504759,0.11991,,6
F5,100000,100000,9727,1,2,0.09726925524609098,0.09727,,7
F6,50000,50000,9566,1,2,0.1913193025259764,0.19132,,3
F7,50000,50000,11759,1,2,0.2351735078360624,0.23518,,3
F8,400000,400000,3745,1,2,0.0093621836669871,0.0093625,,5
F9,200000,200000,10239,1,2,0.051196703951136235,0.051195,,6
F10,400000,400000,1945,1,2,0.004863124781778361,0.0048625,,1
F11,400000,400000,6321,1,2,0.015803452539833562,0.0158025,,7
F12,100000,100000,7982,1,2,0.07982381030922267,0.07982,,2
F13,400000,400000,7613,1,2,0.019033238830056337,0.0190325,,6
F14,200000,200000,6655,1,2,0.033276795698906736,0.033275,,5
F15,100000,100000,8944,1,2,0.08944036541162852,0.08944,,3
F16,100000,100000,6427,1,2,0.06426649096795169,0.06427,,1
