Flow,Period,Deadline,Execution Time,w,h,Target_Utilization,Actual_Utilization,Utilization_Error,Queue
F1,100000,100000,7118,1,2,0.07117532363501167,0.07118,,6
F2,100000,100000,7769,1,2,0.07769446198967822,0.07769,,4
F3,200000,200000,1777,1,2,0.008885448677572572,0.008885,,1
F4,100000,100000,9112,1,2,0.09112240464753735,0.09112,,7
F5,400000,400000,6451,1,2,0.016127085626249316,0.0161275,,7
F6,50000,50000,4637,1,2,0.09274203068755771,0.09274,,2
F7,200000,200000,8193,1,2,0.040963321604053804,0.040965,,2
F8,400000,400000,3797,1,2,0.009491740519570024,0.0094925,,2
F9,200000,200000,7173,1,2,0.03586640183360684,0.035865,,6
F10,400000,400000,696,1,2,0.0017390321905836337,0.00174,,4
F11,200000,200000,1474,1,2,0.007369793793892493,0.00737,,3
F12,200000,200000,3683,1,2,0.018415840565277453,0.018415,,4
F13,200000,200000,4220,1,2,0.02110047384641331,0.0211,,3
F14,100000,100000,6131,1,2,0.06131406617501825,0.06131,,1
F15,100000,100000,10631,1,2,0.10630707819001518,0.10631,,6
F16,400000,400000,11449,1,2,0.028623632990468894,0.0286225,,5
