Flow,Period,Deadline,Execution Time,w,h,Target_Utilization,Actual_Utilization,Utilization_Error,Queue
F1,200000,200000,8165,1,2,0.04082407632875029,0.040825,,4
F2,200000,200000,8257,1,2,0.04128503699036523,0.041285,,1
F3,100000,100000,6237,1,2,0.06236503327024223,0.06237,,1
F4,100000,100000,5705,1,2,0.05705027898495252,0.05705,,7
F5,400000,400000,1251,1,2,0.003126507444435489,0.0031275,,3
F6,400000,400000,8110,1,2,0.02027516774089877,0.020275,,5
F7,400000,400000,2947,1,2,0.007366951981790326,0.0073675,,2
F8,200000,200000,11042,1,2,0.05520964545892176,0.05521,,5
F9,200000,200000,2670,1,2,0.013348946936638628,0.01335,,6
F10,400000,400000,7869,1,2,0.01967136889387766,0.0196725,,3
F11,400000,400000,2041,1,2,0.005103365957998762,0.0051025,,1
F12,400000,400000,5201,1,2,0.013001985186571474,0.0130025,,5
F13,400000,400000,7065,1,2,0.017661822648307623,0.0176625,,7
F14,400000,400000,8360,1,2,0.020899531584948283,0.0209,,7
F15,100000,100000,8571,1,2,0.08570905145935401,0.08571,,5
F16,50000,50000,9197,1,2,0.18393881505045054,0.18394,,1
