Flow,Period,Deadline,Execution Time,w,h,Target_Utilization,Actual_Utilization,Utilization_Error,Queue
F1,400000,400000,600,1,2,0.00012178568060883244,0.0015,,6
F2,400000,400000,2413,1,2,0.006032034453546609,0.0060325,,6
F3,400000,400000,7615,1,2,0.019037882303977738,0.0190375,,4
F4,400000,400000,600,1,2,0.0004887342261218341,0.0015,,1
F5,200000,200000,9697,1,2,0.04848493749629723,0.048485,,6
F6,100000,100000,8137,1,2,0.08136899325625213,0.08137,,1
F7,100000,100000,9502,1,2,0.09502177697171166,0.09502,,5
F8,200000,200000,8753,1,2,0.04376608071726307,0.043765,,5
F9,400000,400000,1662,1,2,0.00415500055907686,0.004155,,1
F10,200000,200000,8825,1,2,0.04412324130504541,0.044125,,1
F11,100000,100000,6513,1,2,0.0651265414412261,0.06513,,4
F12,200000,200000,2646,1,2,0.013229465301164811,0.01323,,4
F13,200000,200000,11833,1,2,0.059167281683625866,0.059165,,7
F14,100000,100000,9767,1,2,0.09766984548771845,0.09767,,1
F15,400000,400000,7569,1,2,0.01892296813729234,0.0189225,,3
F16,400000,400000,5857,1,2,0.014643453374060821,0.0146425,,7
