Flow,Period,Deadline,Execution Time,w,h,Target_Utilization,Actual_Utilization,Utilization_Error,Queue
F1,400000,400000,3065,1,2,0.007661429060160985,0.0076625,,7
F2,50000,50000,1676,1,2,0.033518018249517945,0.03352,,2
F3,200000,200000,9301,1,2,0.046504917033708626,0.046505,,4
F4,100000,100000,7651,1,2,0.07651042331008917,0.07651,,4
F5,200000,200000,6799,1,2,0.03399403887864916,0.033995,,5
F6,400000,400000,1383,1,2,0.003456675654096908,0.0034575,,3
F7,200000,200000,4622,1,2,0.023110695743937426,0.02311,,6
F8,100000,100000,4364,1,2,0.043641419540427384,0.04364,,5
F9,200000,200000,8288,1,2,0.04144238558162211,0.04144,,2
F10,200000,200000,9149,1,2,0.04574456409940608,0.045745,,7
F11,200000,200000,8161,1,2,0.040804478110132436,0.040805,,4
F12,200000,200000,8095,1,2,0.04047399197699375,0.040475,,7
F13,50000,50000,6942,1,2,0.13883903839730805,0.13884,,4
F14,200000,200000,9346,1,2,0.04673103390502565,0.04673,,5
F15,200000,200000,8241,1,2,0.041207019559163297,0.041205,,3
F16,100000,100000,1844,1,2,0.018440845578551614,0.01844,,4
