Flow,Period,Deadline,Execution Time,w,h,Target_Utilization,Actual_Utilization,Utilization_Error,Queue
F1,400000,400000,2475,1,2,0.006186597252417547,0.0061875,,6
F2,400000,400000,914,1,2,0.00228582465565752,0.002285,,7
F3,200000,200000,9935,1,2,0.04967539279546718,0.049675,,1
F4,200000,200000,10170,1,2,0.05085024512411529,0.05085,,6
F5,50000,50000,1130,1,2,0.02260023072056916,0.0226,,6
F6,400000,400000,5379,1,2,0.013446620426009304,0.0134475,,4
F7,400000,400000,1902,1,2,0.004754383703863052,0.004755,,5
F8,100000,100000,9843,1,2,0.09843111674759386,0.09843,,1
F9,200000,200000,10063,1,2,0.05031344719437064,0.050315,,4
F10,50000,50000,10090,1,2,0.2018026869140911,0.2018,,4
F11,400000,400000,4007,1,2,0.010018188067708128,0.0100175,,3
F12,100000,100000,6470,1,2,0.06469839942473975,0.0647,,4
F13,400000,400000,3165,1,2,0.00791251379524388,0.0079125,,4
F14,400000,400000,11921,1,2,0.02980275972726925,0.0298025,,2
F15,400000,400000,4254,1,2,0.010633790881979105,0.010635,,3
F16,200000,200000,6677,1,2,0.033386038111015946,0.033385,,5
