Flow,Period,Deadline,Execution Time,w,h,Target_Utilization,Actual_Utilization,Utilization_Error,Queue
F1,400000,400000,7945,1,2,0.0198628254569313,0.0198625,,3
F2,200000,200000,6071,1,2,0.030355377449393872,0.030355,,5
F3,50000,50000,5106,1,2,0.10212317046206076,0.10212,,6
F4,200000,200000,8753,1,2,0.04376270169926083,0.043765,,7
F5,400000,400000,7012,1,2,0.017531167126651814,0.01753,,3
F6,200000,200000,2919,1,2,0.014595448423758872,0.014595,,6
F7,100000,100000,8728,1,2,0.08728309426540176,0.08728,,5
F8,400000,400000,6496,1,2,0.01623896170082345,0.01624,,4
F9,400000,400000,6373,1,2,0.015933279410869527,0.0159325,,7
F10,200000,200000,10271,1,2,0.05135742825188577,0.051355,,4
F11,400000,400000,1931,1,2,0.004828345134304524,0.0048275,,5
F12,100000,100000,1123,1,2,0.011230532756848766,0.01123,,2
F13,200000,200000,9525,1,2,0.047625576306115164,0.047625,,2
F14,50000,50000,3074,1,2,0.06148349500082109,0.06148,,6
F15,200000,200000,909,1,2,0.004544383612279976,0.004545,,1
F16,50000,50000,6024,1,2,0.12047938805492771,0.12048,,5
