Flow,Period,Deadline,Execution Time,w,h,Target_Utilization,Actual_Utilization,Utilization_Error,Queue
F1,200000,200000,6537,1,2,0.032685404846251265,0.032685,,1
F2,400000,400000,4396,1,2,0.010988866490682092,0.01099,,7
F3,100000,100000,5010,1,2,0.05009939077066783,0.0501,,7
F4,100000,100000,11513,1,2,0.11513186426240601,0.11513,,6
F5,200000,200000,6175,1,2,0.030875482243264363,0.030875,,4
F6,100000,100000,3423,1,2,0.034229924389040656,0.03423,,6
F7,100000,100000,6393,1,2,0.06392812419154642,0.06393,,6
F8,200000,200000,7596,1,2,0.03797833103385667,0.03798,,3
F9,100000,100000,8517,1,2,0.08516772870792066,0.08517,,4
F10,200000,200000,7907,1,2,0.03953350223801927,0.039535,,7
F11,400000,400000,2737,1,2,0.0068421058401827994,0.0068425,,6
F12,400000,400000,2529,1,2,0.00632288170960052,0.0063225,,3
F13,100000,100000,6297,1,2,0.06297117116556489,0.06297,,1
F14,200000,200000,8797,1,2,0.04398435641683854,0.043985,,4
F15,400000,400000,10721,1,2,0.026803119966945746,0.0268025,,5
F16,400000,400000,3553,1,2,0.008881575018520979,0.0088825,,1
