Flow,Period,Deadline,Execution Time,w,h,Target_Utilization,Actual_Utilization,Utilization_Error,Queue
F1,200000,200000,1077,1,2,0.0053840574945563935,0.005385,,6
F2,50000,50000,2095,1,2,0.04189958410465566,0.0419,,5
F3,50000,50000,10447,1,2,0.2089470860988154,0.20894,,7
F4,400000,400000,5767,1,2,0.014417566746025567,0.0144175,,2
F5,400000,400000,10855,1,2,0.027137317637661362,0.0271375,,4
F6,200000,200000,5478,1,2,0.027389525816182814,0.02739,,6
F7,100000,100000,2607,1,2,0.02606974427905462,0.02607,,1
F8,100000,100000,10282,1,2,0.10281543399016349,0.10282,,5
F9,400000,400000,1281,1,2,0.0032018586308196484,0.0032025,,3
F10,200000,200000,10044,1,2,0.05021979719567407,0.05022,,4
F11,200000,200000,10013,1,2,0.05006496332086882,0.050065,,1
F12,200000,200000,6556,1,2,0.03277932291657988,0.03278,,3
F13,400000,400000,600,1,2,0.0011613445610332493,0.0015,,3
F14,400000,400000,600,1,2,0.000771655675298355,0.0015,,3
F15,400000,400000,600,1,2,7.981640555757008e-05,0.0015,,6
F16,200000,200000,11309,1,2,0.05654523457763271,0.056545,,3
