Flow,Period,Deadline,Execution Time,w,h,Target_Utilization,Actual_Utilization,Utilization_Error,Queue
F1,200000,200000,675,1,2,0.0033747266442702983,0.003375,,1
F2,200000,200000,8420,1,2,0.04209905564862226,0.0421,,2
F3,400000,400000,939,1,2,0.0023473048928718265,0.0023475,,5
F4,400000,400000,7134,1,2,0.017835715192691226,0.017835,,3
F5,400000,400000,796,1,2,0.0019901831065693987,0.00199,,2
F6,100000,100000,2303,1,2,0.023030133137715958,0.02303,,5
F7,200000,200000,9447,1,2,0.047237391102396,0.047235,,3
F8,100000,100000,8285,1,2,0.08285406418943464,0.08285,,7
F9,50000,50000,7811,1,2,0.15621249840882567,0.15622,,3
F10,200000,200000,10013,1,2,0.050064438785312915,0.050065,,6
F11,400000,400000,7343,1,2,0.018357677997408367,0.0183575,,6
F12,200000,200000,11091,1,2,0.05545705746901672,0.055455,,4
F13,100000,100000,3679,1,2,0.0367884213978945,0.03679,,1
F14,50000,50000,1583,1,2,0.03165815425126367,0.03166,,4
F15,100000,100000,6218,1,2,0.062183126975952366,0.06218,,5
F16,400000,400000,4135,1,2,0.01033811882708846,0.0103375,,7
