Flow,Period,Deadline,Execution Time,w,h,Target_Utilization,Actual_Utilization,Utilization_Error,Queue
F1,50000,50000,3477,1,2,0.06953751177047673,0.06954,,1
F2,100000,100000,3051,1,2,0.03050902259754673,0.03051,,5
F3,400000,400000,4848,1,2,0.012118754335104787,0.01212,,5
F4,400000,400000,9248,1,2,0.023121192077205255,0.02312,,7
F5,100000,100000,9945,1,2,0.09945401325149156,0.09945,,5
F6,400000,400000,2634,1,2,0.0065840462925885745,0.006585,,3
F7,400000,400000,2399,1,2,0.0059987013207783435,0.0059975,,1
F8,400000,400000,5239,1,2,0.013097840904935376,0.0130975,,7
F9,200000,200000,2890,1,2,0.014449886623974673,0.01445,,1
F10,400000,400000,3366,1,2,0.008414920757472077,0.008415,,4
F11,400000,400000,8447,1,2,0.02111779302228134,0.0211175,,2
F12,200000,200000,6062,1,2,0.03031215021679634,0.03031,,3
F13,50000,50000,1680,1,2,0.033598811232634335,0.0336,,4
F14,100000,100000,7847,1,2,0.07846937048882821,0.07847,,6
F15,50000,50000,6111,1,2,0.12222527460782918,0.12222,,3
F16,200000,200000,9510,1,2,0.047549186131540175,0.04755,,6
