Flow,Period,Deadline,Execution Time,w,h,Target_Utilization,Actual_Utilization,Utilization_Error,Queue
F1,400000,400000,6575,1,2,0.016437143799429843,0.0164375,,3
F2,50000,50000,7917,1,2,0.15833790082150684,0.15834,,6
F3,400000,400000,4175,1,2,0.010437806854787901,0.0104375,,3
F4,200000,200000,9239,1,2,0.04619685043342503,0.046195,,1
F5,400000,400000,600,1,2,0.0007212154317773334,0.0015,,4
F6,50000,50000,6623,1,2,0.13245499989903703,0.13246,,6
F7,400000,400000,993,1,2,0.0024834178476690894,0.0024825,,2
F8,200000,200000,609,1,2,0.0030443524247570353,0.003045,,5
F9,400000,400000,4357,1,2,0.01089225221594009,0.0108925,,4
F10,400000,400000,1699,1,2,0.004246483239126464,0.0042475,,4
F11,200000,200000,6385,1,2,0.03192547789548947,0.031925,,5
F12,100000,100000,709,1,2,0.007088849126510255,0.00709,,2
F13,400000,400000,5130,1,2,0.012825109473533547,0.012825,,2
F14,100000,100000,9223,1,2,0.09223149959230481,0.09223,,4
F15,200000,200000,11806,1,2,0.05902913420409821,0.05903,,7
F16,100000,100000,6570,1,2,0.06569732539457855,0.0657,,5
