Flow,Period,Deadline,Execution Time,w,h,Target_Utilization,Actual_Utilization,Utilization_Error,Queue
F1,200000,200000,2956,1,2,0.014781219492525643,0.01478,,1
F2,100000,100000,6221,1,2,0.0622074244480203,0.06221,,3
F3,400000,400000,10055,1,2,0.025137446682900744,0.0251375,,2
F4,200000,200000,6059,1,2,0.03029539538562198,0.030295,,1
F5,400000,400000,8191,1,2,0.020476553173204848,0.0204775,,3
F6,200000,200000,10563,1,2,0.05281643757156629,0.052815,,2
F7,50000,50000,3043,1,2,0.060862532763419075,0.06086,,6
F8,200000,200000,8022,1,2,0.04010997847276648,0.04011,,6
F9,200000,200000,10059,1,2,0.05029292273357239,0.050295,,3
F10,400000,400000,1506,1,2,0.003765645960219166,0.003765,,6
F11,50000,50000,8784,1,2,0.1756835957631935,0.17568,,3
F12,400000,400000,11129,1,2,0.02782359162194581,0.0278225,,5
F13,200000,200000,2914,1,2,0.014570115177755957,0.01457,,5
F14,400000,400000,5025,1,2,0.012563662580846693,0.0125625,,3
F15,200000,200000,11153,1,2,0.05576475906700481,0.055765,,1
F16,400000,400000,6205,1,2,0.015513311024083438,0.0155125,,6
