Flow,Period,Deadline,Execution Time,w,h,Target_Utilization,Actual_Utilization,Utilization_Error,Queue
F1,50000,50000,9229,1,2,0.18458098802709444,0.18458,,4
F2,100000,100000,1806,1,2,0.018059622759846572,0.01806,,5
F3,200000,200000,9195,1,2,0.045974923543831814,0.045975,,7
F4,100000,100000,8295,1,2,0.08295006430113222,0.08295,,4
F5,200000,200000,7252,1,2,0.036262239335109026,0.03626,,5
F6,200000,200000,2205,1,2,0.011024569161433906,0.011025,,6
F7,400000,400000,5549,1,2,0.013871602420362172,0.0138725,,1
F8,400000,400000,2095,1,2,0.005236943513199366,0.0052375,,4
F9,400000,400000,10909,1,2,0.027271605853269376,0.0272725,,4
F10,400000,400000,8572,1,2,0.021430864764426044,0.02143,,6
F11,400000,400000,4359,1,2,0.01089835991466237,0.0108975,,2
F12,200000,200000,6719,1,2,0.033597257090511506,0.033595,,3
F13,100000,100000,5149,1,2,0.0514910076529764,0.05149,,3
F14,400000,400000,600,1,2,0.00014470015762707567,0.0015,,3
F15,100000,100000,11787,1,2,0.11787118002841,0.11787,,3
F16,400000,400000,6927,1,2,0.0173166628624115,0.0173175,,7
