Flow,Period,Deadline,Execution Time,w,h,Target_Utilization,Actual_Utilization,Utilization_Error,Queue
F1,100000,100000,6997,1,2,0.06996866944444247,0.06997,,4
F2,100000,100000,4257,1,2,0.04256767234456038,0.04257,,5
F3,400000,400000,600,1,2,0.0004546167117268629,0.0015,,1
F4,200000,200000,6706,1,2,0.033530222339645865,0.03353,,2
F5,200000,200000,6809,1,2,0.03404430872585351,0.034045,,5
F6,100000,100000,7408,1,2,0.07408011912312162,0.07408,,6
F7,400000,400000,6825,1,2,0.01706234019125774,0.0170625,,6
F8,100000,100000,3585,1,2,0.035850408370971754,0.03585,,6
F9,100000,100000,10685,1,2,0.10684593675608059,0.10685,,4
F10,50000,50000,710,1,2,0.014199062131536905,0.0142,,3
F11,200000,200000,11887,1,2,0.05943682384317445,0.059435,,7
F12,100000,100000,3573,1,2,0.03573061003880765,0.03573,,4
F13,100000,100000,9783,1,2,0.09782596574468846,0.09783,,7
F14,400000,400000,1042,1,2,0.0026042811114114772,0.002605,,4
F15,400000,400000,600,1,2,0.0005087535947980726,0.0015,,4
F16,400000,400000,11327,1,2,0.02831817322332448,0.0283175,,7
