Flow,Period,Deadline,Execution Time,w,h,Target_Utilization,Actual_Utilization,Utilization_Error,Queue
F1,200000,200000,6855,1,2,0.034277200272693764,0.034275,,3
F2,100000,100000,2707,1,2,0.027069336985439008,0.02707,,5
F3,200000,200000,867,1,2,0.0043348547632534595,0.004335,,7
F4,50000,50000,6048,1,2,0.12095886940032952,0.12096,,1
F5,400000,400000,1683,1,2,0.0042074376263778746,0.0042075,,4
F6,50000,50000,3435,1,2,0.06869833596605734,0.0687,,5
F7,400000,400000,2899,1,2,0.007248198180729526,0.0072475,,3
F8,200000,200000,7489,1,2,0.037445925949929126,0.037445,,1
F9,100000,100000,915,1,2,0.00914985455081374,0.00915,,6
F10,200000,200000,1552,1,2,0.007760385801809377,0.00776,,1
F11,200000,200000,10245,1,2,0.05122705386789833,0.051225,,5
F12,100000,100000,945,1,2,0.009449941601591239,0.00945,,5
F13,400000,400000,6615,1,2,0.01653827480657566,0.0165375,,1
F14,50000,50000,9983,1,2,0.19966796012539695,0.19966,,2
F15,100000,100000,4002,1,2,0.04002012952132804,0.04002,,3
F16,400000,400000,9649,1,2,0.02412335294553777,0.0241225,,4
