Flow,Period,Deadline,Execution Time,w,h,Target_Utilization,Actual_Utilization,Utilization_Error,Queue
F1,200000,200000,2716,1,2,0.013578920994104737,0.01358,,6
F2,400000,400000,1000,1,2,0.0024990135855357254,0.0025,,2
F3,400000,400000,6702,1,2,0.01675542886939818,0.016755,,5
F4,100000,100000,8006,1,2,0.08006257738477562,0.08006,,1
F5,400000,400000,8874,1,2,0.022184084825810912,0.022185,,4
F6,100000,100000,7077,1,2,0.07076902259732726,0.07077,,1
F7,100000,100000,10612,1,2,0.10612435706932244,0.10612,,7
F8,400000,400000,5145,1,2,0.012863714143140692,0.0128625,,7
F9,200000,200000,5389,1,2,0.026944648804589244,0.026945,,2
F10,200000,200000,6583,1,2,0.03291419150230568,0.032915,,6
F11,200000,200000,6387,1,2,0.03193704474553699,0.031935,,7
F12,50000,50000,7685,1,2,0.15370599576832986,0.1537,,2
F13,200000,200000,6605,1,2,0.0330231138638188,0.033025,,7
F14,400000,400000,7409,1,2,0.018522699208294413,0.0185225,,1
F15,200000,200000,9228,1,2,0.04613764980938965,0.04614,,2
F16,400000,400000,619,1,2,0.001547823784060963,0.0015475,,3
