Flow,Period,Deadline,Execution Time,w,h,Target_Utilization,Actual_Utilization,Utilization_Error,Queue
F1,100000,100000,7370,1,2,0.07369874037132462,0.0737,,7
F2,50000,50000,7915,1,2,0.158292792567844,0.1583,,7
F3,100000,100000,2492,1,2,0.02492062716892668,0.02492,,7
F4,200000,200000,1019,1,2,0.005093787613366374,0.005095,,5
F5,400000,400000,6345,1,2,0.015862849665727596,0.0158625,,4
F6,200000,200000,11024,1,2,0.055120612596961105,0.05512,,7
F7,100000,100000,7017,1,2,0.07017102558222274,0.07017,,6
F8,400000,400000,11047,1,2,0.02761823988906112,0.0276175,,5
F9,400000,400000,10955,1,2,0.027387209968893905,0.0273875,,3
F10,200000,200000,10043,1,2,0.050214044644309036,0.050215,,6
F11,400000,400000,1726,1,2,0.004315726166786299,0.004315,,7
F12,200000,200000,10383,1,2,0.05191639629332248,0.051915,,4
F13,200000,200000,9253,1,2,0.046263175165041234,0.046265,,1
F14,400000,400000,7215,1,2,0.018036994472709254,0.0180375,,2
F15,200000,200000,1507,1,2,0.007534710720607663,0.007535,,2
F16,400000,400000,2324,1,2,0.005811181639169009,0.00581,,4
