Flow,Period,Deadline,Execution Time,w,h,Target_Utilization,Actual_Utilization,Utilization_Error,Queue
F1,100000,100000,9941,1,2,0.09940764640677724,0.09941,,7
F2,400000,400000,9076,1,2,0.022690351820943033,0.02269,,2
F3,200000,200000,9483,1,2,0.04741730587649978,0.047415,,4
F4,400000,400000,4049,1,2,0.010121559819102288,0.0101225,,6
F5,200000,200000,7973,1,2,0.03986427233991341,0.039865,,6
F6,100000,100000,11965,1,2,0.11964869740695494,0.11965,,1
F7,200000,200000,8669,1,2,0.0433428805175336,0.043345,,5
F8,400000,400000,600,1,2,0.0004172035265881391,0.0015,,7
F9,100000,100000,6381,1,2,0.06380963207114332,0.06381,,6
F10,400000,400000,6666,1,2,0.016665972710151217,0.016665,,3
F11,200000,200000,6847,1,2,0.03423480307941512,0.034235,,1
F12,400000,400000,4685,1,2,0.011711678348060833,0.0117125,,4
F13,400000,400000,6661,1,2,0.016651406542379454,0.0166525,,5
F14,200000,200000,9917,1,2,0.049585059467398565,0.049585,,1
F15,200000,200000,4741,1,2,0.023704844705639605,0.023705,,7
F16,100000,100000,6055,1,2,0.060547299607743174,0.06055,,2
