Flow,Period,Deadline,Execution Time,w,h,Target_Utilization,Actual_Utilization,Utilization_Error,Queue
F1,400000,400000,7459,1,2,0.018647623043388406,0.0186475,,6
F2,400000,400000,1253,1,2,0.0031329119593334065,0.0031325,,1
F3,100000,100000,3308,1,2,0.03307977700802578,0.03308,,3
F4,400000,400000,4932,1,2,0.012329249380010454,0.01233,,4
F5,200000,200000,1478,1,2,0.007389161370503938,0.00739,,3
F6,50000,50000,3421,1,2,0.06842349862670216,0.06842,,7
F7,400000,400000,980,1,2,0.0024490370171149634,0.00245,,7
F8,400000,400000,1703,1,2,0.00425860978051229,0.0042575,,7
F9,50000,50000,2303,1,2,0.04605941375647926,0.04606,,6
F10,400000,400000,5245,1,2,0.013112615136636807,0.0131125,,1
F11,50000,50000,10531,1,2,0.2106241134592292,0.21062,,5
F12,100000,100000,4671,1,2,0.04671162193407177,0.04671,,4
F13,400000,400000,8970,1,2,0.022424242015685852,0.022425,,7
F14,400000,400000,1617,1,2,0.00404337169536223,0.0040425,,6
F15,400000,400000,11885,1,2,0.02971204377504158,0.0297125,,4
F16,50000,50000,7919,1,2,0.15838828426990123,0.15838,,2
