Flow,Period,Deadline,Execution Time,w,h,Target_Utilization,Actual_Utilization,Utilization_Error,Queue
F1,100000,100000,7746,1,2,0.07745882543564664,0.07746,,7
F2,400000,400000,1397,1,2,0.0034931503335600134,0.0034925,,4
F3,50000,50000,759,1,2,0.015179221506473994,0.01518,,4
F4,200000,200000,2667,1,2,0.013333981004945483,0.013335,,5
F5,400000,400000,5578,1,2,0.01394589386835371,0.013945,,4
F6,400000,400000,4405,1,2,0.011013406383389879,0.0110125,,6
F7,100000,100000,10898,1,2,0.10898295539985642,0.10898,,4
F8,400000,400000,2795,1,2,0.006988512375935618,0.0069875,,4
F9,100000,100000,6519,1,2,0.06519081414980138,0.06519,,3
F10,400000,400000,4133,1,2,0.010332012271403568,0.0103325,,7
F11,200000,200000,9767,1,2,0.04883672593141797,0.048835,,1
F12,100000,100000,8901,1,2,0.08901034014631232,0.08901,,2
F13,400000,400000,5175,1,2,0.012937218677994161,0.0129375,,2
F14,400000,400000,2148,1,2,0.005371048085178548,0.00537,,5
F15,100000,100000,10162,1,2,0.10161766118903984,0.10162,,4
F16,200000,200000,5085,1,2,0.025424775873679445,0.025425,,2
