Flow,Period,Deadline,Execution Time,w,h,Target_Utilization,Actual_Utilization,Utilization_Error,Queue
F1,200000,200000,8917,1,2,0.04458531193423121,0.044585,,1
F2,200000,200000,2587,1,2,0.012935584979269277,0.012935,,1
F3,400000,400000,600,1,2,0.0011925033484340153,0.0015,,2
F4,50000,50000,5219,1,2,0.10437964513419773,0.10438,,2
F5,100000,100000,4249,1,2,0.042487811992236335,0.04249,,6
F6,400000,400000,4933,1,2,0.01233356015955589,0.0123325,,6
F7,100000,100000,10505,1,2,0.10505162783962724,0.10505,,2
F8,400000,400000,2723,1,2,0.006807157560439869,0.0068075,,6
F9,400000,400000,9850,1,2,0.024625263712620138,0.024625,,7
F10,200000,200000,2314,1,2,0.011571069220788488,0.01157,,4
F11,100000,100000,6495,1,2,0.06494548728953983,0.06495,,3
F12,200000,200000,1035,1,2,0.005175033632859177,0.005175,,1
F13,50000,50000,4186,1,2,0.08372125113614959,0.08372,,2
F14,400000,400000,790,1,2,0.0019753705742128758,0.001975,,7
F15,100000,100000,10781,1,2,0.10780878775954239,0.10781,,2
F16,400000,400000,9687,1,2,0.024217913069568945,0.0242175,,7
