Flow,Period,Deadline,Execution Time,w,h,Target_Utilization,Actual_Utilization,Utilization_Error,Queue
F1,200000,200000,9964,1,2,0.04981981115841749,0.04982,,7
F2,400000,400000,600,1,2,0.0006399177533318312,0.0015,,3
F3,200000,200000,9113,1,2,0.04556394959328547,0.045565,,5
F4,100000,100000,3635,1,2,0.03634779112322312,0.03635,,7
F5,100000,100000,7830,1,2,0.07829826799435285,0.0783,,3
F6,200000,200000,2649,1,2,0.013244372079949995,0.013245,,5
F7,50000,50000,6714,1,2,0.13428824944798773,0.13428,,7
F8,400000,400000,775,1,2,0.001937697520000975,0.0019375,,1
F9,400000,400000,2391,1,2,0.005977489833905475,0.0059775,,3
F10,400000,400000,9277,1,2,0.02319261065398248,0.0231925,,4
F11,100000,100000,10322,1,2,0.1032156309251017,0.10322,,2
F12,200000,200000,8044,1,2,0.040218499555105536,0.04022,,1
F13,400000,400000,11668,1,2,0.02916895688675812,0.02917,,2
F14,100000,100000,4143,1,2,0.041428964023808364,0.04143,,4
F15,400000,400000,1811,1,2,0.004526986300035259,0.0045275,,3
F16,400000,400000,812,1,2,0.0020290681721118974,0.00203,,6
