Flow,Period,Deadline,Execution Time,w,h,Target_Utilization,Actual_Utilization,Utilization_Error,Queue
F1,400000,400000,600,1,2,0.0010285649209662573,0.0015,,5
F2,200000,200000,7162,1,2,0.03581078252740033,0.03581,,3
F3,200000,200000,8951,1,2,0.04475691399485948,0.044755,,1
F4,400000,400000,609,1,2,0.0015229979677577887,0.0015225,,4
F5,100000,100000,8680,1,2,0.0868004179977454,0.0868,,7
F6,100000,100000,7693,1,2,0.07692568030896568,0.07693,,5
F7,400000,400000,7103,1,2,0.017757607369090544,0.0177575,,3
F8,100000,100000,8292,1,2,0.08291833724626047,0.08292,,3
F9,200000,200000,1540,1,2,0.00770022813620419,0.0077,,7
F10,200000,200000,3727,1,2,0.018634628159511002,0.018635,,1
F11,50000,50000,3341,1,2,0.06682086074439675,0.06682,,6
F12,400000,400000,2015,1,2,0.005038673283682377,0.0050375,,5
F13,50000,50000,680,1,2,0.013599264606126926,0.0136,,2
F14,400000,400000,9571,1,2,0.023927153210552193,0.0239275,,2
F15,100000,100000,5448,1,2,0.05447939533821103,0.05448,,7
F16,100000,100000,8508,1,2,0.08507839191739106,0.08508,,7
