Flow,Period,Deadline,Execution Time,w,h,Target_Utilization,Actual_Utilization,Utilization_Error,Queue
F1,50000,50000,7602,1,2,0.152034472939089,0.15204,,4
F2,400000,400000,7183,1,2,0.017957795428454548,0.0179575,,3
F3,400000,400000,3497,1,2,0.008741334218278829,0.0087425,,2
F4,400000,400000,1988,1,2,0.004971192320664786,0.00497,,5
F5,200000,200000,6725,1,2,0.033623174447499904,0.033625,,4
F6,100000,100000,7019,1,2,0.07018590811502995,0.07019,,6
F7,100000,100000,6573,1,2,0.0657339518899504,0.06573,,7
F8,50000,50000,3106,1,2,0.06211651679500013,0.06212,,4
F9,200000,200000,10034,1,2,0.05017225082707816,0.05017,,7
F10,200000,200000,7351,1,2,0.03675327563554168,0.036755,,5
F11,50000,50000,1109,1,2,0.022179873537949535,0.02218,,2
F12,200000,200000,3649,1,2,0.01824509212215375,0.018245,,1
F13,100000,100000,7021,1,2,0.07021064818469093,0.07021,,6
F14,400000,400000,3587,1,2,0.008966790912900105,0.0089675,,1
F15,400000,400000,6099,1,2,0.015248399802506106,0.0152475,,6
F16,200000,200000,10257,1,2,0.05128747128551401,0.051285,,6
