Flow,Period,Deadline,Execution Time,w,h,Target_Utilization,Actual_Utilization,Utilization_Error,Queue
F1,400000,400000,4985,1,2,0.012462349746781731,0.0124625,,5
F2,200000,200000,8703,1,2,0.043517494925391254,0.043515,,4
F3,50000,50000,2396,1,2,0.04791978439435418,0.04792,,4
F4,50000,50000,2283,1,2,0.04565974414231666,0.04566,,2
F5,100000,100000,885,1,2,0.008851119351754644,0.00885,,2
F6,400000,400000,10514,1,2,0.026284557421722088,0.026285,,7
F7,200000,200000,7940,1,2,0.039701049052983606,0.0397,,6
F8,400000,400000,4281,1,2,0.010703075176694388,0.0107025,,5
F9,100000,100000,10231,1,2,0.1023117127295275,0.10231,,3
F10,400000,400000,4477,1,2,0.011193723599430938,0.0111925,,7
F11,400000,400000,1373,1,2,0.003433198861130471,0.0034325,,3
F12,100000,100000,1981,1,2,0.0198092981081478,0.01981,,2
F13,50000,50000,7055,1,2,0.14109302712298308,0.1411,,4
F14,400000,400000,7674,1,2,0.019183930774014035,0.019185,,3
F15,200000,200000,8866,1,2,0.04432762057997991,0.04433,,5
F16,50000,50000,5513,1,2,0.11025795917372308,0.11026,,5
