Flow,Period,Deadline,Execution Time,w,h,Target_Utilization,Actual_Utilization,Utilization_Error,Queue
F1,100000,100000,4905,1,2,0.049048695065841974,0.04905,,6
F2,50000,50000,4303,1,2,0.08606091489742629,0.08606,,1
F3,200000,200000,11423,1,2,0.05711651304039961,0.057115,,3
F4,100000,100000,3340,1,2,0.03339838559916902,0.0334,,4
F5,50000,50000,6773,1,2,0.13546195889665075,0.13546,,3
F6,400000,400000,5961,1,2,0.014902446229802135,0.0149025,,7
F7,100000,100000,8199,1,2,0.08198621274563411,0.08199,,2
F8,200000,200000,1194,1,2,0.005969029058525699,0.00597,,1
F9,400000,400000,9822,1,2,0.02455602976811802,0.024555,,3
F10,400000,400000,10567,1,2,0.026417547104975236,0.0264175,,1
F11,400000,400000,5426,1,2,0.013565771686580158,0.013565,,6
F12,100000,100000,5056,1,2,0.05056175559742658,0.05056,,5
F13,100000,100000,4195,1,2,0.04195106753304676,0.04195,,7
F14,400000,400000,9589,1,2,0.02397262288564658,0.0239725,,2
F15,400000,400000,6227,1,2,0.0155682812379631,0.0155675,,5
F16,200000,200000,1970,1,2,0.009850630974925077,0.00985,,4
