Flow,Period,Deadline,Execution Time,w,h,Target_Utilization,Actual_Utilization,Utilization_Error,Queue
F1,50000,50000,1834,1,2,0.036678403412161,0.03668,,1
F2,400000,400000,9567,1,2,0.023918247821706706,0.0239175,,1
F3,400000,400000,3625,1,2,0.009062125811104771,0.0090625,,2
F4,200000,200000,7289,1,2,0.03644599463039422,0.036445,,5
F5,400000,400000,3133,1,2,0.00783133399968683,0.0078325,,4
F6,400000,400000,600,1,2,0.0005012207738107621,0.0015,,7
F7,100000,100000,11785,1,2,0.11784628749630816,0.11785,,5
F8,100000,100000,4731,1,2,0.04730939411312646,0.04731,,1
F9,200000,200000,9729,1,2,0.048646592651341414,0.048645,,2
F10,200000,200000,8907,1,2,0.04453308877974438,0.044535,,2
F11,400000,400000,5761,1,2,0.01440215810870299,0.0144025,,2
F12,50000,50000,8345,1,2,0.1668981640175824,0.1669,,5
F13,400000,400000,4349,1,2,0.010871742852954724,0.0108725,,6
F14,400000,400000,8093,1,2,0.020232379199676978,0.0202325,,5
F15,200000,200000,7781,1,2,0.03890698314584623,0.038905,,2
F16,400000,400000,11807,1,2,0.029517189188207112,0.0295175,,3
