Flow,Period,Deadline,Execution Time,w,h,Target_Utilization,Actual_Utilization,Utilization_Error,Queue
F1,400000,400000,5961,1,2,0.014902939461526987,0.0149025,,6
F2,400000,400000,1447,1,2,0.0036171371604852842,0.0036175,,7
F3,200000,200000,836,1,2,0.004181161290348068,0.00418,,2
F4,400000,400000,622,1,2,0.0015537948572115212,0.001555,,3
F5,400000,400000,10939,1,2,0.027348490198806585,0.0273475,,3
F6,200000,200000,10293,1,2,0.051465784549267424,0.051465,,4
F7,200000,200000,8883,1,2,0.04441335135022301,0.044415,,3
F8,200000,200000,2969,1,2,0.014844164718779362,0.014845,,1
F9,50000,50000,7737,1,2,0.15473952128104085,0.15474,,2
F10,100000,100000,9896,1,2,0.09896398195302492,0.09896,,2
F11,200000,200000,7247,1,2,0.03623471728266703,0.036235,,2
F12,200000,200000,4827,1,2,0.024135616464932258,0.024135,,7
F13,400000,400000,4162,1,2,0.010404587137534144,0.010405,,5
F14,100000,100000,6883,1,2,0.06882994553157316,0.06883,,1
F15,400000,400000,7557,1,2,0.018891786058178407,0.0188925,,1
F16,100000,100000,3407,1,2,0.034071520628618325,0.03407,,4
