Flow,Period,Deadline,Execution Time,w,h,Target_Utilization,Actual_Utilization,Utilization_Error,Queue
F1,200000,200000,6189,1,2,0.030945768144836405,0.030945,,1
F2,400000,400000,7601,1,2,0.019001680071326743,0.0190025,,4
F3,400000,400000,2652,1,2,0.0066293242462229784,0.00663,,6
F4,200000,200000,1489,1,2,0.007446243230583294,0.007445,,5
F5,400000,400000,2511,1,2,0.006276829967357789,0.0062775,,2
F6,400000,400000,7343,1,2,0.018356338385142834,0.0183575,,7
F7,400000,400000,5347,1,2,0.013366811839088832,0.0133675,,2
F8,400000,400000,1717,1,2,0.004292127116789224,0.0042925,,7
F9,400000,400000,2573,1,2,0.006431801296421458,0.0064325,,3
F10,400000,400000,4985,1,2,0.01246234610405722,0.0124625,,5
F11,400000,400000,600,1,2,0.0012598798023959468,0.0015,,5
F12,200000,200000,697,1,2,0.003485457984214957,0.003485,,1
F13,200000,200000,4087,1,2,0.020434364447694864,0.020435,,2
F14,100000,100000,1171,1,2,0.011709358505455902,0.01171,,1
F15,400000,400000,5049,1,2,0.012622990210914786,0.0126225,,3
F16,100000,100000,5354,1,2,0.053538937430709754,0.05354,,4
F17,200000,200000,1818,1,2,0.009090934960398478,0.00909,,4
F18,200000,200000,2181,1,2,0.010904133028541318,0.010905,,2
F19,400000,400000,1750,1,2,0.004373979861044153,0.004375,,5
F20,50000,50000,7505,1,2,0.150105042900414,0.1501,,4
F21,400000,400000,1831,1,2,0.004577107619925608,0.0045775,,1
F22,100000,100000,838,1,2,0.008380652824943352,0.00838,,7
F23,400000,400000,611,1,2,0.001528183837440994,0.0015275,,3
F24,400000,400000,1255,1,2,0.0031385672481720472,0.0031375,,6
F25,400000,400000,3709,1,2,0.009271371463523553,0.0092725,,3
F26,50000,50000,4217,1,2,0.08434326657342889,0.08434,,4
F27,200000,200000,6895,1,2,0.03447250607769875,0.034475,,7
F28,400000,400000,2324,1,2,0.005809462186735739,0.00581,,4
F29,200000,200000,6743,1,2,0.03371629433350058,0.033715,,3
F30,400000,400000,1415,1,2,0.0035368901958935228,0.0035375,,6
F31,400000,400000,5533,1,2,0.013833141875997547,0.0138325,,1
F32,400000,400000,600,1,2,0.0007433584857734347,0.0015,,4
