Flow,Period,Deadline,Execution Time,w,h,Target_Utilization,Actual_Utilization,Utilization_Error,Queue
F1,400000,400000,3575,1,2,0.008936420904765874,0.0089375,,2
F2,400000,400000,7273,1,2,0.01818258935885997,0.0181825,,2
F3,400000,400000,4777,1,2,0.011941347104995281,0.0119425,,3
F4,100000,100000,1593,1,2,0.015929331231149924,0.01593,,5
F5,100000,100000,764,1,2,0.007639007258035124,0.00764,,7
F6,400000,400000,5053,1,2,0.012632454229735579,0.0126325,,1
F7,400000,400000,2019,1,2,0.005048500439104653,0.0050475,,1
F8,100000,100000,6960,1,2,0.06959518556021616,0.0696,,4
F9,400000,400000,1049,1,2,0.002621721515313924,0.0026225,,3
F10,200000,200000,9963,1,2,0.04981264691377146,0.049815,,2
F11,400000,400000,7434,1,2,0.018583862146611785,0.018585,,6
F12,400000,400000,6685,1,2,0.016712138188783643,0.0167125,,7
F13,400000,400000,4657,1,2,0.011643101642951403,0.0116425,,6
F14,400000,400000,1325,1,2,0.003311574649409288,0.0033125,,2
F15,400000,400000,600,1,2,0.0009009837304597146,0.0015,,6
F16,400000,400000,3375,1,2,0.008437122931639118,0.0084375,,3
F17,400000,400000,7537,1,2,0.018841722479605028,0.0188425,,4
F18,400000,400000,9942,1,2,0.02485511109665589,0.024855,,6
F19,200000,200000,10353,1,2,0.05176430613577698,0.051765,,2
F20,400000,400000,9635,1,2,0.024087997845998327,0.0240875,,3
F21,400000,400000,4313,1,2,0.010781803933515244,0.0107825,,1
F22,200000,200000,5215,1,2,0.026074680943789258,0.026075,,4
F23,400000,400000,600,1,2,0.0010492190539521662,0.0015,,6
F24,400000,400000,2050,1,2,0.005125162287749202,0.005125,,7
F25,200000,200000,624,1,2,0.0031208801579281353,0.00312,,5
F26,400000,400000,1062,1,2,0.0026540702333567867,0.002655,,4
F27,400000,400000,6219,1,2,0.015548544695164979,0.0155475,,4
F28,400000,400000,600,1,2,4.4915414375845675e-05,0.0015,,4
F29,400000,400000,3533,1,2,0.008833530393744349,0.0088325,,5
F30,100000,100000,6795,1,2,0.0679499168289022,0.06795,,4
F31,50000,50000,4581,1,2,0.09161563833483728,0.09162,,4
F32,400000,400000,3423,1,2,0.008557765146362323,0.0085575,,4
