Flow,Period,Deadline,Execution Time,w,h,Target_Utilization,Actual_Utilization,Utilization_Error,Queue
F1,400000,400000,1166,1,2,0.0029145081093313596,0.002915,,3
F2,50000,50000,4084,1,2,0.0816796851782039,0.08168,,6
F3,200000,200000,8607,1,2,0.04303489660265486,0.043035,,7
F4,400000,400000,4361,1,2,0.010903517185353373,0.0109025,,5
F5,100000,100000,6566,1,2,0.06565895202982464,0.06566,,6
F6,200000,200000,859,1,2,0.004296050321191014,0.004295,,5
F7,400000,400000,650,1,2,0.0016260915296369416,0.001625,,4
F8,400000,400000,961,1,2,0.0024035158681358637,0.0024025,,7
F9,200000,200000,912,1,2,0.004560690615788898,0.00456,,6
F10,200000,200000,1585,1,2,0.007924689069758961,0.007925,,3
F11,200000,200000,3130,1,2,0.015649391642234722,0.01565,,1
F12,100000,100000,3374,1,2,0.03373871510110815,0.03374,,7
F13,200000,200000,1186,1,2,0.005928791632497654,0.00593,,1
F14,400000,400000,1818,1,2,0.0045447637292231335,0.004545,,2
F15,200000,200000,1061,1,2,0.005303828591219806,0.005305,,5
F16,200000,200000,730,1,2,0.0036507089599253084,0.00365,,1
F17,200000,200000,1927,1,2,0.009635509094315264,0.009635,,4
F18,200000,200000,7085,1,2,0.03542578574698807,0.035425,,5
F19,200000,200000,10641,1,2,0.05320339469991389,0.053205,,7
F20,400000,400000,600,1,2,0.0005178508978487262,0.0015,,6
F21,400000,400000,600,1,2,0.0002495205661777189,0.0015,,4
F22,200000,200000,10482,1,2,0.052411169052336365,0.05241,,6
F23,400000,400000,9410,1,2,0.023524981883956603,0.023525,,4
F24,400000,400000,9837,1,2,0.02459228213733941,0.0245925,,3
F25,400000,400000,3038,1,2,0.007593848305765635,0.007595,,7
F26,400000,400000,7911,1,2,0.019777425356008183,0.0197775,,6
F27,200000,200000,7878,1,2,0.03938822568471015,0.03939,,6
F28,400000,400000,600,1,2,0.001301012714679195,0.0015,,2
F29,400000,400000,4122,1,2,0.010306042227224678,0.010305,,7
F30,400000,400000,4467,1,2,0.011166306620084117,0.0111675,,3
F31,200000,200000,7913,1,2,0.0395640243275671,0.039565,,3
F32,400000,400000,1247,1,2,0.0031186009379292213,0.0031175,,6
