Flow,Period,Deadline,Execution Time,w,h,Target_Utilization,Actual_Utilization,Utilization_Error,Queue
F1,400000,400000,673,1,2,0.0016824993992580195,0.0016825,,5
F2,400000,400000,5523,1,2,0.013806914504927548,0.0138075,,6
F3,400000,400000,3308,1,2,0.00826953243763795,0.00827,,1
F4,400000,400000,10828,1,2,0.027069560897307277,0.02707,,6
F5,400000,400000,4289,1,2,0.010722842994178028,0.0107225,,3
F6,400000,400000,625,1,2,0.0015635210082862727,0.0015625,,3
F7,200000,200000,6485,1,2,0.032422642282745495,0.032425,,5
F8,400000,400000,8907,1,2,0.022267899640191435,0.0222675,,4
F9,200000,200000,6110,1,2,0.03054876690572156,0.03055,,4
F10,400000,400000,1529,1,2,0.003823539419526678,0.0038225,,4
F11,200000,200000,9470,1,2,0.04735000715565857,0.04735,,5
F12,200000,200000,909,1,2,0.004544018462712074,0.004545,,6
F13,200000,200000,1403,1,2,0.007015267771449896,0.007015,,3
F14,200000,200000,8221,1,2,0.04110301441646619,0.041105,,6
F15,400000,400000,1034,1,2,0.0025851421077086045,0.002585,,7
F16,400000,400000,2698,1,2,0.006743973653710877,0.006745,,5
F17,100000,100000,2620,1,2,0.026199236100106882,0.0262,,2
F18,400000,400000,600,1,2,0.00042253116195162255,0.0015,,1
F19,400000,400000,5113,1,2,0.012783034993979536,0.0127825,,2
F20,200000,200000,11478,1,2,0.05739036548763443,0.05739,,6
F21,400000,400000,1400,1,2,0.003500761986085732,0.0035,,2
F22,400000,400000,1467,1,2,0.0036675294418913873,0.0036675,,6
F23,400000,400000,3819,1,2,0.009547408190150597,0.0095475,,4
F24,400000,400000,3543,1,2,0.00885639137233657,0.0088575,,7
F25,400000,400000,9495,1,2,0.023736336583727924,0.0237375,,5
F26,400000,400000,4491,1,2,0.011226694365564116,0.0112275,,5
F27,200000,200000,6171,1,2,0.030854790101111473,0.030855,,5
F28,400000,400000,3684,1,2,0.009210885521158285,0.00921,,2
F29,200000,200000,2959,1,2,0.014794378852762413,0.014795,,3
F30,400000,400000,4907,1,2,0.012267258282718102,0.0122675,,6
F31,50000,50000,4291,1,2,0.0858167812217868,0.08582,,6
F32,200000,200000,6203,1,2,0.0310153108311202,0.031015,,6
