Flow,Period,Deadline,Execution Time,w,h,Target_Utilization,Actual_Utilization,Utilization_Error,Queue
F1,400000,400000,8468,1,2,0.02117018294533235,0.02117,,1
F2,400000,400000,3779,1,2,0.009446647683328702,0.0094475,,4
F3,400000,400000,4012,1,2,0.01003011087517558,0.01003,,5
F4,400000,400000,4709,1,2,0.01177353441857476,0.0117725,,3
F5,400000,400000,6806,1,2,0.017015421107970274,0.017015,,7
F6,100000,100000,1694,1,2,0.016939779195206284,0.01694,,4
F7,400000,400000,2639,1,2,0.006598703817160323,0.0065975,,6
F8,400000,400000,600,1,2,0.0011320151024715175,0.0015,,1
F9,50000,50000,3747,1,2,0.07493513041026445,0.07494,,4
F10,400000,400000,667,1,2,0.0016682511745421125,0.0016675,,7
F11,400000,400000,3390,1,2,0.008475036501585487,0.008475,,1
F12,200000,200000,11023,1,2,0.055114636625382685,0.055115,,6
F13,400000,400000,4465,1,2,0.011161890438396715,0.0111625,,2
F14,100000,100000,2935,1,2,0.029349725225197965,0.02935,,7
F15,100000,100000,1076,1,2,0.010760529471969926,0.01076,,7
F16,400000,400000,4842,1,2,0.012105704473358958,0.012105,,5
F17,100000,100000,6213,1,2,0.062134960029008424,0.06213,,7
F18,400000,400000,1447,1,2,0.003616851599234916,0.0036175,,3
F19,100000,100000,2588,1,2,0.025880468514078048,0.02588,,4
F20,200000,200000,9357,1,2,0.04678661860516656,0.046785,,7
F21,200000,200000,6918,1,2,0.03458788601199958,0.03459,,3
F22,400000,400000,4769,1,2,0.01192282303535458,0.0119225,,6
F23,400000,400000,7130,1,2,0.01782411122799976,0.017825,,6
F24,400000,400000,667,1,2,0.0016674083603576,0.0016675,,5
F25,100000,100000,1459,1,2,0.01459090320831366,0.01459,,1
F26,400000,400000,6829,1,2,0.017072250902589445,0.0170725,,3
F27,400000,400000,2304,1,2,0.005758939088004358,0.00576,,2
F28,400000,400000,600,1,2,0.0008499174839127627,0.0015,,7
F29,400000,400000,608,1,2,0.001520870247891326,0.00152,,4
F30,200000,200000,8607,1,2,0.04303382853230054,0.043035,,4
F31,200000,200000,7527,1,2,0.0376334683330006,0.037635,,6
F32,400000,400000,600,1,2,0.00048083558020660806,0.0015,,5
