Flow,Period,Deadline,Execution Time,w,h,Target_Utilization,Actual_Utilization,Utilization_Error,Queue
F1,400000,400000,3975,1,2,0.009937567164877037,0.0099375,,1
F2,200000,200000,2664,1,2,0.013320888463687397,0.01332,,7
F3,200000,200000,1565,1,2,0.007825777077542173,0.007825,,5
F4,400000,400000,619,1,2,0.0015483378423055694,0.0015475,,6
F5,400000,400000,6138,1,2,0.015345848262234618,0.015345,,1
F6,50000,50000,2350,1,2,0.04700142606875313,0.047,,1
F7,200000,200000,9037,1,2,0.04518380544487194,0.045185,,7
F8,200000,200000,7045,1,2,0.03522525227606904,0.035225,,1
F9,50000,50000,3269,1,2,0.06538205738915814,0.06538,,7
F10,400000,400000,2305,1,2,0.005763107807300383,0.0057625,,7
F11,200000,200000,1319,1,2,0.00659568178426978,0.006595,,2
F12,400000,400000,7058,1,2,0.01764550686156452,0.017645,,7
F13,400000,400000,2703,1,2,0.006757838084428425,0.0067575,,1
F14,400000,400000,2707,1,2,0.006768020173810174,0.0067675,,3
F15,400000,400000,5385,1,2,0.013461803720458965,0.0134625,,5
F16,400000,400000,4227,1,2,0.0105664443899679,0.0105675,,4
F17,400000,400000,7011,1,2,0.017528437570861977,0.0175275,,4
F18,400000,400000,10193,1,2,0.025481531478020014,0.0254825,,3
F19,400000,400000,4453,1,2,0.011133683082863444,0.0111325,,3
F20,400000,400000,763,1,2,0.001907765923450211,0.0019075,,7
F21,100000,100000,4510,1,2,0.04509992372300714,0.0451,,3
F22,200000,200000,4578,1,2,0.02289054210154895,0.02289,,1
F23,400000,400000,6033,1,2,0.015082156716758555,0.0150825,,6
F24,200000,200000,3539,1,2,0.017695916344581647,0.017695,,5
F25,400000,400000,2042,1,2,0.005104943511344745,0.005105,,6
F26,400000,400000,2611,1,2,0.006527823339408045,0.0065275,,4
F27,400000,400000,7019,1,2,0.017547782973292292,0.0175475,,3
F28,400000,400000,3537,1,2,0.00884232448451204,0.0088425,,6
F29,200000,200000,6107,1,2,0.03053595456345115,0.030535,,5
F30,400000,400000,9889,1,2,0.02472273039388701,0.0247225,,4
F31,200000,200000,5979,1,2,0.0298954731188887,0.029895,,7
F32,100000,100000,3065,1,2,0.030652208064775633,0.03065,,4
