Flow,Period,Deadline,Execution Time,w,h,Target_Utilization,Actual_Utilization,Utilization_Error,Queue
F1,200000,200000,605,1,2,0.0030254048588470583,0.003025,,5
F2,400000,400000,11486,1,2,0.028715332081859613,0.028715,,3
F3,400000,400000,2585,1,2,0.006461893327412871,0.0064625,,5
F4,200000,200000,6219,1,2,0.031092878220152054,0.031095,,7
F5,200000,200000,1198,1,2,0.005989282038763144,0.00599,,6
F6,200000,200000,8758,1,2,0.04378797524899347,0.04379,,7
F7,400000,400000,5977,1,2,0.014943453500707804,0.0149425,,5
F8,200000,200000,10291,1,2,0.051455306944039325,0.051455,,7
F9,400000,400000,1367,1,2,0.003416298365488235,0.0034175,,6
F10,200000,200000,7219,1,2,0.03609646781332221,0.036095,,3
F11,200000,200000,2100,1,2,0.010500412620381816,0.0105,,4
F12,400000,400000,1065,1,2,0.0026636782119626723,0.0026625,,1
F13,400000,400000,1403,1,2,0.0035078592144762166,0.0035075,,3
F14,200000,200000,3419,1,2,0.017096200756998747,0.017095,,1
F15,200000,200000,7203,1,2,0.03601414404398112,0.036015,,4
F16,400000,400000,7172,1,2,0.017929428746339127,0.01793,,5
F17,200000,200000,2491,1,2,0.012453812652430452,0.012455,,2
F18,400000,400000,1660,1,2,0.004151031499540492,0.00415,,7
F19,400000,400000,600,1,2,0.0014411227107323787,0.0015,,3
F20,400000,400000,6619,1,2,0.016547381242324466,0.0165475,,4
F21,100000,100000,4162,1,2,0.04161945389738478,0.04162,,1
F22,200000,200000,978,1,2,0.004888818470944856,0.00489,,2
F23,400000,400000,600,1,2,0.0010772142376119231,0.0015,,5
F24,100000,100000,6453,1,2,0.06453141625927572,0.06453,,3
F25,50000,50000,1975,1,2,0.03950189278502911,0.0395,,5
F26,400000,400000,1012,1,2,0.0025294046854753005,0.00253,,4
F27,400000,400000,5237,1,2,0.013092906978891095,0.0130925,,1
F28,100000,100000,928,1,2,0.009279619537418418,0.00928,,1
F29,400000,400000,4470,1,2,0.01117504825729368,0.011175,,3
F30,100000,100000,8901,1,2,0.08900552928492594,0.08901,,5
F31,100000,100000,1067,1,2,0.01066904049130997,0.01067,,7
F32,400000,400000,600,1,2,0.0006569284143191311,0.0015,,7
