Flow,Period,Deadline,Execution Time,w,h,Target_Utilization,Actual_Utilization,Utilization_Error,Queue
F1,400000,400000,4775,1,2,0.011936354188001652,0.0119375,,5
F2,200000,200000,1993,1,2,0.009964609513913647,0.009965,,7
F3,400000,400000,1704,1,2,0.004260250505887853,0.00426,,5
F4,400000,400000,6643,1,2,0.016607413480225208,0.0166075,,7
F5,200000,200000,8359,1,2,0.04179486422798617,0.041795,,7
F6,400000,400000,6567,1,2,0.016418221023144608,0.0164175,,3
F7,100000,100000,6210,1,2,0.06210097813489557,0.0621,,7
F8,400000,400000,1015,1,2,0.002536645323233444,0.0025375,,6
F9,200000,200000,11053,1,2,0.05526743601527628,0.055265,,6
F10,400000,400000,3919,1,2,0.00979874998003033,0.0097975,,3
F11,400000,400000,689,1,2,0.001723192712482946,0.0017225,,2
F12,200000,200000,9213,1,2,0.04606520226073291,0.046065,,6
F13,200000,200000,6159,1,2,0.030793799933309884,0.030795,,4
F14,100000,100000,3600,1,2,0.03600228307279285,0.036,,6
F15,400000,400000,6991,1,2,0.017477220238313496,0.0174775,,1
F16,100000,100000,4089,1,2,0.040891507652137865,0.04089,,4
F17,400000,400000,600,1,2,0.0012989277837414104,0.0015,,1
F18,400000,400000,600,1,2,0.0008639312834674562,0.0015,,7
F19,400000,400000,1467,1,2,0.003668576963182818,0.0036675,,6
F20,400000,400000,11263,1,2,0.028156804982256978,0.0281575,,2
F21,400000,400000,5245,1,2,0.013113650767393376,0.0131125,,2
F22,400000,400000,4333,1,2,0.010831524539015647,0.0108325,,4
F23,400000,400000,732,1,2,0.0018310174672515889,0.00183,,5
F24,100000,100000,3099,1,2,0.03099248743474345,0.03099,,1
F25,200000,200000,3098,1,2,0.015489273666045494,0.01549,,6
F26,400000,400000,1866,1,2,0.004665523683645367,0.004665,,2
F27,400000,400000,4181,1,2,0.010452771265535205,0.0104525,,1
F28,200000,200000,7125,1,2,0.035626914242669255,0.035625,,7
F29,400000,400000,10349,1,2,0.025873605167544785,0.0258725,,6
F30,400000,400000,600,1,2,0.0005090173649724868,0.0015,,1
F31,400000,400000,3906,1,2,0.009764127025000218,0.009765,,4
F32,100000,100000,1830,1,2,0.01829875895523749,0.0183,,7
