Flow,Period,Deadline,Execution Time,w,h,Target_Utilization,Actual_Utilization,Utilization_Error,Queue
F1,400000,400000,6735,1,2,0.01683637943365246,0.0168375,,5
F2,200000,200000,6669,1,2,0.03334507414753174,0.033345,,2
F3,200000,200000,5509,1,2,0.027545951689196824,0.027545,,2
F4,50000,50000,2463,1,2,0.0492608328921843,0.04926,,4
F5,400000,400000,3583,1,2,0.008957626098569649,0.0089575,,3
F6,100000,100000,2889,1,2,0.028889995954789305,0.02889,,1
F7,100000,100000,8816,1,2,0.08816490207220717,0.08816,,2
F8,400000,400000,9360,1,2,0.02339937780814061,0.0234,,4
F9,400000,400000,7809,1,2,0.019522843513243793,0.0195225,,1
F10,200000,200000,8505,1,2,0.04252743884472876,0.042525,,2
F11,100000,100000,4021,1,2,0.04021015197578126,0.04021,,4
F12,400000,400000,2677,1,2,0.0066933944452094996,0.0066925,,6
F13,400000,400000,1885,1,2,0.004713500611217281,0.0047125,,4
F14,400000,400000,11701,1,2,0.029253503750140242,0.0292525,,4
F15,400000,400000,600,1,2,6.616323419292303e-05,0.0015,,1
F16,400000,400000,600,1,2,0.0006789176580155321,0.0015,,6
F17,400000,400000,7621,1,2,0.01905275025308295,0.0190525,,2
F18,200000,200000,1248,1,2,0.006240208448650614,0.00624,,3
F19,200000,200000,9727,1,2,0.04863358011014052,0.048635,,4
F20,400000,400000,1343,1,2,0.0033564629296032322,0.0033575,,2
F21,200000,200000,3442,1,2,0.01720896754253226,0.01721,,7
F22,400000,400000,4805,1,2,0.01201198738531939,0.0120125,,2
F23,200000,200000,6433,1,2,0.03216553708753525,0.032165,,2
F24,400000,400000,4218,1,2,0.010544676963707589,0.010545,,1
F25,400000,400000,5665,1,2,0.014161795050337225,0.0141625,,4
F26,400000,400000,2919,1,2,0.007297536346009527,0.0072975,,7
F27,200000,200000,3771,1,2,0.018855082149047776,0.018855,,3
F28,400000,400000,1222,1,2,0.0030538953005787572,0.003055,,1
F29,400000,400000,7545,1,2,0.018863287637890577,0.0188625,,1
F30,400000,400000,7633,1,2,0.019082998405327112,0.0190825,,4
F31,400000,400000,600,1,2,0.0002635533505635527,0.0015,,2
F32,400000,400000,872,1,2,0.0021802326426322975,0.00218,,5
