Flow,Period,Deadline,Execution Time,w,h,Target_Utilization,Actual_Utilization,Utilization_Error,Queue
F1,100000,100000,1481,1,2,0.014809140258097542,0.01481,,6
F2,400000,400000,600,1,2,6.355525611356772e-05,0.0015,,7
F3,200000,200000,6837,1,2,0.03418319320198293,0.034185,,3
F4,100000,100000,2480,1,2,0.0248010357668369,0.0248,,4
F5,400000,400000,6115,1,2,0.015286869533447933,0.0152875,,2
F6,200000,200000,737,1,2,0.0036846978244000628,0.003685,,5
F7,400000,400000,4131,1,2,0.010326709855971505,0.0103275,,2
F8,400000,400000,4638,1,2,0.01159617541587843,0.011595,,5
F9,100000,100000,5281,1,2,0.052812358169636586,0.05281,,3
F10,200000,200000,2056,1,2,0.010279825079213434,0.01028,,6
F11,400000,400000,885,1,2,0.00221352571766531,0.0022125,,3
F12,100000,100000,2114,1,2,0.02114060685155561,0.02114,,4
F13,400000,400000,3491,1,2,0.00872872564657684,0.0087275,,4
F14,400000,400000,600,1,2,0.0008589374196192323,0.0015,,1
F15,400000,400000,11891,1,2,0.029728394775027422,0.0297275,,3
F16,200000,200000,2795,1,2,0.013974260960365026,0.013975,,7
F17,400000,400000,7585,1,2,0.018961288348166405,0.0189625,,3
F18,200000,200000,2092,1,2,0.0104594496148665,0.01046,,4
F19,50000,50000,1958,1,2,0.0391607282603193,0.03916,,5
F20,100000,100000,9418,1,2,0.0941781772761616,0.09418,,3
F21,400000,400000,8731,1,2,0.02182737057125836,0.0218275,,5
F22,400000,400000,1120,1,2,0.002799650504720308,0.0028,,5
F23,400000,400000,2189,1,2,0.0054732037417546675,0.0054725,,7
F24,400000,400000,1138,1,2,0.002844298100745435,0.002845,,2
F25,400000,400000,10525,1,2,0.026313107145097825,0.0263125,,4
F26,50000,50000,3079,1,2,0.06158006802559603,0.06158,,5
F27,400000,400000,8794,1,2,0.021985019146539955,0.021985,,3
F28,400000,400000,6259,1,2,0.015646334554643107,0.0156475,,7
F29,200000,200000,6401,1,2,0.03200705417109328,0.032005,,5
F30,400000,400000,9323,1,2,0.02330743066450998,0.0233075,,5
F31,400000,400000,5342,1,2,0.013355987905576922,0.013355,,3
F32,400000,400000,1849,1,2,0.004621314196258291,0.0046225,,3
