Flow,Period,Deadline,Execution Time,w,h,Target_Utilization,Actual_Utilization,Utilization_Error,Queue
F1,400000,400000,7529,1,2,0.018823597856068353,0.0188225,,7
F2,400000,400000,635,1,2,0.0015881938822003283,0.0015875,,4
F3,200000,200000,6703,1,2,0.03351696821998795,0.033515,,2
F4,100000,100000,3171,1,2,0.03170823524085464,0.03171,,2
F5,400000,400000,2339,1,2,0.0058486305353036006,0.0058475,,3
F6,100000,100000,1752,1,2,0.017519694997660373,0.01752,,3
F7,400000,400000,763,1,2,0.0019086223876058073,0.0019075,,5
F8,100000,100000,2792,1,2,0.02792023075983119,0.02792,,2
F9,400000,400000,7521,1,2,0.01880225820182002,0.0188025,,2
F10,400000,400000,4680,1,2,0.011699251572644842,0.0117,,2
F11,200000,200000,5293,1,2,0.02646624146201615,0.026465,,5
F12,400000,400000,7436,1,2,0.01859079134502334,0.01859,,6
F13,400000,400000,7403,1,2,0.018506835182026282,0.0185075,,5
F14,400000,400000,10982,1,2,0.027455432613196273,0.027455,,6
F15,200000,200000,5006,1,2,0.025030645764952508,0.02503,,1
F16,400000,400000,600,1,2,0.0007788136147454661,0.0015,,6
F17,100000,100000,7255,1,2,0.07254588743638923,0.07255,,1
F18,400000,400000,3445,1,2,0.008613304355185258,0.0086125,,3
F19,200000,200000,8891,1,2,0.04445425655622298,0.044455,,6
F20,100000,100000,611,1,2,0.00610946036306248,0.00611,,2
F21,100000,100000,10571,1,2,0.10571069224651708,0.10571,,6
F22,400000,400000,1044,1,2,0.002609690089041522,0.00261,,7
F23,400000,400000,11245,1,2,0.028112369382265814,0.0281125,,1
F24,400000,400000,6737,1,2,0.016843476743940988,0.0168425,,1
F25,400000,400000,5897,1,2,0.014743553261703235,0.0147425,,7
F26,400000,400000,600,1,2,0.0010988201359398153,0.0015,,5
F27,400000,400000,3393,1,2,0.008481526442114432,0.0084825,,4
F28,400000,400000,4556,1,2,0.011389321400278873,0.01139,,1
F29,400000,400000,9504,1,2,0.023758824969093054,0.02376,,3
F30,400000,400000,11380,1,2,0.02844878221028871,0.02845,,6
F31,200000,200000,1788,1,2,0.00894010686683454,0.00894,,5
F32,400000,400000,4237,1,2,0.010591416098511356,0.0105925,,6
