Flow,Period,Deadline,Execution Time,w,h,Target_Utilization,Actual_Utilization,Utilization_Error,Queue
F1,100000,100000,4366,1,2,0.04366094461018044,0.04366,,5
F2,400000,400000,1789,1,2,0.004472059292747743,0.0044725,,7
F3,400000,400000,3663,1,2,0.009157210468016874,0.0091575,,7
F4,400000,400000,10412,1,2,0.026030782567747046,0.02603,,5
F5,400000,400000,11134,1,2,0.027834897172884787,0.027835,,4
F6,400000,400000,742,1,2,0.0018547160138194796,0.001855,,3
F7,200000,200000,7355,1,2,0.03677474592723762,0.036775,,3
F8,50000,50000,1854,1,2,0.037080265021514236,0.03708,,5
F9,200000,200000,756,1,2,0.003779033040867519,0.00378,,4
F10,100000,100000,7525,1,2,0.07525409627893759,0.07525,,3
F11,400000,400000,7371,1,2,0.018428748630943625,0.0184275,,2
F12,100000,100000,1415,1,2,0.01415041514440335,0.01415,,3
F13,400000,400000,9493,1,2,0.023732830885582812,0.0237325,,6
F14,100000,100000,680,1,2,0.006798992617136956,0.0068,,5
F15,400000,400000,2343,1,2,0.005857028132544073,0.0058575,,3
F16,400000,400000,2464,1,2,0.006161244650914721,0.00616,,2
F17,200000,200000,7888,1,2,0.039441122131068596,0.03944,,5
F18,400000,400000,5751,1,2,0.014376658817106924,0.0143775,,5
F19,200000,200000,7046,1,2,0.03523233873203885,0.03523,,5
F20,400000,400000,8997,1,2,0.02249145339033931,0.0224925,,4
F21,100000,100000,1500,1,2,0.015001167649899921,0.015,,6
F22,200000,200000,1379,1,2,0.0068956850211850385,0.006895,,4
F23,200000,200000,6461,1,2,0.03230621006227352,0.032305,,3
F24,100000,100000,2148,1,2,0.02147989504788303,0.02148,,3
F25,200000,200000,7556,1,2,0.03777785388833026,0.03778,,3
F26,400000,400000,1353,1,2,0.0033831473374269783,0.0033825,,2
F27,400000,400000,9131,1,2,0.022828365276763865,0.0228275,,2
F28,400000,400000,9685,1,2,0.02421350753334938,0.0242125,,3
F29,400000,400000,2233,1,2,0.0055820228299280905,0.0055825,,1
F30,200000,200000,2438,1,2,0.012191109323520528,0.01219,,4
F31,400000,400000,4802,1,2,0.012004024761583729,0.012005,,6
F32,400000,400000,7781,1,2,0.019452144924051548,0.0194525,,5
