Flow,Period,Deadline,Execution Time,w,h,Target_Utilization,Actual_Utilization,Utilization_Error,Queue
F1,400000,400000,3925,1,2,0.00981125900370694,0.0098125,,1
F2,100000,100000,1175,1,2,0.01174946232273788,0.01175,,4
F3,200000,200000,936,1,2,0.004681038306933449,0.00468,,6
F4,400000,400000,4378,1,2,0.010945709114735025,0.010945,,4
F5,400000,400000,7485,1,2,0.018713739609126034,0.0187125,,6
F6,400000,400000,3747,1,2,0.009368364801626061,0.0093675,,2
F7,400000,400000,2281,1,2,0.005703146910385204,0.0057025,,6
F8,400000,400000,5247,1,2,0.013116980710278003,0.0131175,,6
F9,50000,50000,750,1,2,0.014999083332553731,0.015,,5
F10,200000,200000,7177,1,2,0.035886052089889375,0.035885,,4
F11,400000,400000,1955,1,2,0.004888165275893752,0.0048875,,7
F12,400000,400000,4565,1,2,0.011413699290336199,0.0114125,,1
F13,400000,400000,9607,1,2,0.02401833253721558,0.0240175,,6
F14,200000,200000,3009,1,2,0.015044244078459168,0.015045,,1
F15,400000,400000,1388,1,2,0.0034691465866942273,0.00347,,5
F16,400000,400000,10033,1,2,0.02508145349879587,0.0250825,,4
F17,200000,200000,4425,1,2,0.022124127877362953,0.022125,,3
F18,400000,400000,826,1,2,0.002066246462855581,0.002065,,3
F19,200000,200000,7366,1,2,0.03682899065078765,0.03683,,2
F20,400000,400000,8833,1,2,0.02208310786016182,0.0220825,,2
F21,100000,100000,3418,1,2,0.034178650215291706,0.03418,,1
F22,400000,400000,9153,1,2,0.022881327389370043,0.0228825,,5
F23,400000,400000,5025,1,2,0.012563668278189,0.0125625,,3
F24,100000,100000,6283,1,2,0.06283036971274136,0.06283,,5
F25,400000,400000,2012,1,2,0.005029638006119191,0.00503,,5
F26,400000,400000,7357,1,2,0.018392935851215264,0.0183925,,4
F27,400000,400000,7654,1,2,0.019134585260830284,0.019135,,5
F28,100000,100000,3809,1,2,0.03809243074531221,0.03809,,1
F29,100000,100000,9149,1,2,0.09148571547062054,0.09149,,3
F30,200000,200000,5213,1,2,0.026065871494485797,0.026065,,2
F31,200000,200000,1624,1,2,0.008121015772990329,0.00812,,3
F32,400000,400000,4593,1,2,0.011482762770901966,0.0114825,,2
