Flow,Period,Deadline,Execution Time,w,h,Target_Utilization,Actual_Utilization,Utilization_Error,Queue
F1,200000,200000,9675,1,2,0.04837335410024557,0.048375,,5
F2,100000,100000,6697,1,2,0.06696730000853524,0.06697,,4
F3,400000,400000,5554,1,2,0.013884235568339065,0.013885,,7
F4,100000,100000,764,1,2,0.0076396038862518445,0.00764,,7
F5,400000,400000,4892,1,2,0.012231131278888197,0.01223,,1
F6,200000,200000,661,1,2,0.003306132070465262,0.003305,,5
F7,100000,100000,3291,1,2,0.03290965691886699,0.03291,,4
F8,400000,400000,600,1,2,0.0001796348792379443,0.0015,,4
F9,200000,200000,1146,1,2,0.00572956763793625,0.00573,,3
F10,400000,400000,2191,1,2,0.005477092937811401,0.0054775,,1
F11,400000,400000,3533,1,2,0.008831876200249722,0.0088325,,2
F12,200000,200000,11031,1,2,0.05515362527897938,0.055155,,4
F13,100000,100000,3613,1,2,0.0361319960148635,0.03613,,7
F14,400000,400000,1687,1,2,0.004218589171937237,0.0042175,,6
F15,400000,400000,6818,1,2,0.017044950121247404,0.017045,,1
F16,200000,200000,3455,1,2,0.017274869994673925,0.017275,,2
F17,400000,400000,3987,1,2,0.009968666991871378,0.0099675,,4
F18,400000,400000,600,1,2,0.001372879848415276,0.0015,,5
F19,400000,400000,6388,1,2,0.01597095530059328,0.01597,,5
F20,400000,400000,3775,1,2,0.009438610946403081,0.0094375,,5
F21,400000,400000,8881,1,2,0.022202802198138027,0.0222025,,5
F22,400000,400000,10323,1,2,0.025806784618181478,0.0258075,,1
F23,400000,400000,983,1,2,0.0024569705905228556,0.0024575,,3
F24,400000,400000,6720,1,2,0.016799827062222744,0.0168,,3
F25,400000,400000,4971,1,2,0.012426972155866162,0.0124275,,2
F26,200000,200000,3695,1,2,0.0184738824624249,0.018475,,7
F27,400000,400000,6157,1,2,0.015392265462427085,0.0153925,,4
F28,100000,100000,6040,1,2,0.060401528655509545,0.0604,,4
F29,200000,200000,8923,1,2,0.044614915725853285,0.044615,,2
F30,200000,200000,2135,1,2,0.010673797679977379,0.010675,,3
F31,100000,100000,7223,1,2,0.07222861706387412,0.07223,,4
F32,400000,400000,1025,1,2,0.002561673800008489,0.0025625,,4
