Flow,Period,Deadline,Execution Time,w,h,Target_Utilization,Actual_Utilization,Utilization_Error,Queue
F1,400000,400000,2741,1,2,0.006853199487648176,0.0068525,,5
F2,200000,200000,1356,1,2,0.006780708375310418,0.00678,,7
F3,400000,400000,2863,1,2,0.0071578808306871355,0.0071575,,3
F4,400000,400000,5423,1,2,0.013556929894756209,0.0135575,,3
F5,50000,50000,1744,1,2,0.034877721360106806,0.03488,,5
F6,400000,400000,773,1,2,0.0019313958616413718,0.0019325,,3
F7,200000,200000,1119,1,2,0.005594194115564388,0.005595,,2
F8,100000,100000,1281,1,2,0.012810575703998461,0.01281,,1
F9,200000,200000,8827,1,2,0.0441339461633522,0.044135,,5
F10,200000,200000,9013,1,2,0.04506357337699002,0.045065,,4
F11,400000,400000,6384,1,2,0.015961200799642805,0.01596,,3
F12,400000,400000,934,1,2,0.002334029500997814,0.002335,,5
F13,400000,400000,7006,1,2,0.017514233310366,0.017515,,4
F14,400000,400000,1773,1,2,0.0044314308048177264,0.0044325,,1
F15,200000,200000,2593,1,2,0.012965061737492012,0.012965,,7
F16,200000,200000,3098,1,2,0.015491229797113981,0.01549,,5
F17,200000,200000,1153,1,2,0.00576497307565621,0.005765,,4
F18,400000,400000,6203,1,2,0.015506565188331989,0.0155075,,4
F19,200000,200000,9841,1,2,0.049205767717478865,0.049205,,5
F20,400000,400000,1321,1,2,0.0033015150514032476,0.0033025,,6
F21,400000,400000,600,1,2,0.00023591993996535665,0.0015,,6
F22,400000,400000,1375,1,2,0.0034379583198171915,0.0034375,,5
F23,100000,100000,910,1,2,0.009099031925659251,0.0091,,2
F24,200000,200000,9223,1,2,0.046114390237890324,0.046115,,4
F25,400000,400000,3117,1,2,0.0077928601744756965,0.0077925,,4
F26,400000,400000,8475,1,2,0.021187928994484406,0.0211875,,5
F27,400000,400000,1479,1,2,0.0036981655372295696,0.0036975,,3
F28,200000,200000,2478,1,2,0.012390693170707429,0.01239,,6
F29,100000,100000,7435,1,2,0.07435111206096959,0.07435,,5
F30,100000,100000,3376,1,2,0.03375906084357519,0.03376,,1
F31,100000,100000,3895,1,2,0.03894986657284632,0.03895,,1
F32,200000,200000,7215,1,2,0.036073135430391264,0.036075,,4
