Flow,Period,Deadline,Execution Time,w,h,Target_Utilization,Actual_Utilization,Utilization_Error,Queue
F1,400000,400000,600,1,2,0.0012748275863843084,0.0015,,4
F2,200000,200000,4122,1,2,0.02061084672219049,0.02061,,1
F3,400000,400000,600,1,2,0.0008727047451796421,0.0015,,4
F4,400000,400000,4339,1,2,0.010848699671376694,0.0108475,,3
F5,100000,100000,4525,1,2,0.045252330625241366,0.04525,,3
F6,50000,50000,4133,1,2,0.08266049238963369,0.08266,,3
F7,200000,200000,1569,1,2,0.007845698077953878,0.007845,,5
F8,400000,400000,8868,1,2,0.022170827913790547,0.02217,,2
F9,200000,200000,9441,1,2,0.047207309048614254,0.047205,,5
F10,400000,400000,6161,1,2,0.01540198013098476,0.0154025,,2
F11,100000,100000,1745,1,2,0.017448952751967395,0.01745,,7
F12,400000,400000,714,1,2,0.0017845298961075007,0.001785,,4
F13,200000,200000,6879,1,2,0.03439647933980727,0.034395,,1
F14,200000,200000,6548,1,2,0.032739995913760644,0.03274,,6
F15,400000,400000,600,1,2,0.0013461903875994774,0.0015,,3
F16,400000,400000,600,1,2,0.0006099538667876936,0.0015,,2
F17,200000,200000,7093,1,2,0.035465188305429496,0.035465,,4
F18,400000,400000,2438,1,2,0.006095668639972518,0.006095,,3
F19,400000,400000,6827,1,2,0.01706735609971949,0.0170675,,6
F20,400000,400000,600,1,2,0.00047727131131947154,0.0015,,6
F21,100000,100000,6921,1,2,0.06921315362352604,0.06921,,5
F22,400000,400000,1859,1,2,0.004647222421175934,0.0046475,,2
F23,100000,100000,3143,1,2,0.031430076483211083,0.03143,,5
F24,400000,400000,3815,1,2,0.009536966663782426,0.0095375,,7
F25,400000,400000,3926,1,2,0.00981583310654821,0.009815,,5
F26,100000,100000,766,1,2,0.007660867587727549,0.00766,,1
F27,100000,100000,1465,1,2,0.014648858773826545,0.01465,,4
F28,50000,50000,3372,1,2,0.06744001741039633,0.06744,,4
F29,400000,400000,9445,1,2,0.023612457718410702,0.0236125,,4
F30,100000,100000,785,1,2,0.00785055609514659,0.00785,,6
F31,400000,400000,600,1,2,0.0005311057765090832,0.0015,,4
F32,200000,200000,6081,1,2,0.030406320149370624,0.030405,,3
