Flow,Period,Deadline,Execution Time,w,h,Target_Utilization,Actual_Utilization,Utilization_Error,Queue
F1,400000,400000,1679,1,2,0.004197751376022074,0.0041975,,1
F2,400000,400000,7631,1,2,0.01907788891174067,0.0190775,,3
F3,200000,200000,2878,1,2,0.014390613201999969,0.01439,,7
F4,400000,400000,4925,1,2,0.012313657247031151,0.0123125,,5
F5,400000,400000,1677,1,2,0.004192429219338267,0.0041925,,2
F6,400000,400000,4893,1,2,0.0122320809297084,0.0122325,,3
F7,400000,400000,1744,1,2,0.004359196566060208,0.00436,,5
F8,200000,200000,5399,1,2,0.02699502979562629,0.026995,,5
F9,200000,200000,6631,1,2,0.03315523049979624,0.033155,,1
F10,400000,400000,2870,1,2,0.007176177339463075,0.007175,,3
F11,200000,200000,1045,1,2,0.005223997348278164,0.005225,,4
F12,200000,200000,3339,1,2,0.016695027589412548,0.016695,,3
F13,400000,400000,5269,1,2,0.01317213602824685,0.0131725,,2
F14,400000,400000,4051,1,2,0.010127504306183033,0.0101275,,1
F15,400000,400000,4157,1,2,0.01039272892682569,0.0103925,,5
F16,100000,100000,10673,1,2,0.10672932737316759,0.10673,,7
F17,100000,100000,9315,1,2,0.09314816710746102,0.09315,,3
F18,100000,100000,1030,1,2,0.010298787646967539,0.0103,,2
F19,100000,100000,1763,1,2,0.01763067291285264,0.01763,,5
F20,400000,400000,7223,1,2,0.018056948881117807,0.0180575,,7
F21,400000,400000,7194,1,2,0.017984983204345384,0.017985,,2
F22,400000,400000,2662,1,2,0.0066542273678764086,0.006655,,6
F23,50000,50000,1447,1,2,0.02893980930027655,0.02894,,2
F24,200000,200000,714,1,2,0.0035708466100377867,0.00357,,6
F25,200000,200000,3142,1,2,0.01570879126635588,0.01571,,6
F26,400000,400000,2529,1,2,0.006322397211123862,0.0063225,,7
F27,400000,400000,4263,1,2,0.010656293382421453,0.0106575,,7
F28,400000,400000,1306,1,2,0.003265420588739812,0.003265,,7
F29,200000,200000,6739,1,2,0.033694412350903605,0.033695,,7
F30,200000,200000,2570,1,2,0.012849040701036232,0.01285,,1
F31,400000,400000,4790,1,2,0.011975116063361473,0.011975,,6
F32,200000,200000,3402,1,2,0.017009439187149013,0.01701,,1
