Flow,Period,Deadline,Execution Time,w,h,Target_Utilization,Actual_Utilization,Utilization_Error,Queue
F1,100000,100000,1139,1,2,0.01139115371445254,0.01139,,5
F2,200000,200000,11695,1,2,0.05847402963607495,0.058475,,1
F3,400000,400000,600,1,2,0.0009279747969634933,0.0015,,4
F4,400000,400000,747,1,2,0.0018669441885593718,0.0018675,,3
F5,400000,400000,2170,1,2,0.0054239434734817404,0.005425,,5
F6,200000,200000,6805,1,2,0.034023486700283656,0.034025,,6
F7,200000,200000,2457,1,2,0.012284792346967,0.012285,,4
F8,400000,400000,10089,1,2,0.025222353123611596,0.0252225,,3
F9,200000,200000,3775,1,2,0.018874144632840872,0.018875,,4
F10,400000,400000,6847,1,2,0.01711646903403874,0.0171175,,6
F11,400000,400000,8815,1,2,0.022036758648929955,0.0220375,,1
F12,400000,400000,7526,1,2,0.01881426244587381,0.018815,,5
F13,400000,400000,4395,1,2,0.010988612275347143,0.0109875,,6
F14,200000,200000,2293,1,2,0.011464746863980635,0.011465,,1
F15,400000,400000,600,1,2,0.0007704980152331564,0.0015,,4
F16,400000,400000,754,1,2,0.0018843184626934906,0.001885,,6
F17,100000,100000,7753,1,2,0.07753119428492322,0.07753,,4
F18,400000,400000,1973,1,2,0.004932131739177725,0.0049325,,7
F19,400000,400000,8257,1,2,0.0206434603712925,0.0206425,,6
F20,200000,200000,1961,1,2,0.009805652365700135,0.009805,,4
F21,100000,100000,1761,1,2,0.01760988073415426,0.01761,,1
F22,400000,400000,4682,1,2,0.011705231459928217,0.011705,,7
F23,400000,400000,11769,1,2,0.02942160292196716,0.0294225,,4
F24,400000,400000,6241,1,2,0.015602779546804224,0.0156025,,3
F25,200000,200000,1246,1,2,0.006229858055757653,0.00623,,1
F26,400000,400000,2965,1,2,0.0074119777185388536,0.0074125,,3
F27,200000,200000,3962,1,2,0.019808858856779687,0.01981,,3
F28,400000,400000,9607,1,2,0.024018325086356956,0.0240175,,4
F29,100000,100000,10273,1,2,0.10272618594071961,0.10273,,6
F30,400000,400000,3141,1,2,0.007853100814084357,0.0078525,,7
F31,100000,100000,666,1,2,0.00666020627250449,0.00666,,2
F32,400000,400000,11139,1,2,0.02784628939287932,0.0278475,,6
