Flow,Period,Deadline,Execution Time,w,h,Target_Utilization,Actual_Utilization,Utilization_Error,Queue
F1,200000,200000,8273,1,2,0.04136273753674047,0.041365,,6
F2,400000,400000,600,1,2,0.0004185823668182431,0.0015,,2
F3,100000,100000,7383,1,2,0.07383379887658725,0.07383,,6
F4,400000,400000,8137,1,2,0.02034137242766121,0.0203425,,6
F5,400000,400000,4448,1,2,0.011120770917067313,0.01112,,5
F6,400000,400000,6211,1,2,0.015526608700401012,0.0155275,,7
F7,200000,200000,2129,1,2,0.010644469955776725,0.010645,,2
F8,400000,400000,638,1,2,0.0015945851805390099,0.001595,,1
F9,400000,400000,3780,1,2,0.009451059802592254,0.00945,,1
F10,400000,400000,8283,1,2,0.02070633812345596,0.0207075,,5
F11,400000,400000,1756,1,2,0.004389590089490691,0.00439,,6
F12,400000,400000,5224,1,2,0.013059275478705501,0.01306,,6
F13,400000,400000,10741,1,2,0.02685232924143377,0.0268525,,3
F14,400000,400000,7923,1,2,0.01980669713428229,0.0198075,,3
F15,400000,400000,8196,1,2,0.020490560342858177,0.02049,,1
F16,400000,400000,884,1,2,0.0022111125230377393,0.00221,,5
F17,200000,200000,3431,1,2,0.01715417582111972,0.017155,,2
F18,400000,400000,600,1,2,1.6756377547166856e-05,0.0015,,3
F19,200000,200000,5575,1,2,0.027874170151324373,0.027875,,7
F20,400000,400000,990,1,2,0.0024756586259537805,0.002475,,4
F21,200000,200000,3435,1,2,0.017175734326877523,0.017175,,5
F22,400000,400000,10240,1,2,0.025600898256822602,0.0256,,6
F23,100000,100000,1889,1,2,0.01889001974719337,0.01889,,7
F24,200000,200000,2965,1,2,0.014824623750418098,0.014825,,3
F25,200000,200000,7805,1,2,0.03902569051017851,0.039025,,6
F26,400000,400000,10115,1,2,0.02528811624502178,0.0252875,,2
F27,100000,100000,4593,1,2,0.045928236990780816,0.04593,,6
F28,200000,200000,6048,1,2,0.030238181002551254,0.03024,,2
F29,200000,200000,5817,1,2,0.02908392998296011,0.029085,,5
F30,400000,400000,6310,1,2,0.01577451244840978,0.015775,,1
F31,200000,200000,7335,1,2,0.0366759099462973,0.036675,,6
F32,400000,400000,4717,1,2,0.01179209199791461,0.0117925,,4
