Flow,Period,Deadline,Execution Time,w,h,Target_Utilization,Actual_Utilization,Utilization_Error,Queue
F1,400000,400000,7799,1,2,0.019497637546644353,0.0194975,,6
F2,400000,400000,3955,1,2,0.009888405488693963,0.0098875,,5
F3,200000,200000,6581,1,2,0.03290395927784984,0.032905,,3
F4,200000,200000,10091,1,2,0.05045444627107276,0.050455,,6
F5,400000,400000,3399,1,2,0.008498114855264416,0.0084975,,6
F6,200000,200000,8809,1,2,0.04404688422837588,0.044045,,2
F7,400000,400000,3333,1,2,0.008331519429690681,0.0083325,,1
F8,200000,200000,10681,1,2,0.05340541389185599,0.053405,,5
F9,200000,200000,824,1,2,0.00412010855655931,0.00412,,3
F10,200000,200000,9126,1,2,0.045628802934637336,0.04563,,1
F11,400000,400000,9145,1,2,0.022862581860724707,0.0228625,,1
F12,400000,400000,11143,1,2,0.02785635333042158,0.0278575,,5
F13,400000,400000,7043,1,2,0.017607326106679033,0.0176075,,3
F14,400000,400000,3523,1,2,0.00880743789951155,0.0088075,,3
F15,100000,100000,1558,1,2,0.01557998743146552,0.01558,,5
F16,200000,200000,3537,1,2,0.017684785942356673,0.017685,,6
F17,200000,200000,2686,1,2,0.013428814075165357,0.01343,,3
F18,400000,400000,6145,1,2,0.015363026709794197,0.0153625,,7
F19,400000,400000,4161,1,2,0.010403433395015649,0.0104025,,2
F20,400000,400000,6959,1,2,0.017398317404795305,0.0173975,,2
F21,400000,400000,605,1,2,0.0015129404971592209,0.0015125,,6
F22,400000,400000,2350,1,2,0.0058751832351310596,0.005875,,5
F23,200000,200000,2251,1,2,0.01125388935911159,0.011255,,2
F24,400000,400000,6065,1,2,0.015162345125776105,0.0151625,,1
F25,100000,100000,676,1,2,0.006759753831200699,0.00676,,2
F26,200000,200000,2229,1,2,0.011144196352164598,0.011145,,5
F27,400000,400000,7313,1,2,0.018282922000414453,0.0182825,,1
F28,400000,400000,6083,1,2,0.015207042292493839,0.0152075,,6
F29,50000,50000,956,1,2,0.019120046157213508,0.01912,,2
F30,100000,100000,960,1,2,0.009599486360691988,0.0096,,7
F31,400000,400000,600,1,2,0.00025186301933480953,0.0015,,7
F32,100000,100000,6029,1,2,0.06028816392763754,0.06029,,1
