Flow,Period,Deadline,Execution Time,w,h,Target_Utilization,Actual_Utilization,Utilization_Error,Queue
F1,200000,200000,3759,1,2,0.018794638951130205,0.018795,,7
F2,400000,400000,2794,1,2,0.006985403073914265,0.006985,,5
F3,50000,50000,3057,1,2,0.06113890969559699,0.06114,,7
F4,200000,200000,5022,1,2,0.02510936953939047,0.02511,,1
F5,400000,400000,600,1,2,2.4341923431370205e-05,0.0015,,2
F6,400000,400000,600,1,2,0.0014828164136988509,0.0015,,3
F7,400000,400000,7479,1,2,0.018697385284661694,0.0186975,,2
F8,400000,400000,5997,1,2,0.014991338076088878,0.0149925,,1
F9,50000,50000,8466,1,2,0.1693150386780623,0.16932,,7
F10,200000,200000,4405,1,2,0.02202423823417221,0.022025,,4
F11,200000,200000,3203,1,2,0.01601415117385041,0.016015,,5
F12,400000,400000,1825,1,2,0.004563712466346237,0.0045625,,1
F13,200000,200000,11163,1,2,0.055812659431861755,0.055815,,2
F14,200000,200000,7393,1,2,0.03696517974978564,0.036965,,5
F15,200000,200000,9933,1,2,0.04966622113566199,0.049665,,4
F16,100000,100000,8677,1,2,0.08676923785272439,0.08677,,6
F17,400000,400000,10054,1,2,0.02513404521716167,0.025135,,2
F18,400000,400000,1078,1,2,0.002694712896565865,0.002695,,4
F19,50000,50000,8562,1,2,0.17124872787519618,0.17124,,2
F20,200000,200000,11823,1,2,0.05911430376270099,0.059115,,5
F21,100000,100000,2924,1,2,0.02923892708912451,0.02924,,6
F22,400000,400000,2000,1,2,0.005000342650510692,0.005,,2
F23,100000,100000,11379,1,2,0.11378634021827311,0.11379,,4
F24,400000,400000,8639,1,2,0.0215971936002482,0.0215975,,6
F25,400000,400000,9813,1,2,0.024532887170918144,0.0245325,,3
F26,200000,200000,2442,1,2,0.012210094848528391,0.01221,,6
F27,200000,200000,1998,1,2,0.009989614285581289,0.00999,,7
F28,400000,400000,3067,1,2,0.007668544320391463,0.0076675,,1
F29,100000,100000,9025,1,2,0.09024918032253992,0.09025,,2
F30,400000,400000,5165,1,2,0.012911335921207974,0.0129125,,3
F31,200000,200000,2656,1,2,0.013281234142146839,0.01328,,4
F32,200000,200000,7447,1,2,0.03723679360047103,0.037235,,7
