Flow,Period,Deadline,Execution Time,w,h,Target_Utilization,Actual_Utilization,Utilization_Error,Queue
F1,200000,200000,6723,1,2,0.033617045872714746,0.033615,,4
F2,200000,200000,9241,1,2,0.04620670896511658,0.046205,,7
F3,100000,100000,6621,1,2,0.06621452692681928,0.06621,,5
F4,200000,200000,5833,1,2,0.02916475538024943,0.029165,,5
F5,50000,50000,1300,1,2,0.025998776304480886,0.026,,2
F6,200000,200000,3545,1,2,0.0177257470943617,0.017725,,1
F7,400000,400000,6459,1,2,0.016146481610966212,0.0161475,,4
F8,50000,50000,6999,1,2,0.13998174480931524,0.13998,,2
F9,400000,400000,2669,1,2,0.006673663874069202,0.0066725,,3
F10,400000,400000,5465,1,2,0.013662005831250656,0.0136625,,5
F11,400000,400000,1440,1,2,0.0036007897479175544,0.0036,,2
F12,200000,200000,2010,1,2,0.01005000761474062,0.01005,,4
F13,50000,50000,6346,1,2,0.12691953975425108,0.12692,,2
F14,400000,400000,600,1,2,0.0007535677660209794,0.0015,,3
F15,100000,100000,726,1,2,0.0072594137933742475,0.00726,,6
F16,200000,200000,7399,1,2,0.036992875766141076,0.036995,,6
F17,400000,400000,1102,1,2,0.002755177341562387,0.002755,,5
F18,50000,50000,4021,1,2,0.08041944758587094,0.08042,,1
F19,100000,100000,3155,1,2,0.031548973493065735,0.03155,,1
F20,200000,200000,3958,1,2,0.019790060492119954,0.01979,,3
F21,50000,50000,3556,1,2,0.07111863850737538,0.07112,,4
F22,100000,100000,4329,1,2,0.04329134101878551,0.04329,,2
F23,100000,100000,9267,1,2,0.09266628995002041,0.09267,,7
F24,200000,200000,4518,1,2,0.022590206288414516,0.02259,,6
F25,50000,50000,4291,1,2,0.08582145082155246,0.08582,,2
F26,400000,400000,10755,1,2,0.026888082608756636,0.0268875,,7
F27,400000,400000,6341,1,2,0.01585145562291332,0.0158525,,7
F28,400000,400000,600,1,2,0.0005277681511101084,0.0015,,6
F29,400000,400000,1676,1,2,0.004189243093505518,0.00419,,2
F30,400000,400000,3650,1,2,0.009126192031910563,0.009125,,1
F31,50000,50000,6029,1,2,0.1205898440750612,0.12058,,4
F32,100000,100000,6417,1,2,0.06417379985279374,0.06417,,3
