Flow,Period,Deadline,Execution Time,w,h,Target_Utilization,Actual_Utilization,Utilization_Error,Queue
F1,400000,400000,952,1,2,0.002379353268457507,0.00238,,4
F2,400000,400000,8273,1,2,0.02068273771440099,0.0206825,,3
F3,200000,200000,10760,1,2,0.05379887032043795,0.0538,,3
F4,200000,200000,7329,1,2,0.03664363262172854,0.036645,,3
F5,200000,200000,6817,1,2,0.03408443733753619,0.034085,,4
F6,200000,200000,6419,1,2,0.03209332945726229,0.032095,,6
F7,400000,400000,11275,1,2,0.028188428204153015,0.0281875,,7
F8,50000,50000,4822,1,2,0.09643625688863244,0.09644,,2
F9,100000,100000,6141,1,2,0.06141250838187995,0.06141,,2
F10,400000,400000,2161,1,2,0.005402729854460886,0.0054025,,7
F11,100000,100000,6349,1,2,0.06349131469354663,0.06349,,1
F12,400000,400000,6828,1,2,0.01706899627653924,0.01707,,5
F13,200000,200000,2061,1,2,0.010304496199182056,0.010305,,4
F14,100000,100000,9854,1,2,0.09854049290259692,0.09854,,2
F15,400000,400000,9202,1,2,0.02300490240259201,0.023005,,1
F16,100000,100000,7225,1,2,0.07225320372689992,0.07225,,7
F17,400000,400000,1184,1,2,0.0029600804674460024,0.00296,,5
F18,50000,50000,7655,1,2,0.1530932720900245,0.1531,,2
F19,50000,50000,7656,1,2,0.15312849758560063,0.15312,,2
F20,400000,400000,2923,1,2,0.0073064290787653585,0.0073075,,4
F21,200000,200000,10375,1,2,0.051876456720356456,0.051875,,7
F22,400000,400000,3573,1,2,0.008933447877165879,0.0089325,,6
F23,400000,400000,3849,1,2,0.009622264370580919,0.0096225,,7
F24,400000,400000,1811,1,2,0.004526900815739171,0.0045275,,6
F25,400000,400000,654,1,2,0.0016339810569804547,0.001635,,5
F26,100000,100000,2131,1,2,0.021309983452601433,0.02131,,2
F27,200000,200000,10267,1,2,0.05133513772268265,0.051335,,1
F28,400000,400000,4010,1,2,0.010024673762264055,0.010025,,1
F29,200000,200000,9017,1,2,0.04508713296304766,0.045085,,2
F30,200000,200000,1194,1,2,0.00596987930012283,0.00597,,1
F31,200000,200000,1449,1,2,0.007243788443863973,0.007245,,2
F32,400000,400000,4065,1,2,0.010162384042451468,0.0101625,,2
