Flow,Period,Deadline,Execution Time,w,h,Target_Utilization,Actual_Utilization,Utilization_Error,Queue
F1,400000,400000,2509,1,2,0.006271804765927813,0.0062725,,2
F2,400000,400000,6399,1,2,0.01599645008836781,0.0159975,,1
F3,50000,50000,3847,1,2,0.07694450526365815,0.07694,,1
F4,200000,200000,6638,1,2,0.033187615807663384,0.03319,,6
F5,100000,100000,3043,1,2,0.030429726990156336,0.03043,,5
F6,200000,200000,11603,1,2,0.058015936591137685,0.058015,,4
F7,400000,400000,5907,1,2,0.014766533204700005,0.0147675,,4
F8,200000,200000,1699,1,2,0.008496143089938735,0.008495,,1
F9,100000,100000,790,1,2,0.007900293671563419,0.0079,,6
F10,400000,400000,3551,1,2,0.008876538897543917,0.0088775,,5
F11,50000,50000,5854,1,2,0.11707983079612527,0.11708,,7
F12,100000,100000,6504,1,2,0.06503818208742684,0.06504,,1
F13,200000,200000,10029,1,2,0.050146912849886593,0.050145,,7
F14,100000,100000,4072,1,2,0.040718346494383106,0.04072,,4
F15,100000,100000,5128,1,2,0.05127832673229271,0.05128,,4
F16,400000,400000,5116,1,2,0.012790639878750842,0.01279,,7
F17,200000,200000,10949,1,2,0.05474293221861848,0.054745,,7
F18,100000,100000,9377,1,2,0.09376996641897206,0.09377,,4
F19,50000,50000,1670,1,2,0.03339868547982977,0.0334,,1
F20,100000,100000,6476,1,2,0.06476129947292902,0.06476,,7
F21,200000,200000,3749,1,2,0.01874486634582745,0.018745,,2
F22,100000,100000,5561,1,2,0.05561155469976048,0.05561,,1
F23,400000,400000,9049,1,2,0.022622077157864684,0.0226225,,3
F24,400000,400000,3184,1,2,0.00796105301452904,0.00796,,4
F25,400000,400000,2247,1,2,0.005617326412966972,0.0056175,,5
F26,200000,200000,10232,1,2,0.051158414105440475,0.05116,,1
F27,200000,200000,6655,1,2,0.033273548734779806,0.033275,,7
F28,200000,200000,9682,1,2,0.04840953994371075,0.04841,,6
F29,200000,200000,10882,1,2,0.054411047274821406,0.05441,,6
F30,50000,50000,3690,1,2,0.0737962035107846,0.0738,,4
F31,200000,200000,1773,1,2,0.00886445102276444,0.008865,,7
F32,200000,200000,2191,1,2,0.010956182651401499,0.010955,,6
