Flow,Period,Deadline,Execution Time,w,h,Target_Utilization,Actual_Utilization,Utilization_Error,Queue
F1,400000,400000,7056,1,2,0.017639323873500423,0.01764,,2
F2,200000,200000,10589,1,2,0.052943302296382555,0.052945,,1
F3,400000,400000,6018,1,2,0.01504501593991936,0.015045,,1
F4,100000,100000,7526,1,2,0.07525920854021861,0.07526,,5
F5,200000,200000,8702,1,2,0.043509634516068374,0.04351,,1
F6,400000,400000,1497,1,2,0.0037418197106151574,0.0037425,,4
F7,100000,100000,6709,1,2,0.06708609089354356,0.06709,,5
F8,400000,400000,600,1,2,0.001275676952126048,0.0015,,1
F9,400000,400000,3731,1,2,0.009328408120801268,0.0093275,,5
F10,200000,200000,2551,1,2,0.012755266274059096,0.012755,,3
F11,100000,100000,6996,1,2,0.06996211228503757,0.06996,,4
F12,100000,100000,6398,1,2,0.06398405228026449,0.06398,,2
F13,50000,50000,5025,1,2,0.10049851275576094,0.1005,,2
F14,200000,200000,6408,1,2,0.03203775158142819,0.03204,,5
F15,400000,400000,9299,1,2,0.02324819913556586,0.0232475,,7
F16,400000,400000,905,1,2,0.0022620541418509887,0.0022625,,6
F17,100000,100000,3671,1,2,0.03670865455847627,0.03671,,2
F18,200000,200000,4981,1,2,0.024903973974544136,0.024905,,6
F19,400000,400000,2187,1,2,0.0054664685497632926,0.0054675,,2
F20,100000,100000,7669,1,2,0.07668812626202126,0.07669,,2
F21,100000,100000,4645,1,2,0.046451775299772236,0.04645,,4
F22,50000,50000,3534,1,2,0.0706814185745695,0.07068,,1
F23,50000,50000,9060,1,2,0.18120164307817757,0.1812,,1
F24,200000,200000,4313,1,2,0.02156456564015971,0.021565,,4
F25,400000,400000,600,1,2,0.0013309392107631046,0.0015,,1
F26,50000,50000,4771,1,2,0.09542266016998113,0.09542,,4
F27,50000,50000,688,1,2,0.013759613108025079,0.01376,,6
F28,400000,400000,7523,1,2,0.018806709968863175,0.0188075,,5
F29,400000,400000,8759,1,2,0.02189872879023074,0.0218975,,3
F30,400000,400000,11785,1,2,0.02946326817849894,0.0294625,,4
F31,400000,400000,600,1,2,0.000686451370018366,0.0015,,4
F32,400000,400000,3207,1,2,0.008016924596976484,0.0080175,,7
