Flow,Period,Deadline,Execution Time,w,h,Target_Utilization,Actual_Utilization,Utilization_Error,Queue
F1,200000,200000,7207,1,2,0.03603435637310071,0.036035,,5
F2,100000,100000,10264,1,2,0.10264248682217314,0.10264,,1
F3,400000,400000,2474,1,2,0.006185604847792181,0.006185,,5
F4,100000,100000,6094,1,2,0.0609376791716858,0.06094,,6
F5,400000,400000,929,1,2,0.0023230815413055605,0.0023225,,5
F6,100000,100000,10325,1,2,0.10325069202572879,0.10325,,6
F7,400000,400000,5423,1,2,0.01355779529079959,0.0135575,,6
F8,100000,100000,11973,1,2,0.11973071361171095,0.11973,,6
F9,400000,400000,8719,1,2,0.021796719864410008,0.0217975,,1
F10,100000,100000,8684,1,2,0.08684429245981717,0.08684,,5
F11,400000,400000,988,1,2,0.0024690005164061946,0.00247,,2
F12,200000,200000,10061,1,2,0.05030389438149119,0.050305,,5
F13,100000,100000,4373,1,2,0.04373171974719847,0.04373,,6
F14,100000,100000,3131,1,2,0.031311461989872114,0.03131,,4
F15,50000,50000,2107,1,2,0.04213777673280861,0.04214,,7
F16,400000,400000,3487,1,2,0.008717325771881224,0.0087175,,4
F17,400000,400000,1309,1,2,0.0032715239179553768,0.0032725,,4
F18,100000,100000,7289,1,2,0.0728919748293686,0.07289,,7
F19,400000,400000,5211,1,2,0.013027206689157689,0.0130275,,7
F20,50000,50000,8539,1,2,0.17077337810244403,0.17078,,1
F21,400000,400000,10172,1,2,0.025429147847522093,0.02543,,3
F22,200000,200000,11653,1,2,0.05826488144649722,0.058265,,7
F23,400000,400000,1870,1,2,0.004675339394144384,0.004675,,1
F24,400000,400000,4026,1,2,0.010063931822695882,0.010065,,2
F25,400000,400000,2148,1,2,0.005369149998179057,0.00537,,7
F26,100000,100000,2633,1,2,0.026329649375158998,0.02633,,2
F27,400000,400000,883,1,2,0.0022081393374923375,0.0022075,,6
F28,200000,200000,10738,1,2,0.053688322567158386,0.05369,,1
F29,400000,400000,2783,1,2,0.006957221665050459,0.0069575,,6
F30,100000,100000,4511,1,2,0.04511232731669539,0.04511,,2
F31,400000,400000,6047,1,2,0.01511760336296477,0.0151175,,5
F32,100000,100000,3248,1,2,0.032481074473302396,0.03248,,1
