Flow,Period,Deadline,Execution Time,w,h,Target_Utilization,Actual_Utilization,Utilization_Error,Queue
F1,100000,100000,7313,1,2,0.07313064521501644,0.07313,,5
F2,200000,200000,10157,1,2,0.05078308335424375,0.050785,,3
F3,100000,100000,6266,1,2,0.06265785973066085,0.06266,,5
F4,100000,100000,8189,1,2,0.08189430588264535,0.08189,,2
F5,400000,400000,6962,1,2,0.01740425020171321,0.017405,,2
F6,400000,400000,3183,1,2,0.007956708395086776,0.0079575,,7
F7,100000,100000,2133,1,2,0.021329970882432048,0.02133,,5
F8,400000,400000,1371,1,2,0.0034282965098518803,0.0034275,,5
F9,400000,400000,2175,1,2,0.005437240106092811,0.0054375,,7
F10,100000,100000,10477,1,2,0.1047741999297711,0.10477,,6
F11,400000,400000,1718,1,2,0.0042942342497086505,0.004295,,6
F12,100000,100000,6921,1,2,0.06921264063106503,0.06921,,6
F13,400000,400000,3139,1,2,0.007848400237495556,0.0078475,,1
F14,400000,400000,600,1,2,0.0014268849406058326,0.0015,,2
F15,100000,100000,6777,1,2,0.06777313051399403,0.06777,,3
F16,400000,400000,5233,1,2,0.013081674592453907,0.0130825,,4
F17,200000,200000,1668,1,2,0.008339863580895668,0.00834,,1
F18,200000,200000,1092,1,2,0.005461082537588591,0.00546,,3
F19,400000,400000,5529,1,2,0.01382125122969069,0.0138225,,6
F20,50000,50000,7206,1,2,0.14411156780479312,0.14412,,6
F21,100000,100000,9627,1,2,0.0962656336479148,0.09627,,3
F22,100000,100000,10595,1,2,0.10595025449299439,0.10595,,3
F23,50000,50000,1839,1,2,0.03677976485858045,0.03678,,1
F24,50000,50000,2655,1,2,0.053100082237852064,0.0531,,2
F25,400000,400000,10570,1,2,0.02642566683499406,0.026425,,2
F26,50000,50000,3319,1,2,0.06638077010273329,0.06638,,6
F27,100000,100000,1073,1,2,0.010730671502098346,0.01073,,3
F28,100000,100000,1587,1,2,0.01586910285885311,0.01587,,5
F29,400000,400000,7349,1,2,0.01837263566029443,0.0183725,,6
F30,400000,400000,600,1,2,0.00029603389908722244,0.0015,,3
F31,400000,400000,11417,1,2,0.028541852859795342,0.0285425,,4
F32,400000,400000,1785,1,2,0.004461497544723937,0.0044625,,4
