Flow,Period,Deadline,Execution Time,w,h,Target_Utilization,Actual_Utilization,Utilization_Error,Queue
F1,400000,400000,1767,1,2,0.004417340886798682,0.0044175,,7
F2,400000,400000,1989,1,2,0.004971903380072584,0.0049725,,7
F3,200000,200000,884,1,2,0.004420503723842062,0.00442,,4
F4,50000,50000,7120,1,2,0.14240053376715167,0.1424,,6
F5,200000,200000,10849,1,2,0.05424664207403529,0.054245,,2
F6,400000,400000,600,1,2,0.0014650962538620416,0.0015,,5
F7,200000,200000,5671,1,2,0.0283542041513547,0.028355,,5
F8,100000,100000,11925,1,2,0.11924568948036496,0.11925,,3
F9,50000,50000,4081,1,2,0.08161882704805057,0.08162,,3
F10,200000,200000,8981,1,2,0.04490476106829466,0.044905,,1
F11,400000,400000,1543,1,2,0.003856837000262736,0.0038575,,4
F12,400000,400000,8423,1,2,0.021058749556219558,0.0210575,,6
F13,400000,400000,600,1,2,2.108657326915786e-05,0.0015,,2
F14,400000,400000,5615,1,2,0.014036781135104315,0.0140375,,5
F15,400000,400000,6401,1,2,0.01600307045304239,0.0160025,,2
F16,100000,100000,8635,1,2,0.08634633485012388,0.08635,,6
F17,100000,100000,1868,1,2,0.01868103779377306,0.01868,,6
F18,100000,100000,6469,1,2,0.06469485342792225,0.06469,,5
F19,400000,400000,2949,1,2,0.0073730198883037446,0.0073725,,4
F20,100000,100000,2019,1,2,0.020190992040200917,0.02019,,7
F21,200000,200000,787,1,2,0.003935076429099071,0.003935,,1
F22,100000,100000,7964,1,2,0.07964131164153787,0.07964,,1
F23,200000,200000,9797,1,2,0.048983874620712964,0.048985,,3
F24,400000,400000,7715,1,2,0.019287124201128603,0.0192875,,3
F25,100000,100000,7409,1,2,0.07408524003358857,0.07409,,6
F26,400000,400000,600,1,2,0.0004713189186729694,0.0015,,7
F27,50000,50000,4013,1,2,0.08026479040437526,0.08026,,2
F28,400000,400000,8848,1,2,0.022120374142036436,0.02212,,2
F29,50000,50000,2146,1,2,0.04291992692838148,0.04292,,1
F30,400000,400000,9770,1,2,0.024425379515196355,0.024425,,3
F31,200000,200000,8681,1,2,0.043402597194280454,0.043405,,4
F32,50000,50000,4986,1,2,0.09972469376321356,0.09972,,5
