Flow,Period,Deadline,Execution Time,w,h,Target_Utilization,Actual_Utilization,Utilization_Error,Queue
F1,200000,200000,7807,1,2,0.03903411042377303,0.039035,,1
F2,50000,50000,1606,1,2,0.032121481174317346,0.03212,,1
F3,200000,200000,7648,1,2,0.03824236664163405,0.03824,,4
F4,400000,400000,7914,1,2,0.019785122423959134,0.019785,,3
F5,200000,200000,7125,1,2,0.03562747087970508,0.035625,,3
F6,100000,100000,8555,1,2,0.08555496951774577,0.08555,,6
F7,200000,200000,11721,1,2,0.05860412186782449,0.058605,,2
F8,100000,100000,3382,1,2,0.03382207344957511,0.03382,,6
F9,100000,100000,3581,1,2,0.0358078111458342,0.03581,,5
F10,400000,400000,600,1,2,0.0010237221999562784,0.0015,,7
F11,100000,100000,5516,1,2,0.05516106168570212,0.05516,,3
F12,100000,100000,6284,1,2,0.06284132552158161,0.06284,,4
F13,400000,400000,8718,1,2,0.021793907431886472,0.021795,,6
F14,100000,100000,10649,1,2,0.106492422703091,0.10649,,4
F15,400000,400000,3981,1,2,0.009953323431938443,0.0099525,,5
F16,50000,50000,1824,1,2,0.0364795738588487,0.03648,,2
F17,400000,400000,6579,1,2,0.0164480422475205,0.0164475,,4
F18,50000,50000,5228,1,2,0.10455610475219257,0.10456,,6
F19,200000,200000,3322,1,2,0.016610636972018866,0.01661,,1
F20,200000,200000,8435,1,2,0.04217599323020238,0.042175,,6
F21,400000,400000,9687,1,2,0.0242163600973353,0.0242175,,5
F22,200000,200000,1812,1,2,0.009061216222686685,0.00906,,2
F23,100000,100000,9085,1,2,0.09084521539227408,0.09085,,4
F24,400000,400000,2113,1,2,0.005281448011055123,0.0052825,,7
F25,200000,200000,6165,1,2,0.030825712570393182,0.030825,,2
F26,200000,200000,6197,1,2,0.030984517780669518,0.030985,,4
F27,50000,50000,4695,1,2,0.09390050323158726,0.0939,,1
F28,400000,400000,4167,1,2,0.010416743122656696,0.0104175,,1
F29,100000,100000,6753,1,2,0.06752573007881693,0.06753,,1
F30,400000,400000,600,1,2,0.0010238674114107227,0.0015,,5
F31,200000,200000,2158,1,2,0.010790912725775141,0.01079,,6
F32,400000,400000,6417,1,2,0.01604169177551973,0.0160425,,3
