Flow,Period,Deadline,Execution Time,w,h,Target_Utilization,Actual_Utilization,Utilization_Error,Queue
F1,200000,200000,1267,1,2,0.006334586309888035,0.006335,,1
F2,400000,400000,5785,1,2,0.014463284076689842,0.0144625,,2
F3,400000,400000,4349,1,2,0.01087139860891484,0.0108725,,4
F4,100000,100000,7270,1,2,0.07270338748591154,0.0727,,1
F5,200000,200000,4244,1,2,0.021220638311540974,0.02122,,2
F6,100000,100000,6455,1,2,0.06455386683322883,0.06455,,1
F7,200000,200000,7669,1,2,0.038346893104416746,0.038345,,5
F8,400000,400000,11779,1,2,0.02944676505178989,0.0294475,,1
F9,400000,400000,6557,1,2,0.016393676181212125,0.0163925,,3
F10,400000,400000,6652,1,2,0.01663093624902856,0.01663,,7
F11,400000,400000,11661,1,2,0.02915323014627058,0.0291525,,6
F12,400000,400000,3643,1,2,0.009107661536367884,0.0091075,,7
F13,400000,400000,8811,1,2,0.022028076353417303,0.0220275,,3
F14,100000,100000,7177,1,2,0.07176815594122321,0.07177,,3
F15,100000,100000,11916,1,2,0.11915521207524149,0.11916,,1
F16,400000,400000,8577,1,2,0.021442004052681818,0.0214425,,7
F17,400000,400000,7709,1,2,0.019272824769565267,0.0192725,,5
F18,50000,50000,7334,1,2,0.14667800279198223,0.14668,,3
F19,400000,400000,2403,1,2,0.006007587743977194,0.0060075,,5
F20,400000,400000,2685,1,2,0.006711523961010213,0.0067125,,3
F21,200000,200000,8087,1,2,0.04043511296724511,0.040435,,1
F22,400000,400000,6417,1,2,0.016041913147912257,0.0160425,,1
F23,200000,200000,5940,1,2,0.02970088403257226,0.0297,,2
F24,200000,200000,9174,1,2,0.04586865100962234,0.04587,,6
F25,400000,400000,6269,1,2,0.015671646835454467,0.0156725,,6
F26,200000,200000,9799,1,2,0.04899574129110473,0.048995,,2
F27,400000,400000,2009,1,2,0.00502276750895142,0.0050225,,2
F28,400000,400000,4890,1,2,0.012223946411777792,0.012225,,5
F29,100000,100000,9553,1,2,0.09552964942623737,0.09553,,3
F30,200000,200000,10681,1,2,0.05340459295820009,0.053405,,3
F31,100000,100000,4420,1,2,0.044201330173410415,0.0442,,3
F32,200000,200000,10123,1,2,0.050614052653153115,0.050615,,1
