Flow,Period,Deadline,Execution Time,w,h,Target_Utilization,Actual_Utilization,Utilization_Error,Queue
F1,400000,400000,5795,1,2,0.014487555915956296,0.0144875,,1
F2,200000,200000,7843,1,2,0.039215997045105144,0.039215,,7
F3,200000,200000,9693,1,2,0.0484635719850961,0.048465,,1
F4,400000,400000,1401,1,2,0.003503703946784009,0.0035025,,7
F5,400000,400000,1447,1,2,0.003616444357682047,0.0036175,,4
F6,100000,100000,8519,1,2,0.08519021070917598,0.08519,,2
F7,400000,400000,11965,1,2,0.029913451658947654,0.0299125,,6
F8,50000,50000,5640,1,2,0.11279898779787212,0.1128,,2
F9,400000,400000,9319,1,2,0.02329833531027603,0.0232975,,2
F10,400000,400000,10405,1,2,0.026013648380630472,0.0260125,,5
F11,400000,400000,11695,1,2,0.029238410886271327,0.0292375,,4
F12,100000,100000,6999,1,2,0.06998745282866503,0.06999,,6
F13,100000,100000,10379,1,2,0.10378780454319503,0.10379,,2
F14,100000,100000,1893,1,2,0.018930487024230058,0.01893,,2
F15,400000,400000,8314,1,2,0.02078419995741665,0.020785,,3
F16,100000,100000,1145,1,2,0.011449651848935205,0.01145,,4
F17,400000,400000,2999,1,2,0.0074969466741827695,0.0074975,,7
F18,400000,400000,2250,1,2,0.005624727868385304,0.005625,,6
F19,100000,100000,7401,1,2,0.07401081971592816,0.07401,,1
F20,400000,400000,7903,1,2,0.019756878716343795,0.0197575,,1
F21,100000,100000,4261,1,2,0.04261098684805398,0.04261,,5
F22,400000,400000,6891,1,2,0.017228268492243015,0.0172275,,3
F23,100000,100000,7693,1,2,0.07692795435661937,0.07693,,6
F24,200000,200000,2295,1,2,0.011473989234887072,0.011475,,5
F25,200000,200000,10309,1,2,0.05154396248535709,0.051545,,7
F26,400000,400000,1694,1,2,0.00423512856874797,0.004235,,5
F27,100000,100000,9623,1,2,0.09623467178669914,0.09623,,1
F28,200000,200000,1929,1,2,0.009645437983857447,0.009645,,6
F29,400000,400000,635,1,2,0.0015867271706455355,0.0015875,,1
F30,100000,100000,6538,1,2,0.06537611097455914,0.06538,,2
F31,100000,100000,9227,1,2,0.0922690503796459,0.09227,,7
F32,50000,50000,2335,1,2,0.04669838582655243,0.0467,,3
