Flow,Period,Deadline,Execution Time,w,h,Target_Utilization,Actual_Utilization,Utilization_Error,Queue
F1,50000,50000,1147,1,2,0.022939366058539523,0.02294,,3
F2,100000,100000,3439,1,2,0.03439135408520588,0.03439,,6
F3,50000,50000,1312,1,2,0.026239905848381984,0.02624,,1
F4,100000,100000,9215,1,2,0.09215203221179546,0.09215,,3
F5,400000,400000,3235,1,2,0.008087079263078722,0.0080875,,2
F6,200000,200000,1479,1,2,0.007394410635051418,0.007395,,1
F7,200000,200000,4017,1,2,0.020084666785333605,0.020085,,7
F8,50000,50000,5198,1,2,0.10396304410346346,0.10396,,3
F9,200000,200000,9893,1,2,0.04946498234479191,0.049465,,7
F10,400000,400000,4713,1,2,0.011783223905169837,0.0117825,,6
F11,50000,50000,7940,1,2,0.15879365681709445,0.1588,,3
F12,400000,400000,1130,1,2,0.0028247845608673217,0.002825,,6
F13,200000,200000,4272,1,2,0.021359835260153615,0.02136,,6
F14,100000,100000,11685,1,2,0.11684909710204416,0.11685,,3
F15,50000,50000,6475,1,2,0.12949963614254456,0.1295,,3
F16,400000,400000,4889,1,2,0.012222342180112644,0.0122225,,5
F17,200000,200000,1709,1,2,0.008544386624757039,0.008545,,7
F18,400000,400000,5256,1,2,0.01313998757204976,0.01314,,5
F19,100000,100000,9689,1,2,0.09689168879935905,0.09689,,7
F20,400000,400000,4145,1,2,0.010361377189102294,0.0103625,,2
F21,400000,400000,2281,1,2,0.005702599671324138,0.0057025,,3
F22,400000,400000,600,1,2,0.0007551036386723164,0.0015,,5
F23,400000,400000,11411,1,2,0.028526712502959295,0.0285275,,2
F24,100000,100000,10385,1,2,0.10384637978379643,0.10385,,3
F25,100000,100000,6239,1,2,0.06239176790754483,0.06239,,2
F26,200000,200000,2771,1,2,0.013855858502897875,0.013855,,1
F27,200000,200000,7227,1,2,0.03613671083668862,0.036135,,3
F28,400000,400000,4393,1,2,0.010981621259830446,0.0109825,,3
F29,200000,200000,2587,1,2,0.012936044603889807,0.012935,,1
F30,400000,400000,633,1,2,0.0015835091147297121,0.0015825,,5
F31,200000,200000,3961,1,2,0.01980486856964067,0.019805,,2
F32,400000,400000,3380,1,2,0.0084508904588618,0.00845,,7
