Flow,Period,Deadline,Execution Time,w,h,Target_Utilization,Actual_Utilization,Utilization_Error,Queue
F1,400000,400000,7569,1,2,0.018922901696751815,0.0189225,,2
F2,200000,200000,8532,1,2,0.04265791025327026,0.04266,,4
F3,200000,200000,10327,1,2,0.05163604481282258,0.051635,,3
F4,200000,200000,10808,1,2,0.05403969927378882,0.05404,,2
F5,400000,400000,7686,1,2,0.019215757480178786,0.019215,,6
F6,400000,400000,8239,1,2,0.02059824585359782,0.0205975,,1
F7,200000,200000,1726,1,2,0.00862883769982492,0.00863,,1
F8,50000,50000,7623,1,2,0.15246346999061522,0.15246,,2
F9,400000,400000,1662,1,2,0.004154428102305485,0.004155,,3
F10,200000,200000,2520,1,2,0.012600534845644162,0.0126,,7
F11,100000,100000,2046,1,2,0.020458930237104656,0.02046,,7
F12,400000,400000,6139,1,2,0.015346736456087862,0.0153475,,2
F13,400000,400000,10759,1,2,0.026898569211495138,0.0268975,,5
F14,200000,200000,9592,1,2,0.047961399475758615,0.04796,,1
F15,400000,400000,3531,1,2,0.0088263796934136,0.0088275,,4
F16,100000,100000,1203,1,2,0.012029323062739405,0.01203,,3
F17,200000,200000,6717,1,2,0.03358338437494934,0.033585,,3
F18,400000,400000,11231,1,2,0.028077854272702596,0.0280775,,6
F19,400000,400000,7258,1,2,0.018144511251989126,0.018145,,5
F20,400000,400000,6572,1,2,0.016430101004998865,0.01643,,4
F21,100000,100000,2103,1,2,0.02103098907507528,0.02103,,4
F22,100000,100000,4016,1,2,0.04015786338504046,0.04016,,2
F23,100000,100000,10684,1,2,0.10684014703914818,0.10684,,2
F24,200000,200000,10274,1,2,0.0513694320640774,0.05137,,6
F25,50000,50000,8790,1,2,0.1758020247229846,0.1758,,2
F26,400000,400000,6318,1,2,0.015794996103609488,0.015795,,1
F27,50000,50000,3099,1,2,0.061977997593401835,0.06198,,4
F28,400000,400000,5944,1,2,0.014859252520918312,0.01486,,6
F29,400000,400000,3713,1,2,0.009282613788863692,0.0092825,,5
F30,400000,400000,11787,1,2,0.029468446715709543,0.0294675,,7
F31,400000,400000,7379,1,2,0.018446543635864662,0.0184475,,3
F32,100000,100000,5899,1,2,0.05898785848056941,0.05899,,4
