Flow,Period,Deadline,Execution Time,w,h,Target_Utilization,Actual_Utilization,Utilization_Error,Queue
F1,200000,200000,863,1,2,0.004314630453477131,0.004315,,4
F2,50000,50000,1679,1,2,0.033577661238696876,0.03358,,2
F3,200000,200000,2391,1,2,0.01195597557073902,0.011955,,3
F4,100000,100000,4701,1,2,0.047012123904967895,0.04701,,1
F5,400000,400000,1189,1,2,0.002972648601681893,0.0029725,,3
F6,200000,200000,2535,1,2,0.01267559187017886,0.012675,,1
F7,400000,400000,5520,1,2,0.013798930868001769,0.0138,,6
F8,100000,100000,10723,1,2,0.10723117384455627,0.10723,,5
F9,100000,100000,11227,1,2,0.11227274663070641,0.11227,,1
F10,50000,50000,4596,1,2,0.09192069427138672,0.09192,,2
F11,400000,400000,9845,1,2,0.024611983629402756,0.0246125,,3
F12,50000,50000,1048,1,2,0.02096115699060963,0.02096,,5
F13,400000,400000,600,1,2,0.001128337526173695,0.0015,,1
F14,200000,200000,8673,1,2,0.043365183240185234,0.043365,,7
F15,400000,400000,2968,1,2,0.007419654629209016,0.00742,,6
F16,200000,200000,3641,1,2,0.01820456933613157,0.018205,,4
F17,100000,100000,4458,1,2,0.04457780335618644,0.04458,,3
F18,200000,200000,11876,1,2,0.059377642886182413,0.05938,,2
F19,400000,400000,9570,1,2,0.023924553467402077,0.023925,,2
F20,200000,200000,6176,1,2,0.030880152362207425,0.03088,,1
F21,400000,400000,9839,1,2,0.02459688402832516,0.0245975,,7
F22,400000,400000,6323,1,2,0.015807349858274145,0.0158075,,1
F23,50000,50000,3258,1,2,0.06515569151383427,0.06516,,5
F24,200000,200000,2201,1,2,0.011004953792064232,0.011005,,7
F25,100000,100000,5145,1,2,0.05145011013105033,0.05145,,4
F26,200000,200000,7187,1,2,0.035937039957181116,0.035935,,4
F27,400000,400000,4309,1,2,0.010773611574896591,0.0107725,,2
F28,200000,200000,2247,1,2,0.01123522379539249,0.011235,,5
F29,200000,200000,8031,1,2,0.0401536029541433,0.040155,,5
F30,50000,50000,7636,1,2,0.1527101410158755,0.15272,,2
F31,50000,50000,3395,1,2,0.06789932368415491,0.0679,,1
F32,400000,400000,4507,1,2,0.01126650818548871,0.0112675,,4
