Flow,Period,Deadline,Execution Time,w,h,Target_Utilization,Actual_Utilization,Utilization_Error,Queue
F1,200000,200000,8673,1,2,0.043365161331198054,0.043365,,3
F2,100000,100000,10867,1,2,0.10866769023585476,0.10867,,2
F3,100000,100000,8232,1,2,0.08232012347374162,0.08232,,6
F4,400000,400000,600,1,2,0.00015631512827019023,0.0015,,2
F5,200000,200000,4463,1,2,0.022315658332663024,0.022315,,3
F6,200000,200000,6433,1,2,0.032165099613288506,0.032165,,3
F7,400000,400000,9938,1,2,0.024845085584166093,0.024845,,5
F8,400000,400000,7026,1,2,0.01756412754296277,0.017565,,1
F9,100000,100000,3741,1,2,0.03740844170418289,0.03741,,5
F10,400000,400000,4905,1,2,0.012261998758072323,0.0122625,,3
F11,400000,400000,2613,1,2,0.006533444130243482,0.0065325,,3
F12,200000,200000,6068,1,2,0.030337581544617298,0.03034,,2
F13,50000,50000,9468,1,2,0.18936895393241915,0.18936,,3
F14,200000,200000,3348,1,2,0.016739458958922704,0.01674,,4
F15,400000,400000,3881,1,2,0.00970239468281564,0.0097025,,7
F16,100000,100000,9137,1,2,0.09136925994908751,0.09137,,3
F17,400000,400000,4841,1,2,0.012101935554027055,0.0121025,,6
F18,50000,50000,1962,1,2,0.039240759905132094,0.03924,,6
F19,200000,200000,4349,1,2,0.02174526839131713,0.021745,,6
F20,100000,100000,7533,1,2,0.07533408872737579,0.07533,,3
F21,100000,100000,8785,1,2,0.08785043020237032,0.08785,,6
F22,200000,200000,7743,1,2,0.03871435563647124,0.038715,,4
F23,400000,400000,11079,1,2,0.027698282611014396,0.0276975,,4
F24,200000,200000,6323,1,2,0.03161591055130816,0.031615,,6
F25,200000,200000,4217,1,2,0.02108460373000262,0.021085,,2
F26,100000,100000,1072,1,2,0.010720022178569433,0.01072,,2
F27,100000,100000,8442,1,2,0.08441618657964839,0.08442,,2
F28,400000,400000,2450,1,2,0.006125491282486073,0.006125,,7
F29,200000,200000,719,1,2,0.0035941818674840864,0.003595,,5
F30,400000,400000,4442,1,2,0.011104572887511738,0.011105,,5
F31,200000,200000,10305,1,2,0.05152304939098611,0.051525,,2
F32,400000,400000,2711,1,2,0.006778307104118896,0.0067775,,1
