Flow,Period,Deadline,Execution Time,w,h,Target_Utilization,Actual_Utilization,Utilization_Error,Queue
F1,50000,50000,4020,1,2,0.08040352178231047,0.0804,,3
F2,400000,400000,8906,1,2,0.0222638247699094,0.022265,,1
F3,50000,50000,6387,1,2,0.12774213072141372,0.12774,,3
F4,50000,50000,3914,1,2,0.07827893701208011,0.07828,,5
F5,400000,400000,6378,1,2,0.015944314397129733,0.015945,,6
F6,200000,200000,4570,1,2,0.022850097912262113,0.02285,,5
F7,400000,400000,10610,1,2,0.02652588466802841,0.026525,,2
F8,400000,400000,7541,1,2,0.018853270700065705,0.0188525,,5
F9,200000,200000,5910,1,2,0.02954901178122038,0.02955,,4
F10,400000,400000,1263,1,2,0.0031581668242745,0.0031575,,4
F11,200000,200000,8924,1,2,0.044618348530011565,0.04462,,3
F12,200000,200000,7946,1,2,0.03973038201557366,0.03973,,6
F13,100000,100000,3082,1,2,0.030820202138077346,0.03082,,3
F14,100000,100000,6666,1,2,0.06665773531450536,0.06666,,3
F15,100000,100000,10784,1,2,0.10783750441159101,0.10784,,6
F16,400000,400000,1032,1,2,0.0025792438089232705,0.00258,,3
F17,400000,400000,3991,1,2,0.00997635577757422,0.0099775,,3
F18,200000,200000,7993,1,2,0.039966731482618256,0.039965,,2
F19,200000,200000,10041,1,2,0.050202714249878655,0.050205,,1
F20,400000,400000,2361,1,2,0.0059017165598946875,0.0059025,,4
F21,400000,400000,714,1,2,0.0017853167124783909,0.001785,,4
F22,200000,200000,6235,1,2,0.03117348857175739,0.031175,,4
F23,100000,100000,5811,1,2,0.05810779944990774,0.05811,,6
F24,400000,400000,2903,1,2,0.007257884536948533,0.0072575,,2
F25,50000,50000,6012,1,2,0.1202412401978602,0.12024,,1
F26,200000,200000,8510,1,2,0.04254790672897307,0.04255,,5
F27,50000,50000,1774,1,2,0.03547834140146426,0.03548,,1
F28,200000,200000,4409,1,2,0.022044393178702312,0.022045,,1
F29,200000,200000,10693,1,2,0.05346563569630253,0.053465,,2
F30,400000,400000,600,1,2,0.00041186389466167303,0.0015,,2
F31,100000,100000,2219,1,2,0.022191009631568115,0.02219,,6
F32,400000,400000,1929,1,2,0.0048213588077101605,0.0048225,,2
