Flow,Period,Deadline,Execution Time,w,h,Target_Utilization,Actual_Utilization,Utilization_Error,Queue
F1,100000,100000,3296,1,2,0.032959468650635815,0.03296,,6
F2,100000,100000,2867,1,2,0.028671036911398273,0.02867,,7
F3,200000,200000,11424,1,2,0.05712225540376403,0.05712,,5
F4,400000,400000,8735,1,2,0.021837305152477615,0.0218375,,1
F5,400000,400000,5491,1,2,0.013728749499580362,0.0137275,,5
F6,400000,400000,9828,1,2,0.02456946252523906,0.02457,,2
F7,100000,100000,8245,1,2,0.08244884399528829,0.08245,,2
F8,200000,200000,5528,1,2,0.02764027609775399,0.02764,,3
F9,100000,100000,2104,1,2,0.021039666642109545,0.02104,,4
F10,100000,100000,7344,1,2,0.07343918808444538,0.07344,,3
F11,50000,50000,3255,1,2,0.06510183229064725,0.0651,,5
F12,400000,400000,1240,1,2,0.003100114912062968,0.0031,,6
F13,200000,200000,7802,1,2,0.03900895975048235,0.03901,,4
F14,200000,200000,9850,1,2,0.049249879218502324,0.04925,,2
F15,50000,50000,6192,1,2,0.12383666442475805,0.12384,,3
F16,50000,50000,6084,1,2,0.12167583758581796,0.12168,,5
F17,100000,100000,5314,1,2,0.05314201472927971,0.05314,,3
F18,400000,400000,4625,1,2,0.011563499700655122,0.0115625,,3
F19,400000,400000,600,1,2,0.0013223446218322832,0.0015,,5
F20,400000,400000,2143,1,2,0.005358484636140193,0.0053575,,1
F21,400000,400000,6009,1,2,0.015021631316900097,0.0150225,,2
F22,400000,400000,7213,1,2,0.01803360602547427,0.0180325,,7
F23,200000,200000,11717,1,2,0.058583906698033594,0.058585,,2
F24,400000,400000,7941,1,2,0.01985206410493101,0.0198525,,6
F25,400000,400000,947,1,2,0.002366387319277463,0.0023675,,3
F26,200000,200000,11697,1,2,0.05848680885886548,0.058485,,4
F27,200000,200000,5619,1,2,0.028094136166326417,0.028095,,5
F28,400000,400000,3770,1,2,0.009425518787412018,0.009425,,4
F29,400000,400000,746,1,2,0.001864325911011655,0.001865,,6
F30,50000,50000,2141,1,2,0.04281795262473201,0.04282,,1
F31,100000,100000,11502,1,2,0.11502129328243277,0.11502,,3
F32,400000,400000,600,1,2,0.0006280792879297058,0.0015,,2
