Flow,Period,Deadline,Execution Time,w,h,Target_Utilization,Actual_Utilization,Utilization_Error,Queue
F1,100000,100000,3595,1,2,0.03594764627151514,0.03595,,1
F2,400000,400000,600,1,2,0.000601274333886348,0.0015,,6
F3,100000,100000,8463,1,2,0.08462647577341809,0.08463,,2
F4,400000,400000,11616,1,2,0.029039373460209905,0.02904,,3
F5,400000,400000,2381,1,2,0.005952337660473983,0.0059525,,5
F6,100000,100000,8813,1,2,0.08812725798108678,0.08813,,3
F7,200000,200000,10164,1,2,0.05081822761804089,0.05082,,4
F8,100000,100000,8676,1,2,0.08675964320422991,0.08676,,3
F9,400000,400000,600,1,2,0.0008293196977773309,0.0015,,1
F10,400000,400000,7456,1,2,0.018639865675332157,0.01864,,7
F11,50000,50000,5147,1,2,0.1029384267379364,0.10294,,4
F12,400000,400000,1207,1,2,0.0030173934129054114,0.0030175,,5
F13,400000,400000,1281,1,2,0.003202056058643876,0.0032025,,7
F14,50000,50000,7772,1,2,0.15543589312174944,0.15544,,3
F15,100000,100000,6673,1,2,0.06672895309323501,0.06673,,6
F16,400000,400000,8200,1,2,0.02050061420532112,0.0205,,2
F17,100000,100000,2214,1,2,0.02213883037335307,0.02214,,4
F18,200000,200000,6223,1,2,0.0311127460405774,0.031115,,4
F19,400000,400000,7195,1,2,0.01798866088989376,0.0179875,,3
F20,200000,200000,9501,1,2,0.04750263085373896,0.047505,,2
F21,400000,400000,1201,1,2,0.00300209438157939,0.0030025,,2
F22,100000,100000,6432,1,2,0.06432023444674062,0.06432,,7
F23,200000,200000,4483,1,2,0.02241557892786139,0.022415,,1
F24,400000,400000,9917,1,2,0.02479269761677838,0.0247925,,6
F25,50000,50000,3039,1,2,0.06077871164560181,0.06078,,3
F26,100000,100000,7968,1,2,0.07967865802563079,0.07968,,4
F27,200000,200000,7241,1,2,0.03620393899648225,0.036205,,1
F28,50000,50000,1807,1,2,0.0361385388018929,0.03614,,6
F29,50000,50000,1675,1,2,0.03350171771787081,0.0335,,7
F30,200000,200000,6987,1,2,0.03493596738407781,0.034935,,2
F31,100000,100000,689,1,2,0.00689078344770503,0.00689,,5
F32,400000,400000,1566,1,2,0.003915308426329228,0.003915,,5
