Flow,Period,Deadline,Execution Time,w,h,Target_Utilization,Actual_Utilization,Utilization_Error,Queue
F1,400000,400000,11954,1,2,0.029884644498872293,0.029885,,7
F2,100000,100000,7221,1,2,0.07220873545372819,0.07221,,5
F3,100000,100000,7431,1,2,0.07430519552811843,0.07431,,6
F4,200000,200000,8607,1,2,0.04303589456969448,0.043035,,1
F5,200000,200000,8869,1,2,0.044346037044577624,0.044345,,5
F6,100000,100000,8585,1,2,0.08584762648552058,0.08585,,5
F7,200000,200000,9070,1,2,0.04534842639394154,0.04535,,3
F8,200000,200000,9551,1,2,0.04775729366517334,0.047755,,1
F9,100000,100000,6373,1,2,0.06372793881715966,0.06373,,1
F10,400000,400000,4929,1,2,0.012323038853556678,0.0123225,,2
F11,400000,400000,10565,1,2,0.02641221761716095,0.0264125,,3
F12,100000,100000,8019,1,2,0.08019244588493368,0.08019,,5
F13,400000,400000,1950,1,2,0.004875729231870851,0.004875,,5
F14,400000,400000,7270,1,2,0.01817433052837114,0.018175,,6
F15,200000,200000,10138,1,2,0.050689138648184806,0.05069,,6
F16,400000,400000,11749,1,2,0.02937229496619198,0.0293725,,1
F17,100000,100000,3461,1,2,0.0346113750534075,0.03461,,6
F18,100000,100000,4335,1,2,0.043348096600055674,0.04335,,6
F19,200000,200000,3645,1,2,0.0182250282924189,0.018225,,1
F20,100000,100000,6508,1,2,0.0650832146508149,0.06508,,6
F21,200000,200000,4829,1,2,0.024145281820033282,0.024145,,6
F22,400000,400000,8114,1,2,0.020285863046098973,0.020285,,7
F23,400000,400000,11470,1,2,0.028675391334948785,0.028675,,5
F24,200000,200000,11825,1,2,0.05912472542043162,0.059125,,5
F25,200000,200000,8209,1,2,0.04104741198949699,0.041045,,3
F26,400000,400000,1561,1,2,0.0039023098216188767,0.0039025,,1
F27,100000,100000,5931,1,2,0.05930844143421321,0.05931,,3
F28,200000,200000,1471,1,2,0.007355967020685028,0.007355,,5
F29,100000,100000,9640,1,2,0.09640447436216645,0.0964,,5
F30,400000,400000,6742,1,2,0.01685454055225697,0.016855,,3
F31,400000,400000,999,1,2,0.0024963221461642288,0.0024975,,7
F32,200000,200000,7313,1,2,0.03656463776452404,0.036565,,5
