Flow,Period,Deadline,Execution Time,w,h,Target_Utilization,Actual_Utilization,Utilization_Error,Queue
F1,200000,200000,8637,1,2,0.04318669091657723,0.043185,,7
F2,100000,100000,6757,1,2,0.06756876545057122,0.06757,,7
F3,400000,400000,7384,1,2,0.018459984035774646,0.01846,,3
F4,200000,200000,3123,1,2,0.015615688274991824,0.015615,,6
F5,100000,100000,3123,1,2,0.031227960264952337,0.03123,,3
F6,200000,200000,8672,1,2,0.04336193862612814,0.04336,,1
F7,100000,100000,7577,1,2,0.07577493250089318,0.07577,,4
F8,400000,400000,5309,1,2,0.013272434047698956,0.0132725,,6
F9,100000,100000,10863,1,2,0.10863470467080516,0.10863,,4
F10,200000,200000,6047,1,2,0.03023624512201628,0.030235,,4
F11,100000,100000,3400,1,2,0.034000350955382785,0.034,,6
F12,100000,100000,8977,1,2,0.08976858283332478,0.08977,,4
F13,100000,100000,4630,1,2,0.04630112279097465,0.0463,,7
F14,400000,400000,5391,1,2,0.013478258354822859,0.0134775,,2
F15,400000,400000,5139,1,2,0.012847454504663958,0.0128475,,2
F16,200000,200000,6405,1,2,0.03202262091097996,0.032025,,7
F17,400000,400000,631,1,2,0.0015773289074912933,0.0015775,,4
F18,200000,200000,853,1,2,0.004265358597830504,0.004265,,3
F19,200000,200000,8137,1,2,0.04068687148905337,0.040685,,3
F20,100000,100000,8269,1,2,0.0826852031655409,0.08269,,7
F21,400000,400000,10975,1,2,0.027436505049055093,0.0274375,,1
F22,400000,400000,8414,1,2,0.021034693224802004,0.021035,,4
F23,400000,400000,936,1,2,0.002340185549780771,0.00234,,1
F24,200000,200000,5756,1,2,0.028779200182220743,0.02878,,6
F25,50000,50000,1782,1,2,0.03563872747882407,0.03564,,4
F26,200000,200000,6696,1,2,0.03347781484023399,0.03348,,1
F27,100000,100000,6503,1,2,0.06503160086749254,0.06503,,4
F28,400000,400000,9825,1,2,0.024561518008120842,0.0245625,,5
F29,200000,200000,11447,1,2,0.05723713439549366,0.057235,,4
F30,100000,100000,6186,1,2,0.06185946655437294,0.06186,,3
F31,200000,200000,8721,1,2,0.04360733143349312,0.043605,,3
F32,100000,100000,2391,1,2,0.023909173785999112,0.02391,,7
