Flow,Period,Deadline,Execution Time,w,h,Target_Utilization,Actual_Utilization,Utilization_Error,Queue
F1,50000,50000,2355,1,2,0.047100567496744405,0.0471,,1
F2,50000,50000,5062,1,2,0.1012407213130686,0.10124,,1
F3,400000,400000,6503,1,2,0.01625871380529209,0.0162575,,3
F4,400000,400000,11540,1,2,0.02885044082076771,0.02885,,6
F5,50000,50000,3001,1,2,0.06002330313600557,0.06002,,3
F6,200000,200000,1333,1,2,0.0066640307528549325,0.006665,,2
F7,100000,100000,5773,1,2,0.057730261561960594,0.05773,,7
F8,50000,50000,7408,1,2,0.14815418961735438,0.14816,,1
F9,400000,400000,5563,1,2,0.01390771009336389,0.0139075,,7
F10,400000,400000,4193,1,2,0.010481880462147486,0.0104825,,4
F11,100000,100000,6956,1,2,0.06956017030302208,0.06956,,1
F12,400000,400000,10706,1,2,0.026766081184033785,0.026765,,4
F13,100000,100000,7591,1,2,0.07591303839287478,0.07591,,6
F14,100000,100000,6741,1,2,0.06741471732066506,0.06741,,1
F15,400000,400000,6846,1,2,0.01711542212958539,0.017115,,4
F16,200000,200000,4471,1,2,0.022356124201755256,0.022355,,1
F17,200000,200000,11152,1,2,0.05575960395821439,0.05576,,6
F18,100000,100000,6145,1,2,0.06144607112145817,0.06145,,6
F19,200000,200000,2459,1,2,0.012295558056604539,0.012295,,1
F20,400000,400000,8075,1,2,0.020188158480787977,0.0201875,,7
F21,100000,100000,1041,1,2,0.010409768826901311,0.01041,,5
F22,50000,50000,1125,1,2,0.0224997267900221,0.0225,,3
F23,200000,200000,6603,1,2,0.03301547946379746,0.033015,,3
F24,100000,100000,6778,1,2,0.06777760024071067,0.06778,,3
F25,100000,100000,2678,1,2,0.026779602763116375,0.02678,,7
F26,200000,200000,928,1,2,0.004638876223116539,0.00464,,3
F27,400000,400000,5377,1,2,0.013442005861737868,0.0134425,,6
F28,200000,200000,719,1,2,0.0035949842247250813,0.003595,,7
F29,200000,200000,880,1,2,0.004400856505318851,0.0044,,1
F30,100000,100000,3174,1,2,0.03173824971316051,0.03174,,1
F31,200000,200000,8667,1,2,0.04333405662169927,0.043335,,4
F32,400000,400000,7657,1,2,0.019142028557132835,0.0191425,,6
