Flow,Period,Deadline,Execution Time,w,h,Target_Utilization,Actual_Utilization,Utilization_Error,Queue
F1,400000,400000,805,1,2,0.0020134640306213036,0.0020125,,6
F2,200000,200000,7703,1,2,0.03851644622761452,0.038515,,3
F3,400000,400000,1744,1,2,0.004359670633334534,0.00436,,5
F4,200000,200000,10801,1,2,0.054007056188161484,0.054005,,1
F5,100000,100000,7912,1,2,0.07912022921866257,0.07912,,2
F6,400000,400000,11687,1,2,0.02921630959528443,0.0292175,,2
F7,400000,400000,1925,1,2,0.004812255555141642,0.0048125,,6
F8,400000,400000,7521,1,2,0.018801801843601584,0.0188025,,1
F9,100000,100000,8130,1,2,0.08130140183543022,0.0813,,3
F10,200000,200000,6859,1,2,0.03429321578045674,0.034295,,7
F11,50000,50000,3312,1,2,0.06624189922020218,0.06624,,5
F12,50000,50000,7092,1,2,0.14183032678346358,0.14184,,4
F13,400000,400000,11267,1,2,0.02816730751239932,0.0281675,,4
F14,100000,100000,8803,1,2,0.08803401689605739,0.08803,,1
F15,100000,100000,2421,1,2,0.024209194222335306,0.02421,,3
F16,50000,50000,12000,1,2,0.27953436825795835,0.24,,6
