Flow,Period,Deadline,Execution Time,w,h,Target_Utilization,Actual_Utilization,Utilization_Error,Queue
F1,100000,100000,9775,1,2,0.09774533165532451,0.09775,,5
F2,100000,100000,3294,1,2,0.032939717740008145,0.03294,,2
F3,400000,400000,7189,1,2,0.01797222067855697,0.0179725,,5
F4,100000,100000,10114,1,2,0.10114248106074542,0.10114,,7
F5,400000,400000,3057,1,2,0.007642921779572931,0.0076425,,4
F6,200000,200000,7725,1,2,0.03862612582892755,0.038625,,6
F7,50000,50000,6781,1,2,0.13562758124885865,0.13562,,4
F8,100000,100000,7469,1,2,0.07469345083768808,0.07469,,4
F9,50000,50000,2011,1,2,0.040220693894848114,0.04022,,1
F10,50000,50000,7664,1,2,0.153287312959566,0.15328,,4
F11,50000,50000,901,1,2,0.01802104196097648,0.01802,,7
F12,200000,200000,4163,1,2,0.020815055237568186,0.020815,,3
F13,200000,200000,8173,1,2,0.04086685623070821,0.040865,,2
F14,50000,50000,1937,1,2,0.03874000650165177,0.03874,,7
F15,100000,100000,11142,1,2,0.1114194383757425,0.11142,,1
F16,400000,400000,8909,1,2,0.022273510129747674,0.0222725,,1
