Flow,Period,Deadline,Execution Time,w,h,Target_Utilization,Actual_Utilization,Utilization_Error,Queue
F1,100000,100000,6980,1,2,0.06980160662789037,0.0698,,5
F2,400000,400000,11421,1,2,0.0285523519620432,0.0285525,,3
F3,400000,400000,8269,1,2,0.020671526943932705,0.0206725,,4
F4,50000,50000,8555,1,2,0.17109729067324242,0.1711,,1
F5,200000,200000,11409,1,2,0.05704528359645056,0.057045,,7
F6,50000,50000,4813,1,2,0.09626252682283798,0.09626,,2
F7,50000,50000,3158,1,2,0.06316384033973638,0.06316,,3
F8,400000,400000,600,1,2,0.001277168159644515,0.0015,,4
F9,50000,50000,6592,1,2,0.1318411488007502,0.13184,,4
F10,400000,400000,7405,1,2,0.018512298799677807,0.0185125,,2
F11,50000,50000,9506,1,2,0.19011405497790068,0.19012,,6
F12,200000,200000,6068,1,2,0.03033910636262723,0.03034,,5
F13,400000,400000,1905,1,2,0.004762703266354588,0.0047625,,2
F14,200000,200000,2412,1,2,0.0120607372656466,0.01206,,7
F15,100000,100000,1097,1,2,0.01097123181283409,0.01097,,5
F16,400000,400000,2116,1,2,0.005289364418751447,0.00529,,3
