Flow,Period,Deadline,Execution Time,w,h,Target_Utilization,Actual_Utilization,Utilization_Error,Queue
F1,100000,100000,6668,1,2,0.06668378886808513,0.06668,,5
F2,200000,200000,9057,1,2,0.04528342072177727,0.045285,,4
F3,400000,400000,2945,1,2,0.007363124180626235,0.0073625,,7
F4,100000,100000,9455,1,2,0.094550343331822,0.09455,,7
F5,50000,50000,6053,1,2,0.12105254583861702,0.12106,,7
F6,50000,50000,10173,1,2,0.20345766235207835,0.20346,,5
F7,100000,100000,912,1,2,0.00911967588703716,0.00912,,3
F8,100000,100000,9470,1,2,0.09470475443100745,0.0947,,5
F9,200000,200000,7796,1,2,0.03897992997765476,0.03898,,1
F10,200000,200000,8999,1,2,0.04499528001629838,0.044995,,6
F11,100000,100000,7451,1,2,0.07450578228273011,0.07451,,2
F12,200000,200000,6281,1,2,0.031406691895599026,0.031405,,4
F13,400000,400000,3008,1,2,0.007520597578457244,0.00752,,5
F14,400000,400000,1185,1,2,0.00296229506925777,0.0029625,,3
F15,400000,400000,9445,1,2,0.02361238332141906,0.0236125,,2
F16,50000,50000,5683,1,2,0.11366444135794089,0.11366,,2
