Flow,Period,Deadline,Execution Time,w,h,Target_Utilization,Actual_Utilization,Utilization_Error,Queue
F1,200000,200000,7123,1,2,0.0356129497808082,0.035615,,6
F2,100000,100000,4675,1,2,0.04674888149438594,0.04675,,3
F3,50000,50000,6122,1,2,0.1224492164548836,0.12244,,5
F4,200000,200000,1730,1,2,0.008650736417801785,0.00865,,7
F5,200000,200000,7466,1,2,0.03733050132912563,0.03733,,4
F6,200000,200000,8709,1,2,0.043544926871881606,0.043545,,7
F7,50000,50000,3649,1,2,0.0729839807137066,0.07298,,5
F8,50000,50000,6124,1,2,0.12248225015085468,0.12248,,6
F9,50000,50000,6197,1,2,0.12394909650012637,0.12394,,6
F10,400000,400000,9921,1,2,0.024803127922845447,0.0248025,,3
F11,50000,50000,5447,1,2,0.10894256904894864,0.10894,,3
F12,100000,100000,9141,1,2,0.09141408126610803,0.09141,,4
F13,100000,100000,8839,1,2,0.08839184001311523,0.08839,,6
F14,200000,200000,9289,1,2,0.046447195176803194,0.046445,,2
F15,200000,200000,2862,1,2,0.014308947320765092,0.01431,,2
F16,400000,400000,712,1,2,0.0017804394352177121,0.00178,,4
