Flow,Period,Deadline,Execution Time,w,h,Target_Utilization,Actual_Utilization,Utilization_Error,Queue
F1,400000,400000,4929,1,2,0.012323509819666234,0.0123225,,4
F2,400000,400000,3626,1,2,0.009065542951922745,0.009065,,3
F3,100000,100000,7695,1,2,0.07695085005803037,0.07695,,7
F4,100000,100000,6514,1,2,0.06513645200318696,0.06514,,6
F5,400000,400000,4631,1,2,0.011577460819402252,0.0115775,,3
F6,200000,200000,11552,1,2,0.05776148144818116,0.05776,,3
F7,50000,50000,8693,1,2,0.1738563054942428,0.17386,,6
F8,100000,100000,8463,1,2,0.08462819693021045,0.08463,,2
F9,400000,400000,600,1,2,0.0014693352621358846,0.0015,,1
F10,200000,200000,10991,1,2,0.0549534895836154,0.054955,,2
F11,200000,200000,8665,1,2,0.04332300018843188,0.043325,,7
F12,100000,100000,7355,1,2,0.07355363981538338,0.07355,,4
F13,100000,100000,3039,1,2,0.030388413516247964,0.03039,,6
F14,400000,400000,10021,1,2,0.025051396065629256,0.0250525,,5
F15,50000,50000,10019,1,2,0.2003813740076249,0.20038,,6
F16,400000,400000,3151,1,2,0.007878393311207002,0.0078775,,4
