Flow,Period,Deadline,Execution Time,w,h,Target_Utilization,Actual_Utilization,Utilization_Error,Queue
F1,100000,100000,7391,1,2,0.07391102035963726,0.07391,,4
F2,400000,400000,8735,1,2,0.021836977307404637,0.0218375,,1
F3,400000,400000,2855,1,2,0.007137444714946928,0.0071375,,4
F4,50000,50000,10440,1,2,0.20879917756201405,0.2088,,4
F5,100000,100000,6064,1,2,0.06064464519653556,0.06064,,2
F6,50000,50000,7455,1,2,0.14909957690679143,0.1491,,3
F7,400000,400000,4636,1,2,0.011589991134985322,0.01159,,7
F8,200000,200000,4927,1,2,0.024634190884043006,0.024635,,6
F9,400000,400000,10193,1,2,0.02548195928713931,0.0254825,,7
F10,100000,100000,9385,1,2,0.09385363369299823,0.09385,,3
F11,400000,400000,2635,1,2,0.006588683254648009,0.0065875,,7
F12,400000,400000,860,1,2,0.002150465718408018,0.00215,,1
F13,200000,200000,3711,1,2,0.018555144844087407,0.018555,,6
F14,400000,400000,2111,1,2,0.005278155294375836,0.0052775,,5
F15,100000,100000,7385,1,2,0.07384825843266396,0.07385,,5
F16,50000,50000,5830,1,2,0.11659715071337623,0.1166,,7
