Flow,Period,Deadline,Execution Time,w,h,Target_Utilization,Actual_Utilization,Utilization_Error,Queue
F1,100000,100000,889,1,2,0.008889147027499877,0.00889,,5
F2,50000,50000,11452,1,2,0.22903312358860894,0.22904,,7
F3,100000,100000,4240,1,2,0.042399323071734885,0.0424,,4
F4,100000,100000,1108,1,2,0.011079626982323232,0.01108,,7
F5,400000,400000,5433,1,2,0.013581568416933698,0.0135825,,2
F6,100000,100000,9555,1,2,0.09554947432581395,0.09555,,7
F7,50000,50000,6506,1,2,0.13011812026279335,0.13012,,5
F8,100000,100000,6710,1,2,0.06710060837199333,0.0671,,6
F9,400000,400000,3865,1,2,0.009662052864907233,0.0096625,,3
F10,100000,100000,9151,1,2,0.09150654870171926,0.09151,,3
F11,100000,100000,5421,1,2,0.054210173052001126,0.05421,,7
F12,50000,50000,1680,1,2,0.03359910375995373,0.0336,,5
F13,400000,400000,11913,1,2,0.029781869780114933,0.0297825,,3
F14,200000,200000,7961,1,2,0.039802623572721546,0.039805,,6
F15,50000,50000,2871,1,2,0.05742091000724969,0.05742,,5
F16,200000,200000,4229,1,2,0.021145879265556944,0.021145,,4
