Flow,Period,Deadline,Execution Time,w,h,Target_Utilization,Actual_Utilization,Utilization_Error,Queue
F1,400000,400000,6503,1,2,0.016256439296644887,0.0162575,,6
F2,400000,400000,742,1,2,0.0018548961272258913,0.001855,,1
F3,50000,50000,8013,1,2,0.16026264670958723,0.16026,,2
F4,400000,400000,11106,1,2,0.027765228434083244,0.027765,,1
F5,400000,400000,1368,1,2,0.003419529788535769,0.00342,,5
F6,200000,200000,10219,1,2,0.05109571397410906,0.051095,,2
F7,200000,200000,10879,1,2,0.054393774829060715,0.054395,,6
F8,50000,50000,8077,1,2,0.16154560700661236,0.16154,,4
F9,200000,200000,11679,1,2,0.05839652767987591,0.058395,,4
F10,50000,50000,6645,1,2,0.13290930468053547,0.1329,,5
F11,400000,400000,5424,1,2,0.01356011374592861,0.01356,,3
F12,200000,200000,8031,1,2,0.040156829544296696,0.040155,,4
F13,400000,400000,2725,1,2,0.0068117488376536195,0.0068125,,6
F14,200000,200000,6622,1,2,0.03310848180794981,0.03311,,7
F15,50000,50000,7092,1,2,0.14184135620086008,0.14184,,1
F16,200000,200000,2007,1,2,0.010035459295333088,0.010035,,3
