Flow,Period,Deadline,Execution Time,w,h,Target_Utilization,Actual_Utilization,Utilization_Error,Queue
F1,200000,200000,7201,1,2,0.03600271793687382,0.036005,,7
F2,50000,50000,3251,1,2,0.06502055538712892,0.06502,,7
F3,50000,50000,8704,1,2,0.17408752945814698,0.17408,,1
F4,50000,50000,7638,1,2,0.15276915077956887,0.15276,,1
F5,50000,50000,4811,1,2,0.09621597344670024,0.09622,,1
F6,100000,100000,610,1,2,0.006100464635667102,0.0061,,2
F7,400000,400000,600,1,2,0.001196198203269161,0.0015,,2
F8,100000,100000,5792,1,2,0.05791992017883807,0.05792,,1
F9,50000,50000,3395,1,2,0.06789804508377112,0.0679,,1
F10,100000,100000,3619,1,2,0.03618795835487859,0.03619,,3
F11,100000,100000,6646,1,2,0.06645788639122385,0.06646,,3
F12,200000,200000,10793,1,2,0.05396621940243507,0.053965,,5
F13,100000,100000,6408,1,2,0.06407923138929783,0.06408,,4
F14,400000,400000,7297,1,2,0.01824316923891041,0.0182425,,1
F15,100000,100000,3234,1,2,0.032338776228095965,0.03234,,4
F16,200000,200000,11312,1,2,0.05655892896247019,0.05656,,2
