Flow,Period,Deadline,Execution Time,w,h,Target_Utilization,Actual_Utilization,Utilization_Error,Queue
F1,400000,400000,11322,1,2,0.028304900932796362,0.028305,,7
F2,50000,50000,10758,1,2,0.21515882747337933,0.21516,,7
F3,200000,200000,5588,1,2,0.027938765507137253,0.02794,,5
F4,100000,100000,6503,1,2,0.06502607451623821,0.06503,,7
F5,100000,100000,8451,1,2,0.0845089333703033,0.08451,,7
F6,100000,100000,7874,1,2,0.07873824437213278,0.07874,,3
F7,100000,100000,7776,1,2,0.07775744715079819,0.07776,,7
F8,100000,100000,8321,1,2,0.08320887074278599,0.08321,,7
F9,200000,200000,6719,1,2,0.03359417320330649,0.033595,,6
F10,100000,100000,6438,1,2,0.06438441046801943,0.06438,,3
F11,400000,400000,11246,1,2,0.02811576827361434,0.028115,,2
F12,400000,400000,5365,1,2,0.013413481707109265,0.0134125,,4
F13,200000,200000,10269,1,2,0.051345329095772635,0.051345,,7
F14,100000,100000,7199,1,2,0.0719901281893306,0.07199,,3
F15,200000,200000,6469,1,2,0.03234714098509822,0.032345,,3
F16,200000,200000,6655,1,2,0.03327433796110568,0.033275,,1
