Flow,Period,Deadline,Execution Time,w,h,Target_Utilization,Actual_Utilization,Utilization_Error,Queue
F1,100000,100000,6418,1,2,0.06417609374492883,0.06418,,4
F2,400000,400000,5999,1,2,0.01499831771165705,0.0149975,,4
F3,200000,200000,11499,1,2,0.05749335098135733,0.057495,,5
F4,50000,50000,3783,1,2,0.07566159813893703,0.07566,,6
F5,100000,100000,5253,1,2,0.05253218297816353,0.05253,,2
F6,50000,50000,3657,1,2,0.07314073660148579,0.07314,,6
F7,200000,200000,3671,1,2,0.018354931478595682,0.018355,,5
F8,100000,100000,1500,1,2,0.015000025789812965,0.015,,3
F9,200000,200000,927,1,2,0.004634926126261374,0.004635,,6
F10,50000,50000,5655,1,2,0.11309551308817362,0.1131,,5
F11,200000,200000,2775,1,2,0.013875065943790954,0.013875,,1
F12,50000,50000,8173,1,2,0.1634622819917476,0.16346,,6
F13,400000,400000,10800,1,2,0.027000851563910522,0.027,,4
F14,50000,50000,9809,1,2,0.19618709954884883,0.19618,,6
F15,400000,400000,8887,1,2,0.022218444602858087,0.0222175,,6
F16,400000,400000,1354,1,2,0.0033846378303932652,0.003385,,7
