Flow,Period,Deadline,Execution Time,w,h,Target_Utilization,Actual_Utilization,Utilization_Error,Queue
F1,400000,400000,2380,1,2,0.005950477435957224,0.00595,,6
F2,50000,50000,6335,1,2,0.12670515175050934,0.1267,,2
F3,100000,100000,6485,1,2,0.06484989572019662,0.06485,,7
F4,100000,100000,5304,1,2,0.053038109511121756,0.05304,,6
F5,400000,400000,6599,1,2,0.016497164388528107,0.0164975,,5
F6,400000,400000,6432,1,2,0.01607938402049569,0.01608,,1
F7,200000,200000,10078,1,2,0.05038924796960442,0.05039,,1
F8,400000,400000,8787,1,2,0.02196707816135124,0.0219675,,2
F9,50000,50000,4446,1,2,0.08892299247452429,0.08892,,3
F10,200000,200000,6185,1,2,0.030922728781572373,0.030925,,3
F11,200000,200000,7969,1,2,0.03984730529368086,0.039845,,7
F12,50000,50000,6696,1,2,0.13391306431458305,0.13392,,7
F13,100000,100000,5659,1,2,0.0565893466604071,0.05659,,2
F14,200000,200000,3820,1,2,0.019100084982456744,0.0191,,4
F15,50000,50000,5317,1,2,0.1063366012850322,0.10634,,7
F16,50000,50000,6339,1,2,0.12678682453162116,0.12678,,2
