Flow,Period,Deadline,Execution Time,w,h,Target_Utilization,Actual_Utilization,Utilization_Error,Queue
F1,400000,400000,3203,1,2,0.008007595463032313,0.0080075,,7
F2,50000,50000,1425,1,2,0.028500973250243256,0.0285,,4
F3,50000,50000,6169,1,2,0.12338222849792746,0.12338,,7
F4,50000,50000,8283,1,2,0.16565564708608094,0.16566,,3
F5,50000,50000,6030,1,2,0.12059873701506973,0.1206,,3
F6,400000,400000,2455,1,2,0.006138033664499387,0.0061375,,6
F7,400000,400000,750,1,2,0.001874049672492717,0.001875,,4
F8,400000,400000,923,1,2,0.002308667077416615,0.0023075,,6
F9,50000,50000,2683,1,2,0.05366102128981337,0.05366,,1
F10,200000,200000,915,1,2,0.004574168544545898,0.004575,,2
F11,200000,200000,6441,1,2,0.03220470221943489,0.032205,,7
F12,50000,50000,3635,1,2,0.07269728542297776,0.0727,,5
F13,50000,50000,6087,1,2,0.12174718567873291,0.12174,,4
F14,400000,400000,3755,1,2,0.009388231499542432,0.0093875,,3
F15,50000,50000,6256,1,2,0.12511896014120055,0.12512,,5
F16,100000,100000,9694,1,2,0.09694060724222396,0.09694,,2
