Flow,Period,Deadline,Execution Time,w,h,Target_Utilization,Actual_Utilization,Utilization_Error,Queue
F1,50000,50000,7798,1,2,0.15596214718767232,0.15596,,5
F2,200000,200000,6823,1,2,0.03411556413345129,0.034115,,5
F3,50000,50000,9259,1,2,0.1851756709394199,0.18518,,7
F4,200000,200000,7111,1,2,0.03555720396529283,0.035555,,2
F5,200000,200000,2358,1,2,0.01178924186648983,0.01179,,2
F6,100000,100000,6287,1,2,0.06286812319106433,0.06287,,3
F7,100000,100000,8308,1,2,0.08307695708103024,0.08308,,2
F8,200000,200000,1161,1,2,0.00580492696647561,0.005805,,7
F9,400000,400000,4758,1,2,0.011894602618345906,0.011895,,7
F10,400000,400000,5535,1,2,0.01383773624261364,0.0138375,,6
F11,100000,100000,7985,1,2,0.07984671423195838,0.07985,,7
F12,50000,50000,7704,1,2,0.15408144337966284,0.15408,,3
F13,400000,400000,4682,1,2,0.01170412895280909,0.011705,,6
F14,400000,400000,1453,1,2,0.003631497295004796,0.0036325,,1
F15,100000,100000,6683,1,2,0.06682986015858067,0.06683,,5
F16,400000,400000,784,1,2,0.001960313890258881,0.00196,,7
