Flow,Period,Deadline,Execution Time,w,h,Target_Utilization,Actual_Utilization,Utilization_Error,Queue
F1,200000,200000,11122,1,2,0.05560901683375541,0.05561,,4
F2,400000,400000,5149,1,2,0.012873523098347772,0.0128725,,6
F3,400000,400000,1315,1,2,0.0032879375698274815,0.0032875,,7
F4,400000,400000,5146,1,2,0.012866235542933202,0.012865,,5
F5,400000,400000,1672,1,2,0.0041807821848239834,0.00418,,4
F6,50000,50000,4146,1,2,0.08291906742749511,0.08292,,5
F7,400000,400000,8723,1,2,0.021808254357751578,0.0218075,,3
F8,100000,100000,9771,1,2,0.09770753701851742,0.09771,,7
F9,50000,50000,5508,1,2,0.11016144374333348,0.11016,,5
F10,400000,400000,9217,1,2,0.02304336894908443,0.0230425,,3
F11,50000,50000,7583,1,2,0.1516587677550511,0.15166,,5
F12,100000,100000,9357,1,2,0.09356795081779073,0.09357,,2
F13,200000,200000,1424,1,2,0.0071192979825239755,0.00712,,1
F14,100000,100000,11261,1,2,0.11260679788069675,0.11261,,7
F15,100000,100000,7695,1,2,0.07694687030698058,0.07695,,7
F16,100000,100000,11601,1,2,0.11601169554135854,0.11601,,5
