Flow,Period,Deadline,Execution Time,w,h,Target_Utilization,Actual_Utilization,Utilization_Error,Queue
F1,50000,50000,9147,1,2,0.18294224003125636,0.18294,,5
F2,50000,50000,10615,1,2,0.21229261180789272,0.2123,,7
F3,100000,100000,4505,1,2,0.04504785025248981,0.04505,,6
F4,50000,50000,972,1,2,0.019440423313876964,0.01944,,7
F5,100000,100000,6269,1,2,0.06268988854717444,0.06269,,3
F6,200000,200000,10366,1,2,0.051832018946089076,0.05183,,4
F7,400000,400000,7034,1,2,0.01758472976785158,0.017585,,5
F8,50000,50000,6584,1,2,0.13167706015536781,0.13168,,1
F9,400000,400000,3151,1,2,0.007877683058621382,0.0078775,,6
F10,100000,100000,1467,1,2,0.01467014039459022,0.01467,,2
F11,50000,50000,4112,1,2,0.08224158660870559,0.08224,,7
F12,100000,100000,944,1,2,0.009440118455344815,0.00944,,4
F13,400000,400000,5069,1,2,0.012673040482840611,0.0126725,,7
F14,400000,400000,6053,1,2,0.01513365532210001,0.0151325,,1
F15,200000,200000,11989,1,2,0.059944883257104946,0.059945,,5
F16,50000,50000,2141,1,2,0.04281978609201636,0.04282,,3
