Flow,Period,Deadline,Execution Time,w,h,Target_Utilization,Actual_Utilization,Utilization_Error,Queue
F1,100000,100000,8101,1,2,0.0810126988511678,0.08101,,3
F2,200000,200000,10253,1,2,0.051262636297650044,0.051265,,7
F3,100000,100000,6955,1,2,0.0695491289298189,0.06955,,4
F4,200000,200000,6821,1,2,0.034105073194497626,0.034105,,4
F5,200000,200000,8270,1,2,0.0413524650120114,0.04135,,2
F6,400000,400000,2134,1,2,0.005334393457946618,0.005335,,1
F7,100000,100000,9357,1,2,0.0935674100197803,0.09357,,5
F8,50000,50000,7284,1,2,0.14567790519419527,0.14568,,3
F9,50000,50000,8262,1,2,0.16524243090582075,0.16524,,3
F10,200000,200000,9819,1,2,0.049094449376162363,0.049095,,5
F11,400000,400000,8390,1,2,0.02097464020141232,0.020975,,7
F12,50000,50000,6106,1,2,0.1221217397667442,0.12212,,4
F13,400000,400000,1131,1,2,0.0028267185944927664,0.0028275,,2
F14,400000,400000,5983,1,2,0.014958077566080842,0.0149575,,5
F15,400000,400000,11927,1,2,0.029816561554898462,0.0298175,,3
F16,400000,400000,657,1,2,0.0016417753197063673,0.0016425,,6
