Flow,Period,Deadline,Execution Time,w,h,Target_Utilization,Actual_Utilization,Utilization_Error,Queue
F1,400000,400000,10339,1,2,0.025846336062149255,0.0258475,,5
F2,400000,400000,1148,1,2,0.002869198005989393,0.00287,,7
F3,200000,200000,7235,1,2,0.03617534195532712,0.036175,,2
F4,50000,50000,8667,1,2,0.17333591877763466,0.17334,,6
F5,100000,100000,7057,1,2,0.07056581985255606,0.07057,,7
F6,400000,400000,4705,1,2,0.011763061058912228,0.0117625,,7
F7,50000,50000,1847,1,2,0.036942173255641864,0.03694,,6
F8,200000,200000,9722,1,2,0.04861192980881279,0.04861,,1
F9,200000,200000,6651,1,2,0.03325541564892226,0.033255,,1
F10,400000,400000,1373,1,2,0.0034321661221392574,0.0034325,,6
F11,100000,100000,8313,1,2,0.0831284123916009,0.08313,,6
F12,200000,200000,7669,1,2,0.03834383704767086,0.038345,,5
F13,50000,50000,8958,1,2,0.17915892774187997,0.17916,,4
F14,100000,100000,3235,1,2,0.032348542658432344,0.03235,,4
F15,50000,50000,7728,1,2,0.154567679668269,0.15456,,4
F16,200000,200000,1158,1,2,0.005789212119802272,0.00579,,6
