Flow,Period,Deadline,Execution Time,w,h,Target_Utilization,Actual_Utilization,Utilization_Error,Queue
F1,200000,200000,3515,1,2,0.017575789509869155,0.017575,,3
F2,100000,100000,1747,1,2,0.01747010430514573,0.01747,,2
F3,50000,50000,941,1,2,0.018820282379223396,0.01882,,5
F4,400000,400000,7025,1,2,0.017563155005516085,0.0175625,,6
F5,100000,100000,7555,1,2,0.07555271509883632,0.07555,,2
F6,100000,100000,9029,1,2,0.09028541508030996,0.09029,,1
F7,50000,50000,5810,1,2,0.11619975048532871,0.1162,,6
F8,100000,100000,703,1,2,0.007029010879727293,0.00703,,5
F9,400000,400000,1890,1,2,0.004724251616060937,0.004725,,3
F10,400000,400000,9307,1,2,0.02326823976502823,0.0232675,,1
F11,50000,50000,6973,1,2,0.13945673144560816,0.13946,,4
F12,50000,50000,7210,1,2,0.14419543555151093,0.1442,,6
F13,100000,100000,6117,1,2,0.06116809466969994,0.06117,,4
F14,200000,200000,1026,1,2,0.005129719225655666,0.00513,,1
F15,400000,400000,1633,1,2,0.004083079193431538,0.0040825,,5
F16,50000,50000,10066,1,2,0.20132563205356196,0.20132,,2
