Flow,Period,Deadline,Execution Time,w,h,Target_Utilization,Actual_Utilization,Utilization_Error,Queue
F1,100000,100000,11964,1,2,0.11963954649630859,0.11964,,2
F2,400000,400000,11661,1,2,0.02915210575008953,0.0291525,,5
F3,100000,100000,9932,1,2,0.09932242712757233,0.09932,,2
F4,200000,200000,11055,1,2,0.0552757196655973,0.055275,,6
F5,50000,50000,3133,1,2,0.06265908549697075,0.06266,,3
F6,200000,200000,7656,1,2,0.03827896195960756,0.03828,,3
F7,400000,400000,2096,1,2,0.005240464146860635,0.00524,,6
F8,100000,100000,5469,1,2,0.054689522909074084,0.05469,,7
F9,100000,100000,3320,1,2,0.03320222164830988,0.0332,,4
F10,100000,100000,9811,1,2,0.09810952716011323,0.09811,,4
F11,200000,200000,8761,1,2,0.043803776441299014,0.043805,,5
F12,200000,200000,7526,1,2,0.037628952050563824,0.03763,,2
F13,50000,50000,1647,1,2,0.03293940568867815,0.03294,,7
F14,400000,400000,2570,1,2,0.006425924609675809,0.006425,,1
F15,50000,50000,9021,1,2,0.18041441277683945,0.18042,,2
F16,200000,200000,7961,1,2,0.039804818956203046,0.039805,,6
