Flow,Period,Deadline,Execution Time,w,h,Target_Utilization,Actual_Utilization,Utilization_Error,Queue
F1,200000,200000,10371,1,2,0.05185309388367909,0.051855,,4
F2,50000,50000,9798,1,2,0.19596765210027633,0.19596,,3
F3,100000,100000,1173,1,2,0.011729959103383925,0.01173,,2
F4,100000,100000,9969,1,2,0.09969072050447159,0.09969,,3
F5,100000,100000,4632,1,2,0.046320343181236345,0.04632,,3
F6,100000,100000,10193,1,2,0.10193205441705872,0.10193,,2
F7,50000,50000,7720,1,2,0.15439020677820287,0.1544,,2
F8,400000,400000,1259,1,2,0.0031474552067944916,0.0031475,,6
F9,200000,200000,7887,1,2,0.03943266162325931,0.039435,,5
F10,200000,200000,9701,1,2,0.04850701043492389,0.048505,,1
F11,100000,100000,1596,1,2,0.015958895160199715,0.01596,,2
F12,400000,400000,4502,1,2,0.011253893934233622,0.011255,,6
F13,200000,200000,9527,1,2,0.04763685373410051,0.047635,,7
F14,400000,400000,6833,1,2,0.01708259463586967,0.0170825,,6
F15,50000,50000,3866,1,2,0.07731689045936248,0.07732,,7
F16,200000,200000,11021,1,2,0.05510366321460393,0.055105,,6
