Flow,Period,Deadline,Execution Time,w,h,Target_Utilization,Actual_Utilization,Utilization_Error,Queue
F1,400000,400000,8857,1,2,0.022143455805858636,0.0221425,,7
F2,100000,100000,8373,1,2,0.08372500612207834,0.08373,,6
F3,200000,200000,9965,1,2,0.04982442495555117,0.049825,,2
F4,50000,50000,1098,1,2,0.02195985041356785,0.02196,,1
F5,200000,200000,1302,1,2,0.006508764479363216,0.00651,,2
F6,400000,400000,600,1,2,0.0003437449852511376,0.0015,,6
F7,50000,50000,7361,1,2,0.1472271299053094,0.14722,,5
F8,50000,50000,6184,1,2,0.1236721930638306,0.12368,,7
F9,50000,50000,10558,1,2,0.21115232166858228,0.21116,,5
F10,200000,200000,7395,1,2,0.03697585850852614,0.036975,,5
F11,400000,400000,9307,1,2,0.023266921757040232,0.0232675,,3
F12,400000,400000,2444,1,2,0.006110537332984584,0.00611,,5
F13,400000,400000,11461,1,2,0.02865189324982151,0.0286525,,4
F14,100000,100000,7305,1,2,0.07305043890674126,0.07305,,4
F15,100000,100000,10992,1,2,0.10991789879588998,0.10992,,3
F16,100000,100000,3108,1,2,0.031079705091717987,0.03108,,6
