Flow,Period,Deadline,Execution Time,w,h,Target_Utilization,Actual_Utilization,Utilization_Error,Queue
F1,100000,100000,5978,1,2,0.05977815740121173,0.05978,,5
F2,100000,100000,1190,1,2,0.01189992519022931,0.0119,,2
F3,400000,400000,4685,1,2,0.011711652424910901,0.0117125,,7
F4,100000,100000,6293,1,2,0.06292553420536173,0.06293,,7
F5,200000,200000,8293,1,2,0.0414662645760806,0.041465,,4
F6,200000,200000,10567,1,2,0.05283510456816676,0.052835,,1
F7,100000,100000,4415,1,2,0.04414818195188941,0.04415,,3
F8,50000,50000,6411,1,2,0.12821331085083398,0.12822,,6
F9,400000,400000,4469,1,2,0.011171382137220798,0.0111725,,2
F10,100000,100000,11972,1,2,0.11971598439321562,0.11972,,6
F11,100000,100000,3107,1,2,0.03106890540101448,0.03107,,5
F12,100000,100000,7215,1,2,0.07215142972536254,0.07215,,4
F13,50000,50000,8130,1,2,0.1626054974926897,0.1626,,6
F14,400000,400000,4973,1,2,0.012431708698243102,0.0124325,,7
F15,200000,200000,10069,1,2,0.050344534858307866,0.050345,,6
F16,50000,50000,3320,1,2,0.06639927977145228,0.0664,,2
