Flow,Period,Deadline,Execution Time,w,h,Target_Utilization,Actual_Utilization,Utilization_Error,Queue
F1,100000,100000,9042,1,2,0.09042291835886174,0.09042,,3
F2,50000,50000,1644,1,2,0.032877654174659154,0.03288,,4
F3,50000,50000,1628,1,2,0.03256186606733724,0.03256,,2
F4,200000,200000,1849,1,2,0.009244035837204567,0.009245,,3
F5,400000,400000,600,1,2,0.0013706648455821258,0.0015,,6
F6,100000,100000,6132,1,2,0.06131920199404928,0.06132,,1
F7,50000,50000,8290,1,2,0.16579957193996409,0.1658,,7
F8,400000,400000,5686,1,2,0.014214808604909313,0.014215,,6
F9,100000,100000,9581,1,2,0.09580790887281027,0.09581,,7
F10,100000,100000,9963,1,2,0.09962634040746754,0.09963,,4
F11,400000,400000,10537,1,2,0.026341567229066776,0.0263425,,5
F12,400000,400000,4999,1,2,0.012496412373420529,0.0124975,,2
F13,200000,200000,6223,1,2,0.031115882128857353,0.031115,,7
F14,50000,50000,10150,1,2,0.2029942394230077,0.203,,3
F15,200000,200000,7222,1,2,0.036109810062262326,0.03611,,5
F16,100000,100000,3074,1,2,0.030742367753482807,0.03074,,4
