Flow,Period,Deadline,Execution Time,w,h,Target_Utilization,Actual_Utilization,Utilization_Error,Queue
F1,100000,100000,11017,1,2,0.11017274398550947,0.11017,,1
F2,50000,50000,10237,1,2,0.20474113329946464,0.20474,,7
F3,100000,100000,7036,1,2,0.07035858668345973,0.07036,,4
F4,100000,100000,700,1,2,0.006999845051720688,0.007,,1
F5,200000,200000,11707,1,2,0.05853425037671667,0.058535,,5
F6,100000,100000,2050,1,2,0.020499982144622175,0.0205,,1
F7,50000,50000,5687,1,2,0.11373826149982397,0.11374,,1
F8,100000,100000,7262,1,2,0.07261695438691607,0.07262,,1
F9,200000,200000,9931,1,2,0.04965656675103364,0.049655,,7
F10,400000,400000,5349,1,2,0.013371934684023618,0.0133725,,3
F11,400000,400000,3038,1,2,0.007594606681282229,0.007595,,2
F12,400000,400000,743,1,2,0.00185783937261913,0.0018575,,2
F13,50000,50000,2248,1,2,0.044960255527530774,0.04496,,6
F14,50000,50000,3028,1,2,0.06056089038336526,0.06056,,3
F15,100000,100000,10721,1,2,0.10720668433101233,0.10721,,7
F16,400000,400000,8049,1,2,0.020121385543953017,0.0201225,,4
