Flow,Period,Deadline,Execution Time,w,h,Target_Utilization,Actual_Utilization,Utilization_Error,Queue
F1,200000,200000,7669,1,2,0.03834278115402734,0.038345,,1
F2,100000,100000,7696,1,2,0.07696334390856052,0.07696,,4
F3,50000,50000,11232,1,2,0.2246432244359835,0.22464,,3
F4,50000,50000,4609,1,2,0.09218153998285483,0.09218,,5
F5,400000,400000,9858,1,2,0.024645419342439467,0.024645,,6
F6,50000,50000,1220,1,2,0.024400178814280082,0.0244,,1
F7,400000,400000,9599,1,2,0.023997056707446562,0.0239975,,7
F8,200000,200000,6251,1,2,0.03125289367551176,0.031255,,2
F9,200000,200000,7263,1,2,0.03631564847580071,0.036315,,7
F10,50000,50000,8102,1,2,0.1620326864799284,0.16204,,6
F11,50000,50000,6812,1,2,0.13623631811412054,0.13624,,2
F12,400000,400000,6337,1,2,0.015841472128601028,0.0158425,,6
F13,400000,400000,7397,1,2,0.01849266058046188,0.0184925,,2
F14,400000,400000,1448,1,2,0.0036192152349559734,0.00362,,1
F15,400000,400000,8443,1,2,0.021106525376227557,0.0211075,,3
F16,200000,200000,6949,1,2,0.03474299311999142,0.034745,,3
