Flow,Period,Deadline,Execution Time,w,h,Target_Utilization,Actual_Utilization,Utilization_Error,Queue
F1,400000,400000,2119,1,2,0.005298411616467491,0.0052975,,6
F2,100000,100000,4061,1,2,0.0406114713332234,0.04061,,7
F3,50000,50000,4319,1,2,0.08638452597783453,0.08638,,6
F4,400000,400000,4191,1,2,0.010477703559242824,0.0104775,,5
F5,100000,100000,3535,1,2,0.035351991124045634,0.03535,,7
F6,400000,400000,4741,1,2,0.011853615807976392,0.0118525,,6
F7,200000,200000,7273,1,2,0.036364321643396424,0.036365,,4
F8,100000,100000,9357,1,2,0.09356531807094959,0.09357,,2
F9,400000,400000,933,1,2,0.0023329910615986216,0.0023325,,1
F10,50000,50000,2564,1,2,0.051280739408083975,0.05128,,2
F11,50000,50000,7100,1,2,0.14200102734020537,0.142,,7
F12,100000,100000,6793,1,2,0.06793420040391149,0.06793,,5
F13,400000,400000,3349,1,2,0.008372874157780624,0.0083725,,5
F14,100000,100000,1447,1,2,0.01447065863200514,0.01447,,2
F15,100000,100000,3831,1,2,0.038309313979146775,0.03831,,3
F16,50000,50000,7205,1,2,0.14409732067664377,0.1441,,5
