Flow,Period,Deadline,Execution Time,w,h,Target_Utilization,Actual_Utilization,Utilization_Error,Queue
F1,50000,50000,7627,1,2,0.15254682709503775,0.15254,,7
F2,100000,100000,1018,1,2,0.01017945539292675,0.01018,,5
F3,50000,50000,3136,1,2,0.06272231069743839,0.06272,,2
F4,100000,100000,6413,1,2,0.06412873368560418,0.06413,,4
F5,50000,50000,5618,1,2,0.1123649400678905,0.11236,,6
F6,400000,400000,3640,1,2,0.00909978743213219,0.0091,,1
F7,400000,400000,9559,1,2,0.023898480149933787,0.0238975,,3
F8,400000,400000,6335,1,2,0.01583714552051879,0.0158375,,2
F9,400000,400000,11827,1,2,0.029566274270107162,0.0295675,,4
F10,100000,100000,1751,1,2,0.017509204187303617,0.01751,,6
F11,50000,50000,6402,1,2,0.1280324182321442,0.12804,,1
F12,400000,400000,1443,1,2,0.0036063994135776545,0.0036075,,7
F13,200000,200000,1304,1,2,0.006519436607394055,0.00652,,3
F14,200000,200000,6300,1,2,0.031499538351450765,0.0315,,7
F15,400000,400000,11967,1,2,0.02991750252247067,0.0299175,,7
F16,100000,100000,6082,1,2,0.060823315442769164,0.06082,,1
