Flow,Period,Deadline,Execution Time,w,h,Target_Utilization,Actual_Utilization,Utilization_Error,Queue
F1,200000,200000,7775,1,2,0.038875602949526966,0.038875,,1
F2,200000,200000,7311,1,2,0.0365545086071597,0.036555,,6
F3,400000,400000,4822,1,2,0.012055656992361108,0.012055,,2
F4,400000,400000,8797,1,2,0.0219925121281217,0.0219925,,3
F5,50000,50000,4942,1,2,0.09883845564582694,0.09884,,2
F6,400000,400000,7404,1,2,0.01851043871060032,0.01851,,1
F7,100000,100000,6461,1,2,0.06461092233268512,0.06461,,5
F8,200000,200000,11704,1,2,0.05852038843913726,0.05852,,2
F9,50000,50000,7450,1,2,0.1489981176877747,0.149,,1
F10,400000,400000,6479,1,2,0.016196610570664016,0.0161975,,5
F11,200000,200000,2745,1,2,0.013725995819412584,0.013725,,4
F12,400000,400000,600,1,2,5.642138759295867e-05,0.0015,,5
F13,400000,400000,11457,1,2,0.028641626604588466,0.0286425,,6
F14,200000,200000,1973,1,2,0.009866032139641517,0.009865,,1
F15,100000,100000,7353,1,2,0.07353223109077334,0.07353,,1
F16,50000,50000,3463,1,2,0.06926064943382021,0.06926,,6
