Flow,Period,Deadline,Execution Time,w,h,Target_Utilization,Actual_Utilization,Utilization_Error,Queue
F1,50000,50000,8820,1,2,0.17640589508038873,0.1764,,2
F2,200000,200000,4995,1,2,0.02497561311836516,0.024975,,7
F3,400000,400000,3411,1,2,0.008528744045228742,0.0085275,,3
F4,50000,50000,6286,1,2,0.12572589594830114,0.12572,,1
F5,400000,400000,6077,1,2,0.015193732264711324,0.0151925,,6
F6,400000,400000,5747,1,2,0.014367341538248923,0.0143675,,5
F7,100000,100000,8174,1,2,0.08174225499230126,0.08174,,5
F8,400000,400000,8411,1,2,0.02102652862778709,0.0210275,,6
F9,50000,50000,6799,1,2,0.13597074220660957,0.13598,,7
F10,400000,400000,2066,1,2,0.005165909334782448,0.005165,,4
F11,400000,400000,7525,1,2,0.018813366692983544,0.0188125,,1
F12,400000,400000,600,1,2,0.00029255357285629113,0.0015,,7
F13,50000,50000,3402,1,2,0.06804461565019738,0.06804,,2
F14,200000,200000,4068,1,2,0.020340299064790613,0.02034,,4
F15,400000,400000,1637,1,2,0.004092196166696139,0.0040925,,7
F16,400000,400000,7949,1,2,0.01987285013836742,0.0198725,,7
