Flow,Period,Deadline,Execution Time,w,h,Target_Utilization,Actual_Utilization,Utilization_Error,Queue
F1,400000,400000,2559,1,2,0.006398367168066965,0.0063975,,3
F2,400000,400000,600,1,2,0.0010206658349720676,0.0015,,5
F3,100000,100000,7013,1,2,0.07012536501373334,0.07013,,7
F4,400000,400000,8441,1,2,0.021103108088850187,0.0211025,,5
F5,200000,200000,9122,1,2,0.045611359124311024,0.04561,,6
F6,100000,100000,1491,1,2,0.014908812874440902,0.01491,,4
F7,400000,400000,600,1,2,0.0011780919355333097,0.0015,,2
F8,50000,50000,4392,1,2,0.08783861028281997,0.08784,,1
F9,400000,400000,600,1,2,0.0010206331249086875,0.0015,,5
F10,100000,100000,8773,1,2,0.08773441200872006,0.08773,,1
F11,200000,200000,1630,1,2,0.008150127545680785,0.00815,,7
F12,100000,100000,10128,1,2,0.1012807042016674,0.10128,,3
F13,400000,400000,5514,1,2,0.013785514201468452,0.013785,,4
F14,50000,50000,3878,1,2,0.07755609481393524,0.07756,,3
F15,100000,100000,4860,1,2,0.048600736061562344,0.0486,,2
F16,50000,50000,6676,1,2,0.13351679799885494,0.13352,,3
