Flow,Period,Deadline,Execution Time,w,h,Target_Utilization,Actual_Utilization,Utilization_Error,Queue
F1,200000,200000,6599,1,2,0.032997360966628086,0.032995,,4
F2,200000,200000,7043,1,2,0.03521558266907199,0.035215,,5
F3,400000,400000,11819,1,2,0.02954637649232361,0.0295475,,6
F4,100000,100000,7593,1,2,0.07592702316084143,0.07593,,2
F5,200000,200000,9890,1,2,0.04944792556897304,0.04945,,3
F6,100000,100000,6611,1,2,0.06610870766883781,0.06611,,1
F7,400000,400000,9046,1,2,0.02261472559968508,0.022615,,2
F8,200000,200000,3327,1,2,0.016633800520068076,0.016635,,1
F9,400000,400000,600,1,2,0.0011073628372262334,0.0015,,7
F10,200000,200000,2957,1,2,0.014785788572250269,0.014785,,7
F11,100000,100000,7015,1,2,0.07014608834575187,0.07015,,7
F12,400000,400000,3031,1,2,0.00757863251830615,0.0075775,,1
F13,200000,200000,1572,1,2,0.007858893883398166,0.00786,,5
F14,50000,50000,8846,1,2,0.17691158965241963,0.17692,,4
F15,100000,100000,7891,1,2,0.07890927292365593,0.07891,,5
F16,100000,100000,9413,1,2,0.0941278418889297,0.09413,,7
