Flow,Period,Deadline,Execution Time,w,h,Target_Utilization,Actual_Utilization,Utilization_Error,Queue
F1,50000,50000,3657,1,2,0.07314048771459158,0.07314,,3
F2,100000,100000,5273,1,2,0.05273027314128309,0.05273,,1
F3,400000,400000,7386,1,2,0.018463842387038576,0.018465,,6
F4,100000,100000,5797,1,2,0.05797070871909793,0.05797,,3
F5,50000,50000,2742,1,2,0.05483892704067095,0.05484,,4
F6,400000,400000,3871,1,2,0.009676644658447642,0.0096775,,4
F7,100000,100000,1350,1,2,0.013500858028769436,0.0135,,1
F8,100000,100000,3862,1,2,0.03861763905037596,0.03862,,2
F9,50000,50000,6360,1,2,0.12720499515096834,0.1272,,2
F10,200000,200000,7373,1,2,0.03686630881443581,0.036865,,3
F11,400000,400000,11619,1,2,0.029047078012116895,0.0290475,,5
F12,400000,400000,10529,1,2,0.026321530761976214,0.0263225,,7
F13,200000,200000,8629,1,2,0.04314348429369069,0.043145,,6
F14,400000,400000,1505,1,2,0.0037628406253239766,0.0037625,,4
F15,400000,400000,889,1,2,0.0022214831997948437,0.0022225,,1
F16,50000,50000,8053,1,2,0.161061115005738,0.16106,,5
