Flow,Period,Deadline,Execution Time,w,h,Target_Utilization,Actual_Utilization,Utilization_Error,Queue
F1,100000,100000,2052,1,2,0.02051922577847287,0.02052,,2
F2,400000,400000,1178,1,2,0.002944060866594378,0.002945,,6
F3,400000,400000,8335,1,2,0.020837732552298482,0.0208375,,7
F4,200000,200000,9562,1,2,0.04781031245534839,0.04781,,6
F5,50000,50000,8870,1,2,0.17739147455498183,0.1774,,3
F6,400000,400000,8711,1,2,0.02177770132017376,0.0217775,,5
F7,100000,100000,7081,1,2,0.07081484824207862,0.07081,,5
F8,200000,200000,11458,1,2,0.05729080421845634,0.05729,,1
F9,400000,400000,7678,1,2,0.019194089725096508,0.019195,,1
F10,400000,400000,2741,1,2,0.006851646689399971,0.0068525,,5
F11,400000,400000,6249,1,2,0.01562315436189593,0.0156225,,4
F12,200000,200000,10249,1,2,0.05124398389176396,0.051245,,4
F13,100000,100000,10731,1,2,0.10731083524724727,0.10731,,2
F14,50000,50000,3181,1,2,0.06362397996472949,0.06362,,7
F15,400000,400000,5935,1,2,0.014838672070443957,0.0148375,,7
F16,400000,400000,9407,1,2,0.02351688650563784,0.0235175,,2
