Flow,Period,Deadline,Execution Time,w,h,Target_Utilization,Actual_Utilization,Utilization_Error,Queue
F1,400000,400000,2524,1,2,0.006309501899493086,0.00631,,7
F2,400000,400000,5107,1,2,0.012768237768116975,0.0127675,,3
F3,400000,400000,8084,1,2,0.02020973311843055,0.02021,,2
F4,400000,400000,4157,1,2,0.010393151104551857,0.0103925,,6
F5,100000,100000,6635,1,2,0.06635285101200916,0.06635,,7
F6,100000,100000,7135,1,2,0.07135222427927623,0.07135,,6
F7,400000,400000,10126,1,2,0.025315523876239143,0.025315,,5
F8,100000,100000,5291,1,2,0.05291084477777175,0.05291,,1
F9,50000,50000,9027,1,2,0.18054441109309194,0.18054,,5
F10,400000,400000,7019,1,2,0.017546318270609873,0.0175475,,1
F11,100000,100000,4219,1,2,0.04219067738320975,0.04219,,4
F12,400000,400000,928,1,2,0.002320368530770056,0.00232,,4
F13,50000,50000,4000,1,2,0.07999659281080795,0.08,,2
F14,400000,400000,5051,1,2,0.0126277448030101,0.0126275,,5
F15,100000,100000,8483,1,2,0.08482739963383837,0.08483,,5
F16,50000,50000,3793,1,2,0.07586138537716361,0.07586,,3
