Flow,Period,Deadline,Execution Time,w,h,Target_Utilization,Actual_Utilization,Utilization_Error,Queue
F1,400000,400000,3934,1,2,0.009834526290671497,0.009835,,4
F2,50000,50000,6625,1,2,0.1325035123530146,0.1325,,5
F3,200000,200000,6575,1,2,0.03287550687534446,0.032875,,6
F4,100000,100000,4393,1,2,0.04393233016898035,0.04393,,6
F5,50000,50000,4128,1,2,0.08256240664365938,0.08256,,4
F6,50000,50000,2005,1,2,0.04009911244608372,0.0401,,3
F7,200000,200000,11879,1,2,0.059393676709484644,0.059395,,2
F8,50000,50000,5303,1,2,0.10606234300100476,0.10606,,6
F9,200000,200000,6453,1,2,0.03226691619026581,0.032265,,3
F10,200000,200000,3914,1,2,0.019570843489477158,0.01957,,4
F11,200000,200000,5373,1,2,0.02686393882385138,0.026865,,2
F12,400000,400000,4168,1,2,0.010421139851688077,0.01042,,5
F13,400000,400000,6673,1,2,0.016682027823490486,0.0166825,,5
F14,400000,400000,2181,1,2,0.005451659354040156,0.0054525,,6
F15,50000,50000,3463,1,2,0.0692617643519743,0.06926,,5
F16,100000,100000,9388,1,2,0.09388338451257348,0.09388,,2
