Flow,Period,Deadline,Execution Time,w,h,Target_Utilization,Actual_Utilization,Utilization_Error,Queue
F1,400000,400000,11755,1,2,0.029387060887096306,0.0293875,,4
F2,400000,400000,1108,1,2,0.0027704047448429137,0.00277,,7
F3,200000,200000,6409,1,2,0.032043884235262166,0.032045,,2
F4,50000,50000,6036,1,2,0.12071550496946759,0.12072,,3
F5,200000,200000,9255,1,2,0.04627485284064148,0.046275,,5
F6,100000,100000,10361,1,2,0.10360697932042118,0.10361,,3
F7,100000,100000,7603,1,2,0.07602906887718947,0.07603,,2
F8,400000,400000,7652,1,2,0.019130819941089117,0.01913,,4
F9,400000,400000,8374,1,2,0.020935071416807505,0.020935,,1
F10,50000,50000,3135,1,2,0.06270132986466934,0.0627,,4
F11,50000,50000,2349,1,2,0.046980634864278115,0.04698,,6
F12,400000,400000,2845,1,2,0.007113488075386254,0.0071125,,3
F13,50000,50000,3351,1,2,0.06701687433543116,0.06702,,5
F14,400000,400000,2203,1,2,0.005507218841213052,0.0055075,,2
F15,400000,400000,9942,1,2,0.02485536396082136,0.024855,,3
F16,200000,200000,8853,1,2,0.04426561594515144,0.044265,,6
