Flow,Period,Deadline,Execution Time,w,h,Target_Utilization,Actual_Utilization,Utilization_Error,Queue
F1,400000,400000,11797,1,2,0.029492706448873363,0.0294925,,2
F2,400000,400000,10739,1,2,0.02684857149049802,0.0268475,,3
F3,200000,200000,7993,1,2,0.039964809152765346,0.039965,,5
F4,200000,200000,2650,1,2,0.013248812795261466,0.01325,,7
F5,200000,200000,6527,1,2,0.03263251608731976,0.032635,,5
F6,50000,50000,1153,1,2,0.023060918396347163,0.02306,,2
F7,50000,50000,6990,1,2,0.13980947638472607,0.1398,,5
F8,100000,100000,3086,1,2,0.030860120845002392,0.03086,,7
F9,50000,50000,10000,1,2,0.20000239667867428,0.2,,2
F10,400000,400000,10007,1,2,0.025018468792262577,0.0250175,,3
F11,100000,100000,10155,1,2,0.10155296656922824,0.10155,,1
F12,100000,100000,3452,1,2,0.034521488730895146,0.03452,,3
F13,400000,400000,2355,1,2,0.005888384074176023,0.0058875,,6
F14,400000,400000,1611,1,2,0.004027667227626687,0.0040275,,4
F15,400000,400000,10309,1,2,0.025772280929897112,0.0257725,,5
F16,400000,400000,2113,1,2,0.0052826239929900255,0.0052825,,1
