Flow,Period,Deadline,Execution Time,w,h,Target_Utilization,Actual_Utilization,Utilization_Error,Queue
F1,400000,400000,600,1,2,0.001209528259256798,0.0015,,3
F2,400000,400000,600,1,2,0.0010978804856164315,0.0015,,6
F3,50000,50000,6323,1,2,0.12645646142990274,0.12646,,5
F4,50000,50000,6009,1,2,0.1201805533214918,0.12018,,4
F5,400000,400000,1195,1,2,0.0029866553462966072,0.0029875,,5
F6,400000,400000,1975,1,2,0.004937563693534652,0.0049375,,5
F7,50000,50000,8590,1,2,0.17179038195941265,0.1718,,6
F8,200000,200000,9952,1,2,0.04976236521349647,0.04976,,2
F9,400000,400000,9385,1,2,0.02346336747572475,0.0234625,,1
F10,50000,50000,6286,1,2,0.12572454403977038,0.12572,,1
F11,100000,100000,1711,1,2,0.01711089195187883,0.01711,,3
F12,400000,400000,10563,1,2,0.026408035826803525,0.0264075,,7
F13,400000,400000,10275,1,2,0.025686528622831092,0.0256875,,5
F14,400000,400000,4579,1,2,0.011448087349808941,0.0114475,,1
F15,400000,400000,7476,1,2,0.018691011613446617,0.01869,,7
F16,400000,400000,1162,1,2,0.002906215881007108,0.002905,,7
