Flow,Period,Deadline,Execution Time,w,h,Target_Utilization,Actual_Utilization,Utilization_Error,Queue
F1,400000,400000,4498,1,2,0.01124546567962581,0.011245,,4
F2,100000,100000,6664,1,2,0.06664213643689565,0.06664,,3
F3,400000,400000,6475,1,2,0.016186732713333707,0.0161875,,5
F4,200000,200000,10839,1,2,0.054195109068682634,0.054195,,3
F5,50000,50000,3049,1,2,0.06097927123252955,0.06098,,6
F6,200000,200000,10975,1,2,0.05487488195535184,0.054875,,6
F7,50000,50000,4159,1,2,0.08317630368687634,0.08318,,6
F8,400000,400000,600,1,2,0.0011275466367419718,0.0015,,1
F9,100000,100000,3229,1,2,0.03229013851933599,0.03229,,7
F10,50000,50000,4140,1,2,0.08279789685082645,0.0828,,6
F11,200000,200000,11602,1,2,0.05800794752594979,0.05801,,1
F12,200000,200000,6957,1,2,0.034785191989925496,0.034785,,2
F13,200000,200000,2504,1,2,0.012519001757265558,0.01252,,1
F14,200000,200000,11839,1,2,0.05919421359437138,0.059195,,5
F15,50000,50000,3617,1,2,0.07234048620777912,0.07234,,6
F16,50000,50000,3735,1,2,0.07469901319817703,0.0747,,6
