Flow,Period,Deadline,Execution Time,w,h,Target_Utilization,Actual_Utilization,Utilization_Error,Queue
F1,100000,100000,6932,1,2,0.06932264654400078,0.06932,,7
F2,100000,100000,5973,1,2,0.05973039257774049,0.05973,,1
F3,100000,100000,7431,1,2,0.07430560785227047,0.07431,,7
F4,200000,200000,11081,1,2,0.05540353169227957,0.055405,,6
F5,400000,400000,6016,1,2,0.015041107131200104,0.01504,,3
F6,50000,50000,6449,1,2,0.12898654298855894,0.12898,,1
F7,400000,400000,3626,1,2,0.009065268239984214,0.009065,,5
F8,400000,400000,8925,1,2,0.02231361799691156,0.0223125,,7
F9,400000,400000,600,1,2,0.00038608041709803365,0.0015,,6
F10,200000,200000,9945,1,2,0.049724906625315646,0.049725,,5
F11,100000,100000,6778,1,2,0.06778063350972685,0.06778,,2
F12,400000,400000,11761,1,2,0.02940360544150336,0.0294025,,3
F13,100000,100000,10775,1,2,0.10774842841483134,0.10775,,5
F14,400000,400000,9397,1,2,0.023492721546397678,0.0234925,,4
F15,400000,400000,8794,1,2,0.021984319604577945,0.021985,,1
F16,400000,400000,3681,1,2,0.009203741923067076,0.0092025,,2
