Flow,Period,Deadline,Execution Time,w,h,Target_Utilization,Actual_Utilization,Utilization_Error,Queue
F1,50000,50000,6088,1,2,0.12176925737723532,0.12176,,5
F2,100000,100000,9146,1,2,0.09146296779141161,0.09146,,1
F3,100000,100000,5017,1,2,0.05016973153366461,0.05017,,1
F4,400000,400000,10109,1,2,0.025272496688994894,0.0252725,,3
F5,400000,400000,600,1,2,0.00048459433862446666,0.0015,,4
F6,200000,200000,6859,1,2,0.03429353528316176,0.034295,,5
F7,400000,400000,4528,1,2,0.01131951365812145,0.01132,,6
F8,50000,50000,1340,1,2,0.02679934273585044,0.0268,,5
F9,50000,50000,3612,1,2,0.07223806549789408,0.07224,,4
F10,400000,400000,11480,1,2,0.028699042667271107,0.0287,,7
F11,100000,100000,11948,1,2,0.1194778310405302,0.11948,,4
F12,100000,100000,1201,1,2,0.012010379405620122,0.01201,,4
F13,200000,200000,2965,1,2,0.01482559431512405,0.014825,,1
F14,400000,400000,925,1,2,0.0023128958070841865,0.0023125,,4
F15,200000,200000,1558,1,2,0.007790760740275099,0.00779,,2
F16,50000,50000,4498,1,2,0.08995546887663405,0.08996,,5
