Flow,Period,Deadline,Execution Time,w,h,Target_Utilization,Actual_Utilization,Utilization_Error,Queue
F1,400000,400000,978,1,2,0.0024445466411380234,0.002445,,5
F2,100000,100000,7645,1,2,0.07645244507361981,0.07645,,2
F3,100000,100000,6728,1,2,0.06728433467879968,0.06728,,5
F4,400000,400000,600,1,2,0.00022067161844896432,0.0015,,6
F5,50000,50000,8377,1,2,0.16754891801973654,0.16754,,6
F6,400000,400000,2877,1,2,0.007192140001327563,0.0071925,,7
F7,50000,50000,2756,1,2,0.05511799836992454,0.05512,,3
F8,200000,200000,11979,1,2,0.059896195640646965,0.059895,,4
F9,100000,100000,4237,1,2,0.04236989898908183,0.04237,,1
F10,400000,400000,10822,1,2,0.02705444906580784,0.027055,,5
F11,200000,200000,1099,1,2,0.005494192549234611,0.005495,,3
F12,400000,400000,1173,1,2,0.0029315234214849772,0.0029325,,2
F13,400000,400000,6491,1,2,0.016228149781986778,0.0162275,,1
F14,400000,400000,6985,1,2,0.01746255273330602,0.0174625,,2
F15,200000,200000,6565,1,2,0.0328245494158349,0.032825,,4
F16,50000,50000,9104,1,2,0.1820762719511157,0.18208,,7
