Flow,Period,Deadline,Execution Time,w,h,Target_Utilization,Actual_Utilization,Utilization_Error,Queue
F1,100000,100000,6893,1,2,0.06893458102005268,0.06893,,6
F2,200000,200000,9337,1,2,0.04668619099213989,0.046685,,5
F3,400000,400000,7241,1,2,0.018103563194752814,0.0181025,,6
F4,100000,100000,6506,1,2,0.0650556981497904,0.06506,,6
F5,400000,400000,2938,1,2,0.007344029608094216,0.007345,,7
F6,400000,400000,3482,1,2,0.008704793139093892,0.008705,,2
F7,100000,100000,6217,1,2,0.062170291610531836,0.06217,,1
F8,100000,100000,8578,1,2,0.08578160681918989,0.08578,,6
F9,200000,200000,11235,1,2,0.05617623628915114,0.056175,,6
F10,400000,400000,6567,1,2,0.01641866675380954,0.0164175,,4
F11,100000,100000,7887,1,2,0.07886604266858058,0.07887,,6
F12,50000,50000,6415,1,2,0.12830054398286705,0.1283,,6
F13,100000,100000,5109,1,2,0.05109071327702164,0.05109,,4
F14,400000,400000,6827,1,2,0.01706742469685163,0.0170675,,1
F15,400000,400000,10939,1,2,0.027347573514266615,0.0273475,,2
F16,200000,200000,4081,1,2,0.02040495322064756,0.020405,,3
