Flow,Period,Deadline,Execution Time,w,h,Target_Utilization,Actual_Utilization,Utilization_Error,Queue
F1,100000,100000,10264,1,2,0.10264324186483764,0.10264,,4
F2,200000,200000,9957,1,2,0.04978500942607644,0.049785,,5
F3,100000,100000,9529,1,2,0.09528743263175299,0.09529,,7
F4,100000,100000,5647,1,2,0.056472443074510104,0.05647,,3
F5,200000,200000,10232,1,2,0.05115831704470447,0.05116,,2
F6,200000,200000,6387,1,2,0.03193591111064026,0.031935,,7
F7,400000,400000,8887,1,2,0.02221855035620235,0.0222175,,2
F8,400000,400000,600,1,2,0.00039816041786377987,0.0015,,3
F9,100000,100000,2353,1,2,0.02353064547610495,0.02353,,1
F10,200000,200000,4007,1,2,0.020034424209767088,0.020035,,7
F11,400000,400000,11688,1,2,0.029220115401483227,0.02922,,2
F12,100000,100000,3360,1,2,0.03359924997956229,0.0336,,3
F13,200000,200000,8854,1,2,0.04427090702740147,0.04427,,4
F14,100000,100000,7611,1,2,0.07611129525591606,0.07611,,4
F15,100000,100000,6064,1,2,0.060641840033897436,0.06064,,7
F16,50000,50000,2515,1,2,0.05029820831704133,0.0503,,1
