Flow,Period,Deadline,Execution Time,w,h,Target_Utilization,Actual_Utilization,Utilization_Error,Queue
F1,100000,100000,5061,1,2,0.05061124741001288,0.05061,,5
F2,400000,400000,600,1,2,0.0013400143737717363,0.0015,,7
F3,200000,200000,3772,1,2,0.018859669406622093,0.01886,,2
F4,200000,200000,11230,1,2,0.05615110283616853,0.05615,,6
F5,200000,200000,9879,1,2,0.04939430340145767,0.049395,,1
F6,400000,400000,2943,1,2,0.007356288598992067,0.0073575,,6
F7,100000,100000,7303,1,2,0.07303131577442079,0.07303,,5
F8,400000,400000,2070,1,2,0.005175247153612006,0.005175,,3
F9,50000,50000,4208,1,2,0.0841599396328006,0.08416,,7
F10,100000,100000,8825,1,2,0.08824976485990493,0.08825,,1
F11,200000,200000,640,1,2,0.00319984508135962,0.0032,,2
F12,100000,100000,6271,1,2,0.06271133470687376,0.06271,,7
F13,100000,100000,6717,1,2,0.06716616119349364,0.06717,,1
F14,50000,50000,6439,1,2,0.12877684840031314,0.12878,,7
F15,400000,400000,6847,1,2,0.017116642389959226,0.0171175,,4
F16,400000,400000,9741,1,2,0.024352644569529014,0.0243525,,7
