Flow,Period,Deadline,Execution Time,w,h,Target_Utilization,Actual_Utilization,Utilization_Error,Queue
F1,400000,400000,6510,1,2,0.01627488262769583,0.016275,,3
F2,50000,50000,631,1,2,0.012620052784016678,0.01262,,3
F3,100000,100000,3588,1,2,0.035877789704685026,0.03588,,2
F4,400000,400000,11517,1,2,0.028792536196589058,0.0287925,,4
F5,100000,100000,7833,1,2,0.07832613629489482,0.07833,,3
F6,100000,100000,8210,1,2,0.08209957986205518,0.0821,,7
F7,200000,200000,11076,1,2,0.05537879801944812,0.05538,,4
F8,200000,200000,8109,1,2,0.04054595583348136,0.040545,,7
F9,400000,400000,7399,1,2,0.01849842881922581,0.0184975,,5
F10,400000,400000,1057,1,2,0.0026416333854542007,0.0026425,,5
F11,50000,50000,3923,1,2,0.0784611613459893,0.07846,,2
F12,100000,100000,9440,1,2,0.09440173182039024,0.0944,,1
F13,400000,400000,7726,1,2,0.019313782392096662,0.019315,,6
F14,50000,50000,4859,1,2,0.09718477894954597,0.09718,,7
F15,200000,200000,8775,1,2,0.04387341797556573,0.043875,,6
F16,200000,200000,8324,1,2,0.04161999133383643,0.04162,,1
