Flow,Period,Deadline,Execution Time,w,h,Target_Utilization,Actual_Utilization,Utilization_Error,Queue
F1,50000,50000,6317,1,2,0.12634276948903989,0.12634,,5
F2,100000,100000,7315,1,2,0.07315039454034677,0.07315,,5
F3,50000,50000,5017,1,2,0.10033571263041191,0.10034,,2
F4,400000,400000,600,1,2,0.00015678584472039736,0.0015,,1
F5,100000,100000,3653,1,2,0.03652947015269831,0.03653,,3
F6,50000,50000,6322,1,2,0.12644029046938554,0.12644,,1
F7,400000,400000,9138,1,2,0.022843819976642532,0.022845,,4
F8,200000,200000,8177,1,2,0.04088541209536928,0.040885,,7
F9,100000,100000,10168,1,2,0.10168288455799246,0.10168,,4
F10,100000,100000,7922,1,2,0.07922326804551294,0.07922,,1
F11,400000,400000,1395,1,2,0.003488150966463835,0.0034875,,3
F12,400000,400000,1949,1,2,0.004872809958400795,0.0048725,,2
F13,400000,400000,6551,1,2,0.016376843885491925,0.0163775,,4
F14,100000,100000,899,1,2,0.008991011990311958,0.00899,,2
F15,400000,400000,9657,1,2,0.02414220520453627,0.0241425,,2
F16,400000,400000,7227,1,2,0.018068235236768253,0.0180675,,1
