Flow,Period,Deadline,Execution Time,w,h,Target_Utilization,Actual_Utilization,Utilization_Error,Queue
F1,400000,400000,5019,1,2,0.012547197988035053,0.0125475,,1
F2,50000,50000,4578,1,2,0.09155599671228343,0.09156,,3
F3,50000,50000,5758,1,2,0.11515733035500797,0.11516,,3
F4,200000,200000,7400,1,2,0.03700172365363957,0.037,,3
F5,400000,400000,5030,1,2,0.012575696374493295,0.012575,,7
F6,100000,100000,10515,1,2,0.10514606780990343,0.10515,,2
F7,400000,400000,6630,1,2,0.01657394414957375,0.016575,,5
F8,200000,200000,7291,1,2,0.036454097083329084,0.036455,,6
F9,50000,50000,3689,1,2,0.07378403319678345,0.07378,,2
F10,200000,200000,7753,1,2,0.038766284493724296,0.038765,,5
F11,400000,400000,7869,1,2,0.019672105956874936,0.0196725,,7
F12,400000,400000,3911,1,2,0.009776386048948815,0.0097775,,6
F13,50000,50000,4045,1,2,0.0809028071857505,0.0809,,5
F14,200000,200000,11809,1,2,0.059046163616298296,0.059045,,4
F15,400000,400000,10873,1,2,0.02718354550062439,0.0271825,,1
F16,400000,400000,5871,1,2,0.014677999433858595,0.0146775,,3
