Flow,Period,Deadline,Execution Time,w,h,Target_Utilization,Actual_Utilization,Utilization_Error,Queue
F1,400000,400000,8530,1,2,0.021326234660449805,0.021325,,3
F2,200000,200000,6679,1,2,0.03339483408178934,0.033395,,4
F3,100000,100000,777,1,2,0.0077691977162539505,0.00777,,3
F4,400000,400000,3053,1,2,0.007632329541724658,0.0076325,,4
F5,400000,400000,7787,1,2,0.019467061672241548,0.0194675,,6
F6,50000,50000,7871,1,2,0.15742943487850414,0.15742,,6
F7,200000,200000,4079,1,2,0.020393848886707477,0.020395,,2
F8,100000,100000,9945,1,2,0.09945104904826074,0.09945,,5
F9,100000,100000,9079,1,2,0.0907870890978707,0.09079,,5
F10,400000,400000,10269,1,2,0.025672688372857355,0.0256725,,7
F11,200000,200000,10587,1,2,0.052935992635295304,0.052935,,2
F12,100000,100000,4804,1,2,0.048037710080916146,0.04804,,2
F13,100000,100000,9565,1,2,0.09564577144921016,0.09565,,6
F14,50000,50000,897,1,2,0.017938990629701695,0.01794,,7
F15,200000,200000,10311,1,2,0.051556060342962534,0.051555,,6
F16,200000,200000,7821,1,2,0.039105055044542175,0.039105,,5
