Flow,Period,Deadline,Execution Time,w,h,Target_Utilization,Actual_Utilization,Utilization_Error,Queue
F1,200000,200000,7829,1,2,0.039144470573795,0.039145,,7
F2,400000,400000,650,1,2,0.0016249472634585205,0.001625,,6
F3,400000,400000,4526,1,2,0.011315802495272309,0.011315,,5
F4,200000,200000,7631,1,2,0.03815252222199972,0.038155,,2
F5,50000,50000,4970,1,2,0.09939731102443872,0.0994,,2
F6,200000,200000,851,1,2,0.004256160025996492,0.004255,,1
F7,50000,50000,7277,1,2,0.14553432637850727,0.14554,,5
F8,400000,400000,7830,1,2,0.019575583236062122,0.019575,,6
F9,400000,400000,6275,1,2,0.015687445343248563,0.0156875,,1
F10,100000,100000,1607,1,2,0.016069765340321618,0.01607,,7
F11,100000,100000,5833,1,2,0.058332289358142,0.05833,,4
F12,50000,50000,12000,1,2,0.2448176394310428,0.24,,5
F13,100000,100000,1082,1,2,0.010820408955012503,0.01082,,7
F14,200000,200000,7334,1,2,0.03667018380569357,0.03667,,3
F15,400000,400000,11272,1,2,0.028179497530878193,0.02818,,4
F16,200000,200000,2451,1,2,0.012256248403877804,0.012255,,2
