Flow,Period,Deadline,Execution Time,w,h,Target_Utilization,Actual_Utilization,Utilization_Error,Queue
F1,50000,50000,9646,1,2,0.19292725756612072,0.19292,,5
F2,400000,400000,11060,1,2,0.0276503194585066,0.02765,,5
F3,100000,100000,1743,1,2,0.017430452596849833,0.01743,,2
F4,400000,400000,3921,1,2,0.009803358576755072,0.0098025,,3
F5,400000,400000,724,1,2,0.0018100600212219153,0.00181,,4
F6,100000,100000,8403,1,2,0.08403166153900776,0.08403,,1
F7,200000,200000,3584,1,2,0.017919047692934065,0.01792,,7
F8,200000,200000,5917,1,2,0.029584377047792598,0.029585,,3
F9,200000,200000,694,1,2,0.0034701660706842885,0.00347,,4
F10,100000,100000,3287,1,2,0.032872128295112546,0.03287,,1
F11,200000,200000,4258,1,2,0.021290570720876423,0.02129,,6
F12,50000,50000,3136,1,2,0.06271984410418655,0.06272,,2
F13,400000,400000,9175,1,2,0.02293693288341009,0.0229375,,1
F14,200000,200000,7075,1,2,0.035373990586046344,0.035375,,5
F15,100000,100000,7267,1,2,0.07266704664530375,0.07267,,7
F16,100000,100000,8775,1,2,0.08775404655356621,0.08775,,2
