Flow,Period,Deadline,Execution Time,w,h,Target_Utilization,Actual_Utilization,Utilization_Error,Queue
F1,100000,100000,9702,1,2,0.09702165083503589,0.09702,,5
F2,100000,100000,4923,1,2,0.04922825255507912,0.04923,,2
F3,200000,200000,6166,1,2,0.030830387518963276,0.03083,,7
F4,400000,400000,3267,1,2,0.008167829575424723,0.0081675,,3
F5,400000,400000,6460,1,2,0.0161505065574572,0.01615,,5
F6,400000,400000,6855,1,2,0.017136428717510865,0.0171375,,6
F7,200000,200000,10038,1,2,0.050191680449130305,0.05019,,4
F8,200000,200000,10721,1,2,0.053606897695196776,0.053605,,2
F9,50000,50000,5084,1,2,0.1016826784982583,0.10168,,7
F10,400000,400000,11573,1,2,0.02893370759623526,0.0289325,,3
F11,50000,50000,7204,1,2,0.14407722183255062,0.14408,,7
F12,400000,400000,1267,1,2,0.0031685604030449316,0.0031675,,1
F13,400000,400000,2400,1,2,0.00599919074611488,0.006,,4
F14,50000,50000,3250,1,2,0.0649964010990833,0.065,,3
F15,200000,200000,1462,1,2,0.007309647177233071,0.00731,,7
F16,200000,200000,8927,1,2,0.04463341822838438,0.044635,,1
