Flow,Period,Deadline,Execution Time,w,h,Target_Utilization,Actual_Utilization,Utilization_Error,Queue
F1,400000,400000,7839,1,2,0.019596680817643763,0.0195975,,6
F2,200000,200000,10703,1,2,0.05351259178855794,0.053515,,3
F3,100000,100000,6963,1,2,0.06963320934984918,0.06963,,4
F4,200000,200000,6546,1,2,0.032731932368708416,0.03273,,4
F5,400000,400000,9309,1,2,0.023272847115793027,0.0232725,,5
F6,50000,50000,5108,1,2,0.10216156107185403,0.10216,,4
F7,400000,400000,5507,1,2,0.013768544955895079,0.0137675,,6
F8,200000,200000,2179,1,2,0.010896205253135727,0.010895,,4
F9,400000,400000,5095,1,2,0.012738008755050045,0.0127375,,5
F10,100000,100000,1248,1,2,0.012479902096432072,0.01248,,1
F11,100000,100000,8507,1,2,0.08507246671984509,0.08507,,1
F12,50000,50000,4955,1,2,0.09910229424577383,0.0991,,6
F13,50000,50000,2826,1,2,0.0565209230999591,0.05652,,5
F14,400000,400000,6715,1,2,0.016786469678595012,0.0167875,,7
F15,400000,400000,8989,1,2,0.022472925428499296,0.0224725,,1
F16,50000,50000,6776,1,2,0.1355146133591687,0.13552,,1
