Flow,Period,Deadline,Execution Time,w,h,Target_Utilization,Actual_Utilization,Utilization_Error,Queue
F1,200000,200000,9102,1,2,0.04550832507358715,0.04551,,3
F2,400000,400000,8514,1,2,0.021284806675782697,0.021285,,5
F3,200000,200000,5916,1,2,0.029580949796440326,0.02958,,6
F4,400000,400000,1123,1,2,0.002808380906783259,0.0028075,,7
F5,100000,100000,10767,1,2,0.10767069527100692,0.10767,,3
F6,400000,400000,9703,1,2,0.024257610834846677,0.0242575,,1
F7,400000,400000,9347,1,2,0.023366565705270403,0.0233675,,4
F8,100000,100000,8559,1,2,0.08558612870676358,0.08559,,2
F9,200000,200000,1555,1,2,0.007776133751558223,0.007775,,6
F10,400000,400000,3148,1,2,0.007869860185288624,0.00787,,7
F11,400000,400000,7967,1,2,0.019916392258909066,0.0199175,,2
F12,100000,100000,8238,1,2,0.08238157392078771,0.08238,,3
F13,100000,100000,8576,1,2,0.08575500675171344,0.08576,,3
F14,200000,200000,10659,1,2,0.05329276847553929,0.053295,,1
F15,200000,200000,9252,1,2,0.04625758481517987,0.04626,,2
F16,50000,50000,6142,1,2,0.12284951656831537,0.12284,,3
