Flow,Period,Deadline,Execution Time,w,h,Target_Utilization,Actual_Utilization,Utilization_Error,Queue
F1,400000,400000,1098,1,2,0.0027448445877107375,0.002745,,1
F2,50000,50000,3256,1,2,0.06511941449916048,0.06512,,2
F3,400000,400000,3163,1,2,0.007907790095838974,0.0079075,,4
F4,200000,200000,7819,1,2,0.03909256087556201,0.039095,,2
F5,400000,400000,641,1,2,0.0016013542331609343,0.0016025,,7
F6,400000,400000,1357,1,2,0.0033918691445619653,0.0033925,,5
F7,100000,100000,778,1,2,0.0077800559780757395,0.00778,,5
F8,400000,400000,1689,1,2,0.00422198270950741,0.0042225,,2
F9,400000,400000,3095,1,2,0.007736672655605015,0.0077375,,3
F10,400000,400000,5139,1,2,0.012847665823711107,0.0128475,,5
F11,400000,400000,2017,1,2,0.005042799339788406,0.0050425,,7
F12,100000,100000,3171,1,2,0.03171146935634467,0.03171,,6
F13,400000,400000,7942,1,2,0.01985382697400151,0.019855,,6
F14,400000,400000,600,1,2,0.0003362714505892872,0.0015,,6
F15,400000,400000,3387,1,2,0.008468507568700767,0.0084675,,1
F16,400000,400000,600,1,2,0.0012284917545919982,0.0015,,7
F17,400000,400000,5170,1,2,0.012925693648188297,0.012925,,2
F18,400000,400000,4735,1,2,0.01183791542080026,0.0118375,,6
F19,200000,200000,6665,1,2,0.03332642741009678,0.033325,,5
F20,200000,200000,10184,1,2,0.0509224200690212,0.05092,,6
F21,400000,400000,600,1,2,0.000520993237071693,0.0015,,3
F22,100000,100000,909,1,2,0.009091169981294056,0.00909,,6
F23,400000,400000,8450,1,2,0.021124151421456044,0.021125,,5
F24,400000,400000,691,1,2,0.00172763136784701,0.0017275,,6
F25,200000,200000,3141,1,2,0.01570472206266285,0.015705,,1
F26,200000,200000,10315,1,2,0.051573528521154655,0.051575,,2
F27,200000,200000,10281,1,2,0.05140562734760121,0.051405,,2
F28,400000,400000,3773,1,2,0.009432038511732993,0.0094325,,2
F29,400000,400000,9619,1,2,0.02404847784467501,0.0240475,,2
F30,200000,200000,3874,1,2,0.01936888225425577,0.01937,,3
F31,50000,50000,1263,1,2,0.025261084063635433,0.02526,,2
F32,400000,400000,1269,1,2,0.003172751442676956,0.0031725,,4
