Flow,Period,Deadline,Execution Time,w,h,Target_Utilization,Actual_Utilization,Utilization_Error,Queue
F1,400000,400000,5571,1,2,0.013926703064972124,0.0139275,,5
F2,400000,400000,6175,1,2,0.01543716736944134,0.0154375,,6
F3,400000,400000,4693,1,2,0.011733728499554341,0.0117325,,7
F4,400000,400000,10223,1,2,0.02555772411067392,0.0255575,,3
F5,400000,400000,5167,1,2,0.012917445919436554,0.0129175,,4
F6,100000,100000,763,1,2,0.007628881610300509,0.00763,,2
F7,400000,400000,10199,1,2,0.025498357744134337,0.0254975,,4
F8,100000,100000,6526,1,2,0.06525921551760366,0.06526,,4
F9,400000,400000,6327,1,2,0.015816861232341495,0.0158175,,4
F10,200000,200000,3318,1,2,0.01659031289139623,0.01659,,3
F11,400000,400000,7677,1,2,0.019192073959500955,0.0191925,,4
F12,400000,400000,2145,1,2,0.005363426945871552,0.0053625,,6
F13,400000,400000,818,1,2,0.002046231765207851,0.002045,,7
F14,400000,400000,2241,1,2,0.005603405188885413,0.0056025,,3
F15,400000,400000,11714,1,2,0.029284303882329,0.029285,,6
F16,400000,400000,1734,1,2,0.004335362126020981,0.004335,,2
F17,400000,400000,4877,1,2,0.012191558148463677,0.0121925,,6
F18,50000,50000,690,1,2,0.01379957115820818,0.0138,,2
F19,200000,200000,9019,1,2,0.045095745425659,0.045095,,6
F20,200000,200000,6902,1,2,0.03450824124524515,0.03451,,4
F21,400000,400000,2233,1,2,0.0055830117004851965,0.0055825,,4
F22,400000,400000,5970,1,2,0.014925257014961973,0.014925,,7
F23,400000,400000,2634,1,2,0.0065842490100906925,0.006585,,1
F24,200000,200000,3777,1,2,0.018884165777843548,0.018885,,5
F25,200000,200000,4697,1,2,0.023485172894394862,0.023485,,6
F26,400000,400000,1776,1,2,0.0044412327913165295,0.00444,,5
F27,400000,400000,8177,1,2,0.02044230369513332,0.0204425,,3
F28,200000,200000,10349,1,2,0.05174605021311185,0.051745,,4
F29,200000,200000,7847,1,2,0.03923494794550558,0.039235,,3
F30,400000,400000,643,1,2,0.0016070830470289454,0.0016075,,1
F31,50000,50000,653,1,2,0.01305883259245232,0.01306,,3
F32,400000,400000,3171,1,2,0.007927441273736815,0.0079275,,5
