Flow,Period,Deadline,Execution Time,w,h,Target_Utilization,Actual_Utilization,Utilization_Error,Queue
F1,200000,200000,6779,1,2,0.03389685344293636,0.033895,,1
F2,200000,200000,2435,1,2,0.01217406277388311,0.012175,,7
F3,400000,400000,3958,1,2,0.009895912031351817,0.009895,,5
F4,400000,400000,600,1,2,0.0007069298866019813,0.0015,,3
F5,400000,400000,8555,1,2,0.021386638059592067,0.0213875,,3
F6,100000,100000,1355,1,2,0.013549635705490282,0.01355,,3
F7,400000,400000,897,1,2,0.002242518121624404,0.0022425,,4
F8,200000,200000,7971,1,2,0.039853810834146186,0.039855,,5
F9,200000,200000,9712,1,2,0.04856064910911456,0.04856,,3
F10,200000,200000,1264,1,2,0.006320132671874645,0.00632,,6
F11,400000,400000,3445,1,2,0.008612015987492616,0.0086125,,7
F12,200000,200000,9610,1,2,0.04804916519485086,0.04805,,7
F13,400000,400000,2559,1,2,0.006398683338824318,0.0063975,,4
F14,400000,400000,4517,1,2,0.011291415881557465,0.0112925,,1
F15,200000,200000,4577,1,2,0.022886009614658587,0.022885,,2
F16,400000,400000,4749,1,2,0.011872041018261753,0.0118725,,3
F17,200000,200000,3713,1,2,0.018565345873788858,0.018565,,2
F18,200000,200000,10093,1,2,0.0504643257013917,0.050465,,5
F19,400000,400000,2175,1,2,0.0054384183579206935,0.0054375,,5
F20,400000,400000,750,1,2,0.0018741876387387002,0.001875,,7
F21,400000,400000,963,1,2,0.0024084607830471283,0.0024075,,7
F22,50000,50000,880,1,2,0.017599629143767614,0.0176,,1
F23,400000,400000,1497,1,2,0.003743685626185156,0.0037425,,2
F24,400000,400000,7309,1,2,0.018272533301717256,0.0182725,,7
F25,100000,100000,767,1,2,0.007670840860503569,0.00767,,2
F26,400000,400000,5137,1,2,0.012842180389028249,0.0128425,,2
F27,400000,400000,1199,1,2,0.002997797793461446,0.0029975,,3
F28,400000,400000,5935,1,2,0.014838147798812332,0.0148375,,6
F29,200000,200000,3167,1,2,0.01583618418293402,0.015835,,5
F30,200000,200000,917,1,2,0.004585402602937258,0.004585,,1
F31,400000,400000,3566,1,2,0.008913805660983952,0.008915,,6
F32,200000,200000,10757,1,2,0.053782913607388357,0.053785,,7
