Flow,Period,Deadline,Execution Time,w,h,Target_Utilization,Actual_Utilization,Utilization_Error,Queue
F1,100000,100000,3439,1,2,0.03439058265979367,0.03439,,2
F2,400000,400000,10831,1,2,0.027077940816948476,0.0270775,,1
F3,400000,400000,1227,1,2,0.0030685671062297137,0.0030675,,7
F4,400000,400000,769,1,2,0.001921916931854173,0.0019225,,2
F5,400000,400000,1047,1,2,0.002616845751795438,0.0026175,,2
F6,400000,400000,11155,1,2,0.02788652420105514,0.0278875,,7
F7,400000,400000,8153,1,2,0.020382574059406577,0.0203825,,7
F8,400000,400000,842,1,2,0.0021041916630537005,0.002105,,5
F9,100000,100000,4162,1,2,0.04162232472783395,0.04162,,1
F10,400000,400000,600,1,2,0.00021355058617128497,0.0015,,7
F11,400000,400000,11279,1,2,0.028197876092451668,0.0281975,,2
F12,50000,50000,2367,1,2,0.04734036583990986,0.04734,,2
F13,50000,50000,3730,1,2,0.07459805013071141,0.0746,,2
F14,200000,200000,2923,1,2,0.014614162741587333,0.014615,,5
F15,200000,200000,2559,1,2,0.012794493822058606,0.012795,,1
F16,400000,400000,2217,1,2,0.005542338168603195,0.0055425,,3
F17,400000,400000,600,1,2,0.0005767747277307944,0.0015,,5
F18,400000,400000,7093,1,2,0.017733188062169086,0.0177325,,6
F19,200000,200000,3400,1,2,0.016998817178855236,0.017,,4
F20,200000,200000,6479,1,2,0.03239362181658881,0.032395,,1
F21,400000,400000,8493,1,2,0.02123126624218355,0.0212325,,1
F22,400000,400000,7833,1,2,0.019581822914277236,0.0195825,,2
F23,400000,400000,10481,1,2,0.02620197108472723,0.0262025,,2
F24,200000,200000,1075,1,2,0.005374869472668242,0.005375,,4
F25,400000,400000,4893,1,2,0.012231267746970143,0.0122325,,4
F26,400000,400000,4877,1,2,0.012191982348728647,0.0121925,,7
F27,400000,400000,4525,1,2,0.011313385011599585,0.0113125,,5
F28,400000,400000,4999,1,2,0.012498420674375704,0.0124975,,6
F29,200000,200000,1184,1,2,0.005920995277615769,0.00592,,6
F30,400000,400000,2767,1,2,0.006917982688522464,0.0069175,,1
F31,400000,400000,4749,1,2,0.01187134117529439,0.0118725,,2
F32,200000,200000,4377,1,2,0.021884924503354768,0.021885,,7
