Flow,Period,Deadline,Execution Time,w,h,Target_Utilization,Actual_Utilization,Utilization_Error,Queue
F1,400000,400000,2563,1,2,0.006407891369377583,0.0064075,,4
F2,400000,400000,3860,1,2,0.009650009124502645,0.00965,,5
F3,200000,200000,6983,1,2,0.034914657876456645,0.034915,,1
F4,200000,200000,839,1,2,0.00419534244086206,0.004195,,2
F5,100000,100000,647,1,2,0.00647009688399347,0.00647,,6
F6,400000,400000,8745,1,2,0.02186370781981728,0.0218625,,3
F7,200000,200000,2959,1,2,0.014795212215819475,0.014795,,6
F8,100000,100000,6689,1,2,0.06688984558543926,0.06689,,6
F9,400000,400000,3937,1,2,0.009843703635538492,0.0098425,,6
F10,400000,400000,4673,1,2,0.011681477431429277,0.0116825,,4
F11,400000,400000,600,1,2,0.0006025529907070504,0.0015,,4
F12,400000,400000,2548,1,2,0.006369452486554905,0.00637,,7
F13,200000,200000,1835,1,2,0.009174284328414495,0.009175,,7
F14,100000,100000,1481,1,2,0.014809769401935291,0.01481,,1
F15,400000,400000,642,1,2,0.0016044889872676715,0.001605,,7
F16,200000,200000,2952,1,2,0.01476111186490281,0.01476,,1
F17,400000,400000,600,1,2,7.145328148977503e-05,0.0015,,1
F18,200000,200000,4885,1,2,0.024424740172591497,0.024425,,7
F19,200000,200000,9233,1,2,0.04616512623489727,0.046165,,3
F20,400000,400000,1172,1,2,0.002930918322826548,0.00293,,3
F21,400000,400000,916,1,2,0.0022910750914300893,0.00229,,5
F22,100000,100000,8704,1,2,0.08704073284883429,0.08704,,4
F23,400000,400000,1591,1,2,0.003977741857551065,0.0039775,,6
F24,400000,400000,8592,1,2,0.021480043553450706,0.02148,,7
F25,400000,400000,6969,1,2,0.017421351297753476,0.0174225,,4
F26,200000,200000,11021,1,2,0.055104732039168214,0.055105,,4
F27,400000,400000,2149,1,2,0.005373582832642124,0.0053725,,3
F28,400000,400000,600,1,2,0.001074604263793924,0.0015,,2
F29,200000,200000,6873,1,2,0.034366122982796,0.034365,,6
F30,400000,400000,2367,1,2,0.005918643296447916,0.0059175,,5
F31,200000,200000,2583,1,2,0.012914160758338497,0.012915,,3
F32,400000,400000,1742,1,2,0.0043541610742361255,0.004355,,1
