Flow,Period,Deadline,Execution Time,w,h,Target_Utilization,Actual_Utilization,Utilization_Error,Queue
F1,200000,200000,6114,1,2,0.0305723595271582,0.03057,,2
F2,400000,400000,5449,1,2,0.013621384366614475,0.0136225,,5
F3,400000,400000,923,1,2,0.0023078638311312405,0.0023075,,2
F4,400000,400000,11750,1,2,0.029374433240197617,0.029375,,3
F5,50000,50000,1766,1,2,0.03532230439576095,0.03532,,5
F6,400000,400000,600,1,2,0.0003857614926437436,0.0015,,1
F7,400000,400000,600,1,2,0.0009446514753673196,0.0015,,5
F8,400000,400000,2261,1,2,0.0056524938963277704,0.0056525,,6
F9,400000,400000,3280,1,2,0.008199107967553299,0.0082,,6
F10,400000,400000,6285,1,2,0.015713355615387226,0.0157125,,3
F11,400000,400000,7849,1,2,0.01962169897620214,0.0196225,,7
F12,400000,400000,1103,1,2,0.002757918636966561,0.0027575,,6
F13,400000,400000,3369,1,2,0.008423506988255225,0.0084225,,2
F14,400000,400000,1012,1,2,0.0025301929277295465,0.00253,,3
F15,100000,100000,8785,1,2,0.0878512829882529,0.08785,,7
F16,400000,400000,1561,1,2,0.003901746109064963,0.0039025,,4
F17,200000,200000,7605,1,2,0.03802276391194434,0.038025,,7
F18,400000,400000,8982,1,2,0.022454296538473723,0.022455,,1
F19,200000,200000,6399,1,2,0.0319973044817618,0.031995,,1
F20,400000,400000,6405,1,2,0.01601183878222448,0.0160125,,5
F21,400000,400000,3918,1,2,0.009794196484785772,0.009795,,3
F22,400000,400000,5908,1,2,0.014768866062512653,0.01477,,1
F23,400000,400000,10786,1,2,0.026964518816164268,0.026965,,5
F24,400000,400000,9357,1,2,0.023392938278316566,0.0233925,,7
F25,400000,400000,3205,1,2,0.008013465025542094,0.0080125,,7
F26,200000,200000,838,1,2,0.004191103907213681,0.00419,,5
F27,400000,400000,2167,1,2,0.0054163305014789595,0.0054175,,3
F28,100000,100000,1547,1,2,0.015471101057565904,0.01547,,6
F29,400000,400000,8585,1,2,0.021462070454680883,0.0214625,,2
F30,100000,100000,669,1,2,0.0066908040362718725,0.00669,,2
F31,200000,200000,1631,1,2,0.008154337311665668,0.008155,,1
F32,200000,200000,1737,1,2,0.008686048027848557,0.008685,,7
