Flow,Period,Deadline,Execution Time,w,h,Target_Utilization,Actual_Utilization,Utilization_Error,Queue
F1,400000,400000,906,1,2,0.002264140122698377,0.002265,,7
F2,200000,200000,10617,1,2,0.053086584570326556,0.053085,,5
F3,400000,400000,1147,1,2,0.002867937306168078,0.0028675,,4
F4,200000,200000,629,1,2,0.003145388630597157,0.003145,,3
F5,400000,400000,1941,1,2,0.004851485102587261,0.0048525,,2
F6,400000,400000,10217,1,2,0.025542149266885417,0.0255425,,2
F7,400000,400000,1615,1,2,0.004037165247718633,0.0040375,,7
F8,400000,400000,5547,1,2,0.01386744392124184,0.0138675,,7
F9,400000,400000,1606,1,2,0.004015380155052706,0.004015,,5
F10,400000,400000,600,1,2,0.001098290539387925,0.0015,,2
F11,400000,400000,8813,1,2,0.02203311433464117,0.0220325,,7
F12,400000,400000,1289,1,2,0.0032225902733746814,0.0032225,,6
F13,400000,400000,948,1,2,0.0023709509393822215,0.00237,,1
F14,200000,200000,4211,1,2,0.02105522799507259,0.021055,,6
F15,400000,400000,5623,1,2,0.014056914517211305,0.0140575,,2
F16,400000,400000,6862,1,2,0.01715468030523587,0.017155,,5
F17,400000,400000,2752,1,2,0.006878870307044316,0.00688,,6
F18,400000,400000,3748,1,2,0.009369235212495663,0.00937,,1
F19,200000,200000,8177,1,2,0.040885686225449414,0.040885,,3
F20,400000,400000,600,1,2,0.0009778099646403637,0.0015,,6
F21,100000,100000,8725,1,2,0.0872453195517714,0.08725,,1
F22,400000,400000,7359,1,2,0.01839795814721029,0.0183975,,1
F23,200000,200000,648,1,2,0.003240277463816832,0.00324,,2
F24,200000,200000,8585,1,2,0.04292340933545166,0.042925,,1
F25,200000,200000,1135,1,2,0.00567517658970082,0.005675,,5
F26,400000,400000,9019,1,2,0.022548124289574145,0.0225475,,4
F27,400000,400000,600,1,2,6.656284552686298e-05,0.0015,,5
F28,100000,100000,6684,1,2,0.06683545030476884,0.06684,,6
F29,200000,200000,3315,1,2,0.01657502646783477,0.016575,,4
F30,400000,400000,5537,1,2,0.013842882630801696,0.0138425,,3
F31,400000,400000,1725,1,2,0.004313548264424472,0.0043125,,4
F32,400000,400000,10231,1,2,0.02557833773113394,0.0255775,,6
