Flow,Period,Deadline,Execution Time,w,h,Target_Utilization,Actual_Utilization,Utilization_Error,Queue
F1,100000,100000,3917,1,2,0.03916945261233307,0.03917,,1
F2,200000,200000,2251,1,2,0.011254922282505908,0.011255,,5
F3,200000,200000,635,1,2,0.0031754770273564326,0.003175,,2
F4,400000,400000,4253,1,2,0.010633363231289272,0.0106325,,7
F5,400000,400000,600,1,2,0.00122953211102661,0.0015,,3
F6,400000,400000,600,1,2,0.0002948206714262769,0.0015,,7
F7,400000,400000,2805,1,2,0.007011690656693825,0.0070125,,6
F8,50000,50000,1729,1,2,0.034580533973358196,0.03458,,2
F9,400000,400000,4452,1,2,0.011129616508573192,0.01113,,4
F10,400000,400000,11201,1,2,0.028002062000496986,0.0280025,,1
F11,400000,400000,3146,1,2,0.007865593501561297,0.007865,,3
F12,400000,400000,11189,1,2,0.027971469586101194,0.0279725,,7
F13,400000,400000,3905,1,2,0.009763211904917413,0.0097625,,2
F14,400000,400000,918,1,2,0.002295794795499295,0.002295,,4
F15,200000,200000,2662,1,2,0.013310665355667994,0.01331,,1
F16,100000,100000,2019,1,2,0.020190218940887628,0.02019,,7
F17,400000,400000,8941,1,2,0.022352290244543882,0.0223525,,3
F18,200000,200000,8647,1,2,0.04323314339227269,0.043235,,7
F19,400000,400000,2473,1,2,0.0061813026971775376,0.0061825,,1
F20,200000,200000,2894,1,2,0.014470517694832374,0.01447,,3
F21,400000,400000,8203,1,2,0.02050840857838987,0.0205075,,1
F22,400000,400000,11006,1,2,0.027513807496638287,0.027515,,5
F23,400000,400000,7079,1,2,0.017696561524196464,0.0176975,,2
F24,100000,100000,3113,1,2,0.03112995858975806,0.03113,,7
F25,200000,200000,11012,1,2,0.05506084024700514,0.05506,,7
F26,400000,400000,6038,1,2,0.015094862787429775,0.015095,,5
F27,400000,400000,600,1,2,0.00026951131073248147,0.0015,,3
F28,200000,200000,5579,1,2,0.02789619668930951,0.027895,,2
F29,200000,200000,2467,1,2,0.012335490497636513,0.012335,,6
F30,400000,400000,600,1,2,0.0009296506809450891,0.0015,,7
F31,100000,100000,4436,1,2,0.044361182994030864,0.04436,,1
F32,400000,400000,2461,1,2,0.006153653735620804,0.0061525,,5
