Flow,Period,Deadline,Execution Time,w,h,Target_Utilization,Actual_Utilization,Utilization_Error,Queue
F1,200000,200000,10375,1,2,0.05187577905190599,0.051875,,2
F2,400000,400000,727,1,2,0.001818194865142897,0.0018175,,1
F3,400000,400000,4745,1,2,0.011862920132698629,0.0118625,,6
F4,200000,200000,804,1,2,0.004019579674672147,0.00402,,3
F5,200000,200000,6996,1,2,0.034978213111913514,0.03498,,5
F6,100000,100000,1249,1,2,0.012489154345996123,0.01249,,3
F7,400000,400000,600,1,2,0.0007348451852995375,0.0015,,6
F8,400000,400000,683,1,2,0.0017067019711827225,0.0017075,,3
F9,100000,100000,4203,1,2,0.04203012597034378,0.04203,,2
F10,200000,200000,6755,1,2,0.03377267344158502,0.033775,,1
F11,400000,400000,7864,1,2,0.01965985120890895,0.01966,,5
F12,400000,400000,3491,1,2,0.008726661009591352,0.0087275,,5
F13,400000,400000,3282,1,2,0.008204793859268533,0.008205,,1
F14,400000,400000,11446,1,2,0.02861402039984251,0.028615,,7
F15,200000,200000,11927,1,2,0.05963386495808398,0.059635,,1
F16,200000,200000,6758,1,2,0.0337905034733971,0.03379,,2
F17,400000,400000,7624,1,2,0.019060259900449655,0.01906,,2
F18,200000,200000,10133,1,2,0.05066329585114909,0.050665,,1
F19,400000,400000,2984,1,2,0.007460225759530009,0.00746,,2
F20,400000,400000,600,1,2,0.0012321185372595744,0.0015,,1
F21,400000,400000,1158,1,2,0.002894555925303577,0.002895,,6
F22,200000,200000,2647,1,2,0.01323425742579784,0.013235,,7
F23,400000,400000,2514,1,2,0.006284809083563783,0.006285,,4
F24,400000,400000,9521,1,2,0.023801796359818828,0.0238025,,4
F25,400000,400000,3268,1,2,0.008170871639299387,0.00817,,5
F26,200000,200000,6409,1,2,0.032045642433377604,0.032045,,3
F27,400000,400000,6377,1,2,0.015941589003612297,0.0159425,,1
F28,200000,200000,2441,1,2,0.012205882544633354,0.012205,,4
F29,400000,400000,3357,1,2,0.00839163520730533,0.0083925,,2
F30,400000,400000,2367,1,2,0.005917186528488886,0.0059175,,7
F31,400000,400000,600,1,2,0.0005683736957240518,0.0015,,3
F32,400000,400000,6494,1,2,0.016234132515232383,0.016235,,6
