Flow,Period,Deadline,Execution Time,w,h,Target_Utilization,Actual_Utilization,Utilization_Error,Queue
F1,400000,400000,1343,1,2,0.0033571458559832346,0.0033575,,7
F2,400000,400000,3006,1,2,0.007515439105110655,0.007515,,1
F3,400000,400000,5804,1,2,0.014511098074731166,0.01451,,6
F4,100000,100000,3077,1,2,0.030769080836764662,0.03077,,6
F5,200000,200000,10763,1,2,0.05381598759022399,0.053815,,5
F6,200000,200000,1065,1,2,0.00532578813139567,0.005325,,5
F7,400000,400000,4471,1,2,0.011177422710987706,0.0111775,,1
F8,400000,400000,4575,1,2,0.01143712992553586,0.0114375,,2
F9,400000,400000,600,1,2,0.0006853230597211879,0.0015,,6
F10,200000,200000,6975,1,2,0.034875046646493935,0.034875,,7
F11,200000,200000,11990,1,2,0.059950072904699,0.05995,,7
F12,400000,400000,7405,1,2,0.018513612259755063,0.0185125,,2
F13,400000,400000,4688,1,2,0.011721048550309698,0.01172,,3
F14,400000,400000,3621,1,2,0.009051667432006694,0.0090525,,6
F15,400000,400000,4622,1,2,0.011555945379809252,0.011555,,6
F16,200000,200000,1583,1,2,0.007914081232242076,0.007915,,2
F17,200000,200000,5775,1,2,0.028874600926252297,0.028875,,3
F18,200000,200000,1666,1,2,0.008330887944096282,0.00833,,7
F19,200000,200000,2074,1,2,0.010368787045639871,0.01037,,4
F20,200000,200000,2558,1,2,0.012788998918786487,0.01279,,7
F21,400000,400000,3845,1,2,0.009612597410859652,0.0096125,,3
F22,400000,400000,5817,1,2,0.014542138885617367,0.0145425,,3
F23,400000,400000,920,1,2,0.002299955771664808,0.0023,,6
F24,100000,100000,6172,1,2,0.0617243424975184,0.06172,,5
F25,400000,400000,11502,1,2,0.028753811126598125,0.028755,,1
F26,200000,200000,7493,1,2,0.037462663455734166,0.037465,,2
F27,400000,400000,782,1,2,0.001953837793661574,0.001955,,3
F28,400000,400000,2700,1,2,0.00675080437753707,0.00675,,4
F29,400000,400000,612,1,2,0.0015310264267252086,0.00153,,2
F30,100000,100000,2540,1,2,0.025399494347183818,0.0254,,5
F31,400000,400000,5101,1,2,0.012751558794542803,0.0127525,,7
F32,400000,400000,4405,1,2,0.011013674158365322,0.0110125,,5
