Flow,Period,Deadline,Execution Time,w,h,Target_Utilization,Actual_Utilization,Utilization_Error,Queue
F1,50000,50000,1143,1,2,0.022858867832542262,0.02286,,5
F2,200000,200000,784,1,2,0.003921136284633697,0.00392,,2
F3,200000,200000,3686,1,2,0.018428955225981813,0.01843,,1
F4,400000,400000,9717,1,2,0.024293376685657675,0.0242925,,2
F5,400000,400000,2978,1,2,0.007445644535788443,0.007445,,1
F6,400000,400000,5393,1,2,0.013481586957481362,0.0134825,,5
F7,400000,400000,3469,1,2,0.008671283183043166,0.0086725,,6
F8,400000,400000,7903,1,2,0.019756730981591808,0.0197575,,3
F9,400000,400000,7885,1,2,0.019711759390288852,0.0197125,,6
F10,400000,400000,8629,1,2,0.02157234599263469,0.0215725,,2
F11,200000,200000,8187,1,2,0.04093723339744104,0.040935,,6
F12,400000,400000,1345,1,2,0.0033622286775963905,0.0033625,,7
F13,200000,200000,1400,1,2,0.00700015305433066,0.007,,3
F14,400000,400000,1781,1,2,0.004451568577849396,0.0044525,,7
F15,100000,100000,2293,1,2,0.022930350665352983,0.02293,,6
F16,400000,400000,1359,1,2,0.0033984940284125242,0.0033975,,1
F17,200000,200000,5468,1,2,0.027341232636130475,0.02734,,5
F18,400000,400000,2193,1,2,0.0054836334889384886,0.0054825,,6
F19,400000,400000,3768,1,2,0.009419847896500744,0.00942,,4
F20,400000,400000,3051,1,2,0.007627412962904645,0.0076275,,2
F21,400000,400000,4643,1,2,0.011607711905967516,0.0116075,,2
F22,400000,400000,3367,1,2,0.008417264922222917,0.0084175,,5
F23,200000,200000,8183,1,2,0.04091606070587517,0.040915,,6
F24,200000,200000,9009,1,2,0.04504347126441077,0.045045,,6
F25,200000,200000,9835,1,2,0.04917320372588181,0.049175,,6
F26,200000,200000,1024,1,2,0.005121050130274973,0.00512,,4
F27,400000,400000,1549,1,2,0.0038714204807952235,0.0038725,,5
F28,400000,400000,4389,1,2,0.010973165479319473,0.0109725,,7
F29,400000,400000,600,1,2,0.0010972475836704895,0.0015,,2
F30,200000,200000,1762,1,2,0.008810535328230729,0.00881,,3
F31,400000,400000,7401,1,2,0.018501608096478786,0.0185025,,4
F32,100000,100000,1349,1,2,0.013489709401790603,0.01349,,7
