Flow,Period,Deadline,Execution Time,w,h,Target_Utilization,Actual_Utilization,Utilization_Error,Queue
F1,200000,200000,6993,1,2,0.03496530963999889,0.034965,,4
F2,400000,400000,5973,1,2,0.014931414596382309,0.0149325,,6
F3,400000,400000,3495,1,2,0.008736769626080998,0.0087375,,3
F4,50000,50000,3241,1,2,0.06482068582847844,0.06482,,5
F5,400000,400000,865,1,2,0.0021613650292895414,0.0021625,,7
F6,200000,200000,9359,1,2,0.04679434375012592,0.046795,,4
F7,400000,400000,5025,1,2,0.012562669247587255,0.0125625,,5
F8,400000,400000,2299,1,2,0.0057469661144772255,0.0057475,,2
F9,400000,400000,2263,1,2,0.005656732859888547,0.0056575,,3
F10,400000,400000,4495,1,2,0.011236584741339872,0.0112375,,1
F11,400000,400000,1000,1,2,0.002500648222679369,0.0025,,5
F12,400000,400000,1013,1,2,0.0025327146016581037,0.0025325,,4
F13,200000,200000,2602,1,2,0.013010822279514389,0.01301,,7
F14,200000,200000,2260,1,2,0.01129968723387026,0.0113,,4
F15,200000,200000,1592,1,2,0.007960884799145085,0.00796,,7
F16,200000,200000,1330,1,2,0.006649141631033084,0.00665,,1
F17,400000,400000,872,1,2,0.002179528494924754,0.00218,,7
F18,100000,100000,2416,1,2,0.024159439603797406,0.02416,,7
F19,200000,200000,10533,1,2,0.0526647317586883,0.052665,,1
F20,400000,400000,7695,1,2,0.01923795838003245,0.0192375,,5
F21,400000,400000,7770,1,2,0.019425810365765767,0.019425,,7
F22,400000,400000,1093,1,2,0.0027333695080829223,0.0027325,,6
F23,400000,400000,7558,1,2,0.018895152604479715,0.018895,,1
F24,200000,200000,6475,1,2,0.03237723538217169,0.032375,,1
F25,200000,200000,8950,1,2,0.04474837202383419,0.04475,,5
F26,400000,400000,6079,1,2,0.015198510883322566,0.0151975,,4
F27,400000,400000,600,1,2,0.0007085181302940238,0.0015,,4
F28,400000,400000,2703,1,2,0.00675796330481266,0.0067575,,4
F29,400000,400000,4434,1,2,0.011086101022593678,0.011085,,2
F30,400000,400000,9179,1,2,0.022947921999462547,0.0229475,,5
F31,400000,400000,3288,1,2,0.008219410592808913,0.00822,,5
F32,400000,400000,3403,1,2,0.008507739418545546,0.0085075,,6
