Flow,Period,Deadline,Execution Time,w,h,Target_Utilization,Actual_Utilization,Utilization_Error,Queue
F1,200000,200000,8521,1,2,0.042603657494184044,0.042605,,6
F2,400000,400000,4918,1,2,0.012294306918246178,0.012295,,5
F3,400000,400000,11309,1,2,0.028272505899678058,0.0282725,,3
F4,400000,400000,2127,1,2,0.005316374492183862,0.0053175,,7
F5,400000,400000,600,1,2,0.00016115742245048637,0.0015,,1
F6,100000,100000,1653,1,2,0.016530156918765693,0.01653,,7
F7,400000,400000,616,1,2,0.0015403307488976448,0.00154,,3
F8,100000,100000,687,1,2,0.006869469344087775,0.00687,,3
F9,400000,400000,8534,1,2,0.02133495329976559,0.021335,,4
F10,100000,100000,8971,1,2,0.08971443222727421,0.08971,,7
F11,200000,200000,8961,1,2,0.04480364185003466,0.044805,,7
F12,200000,200000,3426,1,2,0.01713097562058319,0.01713,,6
F13,400000,400000,2301,1,2,0.005751476670569244,0.0057525,,6
F14,400000,400000,6949,1,2,0.017373674649366705,0.0173725,,3
F15,400000,400000,1775,1,2,0.004438553034341791,0.0044375,,5
F16,400000,400000,1679,1,2,0.004198240727052022,0.0041975,,4
F17,200000,200000,912,1,2,0.004560360316683082,0.00456,,1
F18,200000,200000,6177,1,2,0.030886742525354977,0.030885,,7
F19,400000,400000,5677,1,2,0.014193257843231749,0.0141925,,4
F20,400000,400000,2917,1,2,0.007292068056031692,0.0072925,,5
F21,400000,400000,1975,1,2,0.004936623402525903,0.0049375,,2
F22,400000,400000,600,1,2,0.0008623313767860408,0.0015,,3
F23,400000,400000,1189,1,2,0.002972495749429538,0.0029725,,2
F24,400000,400000,901,1,2,0.0022515547692537885,0.0022525,,6
F25,100000,100000,1873,1,2,0.018731088900728915,0.01873,,1
F26,100000,100000,6701,1,2,0.06701069355070749,0.06701,,6
F27,400000,400000,2822,1,2,0.007054012891339223,0.007055,,4
F28,400000,400000,3967,1,2,0.009918005278298718,0.0099175,,1
F29,400000,400000,10112,1,2,0.025280806421895285,0.02528,,5
F30,400000,400000,8081,1,2,0.02020156820375714,0.0202025,,6
F31,200000,200000,1675,1,2,0.008374236495923598,0.008375,,2
F32,400000,400000,1619,1,2,0.004047009638944511,0.0040475,,7
