Flow,Period,Deadline,Execution Time,w,h,Target_Utilization,Actual_Utilization,Utilization_Error,Queue
F1,400000,400000,5393,1,2,0.013482090507285993,0.0134825,,2
F2,400000,400000,4617,1,2,0.011542931563898406,0.0115425,,4
F3,50000,50000,981,1,2,0.019618939233009725,0.01962,,1
F4,400000,400000,1232,1,2,0.0030792266505828003,0.00308,,7
F5,100000,100000,1579,1,2,0.015790999131550465,0.01579,,6
F6,400000,400000,1027,1,2,0.0025666103926038075,0.0025675,,3
F7,400000,400000,8982,1,2,0.022455773853641503,0.022455,,3
F8,100000,100000,7793,1,2,0.07793262312175159,0.07793,,7
F9,400000,400000,682,1,2,0.0017050187355247548,0.001705,,5
F10,400000,400000,600,1,2,0.0006481562910775063,0.0015,,4
F11,400000,400000,6570,1,2,0.01642518864082404,0.016425,,7
F12,400000,400000,2624,1,2,0.00656057329634846,0.00656,,5
F13,400000,400000,11127,1,2,0.027817702460781246,0.0278175,,6
F14,200000,200000,1435,1,2,0.007174599152596939,0.007175,,7
F15,400000,400000,600,1,2,0.0006286957526924208,0.0015,,6
F16,200000,200000,7295,1,2,0.03647738339422918,0.036475,,3
F17,400000,400000,1274,1,2,0.003185560677459065,0.003185,,4
F18,400000,400000,7815,1,2,0.01953687070631388,0.0195375,,2
F19,400000,400000,662,1,2,0.0016546410070609752,0.001655,,1
F20,400000,400000,11649,1,2,0.029121691712704234,0.0291225,,2
F21,200000,200000,7358,1,2,0.0367918079669729,0.03679,,2
F22,400000,400000,6338,1,2,0.01584440744908694,0.015845,,1
F23,400000,400000,7258,1,2,0.018146124073818132,0.018145,,3
F24,400000,400000,2593,1,2,0.006482321781095285,0.0064825,,6
F25,400000,400000,600,1,2,0.0001767064596069623,0.0015,,2
F26,200000,200000,1539,1,2,0.007694190153610392,0.007695,,3
F27,200000,200000,10821,1,2,0.05410371292414225,0.054105,,2
F28,200000,200000,9483,1,2,0.04741733147321873,0.047415,,7
F29,100000,100000,684,1,2,0.006839269240978975,0.00684,,1
F30,400000,400000,1084,1,2,0.0027103480009452105,0.00271,,2
F31,100000,100000,3019,1,2,0.030192004264232873,0.03019,,7
F32,200000,200000,4003,1,2,0.020016170960083665,0.020015,,7
