Flow,Period,Deadline,Execution Time,w,h,Target_Utilization,Actual_Utilization,Utilization_Error,Queue
F1,400000,400000,3299,1,2,0.008247497085571154,0.0082475,,3
F2,400000,400000,2459,1,2,0.006148652217782713,0.0061475,,3
F3,400000,400000,600,1,2,0.0008983773745401269,0.0015,,4
F4,400000,400000,3826,1,2,0.009564613419818735,0.009565,,5
F5,100000,100000,1825,1,2,0.01825009794387772,0.01825,,6
F6,200000,200000,6325,1,2,0.03162595111464195,0.031625,,5
F7,200000,200000,8533,1,2,0.042666784534490465,0.042665,,3
F8,400000,400000,937,1,2,0.0023424389550723568,0.0023425,,1
F9,400000,400000,5188,1,2,0.012970239448950482,0.01297,,6
F10,200000,200000,957,1,2,0.004784835776898755,0.004785,,4
F11,200000,200000,8926,1,2,0.04463196148849874,0.04463,,7
F12,400000,400000,600,1,2,0.0012181745955203716,0.0015,,1
F13,50000,50000,692,1,2,0.013840310425713154,0.01384,,5
F14,400000,400000,4481,1,2,0.011203256729275746,0.0112025,,3
F15,400000,400000,6662,1,2,0.016653791444342814,0.016655,,1
F16,200000,200000,6381,1,2,0.031905135188212363,0.031905,,7
F17,400000,400000,7065,1,2,0.01766168566277465,0.0176625,,7
F18,400000,400000,600,1,2,0.00026908189315338893,0.0015,,5
F19,200000,200000,10802,1,2,0.05401143808726422,0.05401,,3
F20,400000,400000,2867,1,2,0.007167651785569384,0.0071675,,6
F21,400000,400000,7093,1,2,0.017732370886890392,0.0177325,,3
F22,200000,200000,4435,1,2,0.022175606946155668,0.022175,,3
F23,400000,400000,7639,1,2,0.01909711957526758,0.0190975,,5
F24,400000,400000,2953,1,2,0.0073814361650743066,0.0073825,,5
F25,400000,400000,7789,1,2,0.019472638978590612,0.0194725,,1
F26,100000,100000,5210,1,2,0.052100108454975015,0.0521,,3
F27,400000,400000,1040,1,2,0.002600183324719965,0.0026,,1
F28,100000,100000,923,1,2,0.009228928362033269,0.00923,,6
F29,400000,400000,8463,1,2,0.021156570518799867,0.0211575,,7
F30,400000,400000,3689,1,2,0.009222731575661572,0.0092225,,1
F31,200000,200000,2220,1,2,0.011101114792087632,0.0111,,7
F32,400000,400000,3225,1,2,0.008063580344991222,0.0080625,,7
