Flow,Period,Deadline,Execution Time,w,h,Target_Utilization,Actual_Utilization,Utilization_Error,Queue
F1,50000,50000,3689,1,2,0.0737784214525406,0.07378,,5
F2,400000,400000,600,1,2,0.0003149019062607117,0.0015,,4
F3,400000,400000,3705,1,2,0.009261555633876262,0.0092625,,5
F4,400000,400000,6719,1,2,0.016798311181207948,0.0167975,,1
F5,100000,100000,10945,1,2,0.1094455719315609,0.10945,,5
F6,400000,400000,9329,1,2,0.02332288271351335,0.0233225,,5
F7,400000,400000,2895,1,2,0.0072369301132961805,0.0072375,,3
F8,200000,200000,1832,1,2,0.009161031688661947,0.00916,,1
F9,400000,400000,5411,1,2,0.01352830714176484,0.0135275,,6
F10,400000,400000,939,1,2,0.0023475824993716143,0.0023475,,2
F11,200000,200000,801,1,2,0.004004323357294837,0.004005,,1
F12,400000,400000,4070,1,2,0.01017624962944852,0.010175,,7
F13,200000,200000,1984,1,2,0.009919487910346414,0.00992,,6
F14,400000,400000,10081,1,2,0.025201432933862816,0.0252025,,1
F15,400000,400000,2237,1,2,0.005591980562125842,0.0055925,,7
F16,400000,400000,3261,1,2,0.008152209108523517,0.0081525,,4
F17,400000,400000,9345,1,2,0.023361831698324204,0.0233625,,1
F18,400000,400000,6513,1,2,0.016281677545840062,0.0162825,,5
F19,400000,400000,1165,1,2,0.0029127209288293265,0.0029125,,4
F20,400000,400000,4831,1,2,0.012076869003805168,0.0120775,,2
F21,400000,400000,1087,1,2,0.0027169401783267433,0.0027175,,3
F22,400000,400000,7031,1,2,0.01757664658869132,0.0175775,,6
F23,400000,400000,4846,1,2,0.012115313262814342,0.012115,,4
F24,200000,200000,8321,1,2,0.04160413601871256,0.041605,,1
F25,400000,400000,9958,1,2,0.024895466401598787,0.024895,,7
F26,400000,400000,2291,1,2,0.005726376127109911,0.0057275,,6
F27,400000,400000,600,1,2,0.0010290353904230387,0.0015,,1
F28,400000,400000,600,1,2,0.0005888630358904662,0.0015,,3
F29,200000,200000,7286,1,2,0.03643039150560927,0.03643,,7
F30,400000,400000,2475,1,2,0.00618799329382717,0.0061875,,2
F31,200000,200000,1082,1,2,0.005410480931704025,0.00541,,5
F32,400000,400000,5631,1,2,0.014078060082747694,0.0140775,,7
