Flow,Period,Deadline,Execution Time,w,h,Target_Utilization,Actual_Utilization,Utilization_Error,Queue
F1,400000,400000,2217,1,2,0.0055429484673200635,0.0055425,,6
F2,400000,400000,4530,1,2,0.011325122675020394,0.011325,,5
F3,200000,200000,2224,1,2,0.011119419655380547,0.01112,,6
F4,400000,400000,1154,1,2,0.0028856102945979956,0.002885,,1
F5,400000,400000,990,1,2,0.0024738807959070463,0.002475,,1
F6,400000,400000,7458,1,2,0.01864466661505082,0.018645,,1
F7,100000,100000,3996,1,2,0.039961752367946524,0.03996,,1
F8,400000,400000,2659,1,2,0.006647755833087243,0.0066475,,2
F9,400000,400000,7012,1,2,0.017530342266230903,0.01753,,1
F10,400000,400000,11656,1,2,0.02913928264929444,0.02914,,5
F11,400000,400000,7336,1,2,0.01834073163023453,0.01834,,5
F12,400000,400000,600,1,2,0.0009913912242861533,0.0015,,3
F13,200000,200000,724,1,2,0.003619089733060077,0.00362,,4
F14,400000,400000,8900,1,2,0.022249905118409186,0.02225,,4
F15,400000,400000,3147,1,2,0.007867050650180563,0.0078675,,4
F16,400000,400000,9161,1,2,0.022901633610436622,0.0229025,,5
F17,400000,400000,9868,1,2,0.024669045901413722,0.02467,,1
F18,400000,400000,821,1,2,0.002053540542646448,0.0020525,,4
F19,400000,400000,600,1,2,0.0014454885570555631,0.0015,,7
F20,400000,400000,6580,1,2,0.016449926654048208,0.01645,,4
F21,400000,400000,11297,1,2,0.028242407299450156,0.0282425,,4
F22,200000,200000,8237,1,2,0.04118454255709522,0.041185,,4
F23,100000,100000,6593,1,2,0.06592586396552125,0.06593,,1
F24,100000,100000,4881,1,2,0.04880855083311894,0.04881,,4
F25,200000,200000,1667,1,2,0.008333841745736814,0.008335,,1
F26,400000,400000,3129,1,2,0.007823260810552082,0.0078225,,5
F27,200000,200000,1725,1,2,0.008624341106919092,0.008625,,3
F28,200000,200000,7767,1,2,0.038834586504975344,0.038835,,5
F29,200000,200000,1195,1,2,0.005975657742748802,0.005975,,7
F30,200000,200000,6159,1,2,0.030792700701816514,0.030795,,4
F31,400000,400000,11843,1,2,0.02960808801059832,0.0296075,,1
F32,400000,400000,1369,1,2,0.003422429961629933,0.0034225,,3
