Flow,Period,Deadline,Execution Time,w,h,Target_Utilization,Actual_Utilization,Utilization_Error,Queue
F1,100000,100000,942,1,2,0.009420116029941417,0.00942,,5
F2,400000,400000,9405,1,2,0.023511326311323633,0.0235125,,5
F3,400000,400000,7292,1,2,0.018229272495675686,0.01823,,2
F4,100000,100000,1888,1,2,0.018879596561466927,0.01888,,6
F5,200000,200000,1846,1,2,0.009229567114850956,0.00923,,2
F6,200000,200000,1265,1,2,0.006325691677258494,0.006325,,4
F7,400000,400000,9781,1,2,0.024452420934036156,0.0244525,,2
F8,400000,400000,6751,1,2,0.016876943114149445,0.0168775,,6
F9,100000,100000,816,1,2,0.0081600320344275,0.00816,,1
F10,400000,400000,11025,1,2,0.027563722290936787,0.0275625,,5
F11,400000,400000,888,1,2,0.0022207827545806524,0.00222,,4
F12,400000,400000,5147,1,2,0.012866418713919414,0.0128675,,1
F13,400000,400000,6657,1,2,0.016642919689665858,0.0166425,,5
F14,200000,200000,690,1,2,0.003449777204576232,0.00345,,2
F15,400000,400000,697,1,2,0.0017436206393443565,0.0017425,,3
F16,400000,400000,1131,1,2,0.0028267781046331097,0.0028275,,1
F17,400000,400000,1390,1,2,0.003475031134599682,0.003475,,7
F18,400000,400000,6109,1,2,0.01527149379101933,0.0152725,,2
F19,400000,400000,1472,1,2,0.0036812069741919973,0.00368,,5
F20,400000,400000,1403,1,2,0.003508688129873039,0.0035075,,2
F21,200000,200000,2027,1,2,0.010134103931929206,0.010135,,4
F22,400000,400000,1391,1,2,0.003476528371531895,0.0034775,,1
F23,200000,200000,10961,1,2,0.0548034797811002,0.054805,,6
F24,200000,200000,2070,1,2,0.010350841945842154,0.01035,,6
F25,200000,200000,9259,1,2,0.04629328584859185,0.046295,,6
F26,100000,100000,3555,1,2,0.035551283362997066,0.03555,,5
F27,400000,400000,2877,1,2,0.007191312055013804,0.0071925,,3
F28,400000,400000,3027,1,2,0.007568411720282067,0.0075675,,6
F29,50000,50000,2706,1,2,0.05412147957386998,0.05412,,6
F30,200000,200000,6466,1,2,0.032330363524222375,0.03233,,6
F31,200000,200000,693,1,2,0.0034660559029307467,0.003465,,5
F32,200000,200000,6551,1,2,0.03275715638702912,0.032755,,6
