Flow,Period,Deadline,Execution Time,w,h,Target_Utilization,Actual_Utilization,Utilization_Error,Queue
F1,200000,200000,1485,1,2,0.007425961024918215,0.007425,,1
F2,200000,200000,1085,1,2,0.005425009902697342,0.005425,,7
F3,400000,400000,2080,1,2,0.005200377343909879,0.0052,,2
F4,200000,200000,6333,1,2,0.03166625048235899,0.031665,,3
F5,400000,400000,1062,1,2,0.0026561876554414,0.002655,,5
F6,200000,200000,6932,1,2,0.03465779732533142,0.03466,,6
F7,400000,400000,2406,1,2,0.00601522052840564,0.006015,,1
F8,200000,200000,6199,1,2,0.030993356465251476,0.030995,,7
F9,400000,400000,2385,1,2,0.0059631005046227314,0.0059625,,5
F10,400000,400000,1806,1,2,0.004516165003497552,0.004515,,1
F11,200000,200000,7475,1,2,0.037376617952849744,0.037375,,3
F12,100000,100000,1605,1,2,0.01605014490166007,0.01605,,1
F13,200000,200000,7199,1,2,0.035996200441807236,0.035995,,5
F14,400000,400000,825,1,2,0.002063189105072194,0.0020625,,6
F15,200000,200000,4341,1,2,0.021705145989141805,0.021705,,6
F16,400000,400000,2616,1,2,0.00653932691794451,0.00654,,2
F17,400000,400000,3646,1,2,0.009114808380059403,0.009115,,5
F18,400000,400000,5872,1,2,0.014679042505769402,0.01468,,3
F19,100000,100000,3112,1,2,0.03112007371524078,0.03112,,1
F20,200000,200000,11383,1,2,0.056915515142566736,0.056915,,7
F21,400000,400000,600,1,2,0.0008499355188847368,0.0015,,3
F22,400000,400000,600,1,2,0.0009852704055888228,0.0015,,7
F23,100000,100000,3488,1,2,0.03487824089939828,0.03488,,7
F24,400000,400000,4926,1,2,0.012314242711260831,0.012315,,6
F25,100000,100000,6440,1,2,0.06439894623640803,0.0644,,7
F26,200000,200000,4029,1,2,0.020144402548626573,0.020145,,3
F27,400000,400000,600,1,2,0.0006100098242245999,0.0015,,2
F28,400000,400000,1909,1,2,0.004772379512806617,0.0047725,,3
F29,400000,400000,10630,1,2,0.026574700839856646,0.026575,,5
F30,400000,400000,1640,1,2,0.004098869611526643,0.0041,,4
F31,400000,400000,2381,1,2,0.005951268715783997,0.0059525,,6
F32,400000,400000,2900,1,2,0.00725090838933104,0.00725,,7
