Flow,Period,Deadline,Execution Time,w,h,Target_Utilization,Actual_Utilization,Utilization_Error,Queue
F1,400000,400000,1243,1,2,0.0031075955104616915,0.0031075,,7
F2,400000,400000,1008,1,2,0.0025208674690118116,0.00252,,5
F3,200000,200000,6796,1,2,0.033982291183845825,0.03398,,5
F4,100000,100000,6790,1,2,0.06789880081060179,0.0679,,1
F5,400000,400000,5031,1,2,0.012576792731490816,0.0125775,,4
F6,200000,200000,601,1,2,0.0030055446828560206,0.003005,,3
F7,200000,200000,625,1,2,0.0031261780301931608,0.003125,,6
F8,200000,200000,8739,1,2,0.04369664024545322,0.043695,,1
F9,100000,100000,3327,1,2,0.03326913179621932,0.03327,,1
F10,200000,200000,2571,1,2,0.01285622980914719,0.012855,,7
F11,400000,400000,5948,1,2,0.014870827630494854,0.01487,,5
F12,400000,400000,2002,1,2,0.005004014276934365,0.005005,,2
F13,400000,400000,600,1,2,0.0012588895642354214,0.0015,,2
F14,200000,200000,7943,1,2,0.03971679669445899,0.039715,,5
F15,400000,400000,2087,1,2,0.005217906897770075,0.0052175,,2
F16,400000,400000,9615,1,2,0.0240386855032394,0.0240375,,7
F17,400000,400000,3833,1,2,0.009582284672936675,0.0095825,,6
F18,200000,200000,3358,1,2,0.016790514598937212,0.01679,,6
F19,400000,400000,1508,1,2,0.003770673081481213,0.00377,,1
F20,400000,400000,1002,1,2,0.0025051866650216414,0.002505,,1
F21,400000,400000,4525,1,2,0.01131350716303453,0.0113125,,3
F22,400000,400000,3968,1,2,0.009919082905269994,0.00992,,7
F23,400000,400000,600,1,2,0.0008575791606414418,0.0015,,6
F24,400000,400000,600,1,2,0.0003817957596255195,0.0015,,7
F25,400000,400000,2713,1,2,0.006783503576402838,0.0067825,,1
F26,400000,400000,2851,1,2,0.0071276491105212725,0.0071275,,5
F27,50000,50000,3720,1,2,0.07439547748558033,0.0744,,1
F28,400000,400000,5908,1,2,0.014769460153722436,0.01477,,1
F29,400000,400000,7500,1,2,0.01875074051121156,0.01875,,3
F30,400000,400000,1532,1,2,0.003830381885852545,0.00383,,5
F31,400000,400000,1192,1,2,0.002979687373315207,0.00298,,4
F32,200000,200000,7734,1,2,0.03867181324183381,0.03867,,7
