Flow,Period,Deadline,Execution Time,w,h,Target_Utilization,Actual_Utilization,Utilization_Error,Queue
F1,400000,400000,9249,1,2,0.023123563132337877,0.0231225,,2
F2,100000,100000,8143,1,2,0.08142678033481787,0.08143,,4
F3,100000,100000,7211,1,2,0.07211381760020852,0.07211,,1
F4,100000,100000,11261,1,2,0.11260819561825319,0.11261,,6
F5,100000,100000,3012,1,2,0.03011829891313289,0.03012,,6
F6,50000,50000,9107,1,2,0.1821409766821952,0.18214,,1
F7,200000,200000,10472,1,2,0.05235771563183467,0.05236,,5
F8,200000,200000,8506,1,2,0.042528213278656635,0.04253,,6
F9,50000,50000,7393,1,2,0.14785697273334825,0.14786,,4
F10,50000,50000,11146,1,2,0.22292585905951048,0.22292,,2
F11,400000,400000,7737,1,2,0.019342429740582978,0.0193425,,4
F12,200000,200000,5174,1,2,0.02587016234345782,0.02587,,3
F13,100000,100000,9992,1,2,0.09991712337664165,0.09992,,2
F14,200000,200000,5394,1,2,0.02697060843967196,0.02697,,1
F15,400000,400000,10932,1,2,0.027330790517700015,0.02733,,5
F16,400000,400000,5015,1,2,0.012536527573860146,0.0125375,,6
