Flow,Period,Deadline,Execution Time,w,h,Target_Utilization,Actual_Utilization,Utilization_Error,Queue
F1,400000,400000,3669,1,2,0.009173180099379064,0.0091725,,7
F2,400000,400000,1953,1,2,0.004882397526140503,0.0048825,,5
F3,50000,50000,12000,1,2,0.2623905950785025,0.24,,1
F4,50000,50000,8028,1,2,0.16056749716740337,0.16056,,6
F5,200000,200000,11794,1,2,0.05897238569070251,0.05897,,6
F6,100000,100000,7815,1,2,0.078150037004035,0.07815,,7
F7,200000,200000,4422,1,2,0.02210920701963226,0.02211,,4
F8,50000,50000,3995,1,2,0.0798975931284196,0.0799,,1
F9,100000,100000,7111,1,2,0.07110939005610323,0.07111,,2
F10,50000,50000,4604,1,2,0.09207715367582586,0.09208,,7
F11,400000,400000,1141,1,2,0.0028520061149673315,0.0028525,,1
F12,50000,50000,9648,1,2,0.19296658207975334,0.19296,,2
F13,200000,200000,9975,1,2,0.04987560177661561,0.049875,,2
F14,200000,200000,11242,1,2,0.056209684845424504,0.05621,,3
F15,200000,200000,5439,1,2,0.027194674999792647,0.027195,,6
F16,200000,200000,1939,1,2,0.009695338914832286,0.009695,,1
