Flow,Period,Deadline,Execution Time,w,h,Target_Utilization,Actual_Utilization,Utilization_Error,Queue
F1,100000,100000,10430,1,2,0.10430322276786064,0.1043,,7
F2,200000,200000,9025,1,2,0.045127052689403424,0.045125,,2
F3,400000,400000,9599,1,2,0.023996987955927196,0.0239975,,4
F4,50000,50000,8758,1,2,0.17515724980500458,0.17516,,7
F5,100000,100000,10751,1,2,0.10751423319528464,0.10751,,5
F6,200000,200000,8215,1,2,0.04107316100832048,0.041075,,5
F7,100000,100000,5170,1,2,0.051700530748961415,0.0517,,7
F8,50000,50000,8160,1,2,0.16319199946962482,0.1632,,7
F9,200000,200000,3447,1,2,0.01723541103667592,0.017235,,3
F10,100000,100000,10783,1,2,0.10782558175187079,0.10783,,7
F11,400000,400000,11335,1,2,0.028337999843638828,0.0283375,,7
F12,200000,200000,9782,1,2,0.04890953773224488,0.04891,,1
F13,100000,100000,6935,1,2,0.0693490144767688,0.06935,,4
F14,200000,200000,9865,1,2,0.04932274962289926,0.049325,,6
F15,100000,100000,7111,1,2,0.07110842202986681,0.07111,,5
F16,100000,100000,8327,1,2,0.08327206418744101,0.08327,,6
