Flow,Period,Deadline,Execution Time,w,h,Target_Utilization,Actual_Utilization,Utilization_Error,Queue
F1,100000,100000,4464,1,2,0.044642392229968575,0.04464,,4
F2,50000,50000,3599,1,2,0.07197553899191145,0.07198,,6
F3,200000,200000,5535,1,2,0.027676011854504523,0.027675,,7
F4,200000,200000,11035,1,2,0.05517658209099441,0.055175,,3
F5,200000,200000,10345,1,2,0.05172611932017135,0.051725,,1
F6,400000,400000,8081,1,2,0.0202020272857244,0.0202025,,5
F7,50000,50000,6246,1,2,0.12491488522684391,0.12492,,5
F8,50000,50000,2916,1,2,0.05832226432770171,0.05832,,5
F9,50000,50000,4769,1,2,0.09537701968838352,0.09538,,3
F10,50000,50000,3600,1,2,0.07199859504404316,0.072,,4
F11,400000,400000,6625,1,2,0.016561567338063465,0.0165625,,2
F12,100000,100000,9567,1,2,0.09566554663107518,0.09567,,5
F13,50000,50000,9021,1,2,0.18041676382349503,0.18042,,4
F14,100000,100000,4288,1,2,0.04287832879688466,0.04288,,6
F15,400000,400000,8449,1,2,0.021122415720416177,0.0211225,,3
F16,50000,50000,9749,1,2,0.19498058048990166,0.19498,,6
