Flow,Period,Deadline,Execution Time,w,h,Target_Utilization,Actual_Utilization,Utilization_Error,Queue
F1,100000,100000,8799,1,2,0.08799293318673684,0.08799,,4
F2,100000,100000,7781,1,2,0.07780607644625559,0.07781,,5
F3,100000,100000,11748,1,2,0.1174788727397017,0.11748,,3
F4,400000,400000,1608,1,2,0.004019406581588614,0.00402,,1
F5,400000,400000,11897,1,2,0.02974308977533735,0.0297425,,4
F6,50000,50000,4436,1,2,0.08871882519623808,0.08872,,6
F7,100000,100000,7227,1,2,0.07226690868536967,0.07227,,3
F8,100000,100000,6645,1,2,0.06645332348740474,0.06645,,1
F9,50000,50000,11715,1,2,0.23430935809376668,0.2343,,5
F10,200000,200000,1803,1,2,0.009016117868651585,0.009015,,4
F11,200000,200000,9803,1,2,0.049015419020228435,0.049015,,3
F12,200000,200000,9227,1,2,0.04613498710542974,0.046135,,5
F13,100000,100000,6405,1,2,0.06405498955903338,0.06405,,6
F14,100000,100000,10209,1,2,0.10209296301481656,0.10209,,5
F15,100000,100000,5698,1,2,0.05698108385774032,0.05698,,7
F16,400000,400000,2469,1,2,0.006172179514044983,0.0061725,,2
