Flow,Period,Deadline,Execution Time,w,h,Target_Utilization,Actual_Utilization,Utilization_Error,Queue
F1,100000,100000,8261,1,2,0.08260663884071895,0.08261,,4
F2,200000,200000,2090,1,2,0.010451200373182923,0.01045,,6
F3,50000,50000,5157,1,2,0.10313566037838717,0.10314,,3
F4,100000,100000,11337,1,2,0.113369854208906,0.11337,,6
F5,50000,50000,6210,1,2,0.1242023051424902,0.1242,,7
F6,100000,100000,7998,1,2,0.07998488358065314,0.07998,,7
F7,50000,50000,3157,1,2,0.0631442865812416,0.06314,,6
F8,200000,200000,1345,1,2,0.00672603301966157,0.006725,,5
F9,50000,50000,6128,1,2,0.12256182632307672,0.12256,,7
F10,50000,50000,10413,1,2,0.20826793981882186,0.20826,,7
F11,100000,100000,9904,1,2,0.09904209513506398,0.09904,,2
F12,200000,200000,6035,1,2,0.03017301531000202,0.030175,,4
F13,100000,100000,6382,1,2,0.06381632258251006,0.06382,,5
F14,400000,400000,745,1,2,0.0018626873453773535,0.0018625,,3
F15,200000,200000,5899,1,2,0.02949567011069181,0.029495,,7
F16,100000,100000,3923,1,2,0.03923212553336395,0.03923,,1
