Flow,Period,Deadline,Execution Time,w,h,Target_Utilization,Actual_Utilization,Utilization_Error,Queue
F1,100000,100000,7529,1,2,0.07529355409962846,0.07529,,4
F2,200000,200000,4989,1,2,0.02494425921126231,0.024945,,6
F3,200000,200000,8606,1,2,0.04303130868850702,0.04303,,5
F4,200000,200000,4435,1,2,0.022175475990262816,0.022175,,4
F5,50000,50000,6302,1,2,0.12604487380381302,0.12604,,4
F6,50000,50000,1042,1,2,0.020839866824616582,0.02084,,2
F7,50000,50000,12000,1,2,0.2841039412722487,0.24,,7
F8,100000,100000,8347,1,2,0.08347406682427833,0.08347,,5
F9,50000,50000,7132,1,2,0.14264058885735093,0.14264,,7
F10,400000,400000,4209,1,2,0.010521775183645332,0.0105225,,1
F11,400000,400000,3147,1,2,0.007868745560898616,0.0078675,,3
F12,200000,200000,8575,1,2,0.042872904148512414,0.042875,,7
F13,100000,100000,4630,1,2,0.04630221581078692,0.0463,,2
F14,100000,100000,9038,1,2,0.09038465820652242,0.09038,,7
F15,50000,50000,3422,1,2,0.06843753843644541,0.06844,,6
F16,100000,100000,6797,1,2,0.06796996097974144,0.06797,,1
