Flow,Period,Deadline,Execution Time,w,h,Target_Utilization,Actual_Utilization,Utilization_Error,Queue
F1,200000,200000,7029,1,2,0.03514637915507812,0.035145,,6
F2,50000,50000,6978,1,2,0.13956025958175,0.13956,,2
F3,200000,200000,1367,1,2,0.006836161393622087,0.006835,,4
F4,50000,50000,6820,1,2,0.13639515296926397,0.1364,,3
F5,100000,100000,1083,1,2,0.010830816269228438,0.01083,,4
F6,400000,400000,8834,1,2,0.022084321196598977,0.022085,,7
F7,50000,50000,10869,1,2,0.2173701663444152,0.21738,,2
F8,200000,200000,9934,1,2,0.049668701236568746,0.04967,,6
F9,50000,50000,3708,1,2,0.07416213388730397,0.07416,,1
F10,200000,200000,7475,1,2,0.037377439264267454,0.037375,,2
F11,200000,200000,11450,1,2,0.05725241266293257,0.05725,,7
F12,50000,50000,10861,1,2,0.21721192864883512,0.21722,,7
F13,200000,200000,975,1,2,0.00487552507334571,0.004875,,4
F14,200000,200000,9143,1,2,0.04571465224788332,0.045715,,1
F15,200000,200000,11794,1,2,0.058968900032396104,0.05897,,2
F16,100000,100000,7235,1,2,0.07234640058034317,0.07235,,4
