Flow,Period,Deadline,Execution Time,w,h,Target_Utilization,Actual_Utilization,Utilization_Error,Queue
F1,100000,100000,10431,1,2,0.10430971156398683,0.10431,,4
F2,50000,50000,4955,1,2,0.09909971959008146,0.0991,,1
F3,50000,50000,7991,1,2,0.1598144797128651,0.15982,,2
F4,50000,50000,1817,1,2,0.03633752223942688,0.03634,,1
F5,100000,100000,8562,1,2,0.08561530585045563,0.08562,,4
F6,400000,400000,10313,1,2,0.025782159896876933,0.0257825,,4
F7,50000,50000,7321,1,2,0.14641955710080024,0.14642,,2
F8,100000,100000,7212,1,2,0.07211629860636665,0.07212,,6
F9,400000,400000,8878,1,2,0.022194317310430145,0.022195,,1
F10,200000,200000,6197,1,2,0.03098484480775987,0.030985,,6
F11,200000,200000,2223,1,2,0.011115436929157174,0.011115,,3
F12,200000,200000,6435,1,2,0.03217435796723622,0.032175,,5
F13,400000,400000,839,1,2,0.002098499534003928,0.0020975,,2
F14,200000,200000,10066,1,2,0.05032999969806476,0.05033,,7
F15,100000,100000,6038,1,2,0.06037732439722665,0.06038,,2
F16,50000,50000,8589,1,2,0.171786525560953,0.17178,,4
