Flow,Period,Deadline,Execution Time,w,h,Target_Utilization,Actual_Utilization,Utilization_Error,Queue
F1,400000,400000,7915,1,2,0.019786617448294797,0.0197875,,2
F2,400000,400000,921,1,2,0.0023025531023790347,0.0023025,,6
F3,50000,50000,3720,1,2,0.074396882393575,0.0744,,2
F4,100000,100000,6219,1,2,0.062186751417527386,0.06219,,7
F5,50000,50000,4693,1,2,0.09386078539054021,0.09386,,3
F6,50000,50000,6302,1,2,0.12603997189264637,0.12604,,3
F7,100000,100000,3582,1,2,0.035821528204078246,0.03582,,7
F8,100000,100000,7568,1,2,0.07568435109327143,0.07568,,3
F9,50000,50000,4202,1,2,0.08403627731985353,0.08404,,7
F10,400000,400000,10711,1,2,0.02677680910541369,0.0267775,,4
F11,50000,50000,12000,1,2,0.29773508376431046,0.24,,3
F12,100000,100000,5664,1,2,0.0566389177959955,0.05664,,4
F13,100000,100000,11395,1,2,0.1139489460333262,0.11395,,3
F14,100000,100000,5436,1,2,0.05436183096250335,0.05436,,6
F15,200000,200000,10251,1,2,0.05125340111828516,0.051255,,3
F16,400000,400000,4404,1,2,0.011010183366056251,0.01101,,1
