Flow,Period,Deadline,Execution Time,w,h,Target_Utilization,Actual_Utilization,Utilization_Error,Queue
F1,200000,200000,5369,1,2,0.026844113773372813,0.026845,,5
F2,50000,50000,5748,1,2,0.1149594086960527,0.11496,,6
F3,50000,50000,6321,1,2,0.12641291348570827,0.12642,,4
F4,100000,100000,7624,1,2,0.0762449047300573,0.07624,,1
F5,100000,100000,6307,1,2,0.06307170991718991,0.06307,,1
F6,50000,50000,2801,1,2,0.05601910796186682,0.05602,,4
F7,50000,50000,3335,1,2,0.06669891811404938,0.0667,,7
F8,100000,100000,3271,1,2,0.0327120464901276,0.03271,,6
F9,200000,200000,2981,1,2,0.014906238474169498,0.014905,,2
F10,50000,50000,7392,1,2,0.14783225561960478,0.14784,,5
F11,100000,100000,10172,1,2,0.10172333948984674,0.10172,,5
F12,400000,400000,6290,1,2,0.01572611500848653,0.015725,,7
F13,400000,400000,671,1,2,0.001676759576969944,0.0016775,,3
F14,50000,50000,8930,1,2,0.1786043455733035,0.1786,,6
F15,50000,50000,3637,1,2,0.0727433782179879,0.07274,,4
F16,200000,200000,1563,1,2,0.007814453219651811,0.007815,,7
