Flow,Period,Deadline,Execution Time,w,h,Target_Utilization,Actual_Utilization,Utilization_Error,Queue
F1,200000,200000,11598,1,2,0.05798910965926707,0.05799,,1
F2,200000,200000,8835,1,2,0.04417336333795219,0.044175,,5
F3,50000,50000,7127,1,2,0.1425372740117714,0.14254,,3
F4,100000,100000,4277,1,2,0.042768445413686185,0.04277,,2
F5,50000,50000,2308,1,2,0.04616046505310434,0.04616,,1
F6,200000,200000,7176,1,2,0.03587888956773699,0.03588,,6
F7,200000,200000,11106,1,2,0.055528883997523426,0.05553,,2
F8,100000,100000,8367,1,2,0.08367012120904194,0.08367,,5
F9,50000,50000,5195,1,2,0.10390123023624864,0.1039,,6
F10,50000,50000,8906,1,2,0.1781131318950679,0.17812,,2
F11,400000,400000,5442,1,2,0.01360502481470477,0.013605,,4
F12,200000,200000,8147,1,2,0.040733664864230745,0.040735,,7
F13,400000,400000,1643,1,2,0.004107241151619756,0.0041075,,1
F14,50000,50000,12000,1,2,0.2775558331494952,0.24,,5
F15,400000,400000,10563,1,2,0.026407423402038326,0.0264075,,3
F16,400000,400000,600,1,2,0.0005460685675885135,0.0015,,1
