Flow,Period,Deadline,Execution Time,w,h,Target_Utilization,Actual_Utilization,Utilization_Error,Queue
F1,200000,200000,1737,1,2,0.008685793603113945,0.008685,,2
F2,200000,200000,7219,1,2,0.03609311305535212,0.036095,,4
F3,100000,100000,8832,1,2,0.08832320855581288,0.08832,,5
F4,100000,100000,8615,1,2,0.0861518774510297,0.08615,,7
F5,50000,50000,1781,1,2,0.035619090920502305,0.03562,,3
F6,50000,50000,5062,1,2,0.10123823985340175,0.10124,,3
F7,50000,50000,8954,1,2,0.1790748231280892,0.17908,,3
F8,100000,100000,9194,1,2,0.09193647667085775,0.09194,,4
F9,100000,100000,7302,1,2,0.0730191967428076,0.07302,,1
F10,200000,200000,6614,1,2,0.033067834871193746,0.03307,,6
F11,100000,100000,1619,1,2,0.016189284874451537,0.01619,,3
F12,50000,50000,1531,1,2,0.030619642020582538,0.03062,,4
F13,200000,200000,8837,1,2,0.04418606439264677,0.044185,,6
F14,100000,100000,10583,1,2,0.10582999226325068,0.10583,,3
F15,50000,50000,8553,1,2,0.1710625098437453,0.17106,,5
F16,200000,200000,3962,1,2,0.01981025689203806,0.01981,,5
