Flow,Period,Deadline,Execution Time,w,h,Target_Utilization,Actual_Utilization,Utilization_Error,Queue
F1,50000,50000,6836,1,2,0.13671944944746872,0.13672,,2
F2,400000,400000,3631,1,2,0.009078334997015602,0.0090775,,5
F3,100000,100000,6920,1,2,0.06919946061057292,0.0692,,7
F4,100000,100000,9144,1,2,0.09144394232695563,0.09144,,3
F5,400000,400000,4310,1,2,0.010775567084059245,0.010775,,5
F6,50000,50000,7899,1,2,0.15798082420849835,0.15798,,4
F7,400000,400000,1037,1,2,0.002591719159813155,0.0025925,,7
F8,100000,100000,8887,1,2,0.08886649284576598,0.08887,,4
F9,50000,50000,12000,1,2,0.24017310357075933,0.24,,3
F10,50000,50000,6560,1,2,0.13120806676679012,0.1312,,1
F11,400000,400000,3928,1,2,0.00981889615243392,0.00982,,4
F12,100000,100000,6985,1,2,0.06985241989161615,0.06985,,5
F13,200000,200000,10266,1,2,0.05133220038177924,0.05133,,2
F14,200000,200000,4981,1,2,0.024904525854563854,0.024905,,6
F15,100000,100000,3969,1,2,0.03968781119005394,0.03969,,3
F16,400000,400000,600,1,2,0.0014382397428477091,0.0015,,7
