Flow,Period,Deadline,Execution Time,w,h,Target_Utilization,Actual_Utilization,Utilization_Error,Queue
F1,100000,100000,8077,1,2,0.08077472510807371,0.08077,,1
F2,50000,50000,6607,1,2,0.13213289700782727,0.13214,,4
F3,200000,200000,9389,1,2,0.046946841350757884,0.046945,,1
F4,50000,50000,11403,1,2,0.22806697092866912,0.22806,,6
F5,50000,50000,1751,1,2,0.03501941450915225,0.03502,,3
F6,50000,50000,3403,1,2,0.06806225974659352,0.06806,,7
F7,50000,50000,12000,1,2,0.2796729445980649,0.24,,6
F8,100000,100000,11171,1,2,0.11170724534364429,0.11171,,2
F9,400000,400000,1598,1,2,0.0039955842745236225,0.003995,,6
F10,200000,200000,1151,1,2,0.0057541755103313885,0.005755,,5
F11,50000,50000,1722,1,2,0.03444056655240926,0.03444,,2
F12,200000,200000,3674,1,2,0.01836958177647341,0.01837,,7
F13,400000,400000,1769,1,2,0.0044216630536270535,0.0044225,,7
F14,400000,400000,2923,1,2,0.007308009921943331,0.0073075,,6
F15,200000,200000,7621,1,2,0.038106741416451526,0.038105,,5
F16,50000,50000,3159,1,2,0.06317525814427705,0.06318,,4
