Flow,Period,Deadline,Execution Time,w,h,Target_Utilization,Actual_Utilization,Utilization_Error,Queue
F1,400000,400000,7591,1,2,0.01897710145340481,0.0189775,,1
F2,400000,400000,11139,1,2,0.027848612392396443,0.0278475,,6
F3,100000,100000,8882,1,2,0.08882276801771782,0.08882,,5
F4,50000,50000,5589,1,2,0.11178407217310082,0.11178,,5
F5,200000,200000,8156,1,2,0.04078053837619011,0.04078,,5
F6,100000,100000,11009,1,2,0.1100906480669912,0.11009,,2
F7,100000,100000,8359,1,2,0.08359337099119812,0.08359,,6
F8,50000,50000,4394,1,2,0.08788156936932079,0.08788,,3
F9,100000,100000,11101,1,2,0.11100684434133828,0.11101,,3
F10,400000,400000,600,1,2,0.0008998032087588759,0.0015,,5
F11,400000,400000,7467,1,2,0.01866757772094485,0.0186675,,6
F12,100000,100000,8115,1,2,0.08114955569790772,0.08115,,2
F13,50000,50000,7084,1,2,0.14168091207098346,0.14168,,5
F14,100000,100000,7015,1,2,0.07014968351635198,0.07015,,7
F15,100000,100000,8153,1,2,0.08152943659658092,0.08153,,1
F16,100000,100000,6947,1,2,0.06946992753614757,0.06947,,3
