Flow,Period,Deadline,Execution Time,w,h,Target_Utilization,Actual_Utilization,Utilization_Error,Queue
F1,200000,200000,3004,1,2,0.015019673034663228,0.01502,,6
F2,100000,100000,8711,1,2,0.08710964027045565,0.08711,,4
F3,50000,50000,8307,1,2,0.16614342812554883,0.16614,,1
F4,100000,100000,7490,1,2,0.07490189439870243,0.0749,,5
F5,100000,100000,11209,1,2,0.11208898980331705,0.11209,,5
F6,50000,50000,7631,1,2,0.15261220362417982,0.15262,,3
F7,200000,200000,9084,1,2,0.04542140538034278,0.04542,,7
F8,50000,50000,5712,1,2,0.11424126463235157,0.11424,,4
F9,200000,200000,9828,1,2,0.04914245237041637,0.04914,,3
F10,400000,400000,4017,1,2,0.010041532290263944,0.0100425,,1
F11,100000,100000,9865,1,2,0.09864516044721977,0.09865,,1
F12,100000,100000,5313,1,2,0.053128853652116725,0.05313,,2
F13,200000,200000,2601,1,2,0.013004031235494068,0.013005,,1
F14,50000,50000,5007,1,2,0.10013677831464364,0.10014,,2
F15,400000,400000,11354,1,2,0.02838468636698108,0.028385,,2
F16,200000,200000,2571,1,2,0.012854910410525926,0.012855,,3
