Flow,Period,Deadline,Execution Time,w,h,Target_Utilization,Actual_Utilization,Utilization_Error,Queue
F1,50000,50000,9646,1,2,0.19291339940280328,0.19292,,5
F2,200000,200000,2268,1,2,0.011339422622540729,0.01134,,1
F3,400000,400000,600,1,2,0.0009353613784072179,0.0015,,7
F4,400000,400000,7953,1,2,0.019882163056833102,0.0198825,,6
F5,400000,400000,2649,1,2,0.006622346067134188,0.0066225,,2
F6,100000,100000,7709,1,2,0.07709429823326996,0.07709,,7
F7,200000,200000,8457,1,2,0.042285171954902445,0.042285,,2
F8,200000,200000,10289,1,2,0.05144421965304746,0.051445,,6
F9,50000,50000,4930,1,2,0.09860414711856325,0.0986,,3
F10,50000,50000,6775,1,2,0.13550706071578555,0.1355,,5
F11,50000,50000,12000,1,2,0.27995256153752723,0.24,,5
F12,50000,50000,7460,1,2,0.14919670275226443,0.1492,,4
F13,200000,200000,701,1,2,0.0035037596088126344,0.003505,,4
F14,400000,400000,2852,1,2,0.007130440943587238,0.00713,,2
F15,50000,50000,4302,1,2,0.08603951794654127,0.08604,,4
F16,400000,400000,7222,1,2,0.018054526734079722,0.018055,,5
