Flow,Period,Deadline,Execution Time,w,h,Target_Utilization,Actual_Utilization,Utilization_Error,Queue
F1,100000,100000,6367,1,2,0.06367155869542818,0.06367,,4
F2,50000,50000,8250,1,2,0.1649942504720474,0.165,,4
F3,50000,50000,8948,1,2,0.17895702224963383,0.17896,,5
F4,400000,400000,2129,1,2,0.005321645497409655,0.0053225,,7
F5,50000,50000,7563,1,2,0.1512586330430653,0.15126,,7
F6,400000,400000,3278,1,2,0.008194267293326174,0.008195,,5
F7,200000,200000,6259,1,2,0.03129682583481064,0.031295,,5
F8,200000,200000,4676,1,2,0.023379814370605323,0.02338,,3
F9,400000,400000,1555,1,2,0.003886418888715437,0.0038875,,4
F10,50000,50000,8331,1,2,0.16661519143090103,0.16662,,2
F11,400000,400000,9001,1,2,0.02250206593224907,0.0225025,,2
F12,50000,50000,6641,1,2,0.13282466929973155,0.13282,,1
F13,100000,100000,5911,1,2,0.059110943262820764,0.05911,,6
F14,100000,100000,9289,1,2,0.09288906683842515,0.09289,,2
F15,50000,50000,3323,1,2,0.06646412944386677,0.06646,,5
F16,400000,400000,6163,1,2,0.015406561168033087,0.0154075,,3
