Flow,Period,Deadline,Execution Time,w,h,Target_Utilization,Actual_Utilization,Utilization_Error,Queue
F1,200000,200000,7423,1,2,0.03711310377119492,0.037115,,5
F2,50000,50000,10670,1,2,0.21339566609838045,0.2134,,3
F3,400000,400000,8461,1,2,0.021151445374619104,0.0211525,,4
F4,50000,50000,7326,1,2,0.1465171383887346,0.14652,,3
F5,400000,400000,2703,1,2,0.006758589168485596,0.0067575,,1
F6,100000,100000,9893,1,2,0.09892643666361933,0.09893,,1
F7,100000,100000,6201,1,2,0.062009233771544214,0.06201,,7
F8,200000,200000,11723,1,2,0.058613603586530505,0.058615,,1
F9,200000,200000,2310,1,2,0.011550868473093168,0.01155,,7
F10,200000,200000,8372,1,2,0.041858159509406356,0.04186,,2
F11,400000,400000,815,1,2,0.002036599215537338,0.0020375,,6
F12,100000,100000,8631,1,2,0.08631426738071107,0.08631,,3
F13,50000,50000,5701,1,2,0.114023034878566,0.11402,,3
F14,400000,400000,1148,1,2,0.002870456580223113,0.00287,,7
F15,100000,100000,5785,1,2,0.05784877721662504,0.05785,,3
F16,50000,50000,8540,1,2,0.17080447072654237,0.1708,,3
