Flow,Period,Deadline,Execution Time,w,h,Target_Utilization,Actual_Utilization,Utilization_Error,Queue
F1,400000,400000,3967,1,2,0.0099166322909916,0.0099175,,5
F2,50000,50000,3479,1,2,0.06958477414078756,0.06958,,6
F3,100000,100000,6005,1,2,0.06005166596245859,0.06005,,5
F4,50000,50000,9461,1,2,0.18922399067531803,0.18922,,7
F5,200000,200000,8279,1,2,0.04139428198605832,0.041395,,6
F6,50000,50000,7014,1,2,0.14028256616243706,0.14028,,5
F7,50000,50000,10974,1,2,0.21947781917526998,0.21948,,4
F8,100000,100000,7446,1,2,0.07445694040818346,0.07446,,4
F9,50000,50000,1566,1,2,0.03132163813822986,0.03132,,3
F10,100000,100000,4231,1,2,0.04230844683883028,0.04231,,1
F11,200000,200000,11136,1,2,0.055680655293262965,0.05568,,4
F12,200000,200000,7806,1,2,0.03902971608046285,0.03903,,7
F13,400000,400000,803,1,2,0.0020087218023619735,0.0020075,,1
F14,400000,400000,9115,1,2,0.02278811294731578,0.0227875,,2
F15,100000,100000,8227,1,2,0.08226872136534993,0.08227,,1
F16,100000,100000,7407,1,2,0.07406804610107781,0.07407,,1
