Flow,Period,Deadline,Execution Time,w,h,Target_Utilization,Actual_Utilization,Utilization_Error,Queue
F1,200000,200000,10921,1,2,0.05460490834695064,0.054605,,1
F2,50000,50000,3455,1,2,0.06910419858756223,0.0691,,4
F3,100000,100000,8494,1,2,0.08494497655042543,0.08494,,5
F4,400000,400000,653,1,2,0.0016335010236719905,0.0016325,,7
F5,400000,400000,11575,1,2,0.02893821133383534,0.0289375,,3
F6,100000,100000,8633,1,2,0.08633391176541949,0.08633,,3
F7,400000,400000,9571,1,2,0.023926611091357852,0.0239275,,1
F8,50000,50000,7385,1,2,0.1476985162336022,0.1477,,4
F9,50000,50000,2067,1,2,0.04133902491434094,0.04134,,7
F10,50000,50000,12000,1,2,0.2428207787834168,0.24,,3
F11,50000,50000,3141,1,2,0.06281649055851801,0.06282,,6
F12,200000,200000,7538,1,2,0.03769164796418156,0.03769,,4
F13,200000,200000,7110,1,2,0.03555044803004348,0.03555,,6
F14,50000,50000,9557,1,2,0.19114773854266637,0.19114,,3
F15,200000,200000,6773,1,2,0.033866121535599356,0.033865,,2
F16,400000,400000,10103,1,2,0.025256772198656182,0.0252575,,5
