Flow,Period,Deadline,Execution Time,w,h,Target_Utilization,Actual_Utilization,Utilization_Error,Queue
F1,50000,50000,2244,1,2,0.0448800899777555,0.04488,,2
F2,50000,50000,9417,1,2,0.1883464612863518,0.18834,,5
F3,400000,400000,6859,1,2,0.017146698705552188,0.0171475,,4
F4,50000,50000,997,1,2,0.01994064299718734,0.01994,,1
F5,100000,100000,8139,1,2,0.08139311763259671,0.08139,,5
F6,200000,200000,3573,1,2,0.017864014886753043,0.017865,,2
F7,400000,400000,3849,1,2,0.009622511389249189,0.0096225,,7
F8,100000,100000,6219,1,2,0.062191406296633334,0.06219,,7
F9,50000,50000,8188,1,2,0.16376360733238404,0.16376,,1
F10,50000,50000,741,1,2,0.014819213112780782,0.01482,,5
F11,400000,400000,10989,1,2,0.027471867796569405,0.0274725,,5
F12,400000,400000,7035,1,2,0.01758636255263374,0.0175875,,3
F13,400000,400000,11077,1,2,0.027692683534493612,0.0276925,,1
F14,50000,50000,10499,1,2,0.20997854640090063,0.20998,,5
F15,100000,100000,3902,1,2,0.03901760839958002,0.03902,,4
F16,50000,50000,9135,1,2,0.18269320920109283,0.1827,,2
