Flow,Period,Deadline,Execution Time,w,h,Target_Utilization,Actual_Utilization,Utilization_Error,Queue
F1,200000,200000,9466,1,2,0.04733230103674857,0.04733,,1
F2,100000,100000,7600,1,2,0.07599978754012549,0.076,,2
F3,100000,100000,6557,1,2,0.06556979537120988,0.06557,,2
F4,50000,50000,9227,1,2,0.1845320185468563,0.18454,,3
F5,400000,400000,10011,1,2,0.025026592720386875,0.0250275,,5
F6,200000,200000,2812,1,2,0.01406102396723885,0.01406,,1
F7,200000,200000,8113,1,2,0.04056255580109258,0.040565,,7
F8,400000,400000,1038,1,2,0.002594414255228328,0.002595,,6
F9,100000,100000,6743,1,2,0.06743093592003968,0.06743,,3
F10,200000,200000,6283,1,2,0.03141392902162787,0.031415,,4
F11,50000,50000,3549,1,2,0.07097855585235047,0.07098,,7
F12,50000,50000,12000,1,2,0.29352398825079784,0.24,,1
F13,400000,400000,4241,1,2,0.010602444290703256,0.0106025,,7
F14,50000,50000,8922,1,2,0.17843270090241042,0.17844,,4
F15,200000,200000,6149,1,2,0.030745578158145985,0.030745,,3
F16,100000,100000,3959,1,2,0.039591219530635595,0.03959,,6
