Flow,Period,Deadline,Execution Time,w,h,Target_Utilization,Actual_Utilization,Utilization_Error,Queue
F1,400000,400000,9653,1,2,0.024132911156832915,0.0241325,,1
F2,50000,50000,8343,1,2,0.16686361396505967,0.16686,,5
F3,50000,50000,8019,1,2,0.16037160486903723,0.16038,,5
F4,100000,100000,11450,1,2,0.11450301022854226,0.1145,,7
F5,100000,100000,8169,1,2,0.08168617137396428,0.08169,,7
F6,50000,50000,2499,1,2,0.049981197124499666,0.04998,,3
F7,100000,100000,10073,1,2,0.10072719435638883,0.10073,,5
F8,400000,400000,10751,1,2,0.026877188174344258,0.0268775,,4
F9,400000,400000,8443,1,2,0.02110809072985037,0.0211075,,7
F10,200000,200000,11742,1,2,0.05871205921051581,0.05871,,2
F11,400000,400000,4353,1,2,0.010882514421460265,0.0108825,,1
F12,100000,100000,6393,1,2,0.06393478635868591,0.06393,,1
F13,50000,50000,5850,1,2,0.11699755392407023,0.117,,4
F14,400000,400000,7048,1,2,0.01761949220669118,0.01762,,4
F15,100000,100000,8495,1,2,0.08494555254941585,0.08495,,4
F16,400000,400000,8778,1,2,0.02194584129765916,0.021945,,5
