Flow,Period,Deadline,Execution Time,w,h,Target_Utilization,Actual_Utilization,Utilization_Error,Queue
F1,100000,100000,7135,1,2,0.07135428593764703,0.07135,,1
F2,100000,100000,5777,1,2,0.057770227653201056,0.05777,,6
F3,200000,200000,2693,1,2,0.01346582244947181,0.013465,,1
F4,200000,200000,10747,1,2,0.05373452874350049,0.053735,,2
F5,50000,50000,3230,1,2,0.06460124240379239,0.0646,,4
F6,100000,100000,11303,1,2,0.11303173715105397,0.11303,,6
F7,200000,200000,8255,1,2,0.04127645849287975,0.041275,,5
F8,50000,50000,12000,1,2,0.26203581652343383,0.24,,6
F9,400000,400000,3900,1,2,0.009749521616476298,0.00975,,2
F10,50000,50000,9111,1,2,0.1822180003990675,0.18222,,2
F11,200000,200000,8103,1,2,0.04051296862772896,0.040515,,4
F12,400000,400000,10274,1,2,0.025685911157075025,0.025685,,6
F13,400000,400000,600,1,2,0.0012102697705375087,0.0015,,7
F14,200000,200000,10881,1,2,0.05440738926634889,0.054405,,1
F15,100000,100000,11790,1,2,0.11790108278677133,0.1179,,4
F16,400000,400000,11440,1,2,0.02860118588191618,0.0286,,7
