Flow,Period,Deadline,Execution Time,w,h,Target_Utilization,Actual_Utilization,Utilization_Error,Queue
F1,50000,50000,7194,1,2,0.14387547546410318,0.14388,,7
F2,200000,200000,5307,1,2,0.026534611540721453,0.026535,,3
F3,50000,50000,8846,1,2,0.176923420596092,0.17692,,1
F4,200000,200000,9601,1,2,0.04800276061902342,0.048005,,5
F5,50000,50000,7564,1,2,0.15128206768708508,0.15128,,1
F6,100000,100000,11470,1,2,0.1146989039679791,0.1147,,3
F7,50000,50000,7637,1,2,0.15274515210700101,0.15274,,7
F8,50000,50000,6354,1,2,0.1270879422258542,0.12708,,6
F9,100000,100000,7716,1,2,0.07716173828301401,0.07716,,4
F10,200000,200000,5318,1,2,0.02658927097374797,0.02659,,6
F11,400000,400000,10812,1,2,0.027030882924373417,0.02703,,2
F12,200000,200000,2243,1,2,0.011214381222262482,0.011215,,1
F13,400000,400000,10181,1,2,0.025452349897322757,0.0254525,,7
F14,100000,100000,2596,1,2,0.02595999659803437,0.02596,,4
F15,200000,200000,6145,1,2,0.03072451932881218,0.030725,,4
F16,200000,200000,1523,1,2,0.007614713918936932,0.007615,,2
