Flow,Period,Deadline,Execution Time,w,h,Target_Utilization,Actual_Utilization,Utilization_Error,Queue
F1,400000,400000,5835,1,2,0.014587937865294665,0.0145875,,5
F2,200000,200000,5391,1,2,0.026956195486962042,0.026955,,2
F3,400000,400000,2501,1,2,0.006252575958408668,0.0062525,,5
F4,200000,200000,8198,1,2,0.040990337316441305,0.04099,,2
F5,50000,50000,1711,1,2,0.03422023990861456,0.03422,,7
F6,400000,400000,8798,1,2,0.021994058225397572,0.021995,,1
F7,100000,100000,4331,1,2,0.043309094266032355,0.04331,,1
F8,400000,400000,5761,1,2,0.01440356250317587,0.0144025,,6
F9,200000,200000,10601,1,2,0.05300595703325406,0.053005,,2
F10,100000,100000,2574,1,2,0.025740120666403077,0.02574,,7
F11,400000,400000,6437,1,2,0.016092875587939037,0.0160925,,7
F12,50000,50000,3491,1,2,0.06982216572732802,0.06982,,7
F13,400000,400000,7522,1,2,0.018803900222928993,0.018805,,4
F14,200000,200000,10691,1,2,0.053457421625933366,0.053455,,1
F15,100000,100000,7934,1,2,0.07934054825225956,0.07934,,1
F16,200000,200000,2467,1,2,0.012333973992935177,0.012335,,3
F17,200000,200000,6791,1,2,0.03395596631841119,0.033955,,1
F18,400000,400000,11563,1,2,0.028907935529509876,0.0289075,,3
F19,400000,400000,8033,1,2,0.020083630834491217,0.0200825,,3
F20,400000,400000,8855,1,2,0.02213650990818472,0.0221375,,5
F21,400000,400000,4931,1,2,0.012328120996913217,0.0123275,,2
F22,200000,200000,9497,1,2,0.047484928492793455,0.047485,,7
F23,400000,400000,600,1,2,8.659412516026643e-05,0.0015,,6
F24,400000,400000,5244,1,2,0.013109249510935284,0.01311,,1
F25,100000,100000,600,1,2,0.005999150608829162,0.006,,7
F26,200000,200000,6599,1,2,0.032995675512834055,0.032995,,4
F27,200000,200000,8155,1,2,0.04077509381422886,0.040775,,5
F28,200000,200000,11099,1,2,0.05549596842134932,0.055495,,5
F29,400000,400000,6909,1,2,0.017271257910059817,0.0172725,,2
F30,100000,100000,5006,1,2,0.05005876941916619,0.05006,,5
F31,400000,400000,2793,1,2,0.006981436879879677,0.0069825,,4
F32,100000,100000,9762,1,2,0.09761520338096367,0.09762,,1
