Flow,Period,Deadline,Execution Time,w,h,Target_Utilization,Actual_Utilization,Utilization_Error,Queue
F1,400000,400000,9260,1,2,0.023150434572016487,0.02315,,5
F2,400000,400000,4349,1,2,0.01087263151143536,0.0108725,,6
F3,200000,200000,9410,1,2,0.047052055594448805,0.04705,,7
F4,50000,50000,2085,1,2,0.04170047281712086,0.0417,,6
F5,400000,400000,4929,1,2,0.012323459198441356,0.0123225,,4
F6,100000,100000,6172,1,2,0.061716428368916665,0.06172,,2
F7,200000,200000,8337,1,2,0.04168352458421365,0.041685,,7
F8,50000,50000,1178,1,2,0.02355892888723443,0.02356,,5
F9,200000,200000,7110,1,2,0.03555094417033966,0.03555,,3
F10,100000,100000,3563,1,2,0.03562929884197108,0.03563,,2
F11,400000,400000,3397,1,2,0.008493654848349852,0.0084925,,7
F12,400000,400000,600,1,2,0.0006563703149446987,0.0015,,3
F13,200000,200000,1047,1,2,0.005234725057785439,0.005235,,5
F14,400000,400000,11122,1,2,0.027805906004222836,0.027805,,3
F15,200000,200000,6359,1,2,0.03179700727976875,0.031795,,2
F16,200000,200000,1544,1,2,0.007719304899857171,0.00772,,4
F17,100000,100000,9621,1,2,0.09620929344223522,0.09621,,6
F18,200000,200000,10267,1,2,0.05133474447991604,0.051335,,6
F19,200000,200000,2706,1,2,0.013529197885940925,0.01353,,1
F20,200000,200000,10587,1,2,0.05293319106323929,0.052935,,7
F21,400000,400000,7693,1,2,0.019233209255792194,0.0192325,,7
F22,200000,200000,9242,1,2,0.04620905529191427,0.04621,,2
F23,400000,400000,6551,1,2,0.016377328742504582,0.0163775,,6
F24,100000,100000,3371,1,2,0.033710082861077684,0.03371,,6
F25,400000,400000,11855,1,2,0.029638662647427122,0.0296375,,1
F26,50000,50000,3412,1,2,0.06823875728933254,0.06824,,6
F27,400000,400000,1473,1,2,0.003683707599294872,0.0036825,,2
F28,50000,50000,3321,1,2,0.0664242561599982,0.06642,,6
F29,400000,400000,4900,1,2,0.01225121809212007,0.01225,,1
F30,200000,200000,6322,1,2,0.03160790934146721,0.03161,,7
F31,200000,200000,4210,1,2,0.02104954283687105,0.02105,,2
F32,400000,400000,9069,1,2,0.022673330732693474,0.0226725,,3
