Flow,Period,Deadline,Execution Time,w,h,Target_Utilization,Actual_Utilization,Utilization_Error,Queue
F1,400000,400000,4533,1,2,0.011331594615522578,0.0113325,,6
F2,400000,400000,11326,1,2,0.028316125941960646,0.028315,,6
F3,200000,200000,6119,1,2,0.0305932775051454,0.030595,,2
F4,100000,100000,8451,1,2,0.08451341300248327,0.08451,,1
F5,400000,400000,664,1,2,0.00166032363765789,0.00166,,1
F6,100000,100000,3549,1,2,0.03549075364189469,0.03549,,4
F7,400000,400000,10330,1,2,0.025825827960377024,0.025825,,2
F8,400000,400000,5637,1,2,0.014091969314979802,0.0140925,,7
F9,200000,200000,7896,1,2,0.039481567748812174,0.03948,,1
F10,200000,200000,3282,1,2,0.016410461096841966,0.01641,,4
F11,400000,400000,8275,1,2,0.020688156169949345,0.0206875,,3
F12,400000,400000,4847,1,2,0.012117513462959306,0.0121175,,1
F13,400000,400000,2449,1,2,0.006122254556914841,0.0061225,,5
F14,100000,100000,4657,1,2,0.04656942965923294,0.04657,,6
F15,100000,100000,10405,1,2,0.10404983370674481,0.10405,,1
F16,200000,200000,2782,1,2,0.013910496513231507,0.01391,,7
F17,400000,400000,600,1,2,0.001499197012566733,0.0015,,7
F18,400000,400000,2055,1,2,0.005138320528205953,0.0051375,,3
F19,200000,200000,1573,1,2,0.007865300028727096,0.007865,,3
F20,400000,400000,5763,1,2,0.01440869845140802,0.0144075,,5
F21,50000,50000,5381,1,2,0.10761592029467265,0.10762,,1
F22,50000,50000,5143,1,2,0.1028598502198062,0.10286,,4
F23,200000,200000,6075,1,2,0.030375002878286705,0.030375,,7
F24,400000,400000,2981,1,2,0.007452273818735089,0.0074525,,2
F25,400000,400000,1712,1,2,0.004280375618295029,0.00428,,6
F26,400000,400000,3535,1,2,0.008836875951963863,0.0088375,,5
F27,200000,200000,3046,1,2,0.015229375715986482,0.01523,,1
F28,50000,50000,3446,1,2,0.06892196886368718,0.06892,,7
F29,400000,400000,3331,1,2,0.00832861746595448,0.0083275,,4
F30,400000,400000,2683,1,2,0.006707448910043212,0.0067075,,4
F31,200000,200000,9823,1,2,0.049114072934856465,0.049115,,2
F32,50000,50000,6187,1,2,0.12373582728923167,0.12374,,1
