Flow,Period,Deadline,Execution Time,w,h,Target_Utilization,Actual_Utilization,Utilization_Error,Queue
F1,200000,200000,8245,1,2,0.041226863684550974,0.041225,,2
F2,200000,200000,9891,1,2,0.049454479358794434,0.049455,,7
F3,400000,400000,11028,1,2,0.02757076097864708,0.02757,,7
F4,200000,200000,7671,1,2,0.03835542345983001,0.038355,,5
F5,400000,400000,600,1,2,0.0013672687118547744,0.0015,,2
F6,200000,200000,7439,1,2,0.03719660344470643,0.037195,,2
F7,200000,200000,11957,1,2,0.05978718478521383,0.059785,,7
F8,200000,200000,1372,1,2,0.006860294133974487,0.00686,,3
F9,100000,100000,6021,1,2,0.06021012512301238,0.06021,,5
F10,200000,200000,5474,1,2,0.027370750073163697,0.02737,,5
F11,100000,100000,11721,1,2,0.11720591944891678,0.11721,,6
F12,100000,100000,1230,1,2,0.012298944113433796,0.0123,,2
F13,200000,200000,10459,1,2,0.05229331680178584,0.052295,,5
F14,100000,100000,5583,1,2,0.05583001762870532,0.05583,,6
F15,400000,400000,600,1,2,0.0009509697100090198,0.0015,,6
F16,400000,400000,3851,1,2,0.009626404147822842,0.0096275,,6
F17,400000,400000,6301,1,2,0.015753426823892747,0.0157525,,5
F18,400000,400000,10493,1,2,0.026233522282871624,0.0262325,,6
F19,100000,100000,7885,1,2,0.07884956962214479,0.07885,,7
F20,400000,400000,764,1,2,0.0019104514607679035,0.00191,,1
F21,400000,400000,600,1,2,0.0003691965116853213,0.0015,,1
F22,400000,400000,600,1,2,0.0013988720726402781,0.0015,,4
F23,200000,200000,9580,1,2,0.04790107979093672,0.0479,,6
F24,200000,200000,863,1,2,0.004314246291852786,0.004315,,7
F25,200000,200000,1283,1,2,0.006414241463696402,0.006415,,5
F26,400000,400000,9287,1,2,0.023216545860725607,0.0232175,,7
F27,100000,100000,6723,1,2,0.06722608632437185,0.06723,,6
F28,50000,50000,5637,1,2,0.11273633492305614,0.11274,,5
F29,50000,50000,797,1,2,0.01594066535957972,0.01594,,2
F30,100000,100000,1105,1,2,0.011049358271294211,0.01105,,7
F31,400000,400000,11053,1,2,0.027631363076072325,0.0276325,,6
F32,100000,100000,777,1,2,0.007769477870006205,0.00777,,1
