Flow,Period,Deadline,Execution Time,w,h,Target_Utilization,Actual_Utilization,Utilization_Error,Queue
F1,400000,400000,2346,1,2,0.0058640639178219045,0.005865,,6
F2,100000,100000,6371,1,2,0.06371387721179433,0.06371,,6
F3,200000,200000,9315,1,2,0.04657444239439812,0.046575,,2
F4,400000,400000,5262,1,2,0.013153877451701379,0.013155,,2
F5,50000,50000,4265,1,2,0.08530150808856984,0.0853,,6
F6,200000,200000,5313,1,2,0.026563792676395193,0.026565,,2
F7,200000,200000,8686,1,2,0.04343092606814791,0.04343,,5
F8,400000,400000,3775,1,2,0.009438192293970693,0.0094375,,7
F9,400000,400000,715,1,2,0.0017878625339708965,0.0017875,,7
F10,200000,200000,1813,1,2,0.009064186714226485,0.009065,,5
F11,400000,400000,3431,1,2,0.008576274241449577,0.0085775,,2
F12,200000,200000,6158,1,2,0.030790847482132788,0.03079,,6
F13,200000,200000,4514,1,2,0.02257048196624445,0.02257,,6
F14,400000,400000,7110,1,2,0.017774851569583583,0.017775,,6
F15,400000,400000,7791,1,2,0.019478492409072956,0.0194775,,5
F16,200000,200000,3635,1,2,0.018175427814904443,0.018175,,1
F17,200000,200000,5255,1,2,0.02627570881399821,0.026275,,2
F18,200000,200000,3241,1,2,0.016204528772754134,0.016205,,3
F19,50000,50000,3888,1,2,0.0777554262138182,0.07776,,2
F20,50000,50000,4879,1,2,0.09758420086106845,0.09758,,5
F21,400000,400000,8677,1,2,0.021691379858121307,0.0216925,,1
F22,400000,400000,1419,1,2,0.0035469004815591454,0.0035475,,3
F23,400000,400000,2631,1,2,0.006578178774018284,0.0065775,,4
F24,400000,400000,10582,1,2,0.026454886603861028,0.026455,,5
F25,200000,200000,1207,1,2,0.006035011848291805,0.006035,,1
F26,400000,400000,8335,1,2,0.02083813094768383,0.0208375,,3
F27,400000,400000,600,1,2,0.0014697507216070438,0.0015,,7
F28,100000,100000,7065,1,2,0.07064723245323704,0.07065,,5
F29,100000,100000,3344,1,2,0.03344087869357726,0.03344,,1
F30,400000,400000,4293,1,2,0.010732035958671393,0.0107325,,5
F31,400000,400000,4190,1,2,0.01047574593052486,0.010475,,4
F32,50000,50000,7464,1,2,0.1492746495037454,0.14928,,2
