Flow,Period,Deadline,Execution Time,w,h,Target_Utilization,Actual_Utilization,Utilization_Error,Queue
F1,100000,100000,11999,1,2,0.11999206530727735,0.11999,,7
F2,400000,400000,1155,1,2,0.002888660551463529,0.0028875,,2
F3,400000,400000,11937,1,2,0.029842644330728918,0.0298425,,2
F4,100000,100000,7737,1,2,0.07737224516018293,0.07737,,2
F5,200000,200000,6303,1,2,0.0315152905913092,0.031515,,5
F6,400000,400000,847,1,2,0.002116933167904511,0.0021175,,5
F7,400000,400000,833,1,2,0.002082037452642349,0.0020825,,6
F8,400000,400000,6589,1,2,0.01647291899767367,0.0164725,,1
F9,100000,100000,8373,1,2,0.0837260311561514,0.08373,,1
F10,200000,200000,2858,1,2,0.014289118785035027,0.01429,,5
F11,100000,100000,7994,1,2,0.07994223161293057,0.07994,,4
F12,200000,200000,6423,1,2,0.03211426739511014,0.032115,,7
F13,400000,400000,4169,1,2,0.010422289480055746,0.0104225,,4
F14,400000,400000,7606,1,2,0.019014197449977788,0.019015,,3
F15,400000,400000,11791,1,2,0.029476551124446804,0.0294775,,4
F16,400000,400000,3677,1,2,0.009192490276654808,0.0091925,,3
F17,400000,400000,600,1,2,0.0008858542174425277,0.0015,,2
F18,200000,200000,4075,1,2,0.020376188837305076,0.020375,,1
F19,200000,200000,10323,1,2,0.05161461763238645,0.051615,,3
F20,400000,400000,636,1,2,0.001590914957985634,0.00159,,5
F21,400000,400000,4787,1,2,0.011967074032394664,0.0119675,,7
F22,100000,100000,6759,1,2,0.06758879283289482,0.06759,,6
F23,400000,400000,6758,1,2,0.016895137739689203,0.016895,,6
F24,50000,50000,7248,1,2,0.1449585538442259,0.14496,,1
F25,200000,200000,6878,1,2,0.034389397537455624,0.03439,,3
F26,400000,400000,4055,1,2,0.010136855538362077,0.0101375,,4
F27,400000,400000,717,1,2,0.0017916286151718475,0.0017925,,1
F28,200000,200000,8175,1,2,0.04087483529720601,0.040875,,1
F29,400000,400000,5356,1,2,0.013388997636823746,0.01339,,2
F30,400000,400000,2751,1,2,0.006877941653244624,0.0068775,,7
F31,400000,400000,9965,1,2,0.024912411662307843,0.0249125,,6
F32,100000,100000,4569,1,2,0.04569175819887894,0.04569,,7
