Flow,Period,Deadline,Execution Time,w,h,Target_Utilization,Actual_Utilization,Utilization_Error,Queue
F1,200000,200000,9030,1,2,0.045147509613582826,0.04515,,2
F2,400000,400000,3503,1,2,0.008756510525243955,0.0087575,,1
F3,100000,100000,9486,1,2,0.09486466964625961,0.09486,,2
F4,50000,50000,3390,1,2,0.06780239391019316,0.0678,,5
F5,400000,400000,1591,1,2,0.00397782272484648,0.0039775,,5
F6,400000,400000,5849,1,2,0.014622295481471204,0.0146225,,1
F7,200000,200000,10162,1,2,0.05081186517096381,0.05081,,7
F8,200000,200000,9865,1,2,0.0493273781341389,0.049325,,7
F9,400000,400000,829,1,2,0.002072953673698641,0.0020725,,6
F10,100000,100000,3233,1,2,0.032329561269479945,0.03233,,5
F11,200000,200000,2438,1,2,0.012189604324670866,0.01219,,5
F12,200000,200000,7295,1,2,0.03647659140610382,0.036475,,4
F13,200000,200000,8836,1,2,0.04417897118380765,0.04418,,7
F14,400000,400000,10477,1,2,0.02619356199619227,0.0261925,,4
F15,50000,50000,5437,1,2,0.1087376541337507,0.10874,,2
F16,200000,200000,8873,1,2,0.04436549471707252,0.044365,,5
F17,400000,400000,4468,1,2,0.011169216214274302,0.01117,,2
F18,400000,400000,758,1,2,0.0018950673728497236,0.001895,,4
F19,200000,200000,10066,1,2,0.05032953373708454,0.05033,,5
F20,400000,400000,11921,1,2,0.029802323744988757,0.0298025,,7
F21,400000,400000,600,1,2,0.0007384058767636037,0.0015,,6
F22,400000,400000,2965,1,2,0.007411744367541828,0.0074125,,2
F23,400000,400000,10363,1,2,0.025908262771291574,0.0259075,,2
F24,400000,400000,9983,1,2,0.02495683863366907,0.0249575,,6
F25,100000,100000,6463,1,2,0.06463340184054248,0.06463,,2
F26,400000,400000,2215,1,2,0.005537331981596866,0.0055375,,3
F27,200000,200000,6694,1,2,0.033469596796946666,0.03347,,2
F28,400000,400000,10067,1,2,0.025166860833473206,0.0251675,,5
F29,100000,100000,5077,1,2,0.05076775013074476,0.05077,,2
F30,400000,400000,8151,1,2,0.02037699388363526,0.0203775,,4
F31,400000,400000,9386,1,2,0.02346458810893479,0.023465,,7
F32,400000,400000,600,1,2,0.001062006381878053,0.0015,,5
