Flow,Period,Deadline,Execution Time,w,h,Target_Utilization,Actual_Utilization,Utilization_Error,Queue
F1,200000,200000,9062,1,2,0.045311899765078434,0.04531,,3
F2,200000,200000,5821,1,2,0.029104957214958094,0.029105,,6
F3,50000,50000,3330,1,2,0.0666017553798588,0.0666,,3
F4,200000,200000,8135,1,2,0.04067349338814452,0.040675,,6
F5,400000,400000,600,1,2,0.00018311183580732582,0.0015,,5
F6,200000,200000,2566,1,2,0.012830896137296044,0.01283,,3
F7,200000,200000,2427,1,2,0.012134254134386513,0.012135,,2
F8,400000,400000,4418,1,2,0.011045833749493417,0.011045,,4
F9,100000,100000,1417,1,2,0.014169233121671065,0.01417,,6
F10,400000,400000,9883,1,2,0.024707844352881536,0.0247075,,2
F11,400000,400000,1255,1,2,0.003137163914751384,0.0031375,,6
F12,100000,100000,6563,1,2,0.06562933710204122,0.06563,,3
F13,400000,400000,6897,1,2,0.01724202967765176,0.0172425,,7
F14,400000,400000,600,1,2,0.0008445067738932499,0.0015,,7
F15,200000,200000,6871,1,2,0.03435661154820846,0.034355,,2
F16,400000,400000,8157,1,2,0.020393359439441316,0.0203925,,1
F17,400000,400000,2203,1,2,0.005508650898785938,0.0055075,,5
F18,100000,100000,7500,1,2,0.07499769669339618,0.075,,3
F19,200000,200000,8126,1,2,0.04063113388214351,0.04063,,3
F20,200000,200000,7923,1,2,0.039614924284806285,0.039615,,4
F21,200000,200000,11563,1,2,0.057814003331902564,0.057815,,4
F22,200000,200000,1051,1,2,0.005253788871074305,0.005255,,3
F23,400000,400000,4851,1,2,0.012126320758119868,0.0121275,,1
F24,100000,100000,2603,1,2,0.026030591743852027,0.02603,,4
F25,400000,400000,2185,1,2,0.005461429888817648,0.0054625,,7
F26,100000,100000,6351,1,2,0.06351399515091743,0.06351,,6
F27,400000,400000,2271,1,2,0.005678742701728967,0.0056775,,6
F28,400000,400000,11933,1,2,0.029831295985896483,0.0298325,,7
F29,400000,400000,735,1,2,0.001838043706032716,0.0018375,,4
F30,50000,50000,4358,1,2,0.08715916683340177,0.08716,,3
F31,400000,400000,11461,1,2,0.028653310580977337,0.0286525,,3
F32,50000,50000,6451,1,2,0.1290245647482054,0.12902,,3
