Flow,Period,Deadline,Execution Time,w,h,Target_Utilization,Actual_Utilization,Utilization_Error,Queue
F1,400000,400000,600,1,2,0.0005281042191329632,0.0015,,5
F2,200000,200000,10949,1,2,0.05474411329174367,0.054745,,2
F3,200000,200000,10853,1,2,0.05426652472803317,0.054265,,6
F4,50000,50000,1182,1,2,0.02363911540334429,0.02364,,7
F5,200000,200000,11187,1,2,0.0559337277313019,0.055935,,6
F6,100000,100000,11033,1,2,0.11032955806558609,0.11033,,6
F7,400000,400000,774,1,2,0.0019343728989510423,0.001935,,6
F8,200000,200000,7971,1,2,0.03985634026374185,0.039855,,3
F9,400000,400000,6535,1,2,0.016338160602718754,0.0163375,,2
F10,50000,50000,9286,1,2,0.1857233949913542,0.18572,,6
F11,400000,400000,1525,1,2,0.003813212171153879,0.0038125,,2
F12,200000,200000,6031,1,2,0.030153634960858433,0.030155,,6
F13,400000,400000,4473,1,2,0.011181643849373757,0.0111825,,3
F14,200000,200000,686,1,2,0.0034305844289589382,0.00343,,3
F15,200000,200000,4286,1,2,0.021429761653786683,0.02143,,1
F16,200000,200000,1455,1,2,0.0072744156569525265,0.007275,,7
F17,50000,50000,2419,1,2,0.04837935823171391,0.04838,,5
F18,50000,50000,1841,1,2,0.0368179455274627,0.03682,,7
F19,400000,400000,5489,1,2,0.013723724316767716,0.0137225,,6
F20,400000,400000,600,1,2,0.0005881169456017354,0.0015,,7
F21,400000,400000,4911,1,2,0.012277999553251429,0.0122775,,5
F22,400000,400000,2556,1,2,0.006389293828909348,0.00639,,5
F23,400000,400000,10785,1,2,0.02696340041441367,0.0269625,,3
F24,200000,200000,8287,1,2,0.04143669988488416,0.041435,,1
F25,50000,50000,1663,1,2,0.033260663552857755,0.03326,,2
F26,200000,200000,6293,1,2,0.03146405803727409,0.031465,,5
F27,100000,100000,7329,1,2,0.0732865273795162,0.07329,,2
F28,200000,200000,867,1,2,0.004336215902418505,0.004335,,3
F29,400000,400000,9268,1,2,0.023170507837785258,0.02317,,4
F30,200000,200000,7020,1,2,0.03510119058025517,0.0351,,1
F31,200000,200000,981,1,2,0.004904086291095842,0.004905,,6
F32,400000,400000,600,1,2,0.00012149716604077264,0.0015,,2
