Flow,Period,Deadline,Execution Time,w,h,Target_Utilization,Actual_Utilization,Utilization_Error,Queue
F1,400000,400000,3352,1,2,0.008379639239453285,0.00838,,7
F2,400000,400000,2711,1,2,0.006776877777892931,0.0067775,,1
F3,400000,400000,8361,1,2,0.020901978451911662,0.0209025,,6
F4,100000,100000,7385,1,2,0.07385442393309527,0.07385,,5
F5,200000,200000,6997,1,2,0.03498437338320126,0.034985,,6
F6,200000,200000,6655,1,2,0.03327566622340683,0.033275,,7
F7,400000,400000,2127,1,2,0.005318001658455862,0.0053175,,4
F8,400000,400000,10828,1,2,0.02706892729910282,0.02707,,5
F9,400000,400000,7737,1,2,0.019343188473017192,0.0193425,,5
F10,400000,400000,6057,1,2,0.015141644997353487,0.0151425,,7
F11,200000,200000,9767,1,2,0.04883456650686624,0.048835,,7
F12,200000,200000,11777,1,2,0.05888742650931078,0.058885,,7
F13,400000,400000,10967,1,2,0.027416928152194542,0.0274175,,7
F14,200000,200000,6383,1,2,0.03191556023177711,0.031915,,3
F15,200000,200000,10867,1,2,0.05433742604612579,0.054335,,5
F16,200000,200000,8951,1,2,0.04475301517426811,0.044755,,5
F17,400000,400000,1050,1,2,0.002625072877768253,0.002625,,6
F18,200000,200000,7391,1,2,0.03695444799100073,0.036955,,2
F19,400000,400000,9061,1,2,0.022651279150782522,0.0226525,,3
F20,50000,50000,5758,1,2,0.11515931575385646,0.11516,,7
F21,400000,400000,11191,1,2,0.02797820439331067,0.0279775,,6
F22,400000,400000,4393,1,2,0.010981558070531916,0.0109825,,1
F23,400000,400000,1853,1,2,0.004632271936472532,0.0046325,,2
F24,400000,400000,2191,1,2,0.0054778051454241194,0.0054775,,3
F25,200000,200000,10133,1,2,0.05066463544903799,0.050665,,2
F26,50000,50000,6068,1,2,0.12135594286593467,0.12136,,5
F27,400000,400000,5481,1,2,0.013701316951062081,0.0137025,,3
F28,400000,400000,5089,1,2,0.012721559913062952,0.0127225,,4
F29,400000,400000,600,1,2,2.375731412491977e-05,0.0015,,5
F30,400000,400000,11566,1,2,0.028915540696476463,0.028915,,2
F31,200000,200000,9368,1,2,0.046842190402240726,0.04684,,3
F32,400000,400000,8025,1,2,0.020063214236471318,0.0200625,,2
