Flow,Period,Deadline,Execution Time,w,h,Target_Utilization,Actual_Utilization,Utilization_Error,Queue
F1,200000,200000,6010,1,2,0.03004887481829077,0.03005,,2
F2,200000,200000,1219,1,2,0.006096085277182306,0.006095,,5
F3,400000,400000,9647,1,2,0.024118637525054387,0.0241175,,1
F4,400000,400000,2401,1,2,0.006003127286523857,0.0060025,,6
F5,400000,400000,9503,1,2,0.023756957554312952,0.0237575,,4
F6,400000,400000,1923,1,2,0.004808711585881809,0.0048075,,7
F7,200000,200000,7857,1,2,0.03928649815830032,0.039285,,6
F8,200000,200000,11175,1,2,0.05587460750010664,0.055875,,6
F9,200000,200000,8929,1,2,0.044642948316052644,0.044645,,4
F10,400000,400000,9811,1,2,0.02452633614334887,0.0245275,,4
F11,100000,100000,6519,1,2,0.06519319200670992,0.06519,,7
F12,200000,200000,8459,1,2,0.042294559011489596,0.042295,,2
F13,100000,100000,10605,1,2,0.10605342210585211,0.10605,,7
F14,100000,100000,6557,1,2,0.06556788511117961,0.06557,,7
F15,100000,100000,6334,1,2,0.06334199327325607,0.06334,,7
F16,50000,50000,2283,1,2,0.045660790637678195,0.04566,,7
F17,400000,400000,916,1,2,0.002290171398608265,0.00229,,3
F18,100000,100000,6035,1,2,0.06034619350789594,0.06035,,7
F19,400000,400000,6027,1,2,0.015068687848297457,0.0150675,,7
F20,400000,400000,7551,1,2,0.018876272677671002,0.0188775,,2
F21,400000,400000,1919,1,2,0.00479813049715222,0.0047975,,1
F22,200000,200000,8167,1,2,0.04083668767246479,0.040835,,4
F23,100000,100000,7205,1,2,0.07205334580557837,0.07205,,7
F24,200000,200000,8589,1,2,0.0429445350416757,0.042945,,7
F25,100000,100000,904,1,2,0.009040092524254278,0.00904,,1
F26,200000,200000,2143,1,2,0.010715514336372661,0.010715,,5
F27,200000,200000,1375,1,2,0.006874159238454386,0.006875,,3
F28,400000,400000,5951,1,2,0.014876341267704138,0.0148775,,6
F29,400000,400000,600,1,2,0.0014176469804311476,0.0015,,5
F30,100000,100000,4351,1,2,0.04350851841100312,0.04351,,6
F31,100000,100000,2882,1,2,0.028819671187314926,0.02882,,5
F32,100000,100000,3356,1,2,0.033560714090305796,0.03356,,7
