Flow,Period,Deadline,Execution Time,w,h,Target_Utilization,Actual_Utilization,Utilization_Error,Queue
F1,400000,400000,11170,1,2,0.027925204186647345,0.027925,,5
F2,100000,100000,8237,1,2,0.0823721226676759,0.08237,,6
F3,400000,400000,8993,1,2,0.022483508449339218,0.0224825,,6
F4,400000,400000,600,1,2,0.00034100076291487813,0.0015,,6
F5,100000,100000,3435,1,2,0.03434838230021853,0.03435,,5
F6,400000,400000,7123,1,2,0.01780733038781901,0.0178075,,7
F7,400000,400000,1062,1,2,0.0026538452842230775,0.002655,,1
F8,50000,50000,3895,1,2,0.07789555066542686,0.0779,,6
F9,400000,400000,1697,1,2,0.00424140266648676,0.0042425,,5
F10,400000,400000,1227,1,2,0.003066537620984189,0.0030675,,2
F11,200000,200000,8704,1,2,0.043519721053129956,0.04352,,6
F12,100000,100000,2234,1,2,0.022341156317852495,0.02234,,2
F13,50000,50000,1937,1,2,0.03873867337095693,0.03874,,6
F14,100000,100000,7911,1,2,0.07910845959181823,0.07911,,6
F15,400000,400000,9607,1,2,0.0240167207205243,0.0240175,,4
F16,200000,200000,2652,1,2,0.013260810284748459,0.01326,,6
F17,400000,400000,4817,1,2,0.0120424808587406,0.0120425,,2
F18,400000,400000,2316,1,2,0.005788949109014951,0.00579,,4
F19,200000,200000,1513,1,2,0.00756556417258758,0.007565,,6
F20,50000,50000,4438,1,2,0.08875856974914181,0.08876,,6
F21,50000,50000,3552,1,2,0.07103644345736343,0.07104,,5
F22,400000,400000,3541,1,2,0.008851923444730792,0.0088525,,1
F23,100000,100000,9263,1,2,0.09262634644294532,0.09263,,6
F24,400000,400000,7449,1,2,0.01862253180493595,0.0186225,,5
F25,100000,100000,692,1,2,0.006919108626132264,0.00692,,7
F26,400000,400000,679,1,2,0.0016983092820661017,0.0016975,,3
F27,400000,400000,6465,1,2,0.016161870354167995,0.0161625,,4
F28,200000,200000,2577,1,2,0.012886062214222671,0.012885,,5
F29,100000,100000,823,1,2,0.008231198066290274,0.00823,,3
F30,50000,50000,6702,1,2,0.1340389366653062,0.13404,,6
F31,100000,100000,3064,1,2,0.0306416059169784,0.03064,,6
F32,100000,100000,7659,1,2,0.07659367303616312,0.07659,,6
