Flow,Period,Deadline,Execution Time,w,h,Target_Utilization,Actual_Utilization,Utilization_Error,Queue
F1,400000,400000,9553,1,2,0.023882523719138904,0.0238825,,5
F2,100000,100000,1126,1,2,0.011260387754353118,0.01126,,4
F3,200000,200000,7630,1,2,0.03814926500929128,0.03815,,5
F4,400000,400000,3937,1,2,0.009843250035276974,0.0098425,,1
F5,200000,200000,7842,1,2,0.03921127778735978,0.03921,,1
F6,200000,200000,1517,1,2,0.007584598974435641,0.007585,,4
F7,100000,100000,1381,1,2,0.013810036768828304,0.01381,,2
F8,200000,200000,6902,1,2,0.03450843117203162,0.03451,,3
F9,100000,100000,4945,1,2,0.049449497347663685,0.04945,,6
F10,100000,100000,7605,1,2,0.07605031884656965,0.07605,,2
F11,200000,200000,3885,1,2,0.019426124427436187,0.019425,,2
F12,200000,200000,6134,1,2,0.03066796503467384,0.03067,,7
F13,400000,400000,8919,1,2,0.02229702722954241,0.0222975,,3
F14,200000,200000,7525,1,2,0.0376249859282739,0.037625,,2
F15,200000,200000,6200,1,2,0.03099821427618865,0.031,,6
F16,50000,50000,4245,1,2,0.08489597200071253,0.0849,,6
F17,400000,400000,4614,1,2,0.011533812023270862,0.011535,,3
F18,400000,400000,3265,1,2,0.008162461409964183,0.0081625,,1
F19,400000,400000,1410,1,2,0.003526026548058725,0.003525,,5
F20,400000,400000,600,1,2,0.0007315621289507579,0.0015,,2
F21,400000,400000,4345,1,2,0.010862363642439643,0.0108625,,5
F22,400000,400000,7451,1,2,0.018627540892394323,0.0186275,,4
F23,50000,50000,7405,1,2,0.14810735780577244,0.1481,,1
F24,200000,200000,5332,1,2,0.026659082433989845,0.02666,,1
F25,400000,400000,5689,1,2,0.014222233171193921,0.0142225,,6
F26,200000,200000,10781,1,2,0.05390348790351221,0.053905,,3
F27,50000,50000,4192,1,2,0.08383868318395013,0.08384,,5
F28,200000,200000,1742,1,2,0.00871113438025986,0.00871,,7
F29,400000,400000,3278,1,2,0.008194550283850563,0.008195,,6
F30,200000,200000,8039,1,2,0.04019688397017125,0.040195,,7
F31,400000,400000,3055,1,2,0.007638116268762221,0.0076375,,3
F32,100000,100000,6150,1,2,0.061499847254807574,0.0615,,7
