Flow,Period,Deadline,Execution Time,w,h,Target_Utilization,Actual_Utilization,Utilization_Error,Queue
F1,100000,100000,4472,1,2,0.04471962413633224,0.04472,,6
F2,400000,400000,600,1,2,0.0010635707310487907,0.0015,,7
F3,100000,100000,6735,1,2,0.06734714634836914,0.06735,,7
F4,400000,400000,8921,1,2,0.022303061857837148,0.0223025,,6
F5,400000,400000,1319,1,2,0.003297620525847922,0.0032975,,5
F6,200000,200000,6292,1,2,0.031460298750091154,0.03146,,5
F7,400000,400000,10507,1,2,0.026268709312568972,0.0262675,,7
F8,400000,400000,1337,1,2,0.0033436590479477557,0.0033425,,6
F9,50000,50000,1918,1,2,0.038359874843855724,0.03836,,7
F10,400000,400000,9943,1,2,0.02485837885375608,0.0248575,,3
F11,400000,400000,8709,1,2,0.021773067691280623,0.0217725,,5
F12,100000,100000,4538,1,2,0.04537997833698981,0.04538,,5
F13,400000,400000,5826,1,2,0.014565813915959902,0.014565,,1
F14,100000,100000,7779,1,2,0.07778696310779798,0.07779,,5
F15,200000,200000,8729,1,2,0.04364560985069743,0.043645,,1
F16,50000,50000,2242,1,2,0.04484085541417482,0.04484,,7
F17,100000,100000,2595,1,2,0.025949991027087116,0.02595,,1
F18,400000,400000,600,1,2,0.0007262106705529514,0.0015,,7
F19,100000,100000,8296,1,2,0.08295943272108042,0.08296,,7
F20,400000,400000,1961,1,2,0.004903315237416106,0.0049025,,4
F21,200000,200000,6081,1,2,0.030403723403976568,0.030405,,5
F22,400000,400000,3934,1,2,0.009833856905305527,0.009835,,2
F23,100000,100000,1451,1,2,0.014509606819721965,0.01451,,4
F24,400000,400000,11390,1,2,0.028474562450722773,0.028475,,6
F25,400000,400000,5674,1,2,0.014185035247441913,0.014185,,3
F26,100000,100000,9295,1,2,0.09294784449525842,0.09295,,7
F27,400000,400000,8343,1,2,0.02085801074644575,0.0208575,,7
F28,400000,400000,600,1,2,0.000289309516365549,0.0015,,6
F29,100000,100000,8880,1,2,0.08879830338328128,0.0888,,5
F30,50000,50000,2222,1,2,0.04444025713670831,0.04444,,5
F31,200000,200000,6678,1,2,0.033391961554653064,0.03339,,6
F32,200000,200000,1431,1,2,0.007154406125014617,0.007155,,1
