Flow,Period,Deadline,Execution Time,w,h,Target_Utilization,Actual_Utilization,Utilization_Error,Queue
F1,200000,200000,746,1,2,0.003730834977043296,0.00373,,3
F2,100000,100000,5774,1,2,0.05774194708960356,0.05774,,3
F3,100000,100000,1097,1,2,0.010970007825175654,0.01097,,4
F4,200000,200000,8778,1,2,0.0438920704206236,0.04389,,6
F5,400000,400000,1897,1,2,0.004741334884716064,0.0047425,,5
F6,200000,200000,6271,1,2,0.03135692973338988,0.031355,,5
F7,400000,400000,6787,1,2,0.016967432898502666,0.0169675,,1
F8,50000,50000,3619,1,2,0.07237913284871245,0.07238,,5
F9,400000,400000,4163,1,2,0.010408254383364457,0.0104075,,7
F10,400000,400000,750,1,2,0.0018759978534336197,0.001875,,6
F11,400000,400000,11598,1,2,0.028993945783778785,0.028995,,4
F12,400000,400000,647,1,2,0.001618301129323485,0.0016175,,6
F13,200000,200000,11031,1,2,0.05515589524450071,0.055155,,7
F14,400000,400000,6015,1,2,0.015037604774472246,0.0150375,,5
F15,200000,200000,7659,1,2,0.03829493900835501,0.038295,,7
F16,200000,200000,4238,1,2,0.02119009585596865,0.02119,,6
F17,100000,100000,5065,1,2,0.050651258091694684,0.05065,,5
F18,100000,100000,11708,1,2,0.11708456254738409,0.11708,,5
F19,400000,400000,3501,1,2,0.008752388781013254,0.0087525,,2
F20,200000,200000,10385,1,2,0.05192640971203283,0.051925,,3
F21,100000,100000,4637,1,2,0.04636924719093938,0.04637,,4
F22,200000,200000,2722,1,2,0.013609776571835153,0.01361,,6
F23,100000,100000,2118,1,2,0.0211804400563832,0.02118,,7
F24,100000,100000,8393,1,2,0.08393115103636276,0.08393,,7
F25,400000,400000,600,1,2,0.0012723130687852524,0.0015,,3
F26,200000,200000,2144,1,2,0.01072068959183331,0.01072,,1
F27,100000,100000,6601,1,2,0.0660064501365244,0.06601,,7
F28,200000,200000,11395,1,2,0.05697415323065534,0.056975,,5
F29,200000,200000,7547,1,2,0.037735281966393405,0.037735,,1
F30,400000,400000,11722,1,2,0.029305545761748975,0.029305,,3
F31,400000,400000,600,1,2,0.0009511518294835035,0.0015,,5
F32,400000,400000,6785,1,2,0.01696252658938252,0.0169625,,3
