Flow,Period,Deadline,Execution Time,w,h,Target_Utilization,Actual_Utilization,Utilization_Error,Queue
F1,400000,400000,1285,1,2,0.003213692143026803,0.0032125,,1
F2,400000,400000,5601,1,2,0.014002659896553027,0.0140025,,2
F3,400000,400000,4782,1,2,0.011955063191948723,0.011955,,5
F4,400000,400000,3723,1,2,0.00930738689692312,0.0093075,,6
F5,400000,400000,6407,1,2,0.016016783621860653,0.0160175,,5
F6,400000,400000,8369,1,2,0.02092341585767321,0.0209225,,7
F7,100000,100000,7650,1,2,0.07650471552046678,0.0765,,3
F8,200000,200000,6495,1,2,0.03247615206520016,0.032475,,1
F9,100000,100000,6191,1,2,0.0619116472527802,0.06191,,6
F10,200000,200000,1457,1,2,0.007284354820005334,0.007285,,1
F11,50000,50000,1740,1,2,0.034799966102769475,0.0348,,5
F12,100000,100000,7222,1,2,0.07222307091536384,0.07222,,5
F13,400000,400000,600,1,2,0.0011555310281007314,0.0015,,6
F14,400000,400000,600,1,2,0.0010961008724456045,0.0015,,3
F15,100000,100000,9821,1,2,0.09820972621016055,0.09821,,4
F16,200000,200000,9376,1,2,0.046880366141283214,0.04688,,7
F17,200000,200000,2387,1,2,0.01193515288739444,0.011935,,4
F18,400000,400000,600,1,2,0.00020336047731306373,0.0015,,6
F19,400000,400000,7017,1,2,0.017542603462981643,0.0175425,,3
F20,200000,200000,6727,1,2,0.03363700575912881,0.033635,,6
F21,100000,100000,5356,1,2,0.053560799621795996,0.05356,,2
F22,400000,400000,5991,1,2,0.014977232796469564,0.0149775,,4
F23,100000,100000,9043,1,2,0.09042569355670649,0.09043,,6
F24,200000,200000,7742,1,2,0.0387097754340367,0.03871,,3
F25,200000,200000,2843,1,2,0.014215269219040372,0.014215,,7
F26,100000,100000,3675,1,2,0.036748450943382,0.03675,,4
F27,100000,100000,3887,1,2,0.038872068767814655,0.03887,,1
F28,100000,100000,7699,1,2,0.07699127668441941,0.07699,,7
F29,400000,400000,5063,1,2,0.01265714028829562,0.0126575,,3
F30,400000,400000,7518,1,2,0.018793812524370804,0.018795,,2
F31,100000,100000,7497,1,2,0.07497109971663488,0.07497,,4
F32,400000,400000,2255,1,2,0.005636958662692332,0.0056375,,7
