Flow,Period,Deadline,Execution Time,w,h,Target_Utilization,Actual_Utilization,Utilization_Error,Queue
F1,400000,400000,9065,1,2,0.022663069484466503,0.0226625,,4
F2,200000,200000,9072,1,2,0.045362365058578935,0.04536,,3
F3,400000,400000,966,1,2,0.002413810102569358,0.002415,,4
F4,400000,400000,3847,1,2,0.009617796740304052,0.0096175,,4
F5,200000,200000,8335,1,2,0.04167417056813694,0.041675,,7
F6,50000,50000,4891,1,2,0.09782165854660796,0.09782,,3
F7,200000,200000,9868,1,2,0.04933790722426323,0.04934,,1
F8,400000,400000,7637,1,2,0.019092329817618436,0.0190925,,7
F9,200000,200000,1883,1,2,0.009415559450450806,0.009415,,3
F10,400000,400000,8030,1,2,0.020074449226295976,0.020075,,3
F11,200000,200000,11004,1,2,0.055019012081892416,0.05502,,7
F12,100000,100000,4208,1,2,0.04208209564132559,0.04208,,1
F13,400000,400000,600,1,2,0.00039286144850969595,0.0015,,6
F14,400000,400000,732,1,2,0.001829011330717667,0.00183,,4
F15,200000,200000,10641,1,2,0.05320494820316535,0.053205,,3
F16,100000,100000,6669,1,2,0.06669495188750707,0.06669,,1
F17,200000,200000,8543,1,2,0.042714340069881285,0.042715,,2
F18,200000,200000,3489,1,2,0.017444077806306135,0.017445,,1
F19,200000,200000,5358,1,2,0.02679006686602159,0.02679,,4
F20,200000,200000,1630,1,2,0.008150073722985651,0.00815,,7
F21,400000,400000,9629,1,2,0.02407312574098125,0.0240725,,2
F22,200000,200000,1253,1,2,0.006265219188438864,0.006265,,5
F23,400000,400000,9487,1,2,0.02371795075556027,0.0237175,,1
F24,100000,100000,10407,1,2,0.10406821355114354,0.10407,,3
F25,50000,50000,4333,1,2,0.08665586372194276,0.08666,,1
F26,400000,400000,9681,1,2,0.024202807634002538,0.0242025,,3
F27,400000,400000,7605,1,2,0.01901283822585889,0.0190125,,2
F28,100000,100000,962,1,2,0.009619448408038994,0.00962,,5
F29,200000,200000,9835,1,2,0.04917748087005683,0.049175,,7
F30,400000,400000,600,1,2,0.0014073221029129862,0.0015,,7
F31,400000,400000,1064,1,2,0.0026587811107309928,0.00266,,4
F32,100000,100000,7043,1,2,0.07042607640398688,0.07043,,3
