Flow,Period,Deadline,Execution Time,w,h,Target_Utilization,Actual_Utilization,Utilization_Error,Queue
F1,400000,400000,9693,1,2,0.02423361636577448,0.0242325,,5
F2,400000,400000,8087,1,2,0.020217824148314856,0.0202175,,7
F3,200000,200000,811,1,2,0.004055636942006169,0.004055,,5
F4,400000,400000,600,1,2,0.0014985892845672533,0.0015,,1
F5,200000,200000,6609,1,2,0.033045393846172666,0.033045,,7
F6,200000,200000,5593,1,2,0.027964730911638425,0.027965,,1
F7,400000,400000,600,1,2,0.0012351339728330357,0.0015,,7
F8,100000,100000,9229,1,2,0.09229006063747791,0.09229,,4
F9,400000,400000,3192,1,2,0.00797969830051748,0.00798,,7
F10,100000,100000,8130,1,2,0.08130085848633029,0.0813,,7
F11,50000,50000,6357,1,2,0.12714265019516335,0.12714,,7
F12,400000,400000,9056,1,2,0.022639080105628873,0.02264,,6
F13,50000,50000,2152,1,2,0.04304054636550003,0.04304,,5
F14,100000,100000,7124,1,2,0.07124269580044523,0.07124,,1
F15,400000,400000,804,1,2,0.00201077589210652,0.00201,,4
F16,100000,100000,2044,1,2,0.020439019277183168,0.02044,,1
F17,200000,200000,7499,1,2,0.03749667964488018,0.037495,,6
F18,100000,100000,693,1,2,0.006929786849460884,0.00693,,6
F19,400000,400000,1839,1,2,0.004596834152246931,0.0045975,,2
F20,400000,400000,7579,1,2,0.018948348470328114,0.0189475,,4
F21,400000,400000,5677,1,2,0.014191320112633188,0.0141925,,5
F22,50000,50000,3712,1,2,0.07424282856844816,0.07424,,6
F23,200000,200000,1165,1,2,0.005825363037919418,0.005825,,5
F24,400000,400000,704,1,2,0.001760177762004822,0.00176,,6
F25,200000,200000,1084,1,2,0.005421025653411793,0.00542,,4
F26,50000,50000,2577,1,2,0.05154039771456642,0.05154,,4
F27,200000,200000,11083,1,2,0.05541578071931452,0.055415,,7
F28,400000,400000,600,1,2,0.0010546715140444252,0.0015,,3
F29,50000,50000,5262,1,2,0.10524404342305908,0.10524,,7
F30,200000,200000,6533,1,2,0.032662612415553155,0.032665,,4
F31,400000,400000,3205,1,2,0.008012877165512172,0.0080125,,1
F32,400000,400000,3559,1,2,0.008896642463564756,0.0088975,,6
