Flow,Period,Deadline,Execution Time,w,h,Target_Utilization,Actual_Utilization,Utilization_Error,Queue
F1,50000,50000,4728,1,2,0.09455711100093989,0.09456,,1
F2,200000,200000,923,1,2,0.004613888056099635,0.004615,,4
F3,100000,100000,7943,1,2,0.079425677829848,0.07943,,4
F4,50000,50000,4784,1,2,0.09567683151803952,0.09568,,1
F5,400000,400000,3507,1,2,0.00876802167979085,0.0087675,,3
F6,50000,50000,3553,1,2,0.07105964398104614,0.07106,,4
F7,400000,400000,5319,1,2,0.013298360760899186,0.0132975,,6
F8,100000,100000,6888,1,2,0.06888003833296918,0.06888,,6
F9,200000,200000,933,1,2,0.0046649540097744024,0.004665,,6
F10,400000,400000,2693,1,2,0.006732865932994714,0.0067325,,4
F11,400000,400000,861,1,2,0.002153460524577211,0.0021525,,7
F12,400000,400000,6887,1,2,0.017216262059110754,0.0172175,,1
F13,100000,100000,7641,1,2,0.07640836916313565,0.07641,,1
F14,400000,400000,600,1,2,0.0014440512075488687,0.0015,,5
F15,100000,100000,6708,1,2,0.06708342285006375,0.06708,,7
F16,400000,400000,8927,1,2,0.022318409065093525,0.0223175,,1
F17,50000,50000,2107,1,2,0.04214117220918756,0.04214,,6
F18,400000,400000,7927,1,2,0.01981665491448542,0.0198175,,2
F19,400000,400000,2339,1,2,0.005846397183216501,0.0058475,,7
F20,200000,200000,4285,1,2,0.021425041041889525,0.021425,,4
F21,400000,400000,1501,1,2,0.003753685173246757,0.0037525,,1
F22,100000,100000,3037,1,2,0.03036789856079264,0.03037,,7
F23,200000,200000,8143,1,2,0.04071702685840947,0.040715,,5
F24,100000,100000,1077,1,2,0.010771067505595339,0.01077,,5
F25,200000,200000,9603,1,2,0.04801413394398646,0.048015,,1
F26,400000,400000,2204,1,2,0.005509915433703688,0.00551,,3
F27,400000,400000,9664,1,2,0.024160171073257047,0.02416,,2
F28,100000,100000,6260,1,2,0.06259707684439027,0.0626,,4
F29,200000,200000,9096,1,2,0.04547840250082304,0.04548,,3
F30,200000,200000,4427,1,2,0.022136191835402677,0.022135,,3
F31,400000,400000,4225,1,2,0.0105625795295411,0.0105625,,7
F32,400000,400000,2468,1,2,0.006170312573682011,0.00617,,5
