Flow,Period,Deadline,Execution Time,w,h,Target_Utilization,Actual_Utilization,Utilization_Error,Queue
F1,400000,400000,4095,1,2,0.010238160006963648,0.0102375,,1
F2,200000,200000,7302,1,2,0.03650901361666792,0.03651,,1
F3,50000,50000,4929,1,2,0.09857673222492225,0.09858,,1
F4,400000,400000,4247,1,2,0.010618647445922447,0.0106175,,2
F5,400000,400000,10437,1,2,0.026091659507199605,0.0260925,,3
F6,200000,200000,11963,1,2,0.05981327182665663,0.059815,,4
F7,200000,200000,2161,1,2,0.010806046243265088,0.010805,,4
F8,200000,200000,4629,1,2,0.023144148368580697,0.023145,,1
F9,400000,400000,5055,1,2,0.012636766422181922,0.0126375,,4
F10,100000,100000,3699,1,2,0.0369888568692871,0.03699,,3
F11,200000,200000,8419,1,2,0.04209424551399943,0.042095,,2
F12,400000,400000,10418,1,2,0.026045650484062377,0.026045,,4
F13,200000,200000,9740,1,2,0.048699123467981,0.0487,,1
F14,100000,100000,6765,1,2,0.06764776520933558,0.06765,,1
F15,400000,400000,5615,1,2,0.014038285551135066,0.0140375,,3
F16,400000,400000,5640,1,2,0.014100056180341825,0.0141,,5
F17,400000,400000,4290,1,2,0.010726176407335308,0.010725,,3
F18,200000,200000,6749,1,2,0.033744424234277426,0.033745,,2
F19,100000,100000,8031,1,2,0.08031378074175882,0.08031,,1
F20,200000,200000,8356,1,2,0.04177846136371266,0.04178,,4
F21,400000,400000,1959,1,2,0.004898594764011666,0.0048975,,4
F22,400000,400000,1607,1,2,0.004018169660970294,0.0040175,,3
F23,50000,50000,6976,1,2,0.13952783700444646,0.13952,,1
F24,400000,400000,11227,1,2,0.028068286344952176,0.0280675,,1
F25,400000,400000,2841,1,2,0.007102925474035265,0.0071025,,6
F26,200000,200000,6641,1,2,0.033202701315660305,0.033205,,3
F27,400000,400000,4550,1,2,0.011375452250770746,0.011375,,5
F28,400000,400000,7133,1,2,0.017832591856247332,0.0178325,,2
F29,100000,100000,637,1,2,0.006369038225213286,0.00637,,5
F30,100000,100000,5153,1,2,0.05152823360664049,0.05153,,2
F31,200000,200000,5258,1,2,0.026289473882502662,0.02629,,2
F32,200000,200000,6445,1,2,0.03222513611843739,0.032225,,4
