Flow,Period,Deadline,Execution Time,w,h,Target_Utilization,Actual_Utilization,Utilization_Error,Queue
F1,200000,200000,7631,1,2,0.038152702672004546,0.038155,,2
F2,200000,200000,4391,1,2,0.021956073669589404,0.021955,,3
F3,400000,400000,641,1,2,0.0016035480936791302,0.0016025,,3
F4,200000,200000,1357,1,2,0.006784814572217357,0.006785,,5
F5,400000,400000,8287,1,2,0.02071791403810641,0.0207175,,4
F6,400000,400000,3905,1,2,0.009763145631446757,0.0097625,,6
F7,400000,400000,10321,1,2,0.02580324774345799,0.0258025,,1
F8,400000,400000,5286,1,2,0.013215040105136189,0.013215,,5
F9,400000,400000,4343,1,2,0.010857879720478802,0.0108575,,1
F10,400000,400000,5946,1,2,0.014865799959420056,0.014865,,1
F11,400000,400000,10309,1,2,0.025773336025061266,0.0257725,,5
F12,400000,400000,4365,1,2,0.0109122989237318,0.0109125,,3
F13,200000,200000,7125,1,2,0.0356241864220207,0.035625,,6
F14,400000,400000,11907,1,2,0.029766751443445094,0.0297675,,7
F15,400000,400000,1618,1,2,0.004044979244496982,0.004045,,2
F16,400000,400000,5444,1,2,0.013610311062566716,0.01361,,7
F17,50000,50000,6104,1,2,0.1220765193155382,0.12208,,1
F18,200000,200000,7575,1,2,0.037874744090062196,0.037875,,3
F19,200000,200000,5988,1,2,0.029940340743524918,0.02994,,4
F20,200000,200000,11547,1,2,0.05773577919049544,0.057735,,6
F21,200000,200000,758,1,2,0.0037894735571397664,0.00379,,4
F22,400000,400000,9751,1,2,0.024378418655820133,0.0243775,,2
F23,200000,200000,2262,1,2,0.011308832070881125,0.01131,,6
F24,100000,100000,5614,1,2,0.05614226893683649,0.05614,,7
F25,200000,200000,2692,1,2,0.01346095972619582,0.01346,,2
F26,50000,50000,6823,1,2,0.13645694210669906,0.13646,,1
F27,50000,50000,4737,1,2,0.09474059356664591,0.09474,,3
F28,200000,200000,814,1,2,0.004068830768192977,0.00407,,2
F29,50000,50000,3519,1,2,0.0703806086681221,0.07038,,2
F30,200000,200000,1949,1,2,0.009745230177469033,0.009745,,7
F31,200000,200000,9581,1,2,0.047904901195983715,0.047905,,4
F32,100000,100000,6705,1,2,0.0670463165255308,0.06705,,5
