Flow,Period,Deadline,Execution Time,w,h,Target_Utilization,Actual_Utilization,Utilization_Error,Queue
F1,50000,50000,2116,1,2,0.042317838312803335,0.04232,,3
F2,200000,200000,3244,1,2,0.016221030084619392,0.01622,,2
F3,100000,100000,10481,1,2,0.10480737104288307,0.10481,,5
F4,400000,400000,10817,1,2,0.027042646481175603,0.0270425,,5
F5,400000,400000,9985,1,2,0.02496349338806436,0.0249625,,4
F6,400000,400000,9605,1,2,0.024011618651059607,0.0240125,,3
F7,400000,400000,7805,1,2,0.019512128854162092,0.0195125,,5
F8,400000,400000,1547,1,2,0.003868119329104691,0.0038675,,2
F9,400000,400000,1653,1,2,0.004131987267558146,0.0041325,,7
F10,100000,100000,8214,1,2,0.08213725944873729,0.08214,,2
F11,100000,100000,722,1,2,0.007218787233937429,0.00722,,3
F12,100000,100000,3769,1,2,0.03768758406166339,0.03769,,2
F13,400000,400000,882,1,2,0.0022058638397255415,0.002205,,7
F14,400000,400000,5205,1,2,0.01301324529082315,0.0130125,,7
F15,400000,400000,10347,1,2,0.025867875540635188,0.0258675,,6
F16,200000,200000,5889,1,2,0.02944391505226962,0.029445,,4
F17,400000,400000,1037,1,2,0.0025930019049315023,0.0025925,,4
F18,200000,200000,11939,1,2,0.059693437118185866,0.059695,,5
F19,100000,100000,10710,1,2,0.10709860684216543,0.1071,,5
F20,200000,200000,10921,1,2,0.05460717251871333,0.054605,,4
F21,100000,100000,7404,1,2,0.07403766026485395,0.07404,,5
F22,400000,400000,1635,1,2,0.004087347697829591,0.0040875,,6
F23,200000,200000,8360,1,2,0.04180093036897939,0.0418,,7
F24,50000,50000,1759,1,2,0.03518110467798646,0.03518,,3
F25,400000,400000,4781,1,2,0.011953182621521674,0.0119525,,6
F26,400000,400000,4011,1,2,0.010027073620187177,0.0100275,,5
F27,400000,400000,1694,1,2,0.004235700056004543,0.004235,,4
F28,400000,400000,4257,1,2,0.010643463869380781,0.0106425,,7
F29,100000,100000,6251,1,2,0.06251085550811962,0.06251,,3
F30,200000,200000,9089,1,2,0.04544728524609132,0.045445,,2
F31,400000,400000,4087,1,2,0.010217138658772365,0.0102175,,2
F32,200000,200000,1955,1,2,0.009774130492559827,0.009775,,1
