Flow,Period,Deadline,Execution Time,w,h,Target_Utilization,Actual_Utilization,Utilization_Error,Queue
F1,100000,100000,6975,1,2,0.06974999703692997,0.06975,,7
F2,400000,400000,4082,1,2,0.010203846545723705,0.010205,,5
F3,400000,400000,8351,1,2,0.020878330327691597,0.0208775,,2
F4,200000,200000,6023,1,2,0.03011599445916524,0.030115,,4
F5,100000,100000,3720,1,2,0.03719977693186882,0.0372,,7
F6,400000,400000,5963,1,2,0.014908590485884776,0.0149075,,1
F7,400000,400000,3170,1,2,0.007924635182556039,0.007925,,6
F8,200000,200000,9198,1,2,0.045987660512420536,0.04599,,1
F9,100000,100000,4545,1,2,0.04544975159468445,0.04545,,4
F10,400000,400000,1075,1,2,0.0026874296387717767,0.0026875,,1
F11,400000,400000,2141,1,2,0.005352728598839063,0.0053525,,5
F12,400000,400000,11567,1,2,0.028916460448539016,0.0289175,,2
F13,100000,100000,6722,1,2,0.06722191201637084,0.06722,,1
F14,400000,400000,600,1,2,0.000407894519600438,0.0015,,5
F15,50000,50000,2049,1,2,0.04097791613782309,0.04098,,2
F16,400000,400000,966,1,2,0.0024159755696352425,0.002415,,4
F17,100000,100000,8247,1,2,0.08246637585959737,0.08247,,1
F18,400000,400000,9197,1,2,0.022991535750620795,0.0229925,,4
F19,200000,200000,10515,1,2,0.05257408520548129,0.052575,,4
F20,400000,400000,6578,1,2,0.01644486113284721,0.016445,,4
F21,400000,400000,7754,1,2,0.01938514108136541,0.019385,,7
F22,100000,100000,3154,1,2,0.03154013798509642,0.03154,,1
F23,400000,400000,3121,1,2,0.007801922410218487,0.0078025,,2
F24,100000,100000,5082,1,2,0.05082234042010031,0.05082,,2
F25,200000,200000,9283,1,2,0.04641611854831573,0.046415,,7
F26,400000,400000,11413,1,2,0.02853345557078671,0.0285325,,5
F27,200000,200000,5349,1,2,0.026744354087477218,0.026745,,1
F28,400000,400000,2603,1,2,0.006506426427488721,0.0065075,,6
F29,100000,100000,7744,1,2,0.077441859363226,0.07744,,2
F30,400000,400000,9339,1,2,0.02334807177404173,0.0233475,,7
F31,400000,400000,2063,1,2,0.0051581917780123,0.0051575,,3
F32,100000,100000,8564,1,2,0.0856403725038296,0.08564,,7
