Flow,Period,Deadline,Execution Time,w,h,Target_Utilization,Actual_Utilization,Utilization_Error,Queue
F1,400000,400000,9381,1,2,0.02345130931168371,0.0234525,,7
F2,200000,200000,1847,1,2,0.009234247719299482,0.009235,,7
F3,200000,200000,7743,1,2,0.03871569462847302,0.038715,,6
F4,200000,200000,8451,1,2,0.04225393981748471,0.042255,,1
F5,400000,400000,11915,1,2,0.029788578457991655,0.0297875,,6
F6,100000,100000,9629,1,2,0.09628764041653826,0.09629,,1
F7,100000,100000,7086,1,2,0.07085572904757687,0.07086,,1
F8,200000,200000,5548,1,2,0.02774073164914892,0.02774,,4
F9,400000,400000,600,1,2,0.0012044348624814516,0.0015,,7
F10,400000,400000,1525,1,2,0.0038114772787870566,0.0038125,,5
F11,400000,400000,600,1,2,0.0005519420392378072,0.0015,,1
F12,400000,400000,10121,1,2,0.025302916759669003,0.0253025,,3
F13,400000,400000,5169,1,2,0.012921313144504287,0.0129225,,2
F14,400000,400000,6469,1,2,0.016172041702459117,0.0161725,,6
F15,100000,100000,7006,1,2,0.07006482055165919,0.07006,,1
F16,400000,400000,600,1,2,0.0012287207818462154,0.0015,,6
F17,200000,200000,1983,1,2,0.009915709390678318,0.009915,,1
F18,400000,400000,1168,1,2,0.002921148902982784,0.00292,,2
F19,50000,50000,6921,1,2,0.13842612875807608,0.13842,,1
F20,100000,100000,6635,1,2,0.06635268999954086,0.06635,,4
F21,400000,400000,10074,1,2,0.025185662598660896,0.025185,,1
F22,100000,100000,8212,1,2,0.08212286476886524,0.08212,,4
F23,200000,200000,7431,1,2,0.03715468479413589,0.037155,,2
F24,400000,400000,4491,1,2,0.01122862867768018,0.0112275,,3
F25,400000,400000,7727,1,2,0.019316466412346855,0.0193175,,2
F26,100000,100000,719,1,2,0.007191126279897125,0.00719,,4
F27,100000,100000,3757,1,2,0.03756791930901823,0.03757,,1
F28,400000,400000,4641,1,2,0.011602097731523292,0.0116025,,5
F29,400000,400000,7131,1,2,0.017828323893363612,0.0178275,,4
F30,200000,200000,6787,1,2,0.03393382785085733,0.033935,,3
F31,100000,100000,6650,1,2,0.06649832102254065,0.0665,,4
F32,400000,400000,2950,1,2,0.007376164849358008,0.007375,,6
