Flow,Period,Deadline,Execution Time,w,h,Target_Utilization,Actual_Utilization,Utilization_Error,Queue
F1,50000,50000,7900,1,2,0.157991869163154,0.158,,1
F2,200000,200000,3041,1,2,0.015204963206850775,0.015205,,4
F3,400000,400000,1049,1,2,0.002622650543194993,0.0026225,,5
F4,100000,100000,3851,1,2,0.038511816425027795,0.03851,,4
F5,100000,100000,5591,1,2,0.055912454281429796,0.05591,,3
F6,400000,400000,2586,1,2,0.006463848475845885,0.006465,,4
F7,200000,200000,3017,1,2,0.01508495253913103,0.015085,,1
F8,400000,400000,600,1,2,0.0013921361569246282,0.0015,,1
F9,400000,400000,6433,1,2,0.01608181622249491,0.0160825,,3
F10,200000,200000,6957,1,2,0.034786325346145924,0.034785,,1
F11,100000,100000,1025,1,2,0.010249720810420707,0.01025,,3
F12,400000,400000,1369,1,2,0.003422809987154482,0.0034225,,6
F13,200000,200000,6133,1,2,0.03066654392363008,0.030665,,2
F14,200000,200000,8529,1,2,0.04264462393368222,0.042645,,3
F15,400000,400000,647,1,2,0.0016184481399922172,0.0016175,,3
F16,400000,400000,4957,1,2,0.012391572620280015,0.0123925,,5
