Flow,Period,Deadline,Execution Time,w,h,Target_Utilization,Actual_Utilization,Utilization_Error,Queue
F1,400000,400000,1018,1,2,0.00254449992444733,0.002545,,5
F2,200000,200000,678,1,2,0.0033901038954906038,0.00339,,4
F3,100000,100000,4702,1,2,0.04702042770358772,0.04702,,6
F4,50000,50000,1815,1,2,0.03629861475605156,0.0363,,1
F5,400000,400000,3239,1,2,0.008097247811064467,0.0080975,,7
F6,400000,400000,5021,1,2,0.01255297084367163,0.0125525,,5
F7,400000,400000,2167,1,2,0.005416292868666461,0.0054175,,2
F8,100000,100000,7113,1,2,0.071125061575872,0.07113,,1
F9,200000,200000,7203,1,2,0.03601469414930786,0.036015,,6
F10,400000,400000,10674,1,2,0.026684538788625117,0.026685,,3
F11,100000,100000,4596,1,2,0.04596070291666987,0.04596,,7
F12,200000,200000,7579,1,2,0.03789364837329637,0.037895,,2
F13,100000,100000,8929,1,2,0.08929414260881384,0.08929,,2
F14,400000,400000,1153,1,2,0.0028824167431492353,0.0028825,,2
F15,400000,400000,600,1,2,0.0001225514725290977,0.0015,,7
F16,100000,100000,4703,1,2,0.047028076656988924,0.04703,,7
