Flow,Period,Deadline,Execution Time,w,h,Target_Utilization,Actual_Utilization,Utilization_Error,Queue
F1,200000,200000,4934,1,2,0.024670839299723413,0.02467,,1
F2,400000,400000,1825,1,2,0.004562649095032345,0.0045625,,3
F3,100000,100000,7879,1,2,0.07878625304498399,0.07879,,1
F4,200000,200000,4869,1,2,0.024345407078362635,0.024345,,4
F5,200000,200000,9940,1,2,0.04969803092926403,0.0497,,2
F6,100000,100000,8152,1,2,0.08152181915409978,0.08152,,2
F7,100000,100000,1990,1,2,0.019898778047188925,0.0199,,7
F8,400000,400000,2607,1,2,0.006516925951101843,0.0065175,,4
F9,400000,400000,5592,1,2,0.013979978760105899,0.01398,,6
F10,400000,400000,600,1,2,0.0001673257136397266,0.0015,,7
F11,400000,400000,2935,1,2,0.007338424089976578,0.0073375,,3
F12,400000,400000,6221,1,2,0.015551273968040277,0.0155525,,1
F13,200000,200000,5279,1,2,0.02639410151488597,0.026395,,2
F14,200000,200000,6136,1,2,0.03067969457594369,0.03068,,4
F15,400000,400000,9031,1,2,0.022577492546544353,0.0225775,,5
F16,400000,400000,9459,1,2,0.02364751660899932,0.0236475,,2
