Flow,Period,Deadline,Execution Time,w,h,Target_Utilization,Actual_Utilization,Utilization_Error,Queue
F1,400000,400000,1221,1,2,0.0030513517362880105,0.0030525,,4
F2,100000,100000,6280,1,2,0.06280463190657776,0.0628,,4
F3,400000,400000,600,1,2,8.699888039254144e-05,0.0015,,6
F4,400000,400000,4009,1,2,0.010021511634247804,0.0100225,,1
F5,200000,200000,4819,1,2,0.024093871758860408,0.024095,,5
F6,100000,100000,3997,1,2,0.03996789412889207,0.03997,,4
F7,50000,50000,1462,1,2,0.029239004276925884,0.02924,,6
F8,200000,200000,11122,1,2,0.055610469652593475,0.05561,,2
F9,400000,400000,5821,1,2,0.014551688139812696,0.0145525,,7
F10,100000,100000,2672,1,2,0.02671885839255092,0.02672,,6
F11,400000,400000,600,1,2,0.0003118730150982463,0.0015,,5
F12,100000,100000,6682,1,2,0.06682070722609441,0.06682,,6
F13,400000,400000,4261,1,2,0.010653165543683757,0.0106525,,2
F14,400000,400000,1582,1,2,0.003955343031377442,0.003955,,3
F15,400000,400000,6431,1,2,0.016076331108549717,0.0160775,,4
F16,200000,200000,11882,1,2,0.059409220967041716,0.05941,,5
