Flow,Period,Deadline,Execution Time,w,h,Target_Utilization,Actual_Utilization,Utilization_Error,Queue
F1,400000,400000,5729,1,2,0.014322921364881058,0.0143225,,3
F2,400000,400000,1375,1,2,0.0034372435026318038,0.0034375,,7
F3,50000,50000,4349,1,2,0.08697960975711566,0.08698,,2
F4,400000,400000,1148,1,2,0.0028708306370864856,0.00287,,6
F5,400000,400000,989,1,2,0.0024733271820763236,0.0024725,,6
F6,400000,400000,2991,1,2,0.007478716587367484,0.0074775,,7
F7,100000,100000,1981,1,2,0.01980955544684887,0.01981,,6
F8,200000,200000,764,1,2,0.0038199826235604806,0.00382,,6
F9,400000,400000,2879,1,2,0.007198475982821528,0.0071975,,3
F10,200000,200000,7122,1,2,0.03561142700823122,0.03561,,3
F11,400000,400000,1034,1,2,0.002584143096484026,0.002585,,3
F12,400000,400000,6701,1,2,0.016753481272945403,0.0167525,,6
F13,50000,50000,9085,1,2,0.18170536273372634,0.1817,,2
F14,100000,100000,8074,1,2,0.08074375653784069,0.08074,,2
F15,400000,400000,6859,1,2,0.017147270868207783,0.0171475,,7
F16,400000,400000,600,1,2,0.0005427680517517688,0.0015,,7
