Flow,Period,Deadline,Execution Time,w,h,Target_Utilization,Actual_Utilization,Utilization_Error,Queue
F1,100000,100000,2071,1,2,0.020709738413064338,0.02071,,6
F2,400000,400000,7275,1,2,0.018188165382556132,0.0181875,,3
F3,400000,400000,3957,1,2,0.009893070693871353,0.0098925,,4
F4,400000,400000,929,1,2,0.0023227189225988876,0.0023225,,6
F5,200000,200000,8139,1,2,0.04069282728524348,0.040695,,5
F6,400000,400000,5804,1,2,0.01450900935088384,0.01451,,5
F7,100000,100000,7674,1,2,0.07674196175771919,0.07674,,5
F8,400000,400000,4831,1,2,0.012077698045394103,0.0120775,,1
F9,400000,400000,4991,1,2,0.012476310237633514,0.0124775,,6
F10,400000,400000,2969,1,2,0.007422188607298319,0.0074225,,2
F11,200000,200000,7334,1,2,0.036669861604751525,0.03667,,1
F12,100000,100000,8024,1,2,0.08024357145920508,0.08024,,1
F13,100000,100000,5741,1,2,0.05741249691647832,0.05741,,1
F14,200000,200000,11139,1,2,0.05569477401367539,0.055695,,3
F15,400000,400000,4243,1,2,0.010608618596705177,0.0106075,,7
F16,400000,400000,3991,1,2,0.009977272959731833,0.0099775,,3
