Flow,Period,Deadline,Execution Time,w,h,Target_Utilization,Actual_Utilization,Utilization_Error,Queue
F1,200000,200000,11405,1,2,0.05702675290845177,0.057025,,1
F2,100000,100000,1349,1,2,0.01349030899551773,0.01349,,5
F3,400000,400000,11679,1,2,0.029198283093952226,0.0291975,,4
F4,200000,200000,2510,1,2,0.01254884715535548,0.01255,,4
F5,200000,200000,9903,1,2,0.049514877463528895,0.049515,,2
F6,200000,200000,1353,1,2,0.006765063168013341,0.006765,,3
F7,100000,100000,3833,1,2,0.03832761956999567,0.03833,,7
F8,50000,50000,707,1,2,0.014140358144656529,0.01414,,6
F9,100000,100000,10781,1,2,0.10780669488472001,0.10781,,7
F10,400000,400000,5529,1,2,0.013822740970656083,0.0138225,,1
F11,100000,100000,1649,1,2,0.01648898297033334,0.01649,,2
F12,400000,400000,5024,1,2,0.012559152540072435,0.01256,,7
F13,200000,200000,6493,1,2,0.03246635381204433,0.032465,,3
F14,400000,400000,7510,1,2,0.01877585461972901,0.018775,,7
F15,400000,400000,600,1,2,0.0008223125921349404,0.0015,,2
F16,400000,400000,7799,1,2,0.019497025715354305,0.0194975,,6
