Flow,Period,Deadline,Execution Time,w,h,Target_Utilization,Actual_Utilization,Utilization_Error,Queue
F1,200000,200000,4015,1,2,0.020075148701848733,0.020075,,1
F2,400000,400000,5699,1,2,0.014247984229761812,0.0142475,,2
F3,200000,200000,6839,1,2,0.034196807442478105,0.034195,,2
F4,200000,200000,6321,1,2,0.03160488267419603,0.031605,,7
F5,400000,400000,1183,1,2,0.002957905628509394,0.0029575,,6
F6,400000,400000,2993,1,2,0.007483100461978975,0.0074825,,5
F7,400000,400000,7281,1,2,0.018201730948801897,0.0182025,,4
F8,50000,50000,5739,1,2,0.11478471117024264,0.11478,,7
F9,200000,200000,11041,1,2,0.0552055249281625,0.055205,,6
F10,400000,400000,5195,1,2,0.01298650534962087,0.0129875,,3
F11,400000,400000,1769,1,2,0.004422885858699932,0.0044225,,2
F12,400000,400000,3250,1,2,0.008125805968741823,0.008125,,6
F13,200000,200000,2971,1,2,0.01485606296708919,0.014855,,1
F14,100000,100000,1082,1,2,0.010820248748664663,0.01082,,7
F15,50000,50000,4181,1,2,0.0836157486684119,0.08362,,6
F16,200000,200000,8385,1,2,0.04192402506178611,0.041925,,4
