Flow,Period,Deadline,Execution Time,w,h,Target_Utilization,Actual_Utilization,Utilization_Error,Queue
F1,200000,200000,9183,1,2,0.0459134132673793,0.045915,,3
F2,400000,400000,6342,1,2,0.015854870852514746,0.015855,,5
F3,200000,200000,4179,1,2,0.020894492676138243,0.020895,,3
F4,400000,400000,600,1,2,0.0001634536052547153,0.0015,,2
F5,400000,400000,4461,1,2,0.011153600916414652,0.0111525,,1
F6,200000,200000,6547,1,2,0.032736863955096285,0.032735,,6
F7,400000,400000,3293,1,2,0.008232267072833754,0.0082325,,6
F8,200000,200000,8941,1,2,0.04470610946637449,0.044705,,7
F9,100000,100000,10807,1,2,0.10806850636142412,0.10807,,4
F10,400000,400000,4103,1,2,0.010257695170831194,0.0102575,,3
F11,200000,200000,4761,1,2,0.02380533813047947,0.023805,,5
F12,400000,400000,864,1,2,0.0021604618451825097,0.00216,,7
F13,100000,100000,4154,1,2,0.04154247687984404,0.04154,,2
F14,100000,100000,7193,1,2,0.07192542646738437,0.07193,,1
F15,400000,400000,7879,1,2,0.019698255928790032,0.0196975,,4
F16,200000,200000,4590,1,2,0.02295061092616044,0.02295,,1
