Flow,Period,Deadline,Execution Time,w,h,Target_Utilization,Actual_Utilization,Utilization_Error,Queue
F1,200000,200000,11891,1,2,0.059453509955536055,0.059455,,5
F2,100000,100000,3377,1,2,0.03376934065802878,0.03377,,7
F3,400000,400000,3921,1,2,0.009801290322902112,0.0098025,,5
F4,200000,200000,8137,1,2,0.04068466805177007,0.040685,,2
F5,400000,400000,1135,1,2,0.0028370621671881535,0.0028375,,3
F6,100000,100000,5105,1,2,0.05105185986816199,0.05105,,5
F7,200000,200000,6626,1,2,0.03312806257271819,0.03313,,2
F8,400000,400000,2217,1,2,0.005541856227595232,0.0055425,,4
F9,400000,400000,1211,1,2,0.0030266457473309416,0.0030275,,4
F10,100000,100000,4001,1,2,0.040011066682348495,0.04001,,4
F11,400000,400000,10777,1,2,0.02694202466585935,0.0269425,,1
F12,400000,400000,6833,1,2,0.017082122553074466,0.0170825,,6
F13,400000,400000,5826,1,2,0.014564137780433084,0.014565,,7
F14,400000,400000,1012,1,2,0.0025295290488886596,0.00253,,5
F15,100000,100000,878,1,2,0.008780353105688046,0.00878,,3
F16,50000,50000,4850,1,2,0.09699971025299038,0.097,,2
