Flow,Period,Deadline,Execution Time,w,h,Target_Utilization,Actual_Utilization,Utilization_Error,Queue
F1,200000,200000,1041,1,2,0.005206042385742848,0.005205,,6
F2,400000,400000,11831,1,2,0.029577945336133615,0.0295775,,3
F3,400000,400000,600,1,2,0.0001230720602090618,0.0015,,2
F4,200000,200000,9497,1,2,0.04748617904191149,0.047485,,4
F5,400000,400000,4225,1,2,0.010561621747388783,0.0105625,,4
F6,200000,200000,6481,1,2,0.03240317267674381,0.032405,,5
F7,400000,400000,2989,1,2,0.007472328327561062,0.0074725,,1
F8,50000,50000,4600,1,2,0.09200491063246366,0.092,,5
F9,400000,400000,8995,1,2,0.022486364242498863,0.0224875,,2
F10,200000,200000,8434,1,2,0.04217033496600056,0.04217,,3
F11,200000,200000,6299,1,2,0.03149345083960811,0.031495,,4
F12,400000,400000,10772,1,2,0.026928928618557363,0.02693,,5
F13,200000,200000,2202,1,2,0.011010023440205824,0.01101,,7
F14,200000,200000,10285,1,2,0.05142508367191284,0.051425,,3
F15,400000,400000,1345,1,2,0.0033631191046775075,0.0033625,,7
F16,200000,200000,7374,1,2,0.03687045296426151,0.03687,,2
