Flow,Period,Deadline,Execution Time,w,h,Target_Utilization,Actual_Utilization,Utilization_Error,Queue
F1,100000,100000,4636,1,2,0.04635877796236565,0.04636,,6
F2,100000,100000,4359,1,2,0.04358817426234657,0.04359,,4
F3,100000,100000,9779,1,2,0.09779060785955562,0.09779,,5
F4,400000,400000,9637,1,2,0.02409177748249694,0.0240925,,2
F5,100000,100000,7100,1,2,0.0710036358849451,0.071,,1
F6,400000,400000,6447,1,2,0.016116779572155182,0.0161175,,4
F7,400000,400000,6039,1,2,0.015096354691010422,0.0150975,,1
F8,400000,400000,718,1,2,0.0017950624972538631,0.001795,,6
F9,400000,400000,600,1,2,0.0005160619128305177,0.0015,,6
F10,400000,400000,2765,1,2,0.006912551618872359,0.0069125,,4
F11,400000,400000,6293,1,2,0.015733736869036466,0.0157325,,3
F12,200000,200000,7604,1,2,0.03802140085844859,0.03802,,3
F13,200000,200000,6869,1,2,0.03434406354329036,0.034345,,6
F14,100000,100000,3018,1,2,0.030182182386008328,0.03018,,7
F15,200000,200000,1343,1,2,0.006714782208196624,0.006715,,7
F16,100000,100000,1149,1,2,0.011489836507729856,0.01149,,2
