Flow,Period,Deadline,Execution Time,w,h,Target_Utilization,Actual_Utilization,Utilization_Error,Queue
F1,200000,200000,7699,1,2,0.03849739938646324,0.038495,,2
F2,400000,400000,2167,1,2,0.0054172374944047585,0.0054175,,7
F3,400000,400000,7443,1,2,0.018607940721025784,0.0186075,,4
F4,400000,400000,600,1,2,0.0013974486138305653,0.0015,,5
F5,400000,400000,11337,1,2,0.028341864323348953,0.0283425,,3
F6,200000,200000,10403,1,2,0.052015393442125524,0.052015,,1
F7,400000,400000,7953,1,2,0.01988318172111847,0.0198825,,5
F8,400000,400000,661,1,2,0.001651277980850352,0.0016525,,4
F9,400000,400000,2777,1,2,0.006942384816255087,0.0069425,,1
F10,50000,50000,1560,1,2,0.031198378313967934,0.0312,,2
F11,400000,400000,3215,1,2,0.00803736128116056,0.0080375,,6
F12,200000,200000,8040,1,2,0.04019882104448974,0.0402,,5
F13,100000,100000,3470,1,2,0.03469865360639762,0.0347,,7
F14,400000,400000,5473,1,2,0.01368340091154635,0.0136825,,1
F15,50000,50000,3499,1,2,0.06998320515435771,0.06998,,4
F16,50000,50000,4263,1,2,0.08525626721584109,0.08526,,6
