Flow,Period,Deadline,Execution Time,w,h,Target_Utilization,Actual_Utilization,Utilization_Error,Queue
F1,400000,400000,1705,1,2,0.004263698530652338,0.0042625,,1
F2,200000,200000,8859,1,2,0.044296232478913455,0.044295,,3
F3,400000,400000,2263,1,2,0.005658174951911843,0.0056575,,2
F4,200000,200000,9655,1,2,0.048276445448577454,0.048275,,2
F5,400000,400000,2841,1,2,0.0071022860182879954,0.0071025,,3
F6,400000,400000,8383,1,2,0.020958365707798243,0.0209575,,5
F7,200000,200000,7982,1,2,0.03990870741572711,0.03991,,1
F8,200000,200000,10966,1,2,0.054828195981224626,0.05483,,2
F9,400000,400000,2395,1,2,0.0059882144058324704,0.0059875,,3
F10,200000,200000,7117,1,2,0.035583984133333635,0.035585,,7
F11,100000,100000,7914,1,2,0.07914349248814488,0.07914,,3
F12,400000,400000,607,1,2,0.001518051585819566,0.0015175,,6
F13,400000,400000,8407,1,2,0.021016474060769584,0.0210175,,2
F14,400000,400000,2539,1,2,0.006347763986200884,0.0063475,,6
F15,200000,200000,10094,1,2,0.05046966611588451,0.05047,,1
F16,400000,400000,600,1,2,0.0002239691124608807,0.0015,,6
