Flow,Period,Deadline,Execution Time,w,h,Target_Utilization,Actual_Utilization,Utilization_Error,Queue
F1,400000,400000,2108,1,2,0.0052703851973264215,0.00527,,7
F2,400000,400000,9949,1,2,0.024872958488295238,0.0248725,,1
F3,400000,400000,3136,1,2,0.007839867020463132,0.00784,,5
F4,200000,200000,10645,1,2,0.05322530351077054,0.053225,,4
F5,400000,400000,7993,1,2,0.019981614899360955,0.0199825,,5
F6,200000,200000,1108,1,2,0.005540955842521844,0.00554,,4
F7,400000,400000,8605,1,2,0.021512306515623802,0.0215125,,3
F8,100000,100000,6317,1,2,0.0631695722685417,0.06317,,5
F9,400000,400000,3789,1,2,0.009471986938084404,0.0094725,,1
F10,400000,400000,7822,1,2,0.019556129526530436,0.019555,,1
F11,100000,100000,7116,1,2,0.07116466492589468,0.07116,,6
F12,200000,200000,8455,1,2,0.04227494352052295,0.042275,,2
F13,200000,200000,11274,1,2,0.056369508926363214,0.05637,,6
F14,400000,400000,5185,1,2,0.012961707323474014,0.0129625,,3
F15,200000,200000,3849,1,2,0.019244615620990346,0.019245,,6
F16,400000,400000,6046,1,2,0.015114754170433963,0.015115,,2
