Flow,Period,Deadline,Execution Time,w,h,Target_Utilization,Actual_Utilization,Utilization_Error,Queue
F1,200000,200000,6037,1,2,0.030183605672512326,0.030185,,6
F2,200000,200000,3882,1,2,0.019409804932167596,0.01941,,1
F3,400000,400000,2857,1,2,0.007141733884702406,0.0071425,,3
F4,200000,200000,6206,1,2,0.031029111546367394,0.03103,,7
F5,400000,400000,4192,1,2,0.010481028221127231,0.01048,,5
F6,100000,100000,844,1,2,0.008439292966069656,0.00844,,2
F7,400000,400000,603,1,2,0.0015070444935675886,0.0015075,,1
F8,400000,400000,2209,1,2,0.005522457285005666,0.0055225,,7
F9,400000,400000,1567,1,2,0.003917677565241029,0.0039175,,6
F10,50000,50000,1365,1,2,0.027300255932614148,0.0273,,5
F11,400000,400000,5149,1,2,0.012871366807360118,0.0128725,,6
F12,100000,100000,2441,1,2,0.024409135016009303,0.02441,,3
F13,50000,50000,3491,1,2,0.06981561683447782,0.06982,,6
F14,100000,100000,10336,1,2,0.10335993509368047,0.10336,,7
F15,400000,400000,8457,1,2,0.02114146211855642,0.0211425,,7
F16,50000,50000,2595,1,2,0.051898813003534515,0.0519,,2
