Flow,Period,Deadline,Execution Time,w,h,Target_Utilization,Actual_Utilization,Utilization_Error,Queue
F1,200000,200000,1845,1,2,0.009225537444410847,0.009225,,2
F2,100000,100000,2120,1,2,0.021200969402601688,0.0212,,6
F3,200000,200000,9305,1,2,0.046524597477379026,0.046525,,4
F4,200000,200000,8532,1,2,0.042659134494206497,0.04266,,1
F5,200000,200000,3613,1,2,0.01806533386398196,0.018065,,1
F6,400000,400000,3910,1,2,0.009774344877369612,0.009775,,4
F7,400000,400000,2097,1,2,0.005241548993912548,0.0052425,,4
F8,200000,200000,6015,1,2,0.030073392802452692,0.030075,,4
F9,200000,200000,9692,1,2,0.048460918240872536,0.04846,,2
F10,400000,400000,3415,1,2,0.008537613553727424,0.0085375,,7
F11,200000,200000,7221,1,2,0.0361038037936556,0.036105,,2
F12,200000,200000,6257,1,2,0.03128607724301126,0.031285,,5
F13,400000,400000,5549,1,2,0.01387177435072004,0.0138725,,5
F14,50000,50000,3605,1,2,0.0721049480428515,0.0721,,5
F15,200000,200000,5407,1,2,0.027035608163041742,0.027035,,3
F16,200000,200000,1264,1,2,0.006320269200491092,0.00632,,3
