Flow,Period,Deadline,Execution Time,w,h,Target_Utilization,Actual_Utilization,Utilization_Error,Queue
F1,100000,100000,7369,1,2,0.07369133532171024,0.07369,,7
F2,400000,400000,8409,1,2,0.021022191455155048,0.0210225,,1
F3,400000,400000,6077,1,2,0.01519201640505602,0.0151925,,5
F4,200000,200000,9893,1,2,0.049465342699788584,0.049465,,2
F5,400000,400000,11090,1,2,0.027726004419508954,0.027725,,7
F6,200000,200000,9203,1,2,0.04601621839047504,0.046015,,7
F7,100000,100000,6623,1,2,0.06623084464726223,0.06623,,5
F8,400000,400000,1800,1,2,0.004500748246285796,0.0045,,6
F9,100000,100000,4174,1,2,0.04173858415340194,0.04174,,1
F10,50000,50000,1828,1,2,0.03655823462004588,0.03656,,3
F11,400000,400000,6909,1,2,0.01727280168530744,0.0172725,,2
F12,400000,400000,2497,1,2,0.006243597596918497,0.0062425,,1
F13,200000,200000,1471,1,2,0.00735621814379438,0.007355,,3
F14,400000,400000,4921,1,2,0.012302937793660196,0.0123025,,4
F15,400000,400000,600,1,2,0.0008660956307115393,0.0015,,4
F16,400000,400000,4315,1,2,0.01078705545707043,0.0107875,,2
