Flow,Period,Deadline,Execution Time,w,h,Target_Utilization,Actual_Utilization,Utilization_Error,Queue
F1,400000,400000,1891,1,2,0.004726308814186231,0.0047275,,2
F2,400000,400000,9216,1,2,0.023040648998514157,0.02304,,7
F3,100000,100000,9739,1,2,0.0973897818806248,0.09739,,7
F4,200000,200000,6964,1,2,0.03481974943883859,0.03482,,7
F5,400000,400000,5463,1,2,0.013656516739606828,0.0136575,,5
F6,100000,100000,6388,1,2,0.0638833752336451,0.06388,,7
F7,200000,200000,4693,1,2,0.023464286477078156,0.023465,,6
F8,200000,200000,6442,1,2,0.03221225991695495,0.03221,,7
F9,100000,100000,2180,1,2,0.02180026442175806,0.0218,,2
F10,100000,100000,2138,1,2,0.021379118915337558,0.02138,,6
F11,400000,400000,2241,1,2,0.005601287904966085,0.0056025,,4
F12,400000,400000,600,1,2,0.0005034364217011283,0.0015,,2
F13,100000,100000,6107,1,2,0.06106984821581043,0.06107,,7
F14,400000,400000,770,1,2,0.0019255991296101421,0.001925,,1
F15,400000,400000,8180,1,2,0.020451117574959807,0.02045,,7
F16,200000,200000,6629,1,2,0.033144590998470634,0.033145,,6
