Flow,Period,Deadline,Execution Time,w,h,Target_Utilization,Actual_Utilization,Utilization_Error,Queue
F1,200000,200000,8025,1,2,0.04012657551954679,0.040125,,3
F2,400000,400000,7317,1,2,0.018292747921255736,0.0182925,,3
F3,400000,400000,1763,1,2,0.004408076353444534,0.0044075,,5
F4,400000,400000,940,1,2,0.002350864558733512,0.00235,,5
F5,400000,400000,1054,1,2,0.002635308733197561,0.002635,,3
F6,200000,200000,10015,1,2,0.05007264748818707,0.050075,,1
F7,50000,50000,6279,1,2,0.12558191868751972,0.12558,,2
F8,100000,100000,4037,1,2,0.04036839709606324,0.04037,,5
F9,400000,400000,600,1,2,0.00033468101346023627,0.0015,,6
F10,400000,400000,4391,1,2,0.01097845379868842,0.0109775,,2
F11,400000,400000,3779,1,2,0.009447742186357494,0.0094475,,1
F12,200000,200000,7952,1,2,0.039761692319425085,0.03976,,1
F13,400000,400000,1639,1,2,0.00409708771487427,0.0040975,,6
F14,400000,400000,10431,1,2,0.026077721576177937,0.0260775,,2
F15,100000,100000,3031,1,2,0.030310627648410887,0.03031,,5
F16,400000,400000,5574,1,2,0.013934387491908643,0.013935,,7
