Flow,Period,Deadline,Execution Time,w,h,Target_Utilization,Actual_Utilization,Utilization_Error,Queue
F1,400000,400000,600,1,2,0.00012841175189776122,0.0015,,5
F2,200000,200000,1960,1,2,0.009799644886281045,0.0098,,7
F3,400000,400000,2331,1,2,0.005826286636816058,0.0058275,,3
F4,200000,200000,11097,1,2,0.05548507233161776,0.055485,,3
F5,400000,400000,3535,1,2,0.008836721953823012,0.0088375,,6
F6,400000,400000,6743,1,2,0.016856331127658608,0.0168575,,1
F7,400000,400000,1844,1,2,0.0046092662861255684,0.00461,,4
F8,400000,400000,9921,1,2,0.024801838312896618,0.0248025,,1
F9,400000,400000,9055,1,2,0.022637344201158094,0.0226375,,3
F10,400000,400000,8439,1,2,0.02109825985177463,0.0210975,,6
F11,400000,400000,2055,1,2,0.0051364184050624595,0.0051375,,2
F12,400000,400000,9608,1,2,0.02402072073323408,0.02402,,2
F13,100000,100000,3477,1,2,0.0347709086235424,0.03477,,4
F14,400000,400000,7824,1,2,0.019559342911190825,0.01956,,5
F15,200000,200000,7288,1,2,0.03644024502187662,0.03644,,5
F16,100000,100000,11651,1,2,0.11651125678301552,0.11651,,2
