Flow,Period,Deadline,Execution Time,w,h,Target_Utilization,Actual_Utilization,Utilization_Error,Queue
F1,100000,100000,2799,1,2,0.027990942203714786,0.02799,,4
F2,50000,50000,3175,1,2,0.0634993792759152,0.0635,,6
F3,400000,400000,3715,1,2,0.009286330668066889,0.0092875,,2
F4,400000,400000,5005,1,2,0.0125118125095669,0.0125125,,5
F5,200000,200000,11318,1,2,0.056587738972340595,0.05659,,6
F6,400000,400000,3330,1,2,0.008326186331634178,0.008325,,4
F7,400000,400000,11563,1,2,0.028906750438023265,0.0289075,,7
F8,400000,400000,618,1,2,0.0015440934289576713,0.001545,,6
F9,400000,400000,1076,1,2,0.0026897061180456983,0.00269,,7
F10,200000,200000,2017,1,2,0.01008600525906539,0.010085,,5
F11,400000,400000,7413,1,2,0.018532505564537116,0.0185325,,6
F12,200000,200000,2383,1,2,0.011914243878489716,0.011915,,3
F13,400000,400000,1499,1,2,0.0037466239964359382,0.0037475,,3
F14,400000,400000,9641,1,2,0.024101893749580106,0.0241025,,7
F15,50000,50000,3752,1,2,0.07503565192740227,0.07504,,6
F16,100000,100000,1848,1,2,0.01848115497446684,0.01848,,4
F17,400000,400000,1070,1,2,0.0026747776991159766,0.002675,,4
F18,200000,200000,621,1,2,0.0031054126780853397,0.003105,,5
F19,200000,200000,735,1,2,0.003675859513129376,0.003675,,1
F20,400000,400000,3385,1,2,0.008462171822290115,0.0084625,,6
F21,100000,100000,862,1,2,0.008620206852038986,0.00862,,3
F22,400000,400000,5683,1,2,0.01420772180185162,0.0142075,,2
F23,400000,400000,9743,1,2,0.024358691476609656,0.0243575,,3
F24,200000,200000,7829,1,2,0.03914470815240623,0.039145,,6
F25,400000,400000,600,1,2,0.0008812344379884873,0.0015,,7
F26,400000,400000,4155,1,2,0.010388721258370981,0.0103875,,1
F27,200000,200000,929,1,2,0.004646107164079399,0.004645,,7
F28,400000,400000,3906,1,2,0.009765899584813525,0.009765,,1
F29,200000,200000,623,1,2,0.0031140950712310184,0.003115,,2
F30,400000,400000,600,1,2,0.0006232613760624936,0.0015,,2
F31,400000,400000,11413,1,2,0.0285324980284229,0.0285325,,6
F32,200000,200000,6499,1,2,0.03249426158249312,0.032495,,3
