Flow,Period,Deadline,Execution Time,w,h,Target_Utilization,Actual_Utilization,Utilization_Error,Queue
F1,400000,400000,2562,1,2,0.0064057212445916,0.006405,,5
F2,400000,400000,2764,1,2,0.006909503258534122,0.00691,,2
F3,400000,400000,887,1,2,0.0022182062395098567,0.0022175,,2
F4,400000,400000,3340,1,2,0.008351012784882372,0.00835,,4
F5,400000,400000,4787,1,2,0.011967959766777336,0.0119675,,5
F6,400000,400000,6846,1,2,0.017116043272970227,0.017115,,4
F7,200000,200000,6601,1,2,0.033003161814366466,0.033005,,5
F8,100000,100000,7263,1,2,0.07263141654611122,0.07263,,1
F9,200000,200000,6473,1,2,0.03236591308387532,0.032365,,4
F10,400000,400000,600,1,2,0.00036892512204189654,0.0015,,4
F11,400000,400000,10189,1,2,0.02547186518471045,0.0254725,,5
F12,400000,400000,9966,1,2,0.024914961024599835,0.024915,,1
F13,400000,400000,600,1,2,0.0003129919277991555,0.0015,,6
F14,400000,400000,600,1,2,0.0014124113317669496,0.0015,,3
F15,100000,100000,3795,1,2,0.037948645546248216,0.03795,,1
F16,400000,400000,10067,1,2,0.025167540987530712,0.0251675,,4
F17,200000,200000,11145,1,2,0.055726076403373154,0.055725,,4
F18,400000,400000,3285,1,2,0.008213536083551798,0.0082125,,5
F19,400000,400000,9650,1,2,0.024125517387164785,0.024125,,2
F20,400000,400000,600,1,2,0.0009162392824607068,0.0015,,2
F21,400000,400000,9242,1,2,0.02310466576607613,0.023105,,5
F22,400000,400000,4711,1,2,0.011777131672898067,0.0117775,,1
F23,400000,400000,5569,1,2,0.013922163767518342,0.0139225,,1
F24,400000,400000,5157,1,2,0.012893141931917554,0.0128925,,2
F25,400000,400000,3765,1,2,0.009412236286781957,0.0094125,,2
F26,400000,400000,804,1,2,0.0020110801591414415,0.00201,,1
F27,400000,400000,3277,1,2,0.008191614198164457,0.0081925,,4
F28,100000,100000,1629,1,2,0.016290505828707023,0.01629,,4
F29,400000,400000,600,1,2,0.0003505674701249073,0.0015,,1
F30,400000,400000,2337,1,2,0.005843199340329699,0.0058425,,1
F31,400000,400000,10638,1,2,0.026594412553104595,0.026595,,1
F32,400000,400000,742,1,2,0.001855554633466847,0.001855,,5
