Flow,Period,Deadline,Execution Time,w,h,Target_Utilization,Actual_Utilization,Utilization_Error,Queue
F1,400000,400000,9250,1,2,0.0231239258717697,0.023125,,4
F2,400000,400000,9429,1,2,0.0235720135263372,0.0235725,,5
F3,400000,400000,9680,1,2,0.024200246494233302,0.0242,,4
F4,400000,400000,1060,1,2,0.0026494823935825362,0.00265,,6
F5,200000,200000,4469,1,2,0.022346215682533366,0.022345,,3
F6,400000,400000,2629,1,2,0.006572384703483702,0.0065725,,1
F7,50000,50000,3055,1,2,0.06110016533450441,0.0611,,3
F8,400000,400000,3146,1,2,0.00786615685883385,0.007865,,3
F9,400000,400000,1238,1,2,0.0030954353326975714,0.003095,,2
F10,200000,200000,650,1,2,0.0032494253178154686,0.00325,,5
F11,400000,400000,600,1,2,9.95412033381049e-05,0.0015,,4
F12,400000,400000,9643,1,2,0.024106947998696338,0.0241075,,1
F13,400000,400000,641,1,2,0.001601413768993698,0.0016025,,5
F14,400000,400000,9431,1,2,0.023577441415526756,0.0235775,,7
F15,100000,100000,2243,1,2,0.022429030114970272,0.02243,,2
F16,400000,400000,600,1,2,0.0008034473054253088,0.0015,,7
F17,400000,400000,10989,1,2,0.027472585550269324,0.0274725,,1
F18,400000,400000,6253,1,2,0.015632188102586098,0.0156325,,5
F19,400000,400000,8163,1,2,0.020407922864627753,0.0204075,,7
F20,100000,100000,4930,1,2,0.04929985162745815,0.0493,,4
F21,400000,400000,3407,1,2,0.008516292120291119,0.0085175,,1
F22,400000,400000,942,1,2,0.0023554728007999515,0.002355,,3
F23,400000,400000,4557,1,2,0.01139277560369284,0.0113925,,4
F24,400000,400000,9069,1,2,0.022673308692384986,0.0226725,,1
F25,400000,400000,600,1,2,0.0004157641447568583,0.0015,,5
F26,400000,400000,1702,1,2,0.004256143622261788,0.004255,,4
F27,200000,200000,7294,1,2,0.036469479286174944,0.03647,,3
F28,400000,400000,3355,1,2,0.00838789613970116,0.0083875,,2
F29,200000,200000,1394,1,2,0.00697080402862417,0.00697,,6
F30,200000,200000,7878,1,2,0.03938811013592717,0.03939,,4
F31,400000,400000,10310,1,2,0.025776184564982978,0.025775,,7
F32,400000,400000,9608,1,2,0.024019470666479636,0.02402,,3
