Flow,Period,Deadline,Execution Time,w,h,Target_Utilization,Actual_Utilization,Utilization_Error,Queue
F1,400000,400000,9257,1,2,0.02314265121782244,0.0231425,,7
F2,400000,400000,1999,1,2,0.004998644202310776,0.0049975,,4
F3,400000,400000,4065,1,2,0.01016163168216383,0.0101625,,6
F4,400000,400000,6169,1,2,0.01542310948622777,0.0154225,,2
F5,200000,200000,636,1,2,0.0031787924619111063,0.00318,,6
F6,400000,400000,10195,1,2,0.02548836484042699,0.0254875,,4
F7,50000,50000,1627,1,2,0.03253878468727861,0.03254,,4
F8,400000,400000,6887,1,2,0.0172179290028312,0.0172175,,2
F9,400000,400000,6685,1,2,0.0167131655299137,0.0167125,,5
F10,200000,200000,4399,1,2,0.021996048968837167,0.021995,,1
F11,400000,400000,5860,1,2,0.014649744279604138,0.01465,,1
F12,400000,400000,6278,1,2,0.015694740539783314,0.015695,,4
F13,400000,400000,2108,1,2,0.005268819552152415,0.00527,,2
F14,400000,400000,5857,1,2,0.014641573538543173,0.0146425,,7
F15,400000,400000,3512,1,2,0.008781069588693735,0.00878,,1
F16,200000,200000,7405,1,2,0.03702679248599666,0.037025,,4
F17,400000,400000,3637,1,2,0.009092198750855096,0.0090925,,5
F18,200000,200000,3427,1,2,0.017134073805344874,0.017135,,7
F19,400000,400000,1699,1,2,0.004248612690063824,0.0042475,,7
F20,400000,400000,7047,1,2,0.017617123351348685,0.0176175,,4
F21,400000,400000,9783,1,2,0.02445634182343559,0.0244575,,4
F22,100000,100000,2959,1,2,0.029588870628301317,0.02959,,4
F23,400000,400000,9873,1,2,0.024683309016935606,0.0246825,,7
F24,400000,400000,814,1,2,0.0020337748689429613,0.002035,,7
F25,100000,100000,2218,1,2,0.022179193308547535,0.02218,,5
F26,400000,400000,10811,1,2,0.02702874139984046,0.0270275,,2
F27,200000,200000,8673,1,2,0.0433636128969011,0.043365,,4
F28,400000,400000,600,1,2,0.0003069004078129142,0.0015,,4
F29,400000,400000,600,1,2,0.0013915858800869832,0.0015,,2
F30,400000,400000,9461,1,2,0.02365216823713745,0.0236525,,2
F31,400000,400000,4115,1,2,0.010288150303855399,0.0102875,,3
F32,200000,200000,1426,1,2,0.007128876574310068,0.00713,,3
