Flow,Period,Deadline,Execution Time,w,h,Target_Utilization,Actual_Utilization,Utilization_Error,Queue
F1,400000,400000,2965,1,2,0.007411254319745986,0.0074125,,6
F2,400000,400000,2993,1,2,0.0074815069000142564,0.0074825,,4
F3,400000,400000,10279,1,2,0.025696675897284083,0.0256975,,5
F4,400000,400000,8741,1,2,0.021851385362601672,0.0218525,,1
F5,200000,200000,1626,1,2,0.008130795606591468,0.00813,,5
F6,400000,400000,8838,1,2,0.022095716332904358,0.022095,,6
F7,400000,400000,3587,1,2,0.008966573412173995,0.0089675,,3
F8,200000,200000,2703,1,2,0.013515788022062769,0.013515,,6
F9,400000,400000,10731,1,2,0.02682727265033269,0.0268275,,1
F10,400000,400000,928,1,2,0.002320660938218755,0.00232,,4
F11,200000,200000,6405,1,2,0.03202711191223717,0.032025,,3
F12,50000,50000,1734,1,2,0.03467898501076988,0.03468,,1
F13,400000,400000,2775,1,2,0.006938235966318151,0.0069375,,5
F14,200000,200000,11503,1,2,0.05751522708335283,0.057515,,1
F15,400000,400000,2892,1,2,0.007229409686987376,0.00723,,7
F16,200000,200000,6055,1,2,0.030272793983586344,0.030275,,4
F17,400000,400000,3193,1,2,0.007983030280223014,0.0079825,,7
F18,400000,400000,600,1,2,0.0011956623840703728,0.0015,,6
F19,200000,200000,10245,1,2,0.0512239471644767,0.051225,,6
F20,200000,200000,2809,1,2,0.014046131208295037,0.014045,,7
F21,400000,400000,5449,1,2,0.013622629444748652,0.0136225,,4
F22,400000,400000,813,1,2,0.0020333781315313437,0.0020325,,3
F23,400000,400000,2935,1,2,0.007336906031804952,0.0073375,,1
F24,200000,200000,7517,1,2,0.03758356370632954,0.037585,,4
F25,400000,400000,600,1,2,0.000181185006702958,0.0015,,6
F26,400000,400000,4565,1,2,0.01141232192627116,0.0114125,,3
F27,400000,400000,600,1,2,0.0008917952261451589,0.0015,,3
F28,400000,400000,3287,1,2,0.00821719053436143,0.0082175,,2
F29,100000,100000,5387,1,2,0.05386761273338441,0.05387,,4
F30,200000,200000,1102,1,2,0.005510580534117994,0.00551,,2
F31,100000,100000,1237,1,2,0.012370801158958562,0.01237,,5
F32,200000,200000,6488,1,2,0.03243829019541688,0.03244,,7
