Flow,Period,Deadline,Execution Time,w,h,Target_Utilization,Actual_Utilization,Utilization_Error,Queue
F1,400000,400000,808,1,2,0.0020192666183365127,0.00202,,2
F2,400000,400000,1357,1,2,0.003392897535617112,0.0033925,,6
F3,400000,400000,9822,1,2,0.024555374221217785,0.024555,,1
F4,200000,200000,4478,1,2,0.022389797953129842,0.02239,,3
F5,400000,400000,4942,1,2,0.012354167956226791,0.012355,,1
F6,400000,400000,693,1,2,0.001733090921186231,0.0017325,,5
F7,400000,400000,1492,1,2,0.0037298382497091276,0.00373,,5
F8,400000,400000,1371,1,2,0.0034275404788898234,0.0034275,,1
F9,400000,400000,3597,1,2,0.008993220422916504,0.0089925,,1
F10,400000,400000,6073,1,2,0.015182820456183466,0.0151825,,4
F11,50000,50000,1411,1,2,0.028220310399375947,0.02822,,1
F12,400000,400000,3449,1,2,0.008622953768932462,0.0086225,,7
F13,400000,400000,655,1,2,0.0016377489413270108,0.0016375,,1
F14,400000,400000,1024,1,2,0.002560912911958535,0.00256,,4
F15,400000,400000,8820,1,2,0.022050834856931933,0.02205,,7
F16,400000,400000,9389,1,2,0.02347284576825237,0.0234725,,3
F17,100000,100000,9247,1,2,0.09247310614434848,0.09247,,1
F18,400000,400000,1124,1,2,0.002809618591925439,0.00281,,3
F19,400000,400000,600,1,2,0.0011937193064163187,0.0015,,4
F20,400000,400000,3561,1,2,0.008902708816824867,0.0089025,,3
F21,400000,400000,4033,1,2,0.010082757938468495,0.0100825,,5
F22,400000,400000,6422,1,2,0.016056084878038807,0.016055,,5
F23,400000,400000,600,1,2,0.0013677789803248075,0.0015,,6
F24,400000,400000,9361,1,2,0.023402669823624295,0.0234025,,1
F25,50000,50000,794,1,2,0.01588041092796466,0.01588,,3
F26,400000,400000,1249,1,2,0.003123144226298641,0.0031225,,7
F27,200000,200000,6942,1,2,0.034710366755011296,0.03471,,3
F28,400000,400000,10049,1,2,0.025123510023000645,0.0251225,,3
F29,400000,400000,600,1,2,0.0006971332277781184,0.0015,,3
F30,400000,400000,8949,1,2,0.022373717428749926,0.0223725,,1
F31,100000,100000,6937,1,2,0.06936685711517909,0.06937,,1
F32,400000,400000,3373,1,2,0.008432775189533608,0.0084325,,4
