Flow,Period,Deadline,Execution Time,w,h,Target_Utilization,Actual_Utilization,Utilization_Error,Queue
F1,200000,200000,4493,1,2,0.02246512453913574,0.022465,,1
F2,200000,200000,7223,1,2,0.03611552535127499,0.036115,,3
F3,400000,400000,6690,1,2,0.016724900300966294,0.016725,,6
F4,100000,100000,6499,1,2,0.06499203724285757,0.06499,,1
F5,400000,400000,1933,1,2,0.004831798815751298,0.0048325,,1
F6,400000,400000,2455,1,2,0.00613728824241716,0.0061375,,6
F7,400000,400000,10065,1,2,0.025161808710143507,0.0251625,,1
F8,400000,400000,9185,1,2,0.02296366598769145,0.0229625,,7
F9,400000,400000,1173,1,2,0.0029335494645967852,0.0029325,,2
F10,400000,400000,10065,1,2,0.025161768197242806,0.0251625,,6
F11,100000,100000,4340,1,2,0.04339884457240051,0.0434,,3
F12,400000,400000,1732,1,2,0.004331044848576104,0.00433,,6
F13,400000,400000,1638,1,2,0.0040950419837134655,0.004095,,4
F14,400000,400000,9860,1,2,0.024650681047833384,0.02465,,3
F15,50000,50000,3598,1,2,0.07195759629311768,0.07196,,6
F16,400000,400000,1423,1,2,0.003557172549800841,0.0035575,,1
F17,400000,400000,1130,1,2,0.0028257304900355107,0.002825,,3
F18,400000,400000,5731,1,2,0.014326534483767334,0.0143275,,5
F19,400000,400000,600,1,2,0.00127208199549389,0.0015,,4
F20,200000,200000,4994,1,2,0.024970559957751604,0.02497,,5
F21,400000,400000,725,1,2,0.0018123166683467334,0.0018125,,6
F22,200000,200000,2109,1,2,0.010543870690408866,0.010545,,2
F23,400000,400000,9496,1,2,0.02374041131226072,0.02374,,2
F24,400000,400000,600,1,2,0.00018365741720233197,0.0015,,7
F25,200000,200000,2217,1,2,0.011083899730777433,0.011085,,4
F26,400000,400000,1603,1,2,0.004007365810490403,0.0040075,,7
F27,400000,400000,1937,1,2,0.004841293580970671,0.0048425,,5
F28,400000,400000,2287,1,2,0.0057165196889949685,0.0057175,,7
F29,200000,200000,6380,1,2,0.03190076664910221,0.0319,,2
F30,200000,200000,1204,1,2,0.006020522786474561,0.00602,,3
F31,200000,200000,843,1,2,0.004214071791768444,0.004215,,3
F32,400000,400000,1527,1,2,0.003818463875674192,0.0038175,,5
