Flow,Period,Deadline,Execution Time,w,h,Target_Utilization,Actual_Utilization,Utilization_Error,Queue
F1,400000,400000,6622,1,2,0.01655605156760942,0.016555,,4
F2,400000,400000,1799,1,2,0.004497955193619063,0.0044975,,6
F3,400000,400000,8699,1,2,0.021748294709583282,0.0217475,,4
F4,400000,400000,9109,1,2,0.022772733776373233,0.0227725,,4
F5,400000,400000,879,1,2,0.0021964653957126656,0.0021975,,2
F6,400000,400000,2527,1,2,0.006317841188533624,0.0063175,,4
F7,200000,200000,3191,1,2,0.0159541985503725,0.015955,,5
F8,50000,50000,2419,1,2,0.0483793941343067,0.04838,,6
F9,400000,400000,4073,1,2,0.010181804830033614,0.0101825,,5
F10,400000,400000,11415,1,2,0.028537937164695992,0.0285375,,1
F11,400000,400000,6607,1,2,0.016518711229639438,0.0165175,,2
F12,400000,400000,4729,1,2,0.011821847451807088,0.0118225,,4
F13,400000,400000,5098,1,2,0.012744743610022535,0.012745,,6
F14,400000,400000,8849,1,2,0.022122461846528885,0.0221225,,1
F15,200000,200000,3782,1,2,0.018910604464476788,0.01891,,5
F16,200000,200000,3427,1,2,0.017134623085933942,0.017135,,6
F17,400000,400000,4317,1,2,0.010793193483688346,0.0107925,,2
F18,400000,400000,2823,1,2,0.0070586154968728665,0.0070575,,1
F19,400000,400000,5457,1,2,0.013643714002249813,0.0136425,,1
F20,400000,400000,3883,1,2,0.0097083012714696,0.0097075,,3
F21,50000,50000,1190,1,2,0.02379941369135266,0.0238,,1
F22,100000,100000,6590,1,2,0.06589529044145723,0.0659,,6
F23,400000,400000,4627,1,2,0.011566567628154056,0.0115675,,7
F24,400000,400000,600,1,2,0.0008266173825775547,0.0015,,3
F25,400000,400000,8786,1,2,0.021965739590706607,0.021965,,6
F26,400000,400000,9245,1,2,0.023111900817759087,0.0231125,,6
F27,200000,200000,9553,1,2,0.04776683079849112,0.047765,,6
F28,400000,400000,654,1,2,0.001634688313422443,0.001635,,6
F29,400000,400000,7426,1,2,0.01856384079260108,0.018565,,1
F30,400000,400000,1630,1,2,0.004074389182480315,0.004075,,2
F31,400000,400000,1609,1,2,0.004023423482222249,0.0040225,,1
F32,200000,200000,1145,1,2,0.0057252645871292375,0.005725,,7
