Flow,Period,Deadline,Execution Time,w,h,Target_Utilization,Actual_Utilization,Utilization_Error,Queue
F1,200000,200000,670,1,2,0.003348764496217793,0.00335,,7
F2,200000,200000,1078,1,2,0.00539124630070098,0.00539,,6
F3,400000,400000,1073,1,2,0.002682716960104692,0.0026825,,6
F4,200000,200000,1732,1,2,0.008659013617882239,0.00866,,6
F5,100000,100000,614,1,2,0.006139417001200909,0.00614,,1
F6,100000,100000,3299,1,2,0.03299166625347438,0.03299,,2
F7,200000,200000,1327,1,2,0.006635989721020141,0.006635,,7
F8,200000,200000,7723,1,2,0.03861656381323286,0.038615,,5
F9,400000,400000,600,1,2,0.0001149716070803497,0.0015,,1
F10,400000,400000,2893,1,2,0.007233688752076584,0.0072325,,3
F11,400000,400000,1223,1,2,0.003057933735143792,0.0030575,,4
F12,400000,400000,11649,1,2,0.029122569110074215,0.0291225,,6
F13,400000,400000,10867,1,2,0.02716773209699147,0.0271675,,4
F14,200000,200000,11317,1,2,0.05658486177440886,0.056585,,3
F15,100000,100000,2135,1,2,0.02135039423310725,0.02135,,7
F16,400000,400000,2002,1,2,0.005003967479979332,0.005005,,4
F17,200000,200000,9381,1,2,0.04690277976358154,0.046905,,1
F18,100000,100000,1411,1,2,0.014110986067295078,0.01411,,6
F19,400000,400000,600,1,2,0.0013902126109203994,0.0015,,2
F20,400000,400000,1892,1,2,0.0047309160282419105,0.00473,,2
F21,400000,400000,600,1,2,0.00066659446124262,0.0015,,5
F22,400000,400000,1521,1,2,0.003803262779518868,0.0038025,,3
F23,200000,200000,2765,1,2,0.013825281026973002,0.013825,,2
F24,100000,100000,7533,1,2,0.07532963111853885,0.07533,,5
F25,200000,200000,1588,1,2,0.007939588144622617,0.00794,,5
F26,400000,400000,4252,1,2,0.010630379843646148,0.01063,,5
F27,100000,100000,752,1,2,0.007518956613887337,0.00752,,2
F28,200000,200000,9777,1,2,0.04888337440276256,0.048885,,7
F29,400000,400000,7656,1,2,0.019138810805149724,0.01914,,3
F30,400000,400000,4219,1,2,0.010548515340443567,0.0105475,,1
F31,400000,400000,1781,1,2,0.004453577970240891,0.0044525,,5
F32,50000,50000,1228,1,2,0.024560706846366548,0.02456,,4
