Flow,Period,Deadline,Execution Time,w,h,Target_Utilization,Actual_Utilization,Utilization_Error,Queue
F1,200000,200000,7269,1,2,0.0363474624665866,0.036345,,4
F2,400000,400000,2393,1,2,0.005982835976417578,0.0059825,,2
F3,200000,200000,6553,1,2,0.032764776856234856,0.032765,,4
F4,400000,400000,600,1,2,0.0012104798527604599,0.0015,,6
F5,400000,400000,2035,1,2,0.005088057967383763,0.0050875,,5
F6,100000,100000,4133,1,2,0.041332304339300296,0.04133,,1
F7,200000,200000,9091,1,2,0.04545406148372755,0.045455,,1
F8,400000,400000,2310,1,2,0.005775456562654047,0.005775,,4
F9,400000,400000,1247,1,2,0.0031182437986081446,0.0031175,,3
F10,200000,200000,2399,1,2,0.011996172986922238,0.011995,,6
F11,200000,200000,10679,1,2,0.05339494902900721,0.053395,,1
F12,400000,400000,2421,1,2,0.006051558054917805,0.0060525,,7
F13,400000,400000,4128,1,2,0.01032122004108299,0.01032,,4
F14,400000,400000,6063,1,2,0.015158135816726204,0.0151575,,7
F15,400000,400000,2182,1,2,0.0054559918913791305,0.005455,,7
F16,400000,400000,2197,1,2,0.005492148642746164,0.0054925,,1
F17,400000,400000,3327,1,2,0.008317578059997027,0.0083175,,1
F18,100000,100000,5247,1,2,0.05246859489999184,0.05247,,4
F19,200000,200000,2252,1,2,0.011260430802394,0.01126,,7
F20,400000,400000,2633,1,2,0.006581762615607278,0.0065825,,3
F21,50000,50000,1699,1,2,0.03397881717728343,0.03398,,6
F22,400000,400000,5421,1,2,0.013552900741370444,0.0135525,,7
F23,400000,400000,3225,1,2,0.00806232526403064,0.0080625,,6
F24,400000,400000,1748,1,2,0.004370126307783481,0.00437,,2
F25,400000,400000,1960,1,2,0.004899950733039324,0.0049,,4
F26,400000,400000,4219,1,2,0.010548720371121242,0.0105475,,3
F27,400000,400000,3533,1,2,0.008831972987048117,0.0088325,,6
F28,400000,400000,8811,1,2,0.022028053373241187,0.0220275,,1
F29,50000,50000,1739,1,2,0.0347796292972893,0.03478,,7
F30,400000,400000,5236,1,2,0.013089667738856434,0.01309,,3
F31,400000,400000,603,1,2,0.0015068580417697767,0.0015075,,1
F32,400000,400000,4593,1,2,0.011482432550159455,0.0114825,,1
