Flow,Period,Deadline,Execution Time,w,h,Target_Utilization,Actual_Utilization,Utilization_Error,Queue
F1,400000,400000,1479,1,2,0.0036980816897155266,0.0036975,,1
F2,400000,400000,5385,1,2,0.013462300330896904,0.0134625,,7
F3,400000,400000,856,1,2,0.0021404388980298394,0.00214,,1
F4,400000,400000,6807,1,2,0.017017464070414712,0.0170175,,7
F5,400000,400000,4088,1,2,0.010218805531056474,0.01022,,4
F6,400000,400000,11198,1,2,0.02799442284068121,0.027995,,6
F7,100000,100000,850,1,2,0.008501178637271456,0.0085,,6
F8,100000,100000,3676,1,2,0.03675983026016605,0.03676,,4
F9,200000,200000,4917,1,2,0.024584851406978747,0.024585,,1
F10,400000,400000,5094,1,2,0.012734311536136689,0.012735,,3
F11,400000,400000,5462,1,2,0.013656212217790786,0.013655,,5
F12,400000,400000,3479,1,2,0.008696906666015025,0.0086975,,5
F13,200000,200000,6048,1,2,0.03023766180288051,0.03024,,7
F14,200000,200000,4701,1,2,0.023504097483580122,0.023505,,4
F15,400000,400000,1453,1,2,0.003632177772165235,0.0036325,,4
F16,400000,400000,640,1,2,0.0015988486025637072,0.0016,,7
F17,400000,400000,3889,1,2,0.009722659970302583,0.0097225,,7
F18,400000,400000,4998,1,2,0.012493813681496657,0.012495,,6
F19,400000,400000,3423,1,2,0.008558275435235352,0.0085575,,3
F20,100000,100000,6293,1,2,0.06292770650513169,0.06293,,5
F21,400000,400000,6462,1,2,0.01615391328436272,0.016155,,6
F22,50000,50000,713,1,2,0.014259607065799151,0.01426,,1
F23,400000,400000,5468,1,2,0.013670036717860545,0.01367,,4
F24,400000,400000,4251,1,2,0.010628694757921858,0.0106275,,2
F25,100000,100000,4763,1,2,0.047628505103149116,0.04763,,6
F26,400000,400000,1289,1,2,0.0032225777209815565,0.0032225,,5
F27,200000,200000,2367,1,2,0.011835705499060933,0.011835,,1
F28,200000,200000,6574,1,2,0.032869878093801666,0.03287,,5
F29,400000,400000,2707,1,2,0.006768121907281641,0.0067675,,2
F30,200000,200000,11119,1,2,0.05559608670445207,0.055595,,5
F31,400000,400000,8359,1,2,0.020897160700806234,0.0208975,,5
F32,400000,400000,6650,1,2,0.0166237810896805,0.016625,,3
