Flow,Period,Deadline,Execution Time,w,h,Target_Utilization,Actual_Utilization,Utilization_Error,Queue
F1,400000,400000,2822,1,2,0.00705560366302338,0.007055,,1
F2,400000,400000,10175,1,2,0.025438715170572168,0.0254375,,7
F3,400000,400000,1046,1,2,0.0026147503657636406,0.002615,,7
F4,200000,200000,864,1,2,0.004319839046334262,0.00432,,5
F5,400000,400000,1725,1,2,0.004313668267218462,0.0043125,,2
F6,400000,400000,600,1,2,2.0087431917725773e-05,0.0015,,7
F7,200000,200000,2481,1,2,0.012405442222939767,0.012405,,7
F8,200000,200000,7639,1,2,0.038197183189560724,0.038195,,3
F9,200000,200000,7709,1,2,0.038544643525225075,0.038545,,5
F10,400000,400000,2729,1,2,0.006822237695331579,0.0068225,,2
F11,400000,400000,1758,1,2,0.00439607882259152,0.004395,,1
F12,200000,200000,1556,1,2,0.007779324019906997,0.00778,,6
F13,400000,400000,8145,1,2,0.020361736285379517,0.0203625,,1
F14,400000,400000,856,1,2,0.002139172307502657,0.00214,,1
F15,200000,200000,9315,1,2,0.04657647173303914,0.046575,,2
F16,400000,400000,10957,1,2,0.02739215692641006,0.0273925,,2
F17,200000,200000,1356,1,2,0.006780250512610886,0.00678,,3
F18,400000,400000,600,1,2,0.0006248978425149043,0.0015,,2
F19,100000,100000,4573,1,2,0.04573098728674363,0.04573,,4
F20,100000,100000,960,1,2,0.009600039688831663,0.0096,,4
F21,400000,400000,3841,1,2,0.009601491398239986,0.0096025,,2
F22,100000,100000,2539,1,2,0.02539063855891832,0.02539,,4
F23,200000,200000,804,1,2,0.004019452741428647,0.00402,,3
F24,400000,400000,2405,1,2,0.006013223917798877,0.0060125,,7
F25,400000,400000,2133,1,2,0.005333578422622942,0.0053325,,4
F26,100000,100000,825,1,2,0.008249352405371557,0.00825,,5
F27,400000,400000,2031,1,2,0.00507773062123007,0.0050775,,6
F28,100000,100000,8383,1,2,0.08382858362607656,0.08383,,7
F29,400000,400000,9155,1,2,0.022887113253201898,0.0228875,,6
F30,400000,400000,613,1,2,0.0015324522722742137,0.0015325,,5
F31,400000,400000,600,1,2,0.0011138689343235739,0.0015,,3
F32,200000,200000,9893,1,2,0.049465058072631,0.049465,,3
