Flow,Period,Deadline,Execution Time,w,h,Target_Utilization,Actual_Utilization,Utilization_Error,Queue
F1,400000,400000,1731,1,2,0.004328379351544398,0.0043275,,7
F2,200000,200000,3129,1,2,0.015643930727484823,0.015645,,6
F3,100000,100000,3451,1,2,0.03451224228059574,0.03451,,6
F4,200000,200000,642,1,2,0.0032111128357252827,0.00321,,1
F5,200000,200000,3431,1,2,0.01715607779086592,0.017155,,5
F6,50000,50000,1492,1,2,0.029839148164219398,0.02984,,5
F7,200000,200000,600,1,2,0.0029993104228810963,0.003,,7
F8,400000,400000,4807,1,2,0.012018162852286962,0.0120175,,3
F9,100000,100000,11271,1,2,0.11271337260751285,0.11271,,6
F10,50000,50000,1900,1,2,0.03800005398098605,0.038,,2
F11,200000,200000,7917,1,2,0.039586662607285994,0.039585,,5
F12,400000,400000,5191,1,2,0.01297733398716433,0.0129775,,7
F13,100000,100000,2824,1,2,0.028239837619526698,0.02824,,6
F14,400000,400000,600,1,2,0.0009333604920290228,0.0015,,1
F15,400000,400000,2491,1,2,0.0062279463937446045,0.0062275,,6
F16,400000,400000,3501,1,2,0.00875155278931719,0.0087525,,4
F17,400000,400000,967,1,2,0.0024171826940875274,0.0024175,,2
F18,400000,400000,662,1,2,0.0016554677370731186,0.001655,,5
F19,50000,50000,1658,1,2,0.03316113622166736,0.03316,,4
F20,400000,400000,1455,1,2,0.003636380111377402,0.0036375,,4
F21,200000,200000,3973,1,2,0.019865092446450544,0.019865,,1
F22,100000,100000,797,1,2,0.007970991452674187,0.00797,,5
F23,400000,400000,11497,1,2,0.028742388861566673,0.0287425,,2
F24,200000,200000,3458,1,2,0.01728971755872402,0.01729,,2
F25,400000,400000,613,1,2,0.0015327544569855855,0.0015325,,4
F26,400000,400000,1219,1,2,0.003048550910339426,0.0030475,,3
F27,400000,400000,4819,1,2,0.012046552632837638,0.0120475,,1
F28,400000,400000,3324,1,2,0.008309500614347175,0.00831,,2
F29,400000,400000,10249,1,2,0.025622758220938197,0.0256225,,3
F30,400000,400000,600,1,2,0.0011667501661319565,0.0015,,6
F31,400000,400000,600,1,2,0.0011662031817717307,0.0015,,3
F32,400000,400000,7806,1,2,0.01951430277576728,0.019515,,4
