Flow,Period,Deadline,Execution Time,w,h,Target_Utilization,Actual_Utilization,Utilization_Error,Queue
F1,400000,400000,749,1,2,0.0018716921949161192,0.0018725,,1
F2,200000,200000,2936,1,2,0.014679165408710726,0.01468,,7
F3,400000,400000,10573,1,2,0.02643332553169009,0.0264325,,7
F4,200000,200000,814,1,2,0.004068889726414837,0.00407,,5
F5,400000,400000,9223,1,2,0.023056652981698345,0.0230575,,6
F6,200000,200000,2286,1,2,0.011428933273886999,0.01143,,2
F7,400000,400000,4202,1,2,0.010505120257722933,0.010505,,3
F8,400000,400000,7587,1,2,0.01896723543951251,0.0189675,,3
F9,400000,400000,9662,1,2,0.024155522457620815,0.024155,,3
F10,400000,400000,2197,1,2,0.00549334705112503,0.0054925,,4
F11,400000,400000,998,1,2,0.0024938323625637304,0.002495,,4
F12,50000,50000,3748,1,2,0.07495606958287238,0.07496,,7
F13,200000,200000,7115,1,2,0.03557325165498859,0.035575,,2
F14,400000,400000,8652,1,2,0.02163046863716711,0.02163,,5
F15,400000,400000,8691,1,2,0.021726844338608997,0.0217275,,7
F16,200000,200000,1313,1,2,0.006565804647048701,0.006565,,5
F17,200000,200000,2257,1,2,0.011283769856726356,0.011285,,2
F18,400000,400000,1795,1,2,0.004487468304206266,0.0044875,,1
F19,400000,400000,600,1,2,9.634711985617717e-05,0.0015,,6
F20,100000,100000,6691,1,2,0.06691142049190366,0.06691,,7
F21,400000,400000,2193,1,2,0.005482206711976467,0.0054825,,6
F22,400000,400000,600,1,2,0.0012756219069205155,0.0015,,1
F23,400000,400000,4894,1,2,0.0122349316520452,0.012235,,5
F24,400000,400000,2209,1,2,0.005523112683860826,0.0055225,,7
F25,400000,400000,1283,1,2,0.0032067903200119485,0.0032075,,7
F26,100000,100000,1509,1,2,0.0150902283799422,0.01509,,4
F27,200000,200000,5083,1,2,0.025414197852706696,0.025415,,5
F28,50000,50000,918,1,2,0.018359452906323195,0.01836,,2
F29,200000,200000,10292,1,2,0.05145792744348961,0.05146,,2
F30,200000,200000,2477,1,2,0.012385455309821894,0.012385,,3
F31,200000,200000,4023,1,2,0.02011600535316474,0.020115,,4
F32,200000,200000,3207,1,2,0.016036086837128732,0.016035,,6
