Flow,Period,Deadline,Execution Time,w,h,Target_Utilization,Actual_Utilization,Utilization_Error,Queue
F1,400000,400000,2847,1,2,0.007118221915948797,0.0071175,,3
F2,50000,50000,2446,1,2,0.048917522619476905,0.04892,,7
F3,100000,100000,1266,1,2,0.01265882455494094,0.01266,,2
F4,400000,400000,2728,1,2,0.0068190795013438055,0.00682,,5
F5,400000,400000,600,1,2,0.0014417210382435264,0.0015,,2
F6,400000,400000,712,1,2,0.0017810355948553735,0.00178,,4
F7,400000,400000,2134,1,2,0.0053362371862605285,0.005335,,7
F8,400000,400000,4949,1,2,0.01237256298908257,0.0123725,,4
F9,400000,400000,7129,1,2,0.017821309172521282,0.0178225,,1
F10,400000,400000,2195,1,2,0.005488602294237588,0.0054875,,1
F11,200000,200000,8146,1,2,0.04073164722363293,0.04073,,4
F12,400000,400000,6922,1,2,0.017304496664626856,0.017305,,7
F13,400000,400000,4717,1,2,0.011791972402173723,0.0117925,,3
F14,400000,400000,4010,1,2,0.010024604252529046,0.010025,,7
F15,100000,100000,1307,1,2,0.013069219994171266,0.01307,,7
F16,400000,400000,5373,1,2,0.013432571435978313,0.0134325,,1
F17,400000,400000,1450,1,2,0.0036259573327198646,0.003625,,3
F18,400000,400000,4039,1,2,0.010097923549243049,0.0100975,,5
F19,400000,400000,6462,1,2,0.016154050492613203,0.016155,,2
F20,400000,400000,9691,1,2,0.024227616276975728,0.0242275,,2
F21,400000,400000,6379,1,2,0.015946579154860807,0.0159475,,4
F22,400000,400000,6331,1,2,0.01582835870970034,0.0158275,,5
F23,400000,400000,4148,1,2,0.010370485843660598,0.01037,,1
F24,400000,400000,8002,1,2,0.02000483546909801,0.020005,,5
F25,400000,400000,9317,1,2,0.02329255640796246,0.0232925,,4
F26,400000,400000,3557,1,2,0.008891757519335686,0.0088925,,2
F27,100000,100000,10071,1,2,0.10071485391936413,0.10071,,5
F28,100000,100000,3623,1,2,0.036231676613403895,0.03623,,1
F29,400000,400000,3075,1,2,0.007687760250897166,0.0076875,,4
F30,400000,400000,600,1,2,0.0010592867647864698,0.0015,,4
F31,200000,200000,7237,1,2,0.036183136123569465,0.036185,,7
F32,400000,400000,976,1,2,0.0024408828611495207,0.00244,,6
