Flow,Period,Deadline,Execution Time,w,h,Target_Utilization,Actual_Utilization,Utilization_Error,Queue
F1,400000,400000,2679,1,2,0.006697295886241017,0.0066975,,2
F2,400000,400000,600,1,2,0.0005789516318561727,0.0015,,2
F3,400000,400000,11443,1,2,0.028606756365273323,0.0286075,,5
F4,200000,200000,1463,1,2,0.007315081557131453,0.007315,,7
F5,400000,400000,10396,1,2,0.025988817850599588,0.02599,,6
F6,400000,400000,9879,1,2,0.02469678302437056,0.0246975,,4
F7,400000,400000,919,1,2,0.002297934172430627,0.0022975,,3
F8,400000,400000,9113,1,2,0.022781582568898173,0.0227825,,5
F9,400000,400000,6499,1,2,0.016247719563362573,0.0162475,,5
F10,400000,400000,1609,1,2,0.004022789287576878,0.0040225,,1
F11,200000,200000,1175,1,2,0.005874503333601566,0.005875,,3
F12,200000,200000,2565,1,2,0.012825694223627504,0.012825,,3
F13,200000,200000,9414,1,2,0.04707246293856815,0.04707,,6
F14,100000,100000,5453,1,2,0.05453188456091107,0.05453,,6
F15,400000,400000,1679,1,2,0.004198409330684105,0.0041975,,6
F16,200000,200000,984,1,2,0.004921140180823735,0.00492,,5
F17,100000,100000,6271,1,2,0.06270792693376703,0.06271,,6
F18,400000,400000,7453,1,2,0.018633136604858186,0.0186325,,6
F19,400000,400000,7643,1,2,0.019107989975970685,0.0191075,,2
F20,400000,400000,5919,1,2,0.014796343942734769,0.0147975,,4
F21,400000,400000,2965,1,2,0.007413388586957476,0.0074125,,1
F22,400000,400000,7795,1,2,0.01948679769022102,0.0194875,,4
F23,400000,400000,4417,1,2,0.011042664489741283,0.0110425,,2
F24,200000,200000,6320,1,2,0.031602307302996346,0.0316,,6
F25,200000,200000,7152,1,2,0.03575992607570962,0.03576,,5
F26,200000,200000,2073,1,2,0.010364474876506019,0.010365,,5
F27,200000,200000,1729,1,2,0.008645600638388318,0.008645,,6
F28,400000,400000,6303,1,2,0.015757459348817504,0.0157575,,1
F29,200000,200000,4027,1,2,0.020134605430081734,0.020135,,6
F30,200000,200000,6675,1,2,0.03337477130870203,0.033375,,5
F31,400000,400000,1090,1,2,0.0027260970542645757,0.002725,,7
F32,400000,400000,2173,1,2,0.005433700703185362,0.0054325,,4
