Flow,Period,Deadline,Execution Time,w,h,Target_Utilization,Actual_Utilization,Utilization_Error,Queue
F1,200000,200000,6585,1,2,0.03292555252895779,0.032925,,3
F2,400000,400000,8981,1,2,0.022452024242326618,0.0224525,,2
F3,400000,400000,3224,1,2,0.008060805574191088,0.00806,,6
F4,400000,400000,4439,1,2,0.01109673720438542,0.0110975,,5
F5,200000,200000,3817,1,2,0.019083925823162096,0.019085,,1
F6,400000,400000,6562,1,2,0.01640544707238989,0.016405,,4
F7,400000,400000,600,1,2,0.0009721388189029567,0.0015,,5
F8,100000,100000,6902,1,2,0.06902217378668934,0.06902,,2
F9,400000,400000,688,1,2,0.0017212455390390735,0.00172,,3
F10,400000,400000,656,1,2,0.0016395043254226471,0.00164,,4
F11,400000,400000,2584,1,2,0.006459777934569089,0.00646,,1
F12,200000,200000,7971,1,2,0.03985464676101996,0.039855,,2
F13,400000,400000,6533,1,2,0.016332178096707395,0.0163325,,7
F14,400000,400000,4067,1,2,0.010166257190230676,0.0101675,,3
F15,400000,400000,7629,1,2,0.01907125261554926,0.0190725,,2
F16,400000,400000,1103,1,2,0.0027577369761281334,0.0027575,,5
F17,400000,400000,5983,1,2,0.014958233642880736,0.0149575,,1
F18,200000,200000,7285,1,2,0.036423880734823666,0.036425,,2
F19,400000,400000,1831,1,2,0.00457658871821448,0.0045775,,2
F20,400000,400000,9483,1,2,0.023708513683261656,0.0237075,,3
F21,400000,400000,3476,1,2,0.008691139620516458,0.00869,,2
F22,400000,400000,11503,1,2,0.02875749300824007,0.0287575,,5
F23,200000,200000,8365,1,2,0.04182334199335136,0.041825,,2
F24,400000,400000,600,1,2,0.0003424997560858012,0.0015,,6
F25,200000,200000,11539,1,2,0.05769415880561171,0.057695,,2
F26,200000,200000,3415,1,2,0.01707490077440217,0.017075,,5
F27,400000,400000,661,1,2,0.0016536361039793807,0.0016525,,3
F28,200000,200000,7897,1,2,0.03948273888600032,0.039485,,2
F29,200000,200000,1098,1,2,0.005489771951303693,0.00549,,7
F30,200000,200000,701,1,2,0.003504387636848804,0.003505,,6
F31,400000,400000,2702,1,2,0.006755950699642934,0.006755,,4
F32,200000,200000,3648,1,2,0.018240949618028253,0.01824,,3
