Flow,Period,Deadline,Execution Time,w,h,Target_Utilization,Actual_Utilization,Utilization_Error,Queue
F1,200000,200000,3193,1,2,0.015964481063845848,0.015965,,7
F2,400000,400000,7701,1,2,0.019253221449945013,0.0192525,,2
F3,400000,400000,1401,1,2,0.003503732462290743,0.0035025,,1
F4,200000,200000,3745,1,2,0.018725860123888827,0.018725,,4
F5,400000,400000,11986,1,2,0.029965451667338383,0.029965,,2
F6,400000,400000,1386,1,2,0.0034661293780736124,0.003465,,5
F7,200000,200000,1565,1,2,0.007826092305133925,0.007825,,1
F8,200000,200000,6285,1,2,0.031423872772600614,0.031425,,7
F9,100000,100000,1795,1,2,0.01794941755658014,0.01795,,3
F10,400000,400000,6659,1,2,0.016648415717435305,0.0166475,,5
F11,400000,400000,1841,1,2,0.00460208672254625,0.0046025,,2
F12,100000,100000,2971,1,2,0.029709544185469505,0.02971,,4
F13,400000,400000,2664,1,2,0.006658905739528542,0.00666,,3
F14,400000,400000,2273,1,2,0.005682515758902329,0.0056825,,5
F15,400000,400000,615,1,2,0.0015382865518112077,0.0015375,,6
F16,50000,50000,2009,1,2,0.04017831749580736,0.04018,,4
F17,200000,200000,6529,1,2,0.032645309215055596,0.032645,,1
F18,400000,400000,9276,1,2,0.02319095488065745,0.02319,,3
F19,400000,400000,11073,1,2,0.027682563456898457,0.0276825,,1
F20,400000,400000,600,1,2,0.000826861565854542,0.0015,,4
F21,400000,400000,600,1,2,0.0007023897539334412,0.0015,,7
F22,400000,400000,1965,1,2,0.004912027232377769,0.0049125,,4
F23,400000,400000,3344,1,2,0.00835942745687726,0.00836,,4
F24,100000,100000,5009,1,2,0.050088990332839645,0.05009,,1
F25,200000,200000,3679,1,2,0.018395069228790084,0.018395,,1
F26,200000,200000,2801,1,2,0.014004957594838885,0.014005,,6
F27,50000,50000,1042,1,2,0.020838979800309257,0.02084,,7
F28,200000,200000,1999,1,2,0.009996041804212805,0.009995,,2
F29,400000,400000,9263,1,2,0.023157873009947268,0.0231575,,5
F30,200000,200000,9883,1,2,0.04941327762240812,0.049415,,2
F31,400000,400000,2234,1,2,0.005585654012224176,0.005585,,7
F32,400000,400000,1487,1,2,0.003718065948679205,0.0037175,,3
