Flow,Period,Deadline,Execution Time,w,h,Target_Utilization,Actual_Utilization,Utilization_Error,Queue
F1,200000,200000,7137,1,2,0.03568291349417163,0.035685,,6
F2,400000,400000,5151,1,2,0.01287762353780142,0.0128775,,6
F3,200000,200000,4092,1,2,0.02046014440267263,0.02046,,3
F4,400000,400000,4291,1,2,0.01072770175635196,0.0107275,,2
F5,100000,100000,6200,1,2,0.061996582428270886,0.062,,5
F6,50000,50000,1278,1,2,0.025560269950449466,0.02556,,5
F7,400000,400000,5339,1,2,0.01334676680587693,0.0133475,,2
F8,200000,200000,618,1,2,0.0030911200350409174,0.00309,,4
F9,400000,400000,1674,1,2,0.00418397930694786,0.004185,,2
F10,100000,100000,5056,1,2,0.0505592200674273,0.05056,,6
F11,400000,400000,9513,1,2,0.023781843976267036,0.0237825,,5
F12,400000,400000,4708,1,2,0.01177120267781534,0.01177,,3
F13,400000,400000,4917,1,2,0.012293348992761077,0.0122925,,5
F14,200000,200000,8441,1,2,0.04220376203325216,0.042205,,2
F15,400000,400000,600,1,2,0.0012479185008397176,0.0015,,4
F16,200000,200000,6321,1,2,0.03160336074914244,0.031605,,3
F17,400000,400000,6285,1,2,0.015711305459200575,0.0157125,,6
F18,400000,400000,1657,1,2,0.004143028928439485,0.0041425,,3
F19,400000,400000,1179,1,2,0.002948641395904117,0.0029475,,2
F20,200000,200000,6403,1,2,0.03201549393347869,0.032015,,2
F21,400000,400000,3090,1,2,0.007725405041284689,0.007725,,6
F22,100000,100000,6212,1,2,0.06211793805069617,0.06212,,3
F23,400000,400000,3155,1,2,0.007887367475258325,0.0078875,,1
F24,400000,400000,600,1,2,0.000366346332786191,0.0015,,7
F25,400000,400000,9119,1,2,0.02279705783774809,0.0227975,,2
F26,400000,400000,891,1,2,0.002227272443845227,0.0022275,,3
F27,200000,200000,3001,1,2,0.015006014973228392,0.015005,,5
F28,400000,400000,6208,1,2,0.015519598667467098,0.01552,,6
F29,400000,400000,5630,1,2,0.014075138592380684,0.014075,,3
F30,200000,200000,1657,1,2,0.008285655367864513,0.008285,,7
F31,400000,400000,3327,1,2,0.008316804804736832,0.0083175,,4
F32,100000,100000,773,1,2,0.007730540438674905,0.00773,,5
