Flow,Period,Deadline,Execution Time,w,h,Target_Utilization,Actual_Utilization,Utilization_Error,Queue
F1,400000,400000,5001,1,2,0.012501613438174575,0.0125025,,3
F2,400000,400000,5613,1,2,0.01403268334914548,0.0140325,,7
F3,200000,200000,6430,1,2,0.03214757783864747,0.03215,,3
F4,400000,400000,3800,1,2,0.009500765936947264,0.0095,,5
F5,400000,400000,8601,1,2,0.02150178519084217,0.0215025,,7
F6,400000,400000,7854,1,2,0.019634419451834584,0.019635,,7
F7,200000,200000,9155,1,2,0.04577352990702138,0.045775,,3
F8,200000,200000,2145,1,2,0.01072619042961459,0.010725,,4
F9,200000,200000,1357,1,2,0.00678458989267533,0.006785,,6
F10,200000,200000,11198,1,2,0.05598937964396672,0.05599,,3
F11,400000,400000,7823,1,2,0.019556945985442276,0.0195575,,6
F12,400000,400000,600,1,2,0.0009520910014765849,0.0015,,1
F13,400000,400000,640,1,2,0.0016004555451084035,0.0016,,1
F14,200000,200000,3614,1,2,0.018071141847894212,0.01807,,3
F15,400000,400000,11187,1,2,0.027967424032989324,0.0279675,,3
F16,100000,100000,846,1,2,0.008460995841044067,0.00846,,7
F17,50000,50000,1983,1,2,0.039657828904782866,0.03966,,3
F18,400000,400000,8132,1,2,0.02032889776942498,0.02033,,4
F19,400000,400000,11207,1,2,0.02801805161051535,0.0280175,,3
F20,400000,400000,1151,1,2,0.0028786384903976836,0.0028775,,4
F21,400000,400000,2024,1,2,0.00506052123647556,0.00506,,7
F22,200000,200000,2802,1,2,0.01400908584898318,0.01401,,6
F23,200000,200000,1008,1,2,0.005040582162579299,0.00504,,3
F24,400000,400000,1354,1,2,0.0033856653171026596,0.003385,,2
F25,400000,400000,10709,1,2,0.026773302415770597,0.0267725,,3
F26,400000,400000,3299,1,2,0.008248095138948752,0.0082475,,4
F27,400000,400000,2709,1,2,0.006773026815339721,0.0067725,,3
F28,400000,400000,10987,1,2,0.027468302337882458,0.0274675,,6
F29,400000,400000,2261,1,2,0.005651963827564711,0.0056525,,6
F30,400000,400000,6531,1,2,0.016327554617652472,0.0163275,,4
F31,400000,400000,2459,1,2,0.006148582589482145,0.0061475,,1
F32,200000,200000,844,1,2,0.004220062080176078,0.00422,,5
