Flow,Period,Deadline,Execution Time,w,h,Target_Utilization,Actual_Utilization,Utilization_Error,Queue
F1,400000,400000,10772,1,2,0.02693005142154581,0.02693,,7
F2,400000,400000,3725,1,2,0.009313145751600915,0.0093125,,2
F3,400000,400000,3800,1,2,0.009498928444051202,0.0095,,7
F4,200000,200000,7149,1,2,0.03574682700640841,0.035745,,6
F5,400000,400000,9384,1,2,0.02346045249731299,0.02346,,1
F6,200000,200000,1213,1,2,0.0060641748232077575,0.006065,,7
F7,400000,400000,8813,1,2,0.022033442407879134,0.0220325,,2
F8,400000,400000,11781,1,2,0.0294519669514402,0.0294525,,5
F9,200000,200000,897,1,2,0.0044850219108255596,0.004485,,1
F10,400000,400000,5539,1,2,0.013848411725733145,0.0138475,,7
F11,400000,400000,9216,1,2,0.023040210631056823,0.02304,,3
F12,400000,400000,2715,1,2,0.006786864088112465,0.0067875,,5
F13,400000,400000,8019,1,2,0.02004832293380271,0.0200475,,5
F14,400000,400000,4469,1,2,0.011173322570425415,0.0111725,,6
F15,200000,200000,11117,1,2,0.0555846539230887,0.055585,,2
F16,200000,200000,6687,1,2,0.03343729272027496,0.033435,,2
F17,200000,200000,6039,1,2,0.030192761464187312,0.030195,,3
F18,400000,400000,1461,1,2,0.0036517954687431964,0.0036525,,3
F19,200000,200000,8385,1,2,0.04192686097181603,0.041925,,7
F20,400000,400000,600,1,2,0.0006023091637354094,0.0015,,4
F21,400000,400000,1114,1,2,0.0027853848986278407,0.002785,,1
F22,200000,200000,8531,1,2,0.042654728902957434,0.042655,,5
F23,400000,400000,5507,1,2,0.013766598150345616,0.0137675,,1
F24,200000,200000,2409,1,2,0.012045620587491299,0.012045,,3
F25,400000,400000,1649,1,2,0.004123481621320799,0.0041225,,6
F26,200000,200000,9391,1,2,0.04695520603579735,0.046955,,3
F27,400000,400000,8379,1,2,0.020946730705434367,0.0209475,,6
F28,400000,400000,941,1,2,0.0023520879999362927,0.0023525,,3
F29,400000,400000,600,1,2,4.531314559624508e-05,0.0015,,7
F30,200000,200000,1348,1,2,0.006739516429353375,0.00674,,2
F31,400000,400000,734,1,2,0.0018355217332955871,0.001835,,6
F32,400000,400000,3504,1,2,0.008761153689959807,0.00876,,5
