Flow,Period,Deadline,Execution Time,w,h,Target_Utilization,Actual_Utilization,Utilization_Error,Queue
F1,400000,400000,2899,1,2,0.00724659383727666,0.0072475,,3
F2,200000,200000,801,1,2,0.004005653348389093,0.004005,,6
F3,400000,400000,8431,1,2,0.02107809413238826,0.0210775,,7
F4,400000,400000,10235,1,2,0.025587297231531414,0.0255875,,4
F5,400000,400000,3163,1,2,0.007907583942900143,0.0079075,,5
F6,100000,100000,7403,1,2,0.07403373679520875,0.07403,,5
F7,100000,100000,2572,1,2,0.025720116540178306,0.02572,,2
F8,400000,400000,3403,1,2,0.008506439739963234,0.0085075,,1
F9,200000,200000,7907,1,2,0.03953673375889383,0.039535,,3
F10,200000,200000,8271,1,2,0.04135388186736816,0.041355,,4
F11,400000,400000,6619,1,2,0.016547433543258327,0.0165475,,4
F12,100000,100000,5602,1,2,0.05601864498570014,0.05602,,3
F13,400000,400000,9502,1,2,0.023755481674155365,0.023755,,2
F14,400000,400000,3085,1,2,0.007713352206693724,0.0077125,,4
F15,400000,400000,600,1,2,0.0008971707209768642,0.0015,,1
F16,400000,400000,9717,1,2,0.024292929426441567,0.0242925,,5
F17,200000,200000,1544,1,2,0.007719205012472197,0.00772,,7
F18,400000,400000,600,1,2,0.000559948640857344,0.0015,,5
F19,200000,200000,2461,1,2,0.012305632601938898,0.012305,,5
F20,200000,200000,8718,1,2,0.04359027208474675,0.04359,,5
F21,400000,400000,600,1,2,7.689383158457352e-05,0.0015,,1
F22,400000,400000,2212,1,2,0.005530116854625011,0.00553,,1
F23,400000,400000,3242,1,2,0.008103915940034262,0.008105,,2
F24,400000,400000,2130,1,2,0.005325633747884098,0.005325,,2
F25,400000,400000,3758,1,2,0.009395771478995688,0.009395,,3
F26,200000,200000,3780,1,2,0.018899030137873113,0.0189,,3
F27,400000,400000,800,1,2,0.0020005754198549885,0.002,,5
F28,200000,200000,9781,1,2,0.04890300887480649,0.048905,,2
F29,400000,400000,3829,1,2,0.00957354803744576,0.0095725,,5
F30,400000,400000,3580,1,2,0.008949256544160216,0.00895,,7
F31,400000,400000,3597,1,2,0.008993594653348614,0.0089925,,4
F32,400000,400000,4689,1,2,0.011722490330008611,0.0117225,,2
