Flow,Period,Deadline,Execution Time,w,h,Target_Utilization,Actual_Utilization,Utilization_Error,Queue
F1,200000,200000,7309,1,2,0.03654589226678728,0.036545,,3
F2,400000,400000,1192,1,2,0.0029794908297073874,0.00298,,2
F3,400000,400000,4837,1,2,0.012091492008629634,0.0120925,,5
F4,400000,400000,2820,1,2,0.007050598849391798,0.00705,,4
F5,100000,100000,2942,1,2,0.029420561863558237,0.02942,,3
F6,400000,400000,6073,1,2,0.015182949451722716,0.0151825,,3
F7,400000,400000,862,1,2,0.0021540383965006904,0.002155,,5
F8,400000,400000,1103,1,2,0.002756748075143922,0.0027575,,7
F9,200000,200000,6889,1,2,0.034446630255272115,0.034445,,3
F10,400000,400000,5646,1,2,0.014115345936120405,0.014115,,5
F11,400000,400000,1326,1,2,0.0033152964281636943,0.003315,,1
F12,100000,100000,1408,1,2,0.014079867788154288,0.01408,,6
F13,100000,100000,5452,1,2,0.05451992539665912,0.05452,,3
F14,400000,400000,6939,1,2,0.01734841968061762,0.0173475,,1
F15,400000,400000,9207,1,2,0.023016543963197356,0.0230175,,3
F16,400000,400000,1533,1,2,0.0038316571089891394,0.0038325,,2
F17,400000,400000,7697,1,2,0.019242528787473512,0.0192425,,2
F18,200000,200000,6598,1,2,0.03298776972964784,0.03299,,3
F19,200000,200000,2264,1,2,0.011320899968682852,0.01132,,1
F20,400000,400000,600,1,2,0.0007926295006372153,0.0015,,3
F21,400000,400000,8845,1,2,0.022112134492510177,0.0221125,,3
F22,400000,400000,8639,1,2,0.021596596504774357,0.0215975,,3
F23,400000,400000,1714,1,2,0.004284350199105308,0.004285,,5
F24,200000,200000,704,1,2,0.00352038206759675,0.00352,,1
F25,400000,400000,2081,1,2,0.0052022820502369005,0.0052025,,3
F26,200000,200000,10365,1,2,0.051825842964595456,0.051825,,3
F27,200000,200000,3775,1,2,0.01887434757819055,0.018875,,5
F28,50000,50000,622,1,2,0.012439095758469257,0.01244,,3
F29,400000,400000,3729,1,2,0.009322508934275622,0.0093225,,6
F30,100000,100000,3313,1,2,0.03312999149791086,0.03313,,3
F31,400000,400000,4537,1,2,0.011342472583952625,0.0113425,,2
F32,400000,400000,6845,1,2,0.017112481762332564,0.0171125,,2
