Flow,Period,Deadline,Execution Time,w,h,Target_Utilization,Actual_Utilization,Utilization_Error,Queue
F1,200000,200000,5475,1,2,0.027374464370627294,0.027375,,4
F2,400000,400000,3578,1,2,0.008944352648254106,0.008945,,4
F3,100000,100000,2944,1,2,0.029440835194878334,0.02944,,3
F4,400000,400000,4112,1,2,0.010279770799587196,0.01028,,7
F5,400000,400000,5763,1,2,0.014407956582225823,0.0144075,,3
F6,400000,400000,6749,1,2,0.016872587366514147,0.0168725,,1
F7,400000,400000,11737,1,2,0.02934272273569971,0.0293425,,3
F8,400000,400000,7873,1,2,0.019683008379683287,0.0196825,,4
F9,400000,400000,10590,1,2,0.026474214200854662,0.026475,,3
F10,100000,100000,2314,1,2,0.023139121575885435,0.02314,,3
F11,400000,400000,3987,1,2,0.009966552287083874,0.0099675,,1
F12,200000,200000,1675,1,2,0.008375478556057248,0.008375,,2
F13,400000,400000,8692,1,2,0.02172987276929167,0.02173,,5
F14,400000,400000,3266,1,2,0.008164820195616596,0.008165,,3
F15,400000,400000,2187,1,2,0.005468729758352275,0.0054675,,7
F16,200000,200000,5066,1,2,0.025328989653533474,0.02533,,5
F17,400000,400000,2589,1,2,0.006472172598482123,0.0064725,,5
F18,50000,50000,1471,1,2,0.029420872312564517,0.02942,,3
F19,100000,100000,4787,1,2,0.047869952864521115,0.04787,,3
F20,400000,400000,1831,1,2,0.004578374258521201,0.0045775,,4
F21,200000,200000,2485,1,2,0.01242433792459513,0.012425,,2
F22,400000,400000,11149,1,2,0.027871257655956883,0.0278725,,6
F23,400000,400000,1321,1,2,0.0033036634232773143,0.0033025,,1
F24,400000,400000,600,1,2,0.0006095350010141137,0.0015,,1
F25,400000,400000,600,1,2,0.0007448940542266191,0.0015,,4
F26,400000,400000,9269,1,2,0.023172453459938736,0.0231725,,4
F27,200000,200000,1188,1,2,0.005939817789822541,0.00594,,6
F28,400000,400000,4405,1,2,0.011012217609974936,0.0110125,,6
F29,400000,400000,4735,1,2,0.011836861929275397,0.0118375,,5
F30,200000,200000,4919,1,2,0.024595382023051237,0.024595,,6
F31,200000,200000,4341,1,2,0.021705754577138785,0.021705,,6
F32,400000,400000,762,1,2,0.0019041695015972536,0.001905,,2
