Flow,Period,Deadline,Execution Time,w,h,Target_Utilization,Actual_Utilization,Utilization_Error,Queue
F1,400000,400000,636,1,2,0.0015894226480888118,0.00159,,2
F2,100000,100000,2043,1,2,0.020430367092111434,0.02043,,1
F3,400000,400000,7114,1,2,0.017785546194078905,0.017785,,1
F4,400000,400000,4230,1,2,0.010574689191458597,0.010575,,7
F5,100000,100000,983,1,2,0.009830204324525527,0.00983,,4
F6,400000,400000,3429,1,2,0.008571868276647576,0.0085725,,7
F7,50000,50000,2465,1,2,0.049299496466399084,0.0493,,1
F8,400000,400000,11513,1,2,0.028782826139083006,0.0287825,,3
F9,400000,400000,781,1,2,0.0019519346242782287,0.0019525,,5
F10,400000,400000,1257,1,2,0.003141403261182618,0.0031425,,2
F11,400000,400000,3977,1,2,0.009941611787668725,0.0099425,,5
F12,200000,200000,5180,1,2,0.02590053239345519,0.0259,,5
F13,400000,400000,2392,1,2,0.005979331583888747,0.00598,,5
F14,100000,100000,6007,1,2,0.06006745113292339,0.06007,,1
F15,400000,400000,2813,1,2,0.007032205091432431,0.0070325,,6
F16,400000,400000,600,1,2,5.9204879494734186e-05,0.0015,,6
F17,200000,200000,7423,1,2,0.0371142984122432,0.037115,,4
F18,400000,400000,854,1,2,0.0021355420741463182,0.002135,,1
F19,400000,400000,600,1,2,0.0006841400327960434,0.0015,,4
F20,50000,50000,2283,1,2,0.04566006023065322,0.04566,,5
F21,400000,400000,600,1,2,0.0005922828112912559,0.0015,,7
F22,400000,400000,8073,1,2,0.020183371170773345,0.0201825,,4
F23,400000,400000,600,1,2,0.0007777684262032236,0.0015,,1
F24,400000,400000,7269,1,2,0.018172375897540338,0.0181725,,6
F25,200000,200000,3067,1,2,0.015333891139328149,0.015335,,2
F26,100000,100000,1929,1,2,0.019289690085670788,0.01929,,3
F27,400000,400000,805,1,2,0.002011929187909184,0.0020125,,1
F28,400000,400000,11465,1,2,0.02866148462208319,0.0286625,,2
F29,400000,400000,1838,1,2,0.004595209376349066,0.004595,,4
F30,100000,100000,892,1,2,0.00892014471421905,0.00892,,3
F31,400000,400000,11262,1,2,0.02815555300740997,0.028155,,7
F32,200000,200000,7123,1,2,0.03561559942316971,0.035615,,6
