Flow,Period,Deadline,Execution Time,w,h,Target_Utilization,Actual_Utilization,Utilization_Error,Queue
F1,400000,400000,4092,1,2,0.01023085788609246,0.01023,,6
F2,400000,400000,1535,1,2,0.0038373347967055604,0.0038375,,2
F3,200000,200000,7693,1,2,0.0384625785075533,0.038465,,6
F4,400000,400000,8303,1,2,0.020757232370743228,0.0207575,,6
F5,400000,400000,1770,1,2,0.004424774593121683,0.004425,,3
F6,400000,400000,1719,1,2,0.004296967231247006,0.0042975,,1
F7,400000,400000,3369,1,2,0.008422393186843014,0.0084225,,3
F8,200000,200000,1606,1,2,0.008031031749361095,0.00803,,2
F9,400000,400000,7807,1,2,0.01951790965994582,0.0195175,,6
F10,400000,400000,600,1,2,0.0011639645336120052,0.0015,,6
F11,400000,400000,871,1,2,0.0021773888836341126,0.0021775,,5
F12,100000,100000,6556,1,2,0.06556293151104176,0.06556,,6
F13,200000,200000,6437,1,2,0.032183606908401274,0.032185,,6
F14,400000,400000,2450,1,2,0.006125244768284077,0.006125,,5
F15,200000,200000,8178,1,2,0.040889268712711646,0.04089,,6
F16,400000,400000,2829,1,2,0.007073580348623154,0.0070725,,4
F17,50000,50000,1782,1,2,0.03564206675687526,0.03564,,6
F18,400000,400000,8237,1,2,0.020593566599944962,0.0205925,,6
F19,400000,400000,10002,1,2,0.025005557014100316,0.025005,,6
F20,400000,400000,5244,1,2,0.013109884826145446,0.01311,,2
F21,400000,400000,5985,1,2,0.014961592148458491,0.0149625,,6
F22,200000,200000,6551,1,2,0.032755718498839764,0.032755,,6
F23,400000,400000,1427,1,2,0.003568533477672192,0.0035675,,7
F24,400000,400000,600,1,2,0.0013006325818182007,0.0015,,4
F25,200000,200000,7044,1,2,0.035222497164050084,0.03522,,6
F26,400000,400000,8762,1,2,0.021904644811106697,0.021905,,6
F27,400000,400000,1161,1,2,0.002901512650657828,0.0029025,,3
F28,100000,100000,2233,1,2,0.022330738042889625,0.02233,,6
F29,200000,200000,1870,1,2,0.009349070457929293,0.00935,,5
F30,100000,100000,4226,1,2,0.04225863826764284,0.04226,,6
F31,400000,400000,7065,1,2,0.01766237539152732,0.0176625,,6
F32,200000,200000,1165,1,2,0.0058254052731668005,0.005825,,6
