Flow,Period,Deadline,Execution Time,w,h,Target_Utilization,Actual_Utilization,Utilization_Error,Queue
F1,400000,400000,5820,1,2,0.014550342895048196,0.01455,,2
F2,100000,100000,7797,1,2,0.07796946191695586,0.07797,,5
F3,400000,400000,9512,1,2,0.023780930661654653,0.02378,,5
F4,200000,200000,8293,1,2,0.041463362731835596,0.041465,,1
F5,200000,200000,7495,1,2,0.03747483047318356,0.037475,,6
F6,400000,400000,600,1,2,0.0004750272341882411,0.0015,,1
F7,400000,400000,4239,1,2,0.01059845777933388,0.0105975,,5
F8,400000,400000,1368,1,2,0.0034200902590858506,0.00342,,4
F9,200000,200000,10147,1,2,0.0507342344350743,0.050735,,5
F10,50000,50000,1553,1,2,0.031061021132946176,0.03106,,1
F11,400000,400000,6417,1,2,0.016041533212429848,0.0160425,,4
F12,200000,200000,2711,1,2,0.013555043615415596,0.013555,,6
F13,400000,400000,8336,1,2,0.02084098829933745,0.02084,,3
F14,50000,50000,1244,1,2,0.024878833026922675,0.02488,,6
F15,200000,200000,11997,1,2,0.059985630226496056,0.059985,,5
F16,400000,400000,1160,1,2,0.002900474949230958,0.0029,,1
F17,200000,200000,9625,1,2,0.04812645713793706,0.048125,,2
F18,400000,400000,895,1,2,0.0022372497375368616,0.0022375,,4
F19,400000,400000,5121,1,2,0.012802337377296413,0.0128025,,7
F20,200000,200000,7389,1,2,0.0369446577226088,0.036945,,4
F21,200000,200000,1231,1,2,0.00615537922639714,0.006155,,7
F22,400000,400000,3405,1,2,0.008511993472744561,0.0085125,,5
F23,50000,50000,2435,1,2,0.04869855025892195,0.0487,,7
F24,400000,400000,2005,1,2,0.005012160132670335,0.0050125,,2
F25,50000,50000,1787,1,2,0.03573816862624002,0.03574,,7
F26,400000,400000,2358,1,2,0.005894597330787205,0.005895,,6
F27,200000,200000,6761,1,2,0.03380503112771713,0.033805,,2
F28,200000,200000,8187,1,2,0.04093684696144735,0.040935,,5
F29,400000,400000,6995,1,2,0.01748821306042493,0.0174875,,1
F30,200000,200000,10577,1,2,0.05288425686730808,0.052885,,7
F31,200000,200000,10421,1,2,0.05210593297549929,0.052105,,2
F32,400000,400000,709,1,2,0.0017722506529911596,0.0017725,,3
