Flow,Period,Deadline,Execution Time,w,h,Target_Utilization,Actual_Utilization,Utilization_Error,Queue
F1,400000,400000,3629,1,2,0.009073077382883321,0.0090725,,6
F2,50000,50000,3572,1,2,0.07144168887535929,0.07144,,4
F3,200000,200000,942,1,2,0.004710245301229765,0.00471,,6
F4,400000,400000,8410,1,2,0.02102624749508808,0.021025,,3
F5,100000,100000,7072,1,2,0.0707159937610643,0.07072,,1
F6,400000,400000,3285,1,2,0.008212495547822662,0.0082125,,5
F7,400000,400000,600,1,2,7.705845954997237e-06,0.0015,,7
F8,200000,200000,8105,1,2,0.040523721915453836,0.040525,,1
F9,400000,400000,1054,1,2,0.0026340544544845024,0.002635,,1
F10,400000,400000,725,1,2,0.001813525849279185,0.0018125,,3
F11,400000,400000,3423,1,2,0.008558456251775759,0.0085575,,3
F12,200000,200000,3772,1,2,0.018859268069972512,0.01886,,1
F13,400000,400000,4087,1,2,0.010218575240116379,0.0102175,,2
F14,100000,100000,4033,1,2,0.040328235282232505,0.04033,,2
F15,50000,50000,3041,1,2,0.060823863808838086,0.06082,,4
F16,400000,400000,7108,1,2,0.017771086962316607,0.01777,,4
F17,400000,400000,2059,1,2,0.005148399549262661,0.0051475,,2
F18,400000,400000,600,1,2,0.0009788900820337232,0.0015,,5
F19,100000,100000,11304,1,2,0.11303565271048222,0.11304,,4
F20,200000,200000,2842,1,2,0.014209670645016326,0.01421,,1
F21,100000,100000,11225,1,2,0.11225168820808448,0.11225,,3
F22,400000,400000,8685,1,2,0.021711278709010906,0.0217125,,4
F23,200000,200000,11029,1,2,0.05514439858467107,0.055145,,7
F24,200000,200000,3583,1,2,0.01791467045964426,0.017915,,2
F25,400000,400000,6060,1,2,0.015150731609754178,0.01515,,3
F26,400000,400000,2056,1,2,0.00513942009120405,0.00514,,4
F27,400000,400000,600,1,2,8.209822296670333e-06,0.0015,,2
F28,400000,400000,5832,1,2,0.014579548323636782,0.01458,,7
F29,50000,50000,3100,1,2,0.06200157072593791,0.062,,3
F30,400000,400000,3649,1,2,0.009122087322510838,0.0091225,,4
F31,400000,400000,10133,1,2,0.02533319632727609,0.0253325,,3
F32,400000,400000,2805,1,2,0.007011858757346839,0.0070125,,7
