Flow,Period,Deadline,Execution Time,w,h,Target_Utilization,Actual_Utilization,Utilization_Error,Queue
F1,200000,200000,1999,1,2,0.009994023134433427,0.009995,,1
F2,400000,400000,600,1,2,5.271622461888725e-05,0.0015,,4
F3,200000,200000,1651,1,2,0.00825414675729641,0.008255,,6
F4,200000,200000,9625,1,2,0.0481225484355462,0.048125,,3
F5,200000,200000,692,1,2,0.003458758661560979,0.00346,,3
F6,200000,200000,6397,1,2,0.03198590519872335,0.031985,,3
F7,400000,400000,9221,1,2,0.02305257249201942,0.0230525,,6
F8,100000,100000,639,1,2,0.0063901144359717055,0.00639,,2
F9,400000,400000,3095,1,2,0.0077378738523121715,0.0077375,,4
F10,400000,400000,600,1,2,0.0013288471755475983,0.0015,,5
F11,400000,400000,1577,1,2,0.0039428561524962324,0.0039425,,7
F12,400000,400000,9090,1,2,0.0227244046314945,0.022725,,3
F13,200000,200000,11406,1,2,0.057029024934790895,0.05703,,1
F14,200000,200000,6229,1,2,0.03114654748053136,0.031145,,1
F15,400000,400000,4589,1,2,0.011471285123718089,0.0114725,,3
F16,50000,50000,1780,1,2,0.03559965711199431,0.0356,,6
F17,200000,200000,4866,1,2,0.02432878866418159,0.02433,,5
F18,200000,200000,6097,1,2,0.03048722311905816,0.030485,,3
F19,100000,100000,9309,1,2,0.09309112284047383,0.09309,,1
F20,400000,400000,8754,1,2,0.02188523945209947,0.021885,,1
F21,400000,400000,4109,1,2,0.010273749043002711,0.0102725,,3
F22,400000,400000,9768,1,2,0.024419047008126582,0.02442,,6
F23,50000,50000,7585,1,2,0.1517025214157929,0.1517,,3
F24,200000,200000,9076,1,2,0.04538113501002371,0.04538,,1
F25,400000,400000,910,1,2,0.002274895864409765,0.002275,,2
F26,400000,400000,7985,1,2,0.019961992676956905,0.0199625,,5
F27,400000,400000,11929,1,2,0.029822249942044694,0.0298225,,1
F28,400000,400000,600,1,2,0.0011953785584808835,0.0015,,1
F29,200000,200000,1863,1,2,0.009314073881523915,0.009315,,5
F30,400000,400000,600,1,2,0.000999467407987835,0.0015,,6
F31,400000,400000,7894,1,2,0.019733816890694065,0.019735,,6
F32,200000,200000,2722,1,2,0.013611126331980927,0.01361,,1
