Flow,Period,Deadline,Execution Time,w,h,Target_Utilization,Actual_Utilization,Utilization_Error,Queue
F1,400000,400000,5227,1,2,0.013066415043175406,0.0130675,,6
F2,400000,400000,2973,1,2,0.007431683086862928,0.0074325,,5
F3,100000,100000,6035,1,2,0.060353102738139985,0.06035,,7
F4,400000,400000,1150,1,2,0.0028757490224928794,0.002875,,5
F5,400000,400000,2862,1,2,0.007155078738892873,0.007155,,3
F6,200000,200000,7890,1,2,0.039450705269235775,0.03945,,2
F7,200000,200000,8807,1,2,0.04403720155206026,0.044035,,7
F8,400000,400000,653,1,2,0.001632113538714175,0.0016325,,3
F9,200000,200000,8200,1,2,0.0410009884513467,0.041,,3
F10,200000,200000,8415,1,2,0.04207386089291065,0.042075,,1
F11,400000,400000,2267,1,2,0.005666618478960661,0.0056675,,7
F12,400000,400000,1243,1,2,0.0031072662651562277,0.0031075,,2
F13,400000,400000,754,1,2,0.0018847448833911873,0.001885,,3
F14,400000,400000,10605,1,2,0.02651161011284009,0.0265125,,1
F15,400000,400000,6451,1,2,0.016127006753750006,0.0161275,,2
F16,200000,200000,624,1,2,0.003120656538456057,0.00312,,4
F17,400000,400000,5282,1,2,0.013205938941898365,0.013205,,5
F18,400000,400000,5255,1,2,0.013137853833418034,0.0131375,,1
F19,100000,100000,5701,1,2,0.05700988394193879,0.05701,,4
F20,100000,100000,2150,1,2,0.021500456855538475,0.0215,,4
F21,400000,400000,1942,1,2,0.00485471909472901,0.004855,,6
F22,100000,100000,3671,1,2,0.03670802828636599,0.03671,,3
F23,400000,400000,600,1,2,0.0004081903359065553,0.0015,,5
F24,400000,400000,11090,1,2,0.027724771247173707,0.027725,,7
F25,400000,400000,2689,1,2,0.006722624809066935,0.0067225,,1
F26,100000,100000,10967,1,2,0.10967270260259668,0.10967,,2
F27,200000,200000,2438,1,2,0.012190403850598996,0.01219,,2
F28,400000,400000,5245,1,2,0.013111803493523422,0.0131125,,7
F29,400000,400000,5215,1,2,0.013038133878788605,0.0130375,,4
F30,100000,100000,11695,1,2,0.1169498528017212,0.11695,,1
F31,100000,100000,8643,1,2,0.08643046798535228,0.08643,,3
F32,400000,400000,706,1,2,0.0017646248543166198,0.001765,,4
