Flow,Period,Deadline,Execution Time,w,h,Target_Utilization,Actual_Utilization,Utilization_Error,Queue
F1,50000,50000,3219,1,2,0.06438444612252558,0.06438,,2
F2,400000,400000,2308,1,2,0.005771064044972629,0.00577,,2
F3,100000,100000,10702,1,2,0.10701838470622893,0.10702,,1
F4,400000,400000,600,1,2,0.0011888561785576846,0.0015,,7
F5,50000,50000,3074,1,2,0.06147792016521558,0.06148,,5
F6,400000,400000,600,1,2,0.0013484607523492897,0.0015,,7
F7,100000,100000,7527,1,2,0.07527486625579627,0.07527,,5
F8,200000,200000,6455,1,2,0.032273456539229306,0.032275,,5
F9,100000,100000,4740,1,2,0.047401252576562136,0.0474,,1
F10,400000,400000,2960,1,2,0.007400510511965219,0.0074,,4
F11,100000,100000,3119,1,2,0.03118820788105059,0.03119,,2
F12,400000,400000,2771,1,2,0.006927505830056746,0.0069275,,3
F13,400000,400000,4851,1,2,0.012127044113537822,0.0121275,,3
F14,400000,400000,600,1,2,0.001050788064541175,0.0015,,7
F15,400000,400000,8047,1,2,0.020116590528629186,0.0201175,,7
F16,400000,400000,7958,1,2,0.019894449812235815,0.019895,,1
F17,100000,100000,2399,1,2,0.02399073074356517,0.02399,,1
F18,200000,200000,1038,1,2,0.005189305436175573,0.00519,,6
F19,100000,100000,3525,1,2,0.03524786176183475,0.03525,,2
F20,400000,400000,3589,1,2,0.008972021977002254,0.0089725,,1
F21,200000,200000,2328,1,2,0.011639453548024925,0.01164,,6
F22,100000,100000,6094,1,2,0.06093691701362519,0.06094,,7
F23,200000,200000,6342,1,2,0.031711263208454715,0.03171,,7
F24,400000,400000,3199,1,2,0.007998338470440514,0.0079975,,5
F25,400000,400000,5898,1,2,0.014743880298857065,0.014745,,2
F26,200000,200000,1941,1,2,0.009704281400302717,0.009705,,7
F27,400000,400000,6091,1,2,0.015228737908419693,0.0152275,,5
F28,50000,50000,1112,1,2,0.02223991732229305,0.02224,,6
F29,400000,400000,6601,1,2,0.016503227391502562,0.0165025,,4
F30,100000,100000,7067,1,2,0.07067363770190287,0.07067,,1
F31,400000,400000,600,1,2,0.0013143752087260742,0.0015,,6
F32,200000,200000,5919,1,2,0.029596147116190304,0.029595,,5
