Flow,Period,Deadline,Execution Time,w,h,Target_Utilization,Actual_Utilization,Utilization_Error,Queue
F1,400000,400000,8549,1,2,0.02137319820003869,0.0213725,,6
F2,200000,200000,6561,1,2,0.03280363375086226,0.032805,,1
F3,400000,400000,5674,1,2,0.014184161575644727,0.014185,,4
F4,400000,400000,4909,1,2,0.012273708416988827,0.0122725,,6
F5,100000,100000,11114,1,2,0.1111356056252707,0.11114,,4
F6,400000,400000,4799,1,2,0.011997798215079292,0.0119975,,3
F7,50000,50000,4018,1,2,0.08036096346336963,0.08036,,4
F8,200000,200000,5045,1,2,0.02522426816655754,0.025225,,3
F9,400000,400000,1257,1,2,0.0031420761043770007,0.0031425,,7
F10,400000,400000,4370,1,2,0.010923896343137729,0.010925,,1
F11,200000,200000,751,1,2,0.0037548819082841023,0.003755,,5
F12,400000,400000,2734,1,2,0.006835891844437114,0.006835,,7
F13,400000,400000,3443,1,2,0.008608730118062624,0.0086075,,5
F14,200000,200000,881,1,2,0.004404904682454247,0.004405,,6
F15,400000,400000,1668,1,2,0.0041708395817758315,0.00417,,3
F16,200000,200000,8799,1,2,0.043993057284166526,0.043995,,4
F17,100000,100000,1991,1,2,0.019908844243347656,0.01991,,6
F18,100000,100000,8296,1,2,0.082963376060747,0.08296,,4
F19,200000,200000,9473,1,2,0.04736667721715204,0.047365,,1
F20,100000,100000,5301,1,2,0.053009287899509455,0.05301,,1
F21,400000,400000,6009,1,2,0.015021462834822169,0.0150225,,1
F22,400000,400000,6911,1,2,0.017277799967931023,0.0172775,,3
F23,200000,200000,841,1,2,0.004203819866647002,0.004205,,4
F24,400000,400000,7130,1,2,0.017825983579231597,0.017825,,4
F25,200000,200000,1603,1,2,0.008013980184704339,0.008015,,2
F26,100000,100000,5318,1,2,0.05317799059156478,0.05318,,3
F27,100000,100000,5220,1,2,0.05220049233892826,0.0522,,6
F28,400000,400000,1279,1,2,0.0031985267495950598,0.0031975,,1
F29,400000,400000,8371,1,2,0.02092867946354142,0.0209275,,4
F30,400000,400000,1055,1,2,0.0026381953389214563,0.0026375,,2
F31,200000,200000,10494,1,2,0.052470513349158185,0.05247,,3
F32,400000,400000,729,1,2,0.0018224713925211462,0.0018225,,5
