Flow,Period,Deadline,Execution Time,w,h,Target_Utilization,Actual_Utilization,Utilization_Error,Queue
F1,50000,50000,1907,1,2,0.03814204308312641,0.03814,,6
F2,200000,200000,4520,1,2,0.022600786299925457,0.0226,,7
F3,50000,50000,2325,1,2,0.046498890740408916,0.0465,,1
F4,200000,200000,11366,1,2,0.056829738273127095,0.05683,,6
F5,400000,400000,10689,1,2,0.026723392850639516,0.0267225,,2
F6,400000,400000,7971,1,2,0.019926556193312406,0.0199275,,1
F7,100000,100000,964,1,2,0.00963970923463009,0.00964,,1
F8,400000,400000,11218,1,2,0.02804510521706227,0.028045,,1
F9,200000,200000,7301,1,2,0.03650326988371411,0.036505,,1
F10,200000,200000,7901,1,2,0.03950711979786076,0.039505,,1
F11,400000,400000,1101,1,2,0.0027519379682921508,0.0027525,,7
F12,50000,50000,1650,1,2,0.0329982255146235,0.033,,1
F13,400000,400000,1845,1,2,0.004612843670849132,0.0046125,,7
F14,400000,400000,600,1,2,0.0003654801072670577,0.0015,,4
F15,400000,400000,4519,1,2,0.01129859849078324,0.0112975,,3
F16,400000,400000,7019,1,2,0.017548073077700177,0.0175475,,5
F17,50000,50000,4751,1,2,0.09501827741964569,0.09502,,1
F18,400000,400000,9890,1,2,0.024725612486289628,0.024725,,3
F19,200000,200000,10209,1,2,0.05104654576223536,0.051045,,6
F20,200000,200000,2920,1,2,0.014600966695642648,0.0146,,2
F21,400000,400000,600,1,2,0.0010834027083214126,0.0015,,3
F22,400000,400000,8135,1,2,0.020338371623568247,0.0203375,,6
F23,400000,400000,1603,1,2,0.004007492298623377,0.0040075,,5
F24,400000,400000,2523,1,2,0.0063082349697266005,0.0063075,,6
F25,50000,50000,1688,1,2,0.03376209563368393,0.03376,,6
F26,400000,400000,709,1,2,0.0017737277108587357,0.0017725,,6
F27,50000,50000,3667,1,2,0.07334325501114063,0.07334,,1
F28,400000,400000,1460,1,2,0.003650668183376629,0.00365,,2
F29,400000,400000,5813,1,2,0.014533419965139086,0.0145325,,4
F30,50000,50000,2006,1,2,0.040118385699402015,0.04012,,6
F31,400000,400000,10797,1,2,0.02699185251430064,0.0269925,,6
F32,400000,400000,600,1,2,0.0011317284999266394,0.0015,,7
