Flow,Period,Deadline,Execution Time,w,h,Target_Utilization,Actual_Utilization,Utilization_Error,Queue
F1,400000,400000,4121,1,2,0.010302837893366279,0.0103025,,7
F2,200000,200000,2558,1,2,0.012788855931981424,0.01279,,7
F3,200000,200000,8284,1,2,0.04141756469696589,0.04142,,3
F4,400000,400000,4559,1,2,0.011398441324471764,0.0113975,,4
F5,200000,200000,8203,1,2,0.041012683789290016,0.041015,,2
F6,400000,400000,7162,1,2,0.017906184972489525,0.017905,,1
F7,400000,400000,4943,1,2,0.012357279250657327,0.0123575,,6
F8,100000,100000,10736,1,2,0.10735779972657655,0.10736,,3
F9,200000,200000,3362,1,2,0.016811171049447737,0.01681,,4
F10,200000,200000,3510,1,2,0.017551109102602047,0.01755,,5
F11,200000,200000,6033,1,2,0.03016278875385303,0.030165,,1
F12,400000,400000,9403,1,2,0.023506835681075033,0.0235075,,5
F13,400000,400000,1333,1,2,0.003332017956883815,0.0033325,,1
F14,400000,400000,2071,1,2,0.005177442012532285,0.0051775,,5
F15,400000,400000,6707,1,2,0.016768687182175612,0.0167675,,1
F16,400000,400000,6567,1,2,0.01641660927506894,0.0164175,,5
F17,100000,100000,1082,1,2,0.010819965937070408,0.01082,,3
F18,400000,400000,10505,1,2,0.026263205956171376,0.0262625,,3
F19,200000,200000,11483,1,2,0.057414287058151325,0.057415,,3
F20,400000,400000,8182,1,2,0.02045587767439111,0.020455,,3
F21,200000,200000,1641,1,2,0.008204116885145163,0.008205,,2
F22,400000,400000,9540,1,2,0.02385114515180453,0.02385,,7
F23,200000,200000,10317,1,2,0.05158581546299018,0.051585,,2
F24,400000,400000,9021,1,2,0.02255237735462462,0.0225525,,4
F25,400000,400000,5355,1,2,0.013386447760866477,0.0133875,,3
F26,200000,200000,10541,1,2,0.05270482778364721,0.052705,,3
F27,200000,200000,4113,1,2,0.0205656277027306,0.020565,,2
F28,50000,50000,2267,1,2,0.04533832061464539,0.04534,,7
F29,200000,200000,4493,1,2,0.022464925884961143,0.022465,,7
F30,400000,400000,2259,1,2,0.005646401590977998,0.0056475,,1
F31,200000,200000,10907,1,2,0.05453616122984922,0.054535,,3
F32,100000,100000,1541,1,2,0.015409242995663252,0.01541,,2
