Flow,Period,Deadline,Execution Time,w,h,Target_Utilization,Actual_Utilization,Utilization_Error,Queue
F1,400000,400000,11671,1,2,0.02917822820497118,0.0291775,,4
F2,100000,100000,6277,1,2,0.06276958993441506,0.06277,,4
F3,400000,400000,2345,1,2,0.0058633550582576355,0.0058625,,3
F4,400000,400000,2139,1,2,0.0053468504052784915,0.0053475,,2
F5,200000,200000,9041,1,2,0.04520406063958016,0.045205,,1
F6,200000,200000,6331,1,2,0.03165368738779473,0.031655,,7
F7,200000,200000,10535,1,2,0.052673541043633865,0.052675,,4
F8,200000,200000,5210,1,2,0.026050882781827545,0.02605,,6
F9,400000,400000,3702,1,2,0.009254540478522477,0.009255,,7
F10,100000,100000,3541,1,2,0.03540875243094399,0.03541,,4
F11,200000,200000,2723,1,2,0.013616030731758655,0.013615,,6
F12,400000,400000,4061,1,2,0.010152154863653062,0.0101525,,4
F13,400000,400000,3198,1,2,0.007994061931480223,0.007995,,1
F14,200000,200000,829,1,2,0.004145721266504143,0.004145,,4
F15,200000,200000,10100,1,2,0.05049963141766722,0.0505,,6
F16,200000,200000,11227,1,2,0.05613570959371034,0.056135,,1
F17,400000,400000,9201,1,2,0.023002639899424582,0.0230025,,1
F18,200000,200000,1409,1,2,0.007046186651113562,0.007045,,5
F19,200000,200000,6160,1,2,0.03079831895684154,0.0308,,1
F20,100000,100000,3702,1,2,0.03702031278190143,0.03702,,7
F21,400000,400000,4287,1,2,0.010717444411205757,0.0107175,,2
F22,400000,400000,600,1,2,0.0006725248849920318,0.0015,,4
F23,200000,200000,4131,1,2,0.020655296721625804,0.020655,,4
F24,100000,100000,2379,1,2,0.02379098476219621,0.02379,,7
F25,100000,100000,7531,1,2,0.07531351508950926,0.07531,,1
F26,100000,100000,7592,1,2,0.07592284906367625,0.07592,,1
F27,400000,400000,7263,1,2,0.01815727257330317,0.0181575,,2
F28,200000,200000,5785,1,2,0.02892428896889583,0.028925,,2
F29,200000,200000,6501,1,2,0.03250724752768371,0.032505,,6
F30,400000,400000,6399,1,2,0.015997276822911057,0.0159975,,7
F31,400000,400000,5202,1,2,0.013006069314930157,0.013005,,1
F32,200000,200000,1852,1,2,0.009261117334856035,0.00926,,6
