Flow,Period,Deadline,Execution Time,w,h,Target_Utilization,Actual_Utilization,Utilization_Error,Queue
F1,100000,100000,3092,1,2,0.03091887259228021,0.03092,,5
F2,400000,400000,8762,1,2,0.021905801887290077,0.021905,,4
F3,200000,200000,6213,1,2,0.031063105407827862,0.031065,,7
F4,50000,50000,1765,1,2,0.03529931299476785,0.0353,,2
F5,400000,400000,600,1,2,2.961666481282599e-06,0.0015,,6
F6,200000,200000,2366,1,2,0.01182940160301893,0.01183,,3
F7,200000,200000,766,1,2,0.0038291047077309015,0.00383,,7
F8,200000,200000,7154,1,2,0.03576803538054274,0.03577,,3
F9,200000,200000,6371,1,2,0.03185367725986177,0.031855,,4
F10,400000,400000,10339,1,2,0.025846475908957944,0.0258475,,2
F11,200000,200000,7778,1,2,0.038888763379194335,0.03889,,7
F12,200000,200000,10041,1,2,0.050204992458935394,0.050205,,7
F13,100000,100000,1070,1,2,0.0106991296179072,0.0107,,5
F14,400000,400000,7801,1,2,0.019501345563380457,0.0195025,,7
F15,400000,400000,11646,1,2,0.029114793356378788,0.029115,,6
F16,400000,400000,5226,1,2,0.013065564706647048,0.013065,,4
F17,400000,400000,3738,1,2,0.009345633535258135,0.009345,,1
F18,400000,400000,2761,1,2,0.00690232686861425,0.0069025,,6
F19,400000,400000,600,1,2,0.0012974226220233143,0.0015,,4
F20,400000,400000,600,1,2,0.00033392709029850254,0.0015,,7
F21,400000,400000,1257,1,2,0.003143227128178383,0.0031425,,7
F22,50000,50000,3887,1,2,0.07774250172459651,0.07774,,7
F23,200000,200000,8629,1,2,0.0431435305767372,0.043145,,4
F24,400000,400000,8076,1,2,0.020188945386220458,0.02019,,3
F25,200000,200000,9255,1,2,0.04627647355463854,0.046275,,2
F26,400000,400000,3594,1,2,0.008985993785813384,0.008985,,2
F27,400000,400000,2955,1,2,0.007387797495598314,0.0073875,,4
F28,400000,400000,7821,1,2,0.019553357915931435,0.0195525,,6
F29,50000,50000,1318,1,2,0.02635940205204368,0.02636,,3
F30,400000,400000,7351,1,2,0.018377183893053428,0.0183775,,5
F31,50000,50000,9000,1,2,0.17999695498833795,0.18,,5
F32,400000,400000,6310,1,2,0.01577541402022882,0.015775,,2
