Flow,Period,Deadline,Execution Time,w,h,Target_Utilization,Actual_Utilization,Utilization_Error,Queue
F1,400000,400000,9562,1,2,0.02390444960978988,0.023905,,3
F2,400000,400000,2543,1,2,0.006357719025342989,0.0063575,,7
F3,400000,400000,11658,1,2,0.02914520259043074,0.029145,,4
F4,200000,200000,6729,1,2,0.0336449399364086,0.033645,,3
F5,400000,400000,10523,1,2,0.026307930802278667,0.0263075,,1
F6,400000,400000,2413,1,2,0.006032678176495221,0.0060325,,5
F7,100000,100000,6369,1,2,0.06369091968481255,0.06369,,4
F8,100000,100000,6899,1,2,0.06898734511080196,0.06899,,5
F9,100000,100000,4313,1,2,0.04312876465628479,0.04313,,1
F10,200000,200000,10270,1,2,0.05134917229443281,0.05135,,2
F11,200000,200000,9251,1,2,0.04625676141409918,0.046255,,5
F12,400000,400000,10254,1,2,0.025634603820579416,0.025635,,6
F13,100000,100000,9911,1,2,0.09911117936212693,0.09911,,5
F14,400000,400000,2458,1,2,0.006143917773123064,0.006145,,3
F15,200000,200000,6609,1,2,0.03304494262768537,0.033045,,5
F16,400000,400000,1464,1,2,0.0036594526469682642,0.00366,,3
F17,100000,100000,3222,1,2,0.03221837308580383,0.03222,,2
F18,400000,400000,3683,1,2,0.009206482693307982,0.0092075,,6
F19,200000,200000,3601,1,2,0.018003860850045517,0.018005,,2
F20,400000,400000,1273,1,2,0.003182318754005542,0.0031825,,7
F21,50000,50000,697,1,2,0.013941098596205848,0.01394,,6
F22,200000,200000,4546,1,2,0.022730800002521534,0.02273,,5
F23,400000,400000,3904,1,2,0.009759070445348156,0.00976,,2
F24,400000,400000,5905,1,2,0.014761363091707363,0.0147625,,4
F25,400000,400000,5393,1,2,0.013482983669657778,0.0134825,,3
F26,100000,100000,6623,1,2,0.06623239300685622,0.06623,,3
F27,400000,400000,1787,1,2,0.0044686378205970045,0.0044675,,1
F28,400000,400000,4616,1,2,0.011539347902626049,0.01154,,4
F29,200000,200000,3097,1,2,0.01548535795314368,0.015485,,1
F30,100000,100000,7749,1,2,0.07748857109434858,0.07749,,4
F31,400000,400000,682,1,2,0.001703877521851531,0.001705,,5
F32,400000,400000,2639,1,2,0.006598199396879871,0.0065975,,1
