Flow,Period,Deadline,Execution Time,w,h,Target_Utilization,Actual_Utilization,Utilization_Error,Queue
F1,50000,50000,4891,1,2,0.09782358400201252,0.09782,,4
F2,50000,50000,3982,1,2,0.07964170290974804,0.07964,,4
F3,100000,100000,4105,1,2,0.041052069065774854,0.04105,,2
F4,400000,400000,4769,1,2,0.011922744186568024,0.0119225,,1
F5,400000,400000,5643,1,2,0.01410627969981737,0.0141075,,4
F6,400000,400000,671,1,2,0.0016783595094727044,0.0016775,,2
F7,50000,50000,1687,1,2,0.03373979968377361,0.03374,,2
F8,400000,400000,2162,1,2,0.005405239240372506,0.005405,,7
F9,200000,200000,6885,1,2,0.03442323503505951,0.034425,,7
F10,100000,100000,1827,1,2,0.018270195974327663,0.01827,,3
F11,100000,100000,6061,1,2,0.06060925971246883,0.06061,,2
F12,400000,400000,600,1,2,0.0012000276478491,0.0015,,4
F13,200000,200000,11018,1,2,0.05508770966055082,0.05509,,4
F14,100000,100000,6650,1,2,0.06650491375145873,0.0665,,4
F15,200000,200000,1028,1,2,0.005141032447573635,0.00514,,4
F16,100000,100000,4043,1,2,0.040431077519193726,0.04043,,4
F17,200000,200000,4366,1,2,0.021830967568181203,0.02183,,7
F18,400000,400000,3579,1,2,0.008948038868020092,0.0089475,,5
F19,400000,400000,11805,1,2,0.029511559587859504,0.0295125,,1
F20,200000,200000,8204,1,2,0.0410209295446167,0.04102,,1
F21,400000,400000,5961,1,2,0.014901340974140864,0.0149025,,2
F22,200000,200000,9485,1,2,0.047423863917603476,0.047425,,2
F23,400000,400000,4209,1,2,0.01052336922997825,0.0105225,,6
F24,400000,400000,7867,1,2,0.019667871970641015,0.0196675,,2
F25,400000,400000,7566,1,2,0.01891430790386428,0.018915,,4
F26,400000,400000,1153,1,2,0.0028815788660690456,0.0028825,,6
F27,100000,100000,4571,1,2,0.045712176237055674,0.04571,,4
F28,400000,400000,5971,1,2,0.01492801603064867,0.0149275,,7
F29,400000,400000,3597,1,2,0.008992407289339524,0.0089925,,3
F30,400000,400000,1427,1,2,0.0035686808021389797,0.0035675,,1
F31,400000,400000,1871,1,2,0.004676870398499508,0.0046775,,2
F32,400000,400000,600,1,2,0.0009551350920375944,0.0015,,7
