Flow,Period,Deadline,Execution Time,w,h,Target_Utilization,Actual_Utilization,Utilization_Error,Queue
F1,400000,400000,600,1,2,0.0007130869320912669,0.0015,,1
F2,200000,200000,9945,1,2,0.049723134398334645,0.049725,,6
F3,200000,200000,2715,1,2,0.013576199041145154,0.013575,,5
F4,100000,100000,1938,1,2,0.019381213180817647,0.01938,,7
F5,100000,100000,7205,1,2,0.07205166962519916,0.07205,,7
F6,400000,400000,600,1,2,0.00115922432422777,0.0015,,5
F7,400000,400000,7909,1,2,0.01977180313453386,0.0197725,,5
F8,100000,100000,8230,1,2,0.08230022598228615,0.0823,,7
F9,400000,400000,6001,1,2,0.015001658972104592,0.0150025,,4
F10,400000,400000,9899,1,2,0.02474844770679674,0.0247475,,2
F11,200000,200000,8919,1,2,0.04459465148953223,0.044595,,7
F12,400000,400000,600,1,2,0.0011633125634510355,0.0015,,1
F13,400000,400000,7712,1,2,0.019280024293554354,0.01928,,1
F14,400000,400000,3739,1,2,0.009347009122728234,0.0093475,,4
F15,50000,50000,3739,1,2,0.07478452414083975,0.07478,,7
F16,400000,400000,5729,1,2,0.01432196628888488,0.0143225,,2
F17,200000,200000,1537,1,2,0.007684233571533805,0.007685,,1
F18,200000,200000,5289,1,2,0.02644404263774469,0.026445,,6
F19,400000,400000,9234,1,2,0.023085666716771702,0.023085,,6
F20,100000,100000,6207,1,2,0.06207240024981264,0.06207,,1
F21,400000,400000,1911,1,2,0.004777596493137415,0.0047775,,6
F22,400000,400000,10251,1,2,0.025626255818212096,0.0256275,,4
F23,400000,400000,2648,1,2,0.006620101561680608,0.00662,,2
F24,400000,400000,3625,1,2,0.009061287208572966,0.0090625,,6
F25,400000,400000,1108,1,2,0.002769888136101739,0.00277,,3
F26,400000,400000,2385,1,2,0.005962535044156503,0.0059625,,7
F27,400000,400000,3290,1,2,0.008225057457345197,0.008225,,7
F28,100000,100000,5183,1,2,0.051830491938658324,0.05183,,7
F29,100000,100000,6524,1,2,0.06523605690807653,0.06524,,6
F30,200000,200000,9933,1,2,0.04966603300243372,0.049665,,1
F31,200000,200000,9936,1,2,0.04967837565515956,0.04968,,4
F32,400000,400000,2357,1,2,0.0058917695969454165,0.0058925,,4
