Flow,Period,Deadline,Execution Time,w,h,Target_Utilization,Actual_Utilization,Utilization_Error,Queue
F1,400000,400000,11271,1,2,0.02817815663380374,0.0281775,,6
F2,200000,200000,11619,1,2,0.05809682498566349,0.058095,,1
F3,200000,200000,9409,1,2,0.047044492291214546,0.047045,,3
F4,400000,400000,1518,1,2,0.003794431303480117,0.003795,,4
F5,400000,400000,1130,1,2,0.002825917610095874,0.002825,,6
F6,100000,100000,6430,1,2,0.06430386193677573,0.0643,,6
F7,400000,400000,600,1,2,0.0010586712553346533,0.0015,,5
F8,50000,50000,2035,1,2,0.04070016037774593,0.0407,,2
F9,400000,400000,9340,1,2,0.023350092769331976,0.02335,,1
F10,400000,400000,1827,1,2,0.004567584299110861,0.0045675,,4
F11,400000,400000,10874,1,2,0.027184380347297088,0.027185,,3
F12,400000,400000,858,1,2,0.0021460219768841826,0.002145,,7
F13,400000,400000,1262,1,2,0.00315561040600687,0.003155,,5
F14,400000,400000,2630,1,2,0.006575947418314354,0.006575,,5
F15,50000,50000,4644,1,2,0.09287749727022016,0.09288,,6
F16,400000,400000,6656,1,2,0.016639138198842496,0.01664,,6
F17,100000,100000,10778,1,2,0.1077825587895338,0.10778,,6
F18,50000,50000,3419,1,2,0.06837627933818682,0.06838,,3
F19,400000,400000,5133,1,2,0.012831320221501213,0.0128325,,1
F20,400000,400000,940,1,2,0.0023510831647427233,0.00235,,2
F21,400000,400000,9461,1,2,0.02365372463300075,0.0236525,,2
F22,400000,400000,6813,1,2,0.017031647901773805,0.0170325,,6
F23,200000,200000,1443,1,2,0.00721497146661082,0.007215,,3
F24,200000,200000,8478,1,2,0.042390724179853984,0.04239,,1
F25,200000,200000,804,1,2,0.004020786316153768,0.00402,,3
F26,400000,400000,6807,1,2,0.01701663614606895,0.0170175,,5
F27,200000,200000,1971,1,2,0.00985547363601269,0.009855,,7
F28,400000,400000,4349,1,2,0.010873112774205607,0.0108725,,2
F29,200000,200000,6402,1,2,0.03201128885459491,0.03201,,3
F30,400000,400000,600,1,2,0.0010151722682184353,0.0015,,1
F31,200000,200000,10795,1,2,0.05397424040919461,0.053975,,6
F32,400000,400000,600,1,2,0.001314138658474196,0.0015,,3
