Flow,Period,Deadline,Execution Time,w,h,Target_Utilization,Actual_Utilization,Utilization_Error,Queue
F1,100000,100000,8879,1,2,0.08878805511248244,0.08879,,7
F2,50000,50000,2122,1,2,0.04243903006567695,0.04244,,3
F3,400000,400000,600,1,2,0.0002514375309919936,0.0015,,6
F4,400000,400000,600,1,2,4.9478115564327574e-05,0.0015,,3
F5,400000,400000,8247,1,2,0.020618715027693857,0.0206175,,7
F6,200000,200000,3667,1,2,0.018334707296708053,0.018335,,6
F7,400000,400000,10042,1,2,0.02510447949889305,0.025105,,3
F8,400000,400000,600,1,2,0.0005457429267171632,0.0015,,1
F9,50000,50000,2056,1,2,0.04112042610759348,0.04112,,7
F10,400000,400000,2910,1,2,0.007274030087450645,0.007275,,2
F11,200000,200000,5131,1,2,0.025656047939470183,0.025655,,2
F12,400000,400000,8095,1,2,0.020236969391407733,0.0202375,,4
F13,100000,100000,8337,1,2,0.08337333063707553,0.08337,,4
F14,400000,400000,11650,1,2,0.029124814128755505,0.029125,,1
F15,400000,400000,3797,1,2,0.009491348968766411,0.0094925,,4
F16,400000,400000,4957,1,2,0.01239286605209966,0.0123925,,2
F17,200000,200000,4492,1,2,0.02245884467645065,0.02246,,6
F18,400000,400000,1317,1,2,0.0032914365766613662,0.0032925,,4
F19,50000,50000,3482,1,2,0.06963504493569017,0.06964,,4
F20,400000,400000,7993,1,2,0.019983141484343103,0.0199825,,7
F21,400000,400000,3317,1,2,0.00829246647096843,0.0082925,,5
F22,200000,200000,9084,1,2,0.04542216263050422,0.04542,,1
F23,400000,400000,8025,1,2,0.020062394398723232,0.0200625,,5
F24,400000,400000,1939,1,2,0.0048472202273072695,0.0048475,,3
F25,400000,400000,4890,1,2,0.012224499058524324,0.012225,,3
F26,400000,400000,2602,1,2,0.006504222698122009,0.006505,,1
F27,100000,100000,7306,1,2,0.0730563475319522,0.07306,,1
F28,400000,400000,3947,1,2,0.009866677133375745,0.0098675,,1
F29,100000,100000,7184,1,2,0.07184279902414453,0.07184,,7
F30,400000,400000,600,1,2,0.000375583593292185,0.0015,,7
F31,100000,100000,4343,1,2,0.04342898145665696,0.04343,,2
F32,400000,400000,1036,1,2,0.0025893814788542566,0.00259,,5
