Flow,Period,Deadline,Execution Time,w,h,Target_Utilization,Actual_Utilization,Utilization_Error,Queue
F1,400000,400000,2574,1,2,0.0064355169933634215,0.006435,,3
F2,100000,100000,1078,1,2,0.01077900861244152,0.01078,,1
F3,400000,400000,2809,1,2,0.007021671294068388,0.0070225,,7
F4,100000,100000,2982,1,2,0.029820590625129206,0.02982,,4
F5,100000,100000,1310,1,2,0.01310093398691825,0.0131,,6
F6,200000,200000,9886,1,2,0.04942794844473042,0.04943,,4
F7,200000,200000,1654,1,2,0.008270590869673966,0.00827,,5
F8,100000,100000,6046,1,2,0.060457025636663775,0.06046,,4
F9,50000,50000,1451,1,2,0.02902012718522362,0.02902,,3
F10,400000,400000,4473,1,2,0.011183339963758976,0.0111825,,3
F11,200000,200000,11071,1,2,0.0553556347491071,0.055355,,6
F12,400000,400000,6830,1,2,0.017074561665691435,0.017075,,6
F13,400000,400000,7795,1,2,0.01948726033188708,0.0194875,,5
F14,50000,50000,712,1,2,0.014239013797109124,0.01424,,7
F15,400000,400000,600,1,2,0.0005974573860804133,0.0015,,7
F16,50000,50000,6598,1,2,0.13195994060844596,0.13196,,1
F17,400000,400000,697,1,2,0.0017435586621163401,0.0017425,,5
F18,100000,100000,5330,1,2,0.05329814342775935,0.0533,,1
F19,50000,50000,4323,1,2,0.0864635932920664,0.08646,,6
F20,400000,400000,6387,1,2,0.015967057963282627,0.0159675,,1
F21,200000,200000,11797,1,2,0.058983271877080246,0.058985,,3
F22,400000,400000,1035,1,2,0.0025868330668703254,0.0025875,,4
F23,200000,200000,4645,1,2,0.023225650115367202,0.023225,,7
F24,400000,400000,2562,1,2,0.0064049028474169045,0.006405,,6
F25,200000,200000,677,1,2,0.003385837224378213,0.003385,,2
F26,200000,200000,6188,1,2,0.030940447899471563,0.03094,,1
F27,400000,400000,600,1,2,0.0002350280236324137,0.0015,,3
F28,400000,400000,6281,1,2,0.01570129669969607,0.0157025,,5
F29,200000,200000,6439,1,2,0.032194980722609345,0.032195,,6
F30,50000,50000,1842,1,2,0.03684085570851384,0.03684,,3
F31,200000,200000,2855,1,2,0.014275649016963588,0.014275,,4
F32,200000,200000,1409,1,2,0.007044375005862593,0.007045,,4
