Flow,Period,Deadline,Execution Time,w,h,Target_Utilization,Actual_Utilization,Utilization_Error,Queue
F1,400000,400000,5753,1,2,0.014381871102296384,0.0143825,,3
F2,50000,50000,6273,1,2,0.1254621996025449,0.12546,,3
F3,400000,400000,5717,1,2,0.014291721585706685,0.0142925,,7
F4,400000,400000,11125,1,2,0.02781183943807075,0.0278125,,4
F5,400000,400000,6695,1,2,0.016738407043536574,0.0167375,,4
F6,100000,100000,3676,1,2,0.03675978501938493,0.03676,,4
F7,400000,400000,8260,1,2,0.020649794094038776,0.02065,,4
F8,400000,400000,5877,1,2,0.01469366515768089,0.0146925,,3
F9,400000,400000,600,1,2,0.0008640000070323506,0.0015,,7
F10,400000,400000,2167,1,2,0.005418140967764495,0.0054175,,1
F11,400000,400000,827,1,2,0.0020665747847894433,0.0020675,,3
F12,200000,200000,4510,1,2,0.02254884864034945,0.02255,,7
F13,100000,100000,799,1,2,0.007990949362948363,0.00799,,2
F14,200000,200000,2783,1,2,0.01391591713384055,0.013915,,4
F15,400000,400000,4077,1,2,0.010192338950210045,0.0101925,,5
F16,400000,400000,9117,1,2,0.02279372682693559,0.0227925,,6
F17,400000,400000,11833,1,2,0.029582822265792397,0.0295825,,3
F18,200000,200000,7301,1,2,0.03650342583181049,0.036505,,6
F19,400000,400000,9567,1,2,0.02391823399378623,0.0239175,,3
F20,100000,100000,2549,1,2,0.025490456990189925,0.02549,,6
F21,50000,50000,4472,1,2,0.08944385056798113,0.08944,,3
F22,400000,400000,7891,1,2,0.01972690499022664,0.0197275,,5
F23,400000,400000,5838,1,2,0.014594621775198519,0.014595,,7
F24,400000,400000,1167,1,2,0.0029183970449222774,0.0029175,,6
F25,200000,200000,6027,1,2,0.030132595581720406,0.030135,,3
F26,200000,200000,8874,1,2,0.0443693616127146,0.04437,,3
F27,50000,50000,826,1,2,0.01651905500261862,0.01652,,6
F28,200000,200000,5605,1,2,0.028023821011309874,0.028025,,7
F29,400000,400000,9626,1,2,0.024064965656988443,0.024065,,5
F30,400000,400000,5172,1,2,0.012930821258543473,0.01293,,6
F31,200000,200000,8925,1,2,0.04462383265511124,0.044625,,3
F32,400000,400000,2946,1,2,0.007365639828918059,0.007365,,5
