Flow,Period,Deadline,Execution Time,w,h,Target_Utilization,Actual_Utilization,Utilization_Error,Queue
F1,400000,400000,4347,1,2,0.010868360138475253,0.0108675,,5
F2,200000,200000,11539,1,2,0.057695616126184346,0.057695,,7
F3,200000,200000,8981,1,2,0.04490279081629167,0.044905,,6
F4,200000,200000,1974,1,2,0.009870124103695255,0.00987,,1
F5,400000,400000,600,1,2,0.0012944629816397102,0.0015,,6
F6,100000,100000,10274,1,2,0.10273881764593995,0.10274,,6
F7,50000,50000,665,1,2,0.013299608329004453,0.0133,,7
F8,400000,400000,5643,1,2,0.014108560332478759,0.0141075,,4
F9,400000,400000,1905,1,2,0.004763595435347767,0.0047625,,2
F10,400000,400000,2970,1,2,0.007426104979324055,0.007425,,6
F11,200000,200000,8158,1,2,0.04078949630444417,0.04079,,4
F12,400000,400000,8602,1,2,0.021505632175298217,0.021505,,4
F13,100000,100000,6165,1,2,0.06164581579318107,0.06165,,4
F14,400000,400000,6092,1,2,0.01522956292052513,0.01523,,7
F15,400000,400000,11265,1,2,0.02816186123142722,0.0281625,,5
F16,400000,400000,9939,1,2,0.024847721386529964,0.0248475,,6
F17,400000,400000,6908,1,2,0.01726987067724861,0.01727,,1
F18,100000,100000,1521,1,2,0.015211065429766912,0.01521,,3
F19,100000,100000,6943,1,2,0.06942998737739653,0.06943,,7
F20,200000,200000,8420,1,2,0.04209803763436762,0.0421,,5
F21,50000,50000,875,1,2,0.01749936564181201,0.0175,,5
F22,400000,400000,9733,1,2,0.02433224521311922,0.0243325,,7
F23,200000,200000,6037,1,2,0.030184646171648816,0.030185,,5
F24,200000,200000,6723,1,2,0.03361693007921562,0.033615,,6
F25,200000,200000,5684,1,2,0.028420095518683422,0.02842,,4
F26,200000,200000,7979,1,2,0.0398957686107414,0.039895,,7
F27,400000,400000,3814,1,2,0.009535056468625638,0.009535,,3
F28,400000,400000,10641,1,2,0.02660153416890737,0.0266025,,1
F29,400000,400000,600,1,2,0.0004897637160472777,0.0015,,5
F30,400000,400000,1845,1,2,0.004612155134065928,0.0046125,,4
F31,100000,100000,2150,1,2,0.021500249036748124,0.0215,,6
F32,400000,400000,848,1,2,0.002120523230620607,0.00212,,1
