Flow,Period,Deadline,Execution Time,w,h,Target_Utilization,Actual_Utilization,Utilization_Error,Queue
F1,100000,100000,4279,1,2,0.042791891569739615,0.04279,,1
F2,400000,400000,2671,1,2,0.006676558323829407,0.0066775,,1
F3,200000,200000,10587,1,2,0.05293684052470826,0.052935,,6
F4,400000,400000,8117,1,2,0.020293545431405824,0.0202925,,5
F5,400000,400000,1751,1,2,0.004378042491954948,0.0043775,,3
F6,100000,100000,4839,1,2,0.04839102224849556,0.04839,,1
F7,400000,400000,600,1,2,0.0014203352748969333,0.0015,,6
F8,400000,400000,5961,1,2,0.014902462686899098,0.0149025,,6
F9,100000,100000,2130,1,2,0.0213006099668428,0.0213,,2
F10,100000,100000,1737,1,2,0.017368881667484848,0.01737,,7
F11,100000,100000,1044,1,2,0.010441176781528227,0.01044,,5
F12,400000,400000,8938,1,2,0.02234430970831136,0.022345,,1
F13,400000,400000,5499,1,2,0.013747356746657169,0.0137475,,2
F14,200000,200000,10807,1,2,0.05403734110829439,0.054035,,1
F15,400000,400000,8063,1,2,0.020156584608868267,0.0201575,,1
F16,200000,200000,6593,1,2,0.032964337520451414,0.032965,,1
F17,200000,200000,4374,1,2,0.021870372666251747,0.02187,,7
F18,200000,200000,8494,1,2,0.04246827516777718,0.04247,,2
F19,400000,400000,5160,1,2,0.012898777677906093,0.0129,,4
F20,400000,400000,11295,1,2,0.028236614243099367,0.0282375,,6
F21,400000,400000,3014,1,2,0.00753434374148837,0.007535,,7
F22,200000,200000,10717,1,2,0.0535868828242122,0.053585,,2
F23,200000,200000,7033,1,2,0.03516590032738026,0.035165,,6
F24,400000,400000,2115,1,2,0.005286311141686206,0.0052875,,4
F25,400000,400000,4493,1,2,0.011233732565580523,0.0112325,,2
F26,100000,100000,4538,1,2,0.04538202153630744,0.04538,,2
F27,200000,200000,8917,1,2,0.04458257164902357,0.044585,,7
F28,200000,200000,8865,1,2,0.04432563214379444,0.044325,,6
F29,400000,400000,3160,1,2,0.007898854486699816,0.0079,,6
F30,400000,400000,11626,1,2,0.029065058412236916,0.029065,,7
F31,100000,100000,3984,1,2,0.03984116442193669,0.03984,,7
F32,200000,200000,6143,1,2,0.030713760537773246,0.030715,,2
