Flow,Period,Deadline,Execution Time,w,h,Target_Utilization,Actual_Utilization,Utilization_Error,Queue
F1,200000,200000,6404,1,2,0.032021046695469346,0.03202,,6
F2,200000,200000,2977,1,2,0.01488484887158703,0.014885,,1
F3,100000,100000,1086,1,2,0.01085990500461309,0.01086,,1
F4,400000,400000,1660,1,2,0.004149574939640299,0.00415,,1
F5,400000,400000,1971,1,2,0.004926479888660351,0.0049275,,3
F6,50000,50000,1828,1,2,0.036559354076612816,0.03656,,5
F7,200000,200000,7459,1,2,0.03729464646821157,0.037295,,6
F8,400000,400000,1042,1,2,0.0026059746718899435,0.002605,,7
F9,400000,400000,4298,1,2,0.010745987040410854,0.010745,,4
F10,400000,400000,3810,1,2,0.009525058768319439,0.009525,,6
F11,200000,200000,3725,1,2,0.01862554795808613,0.018625,,6
F12,400000,400000,3107,1,2,0.007767060836032069,0.0077675,,7
F13,100000,100000,9108,1,2,0.09108113432818898,0.09108,,1
F14,100000,100000,5593,1,2,0.05592790175528595,0.05593,,1
F15,100000,100000,6041,1,2,0.06040940391567684,0.06041,,6
F16,100000,100000,8759,1,2,0.08759449426738786,0.08759,,5
F17,200000,200000,2393,1,2,0.011963947815906817,0.011965,,5
F18,400000,400000,5846,1,2,0.01461383795285337,0.014615,,7
F19,400000,400000,5999,1,2,0.014996251965805452,0.0149975,,5
F20,400000,400000,8195,1,2,0.020487407213521602,0.0204875,,7
F21,200000,200000,6673,1,2,0.03336420407318402,0.033365,,7
F22,200000,200000,4177,1,2,0.02088550356532065,0.020885,,5
F23,200000,200000,1181,1,2,0.005905575792875872,0.005905,,2
F24,400000,400000,5011,1,2,0.012528329778104808,0.0125275,,3
F25,50000,50000,8103,1,2,0.16205386160329588,0.16206,,6
F26,400000,400000,8741,1,2,0.02185129589739497,0.0218525,,1
F27,400000,400000,1044,1,2,0.0026103321156690923,0.00261,,5
F28,100000,100000,1896,1,2,0.01896047533625385,0.01896,,4
F29,400000,400000,3899,1,2,0.009748309651277313,0.0097475,,2
F30,400000,400000,8153,1,2,0.0203819143435651,0.0203825,,3
F31,400000,400000,10339,1,2,0.02584844833820555,0.0258475,,4
F32,400000,400000,1289,1,2,0.00322342210181075,0.0032225,,4
