Flow,Period,Deadline,Execution Time,w,h,Target_Utilization,Actual_Utilization,Utilization_Error,Queue
F1,200000,200000,1216,1,2,0.006080054588714079,0.00608,,1
F2,400000,400000,600,1,2,0.000897128296445171,0.0015,,5
F3,400000,400000,7797,1,2,0.01949219302200611,0.0194925,,7
F4,50000,50000,9608,1,2,0.1921583629047564,0.19216,,3
F5,200000,200000,8075,1,2,0.04037524356500655,0.040375,,4
F6,200000,200000,2073,1,2,0.01036594318250672,0.010365,,2
F7,400000,400000,7333,1,2,0.018331752937431278,0.0183325,,1
F8,200000,200000,6818,1,2,0.03409181591790189,0.03409,,1
F9,200000,200000,3969,1,2,0.01984545171941321,0.019845,,4
F10,200000,200000,4434,1,2,0.022169067071379667,0.02217,,6
F11,400000,400000,2653,1,2,0.006632410098328156,0.0066325,,5
F12,200000,200000,2786,1,2,0.013928909789444055,0.01393,,7
F13,200000,200000,11969,1,2,0.059843967688944844,0.059845,,2
F14,200000,200000,2511,1,2,0.012554831620495088,0.012555,,6
F15,400000,400000,1465,1,2,0.0036619013528304545,0.0036625,,2
F16,200000,200000,6349,1,2,0.031744337777692255,0.031745,,5
F17,100000,100000,6458,1,2,0.06458154728402576,0.06458,,1
F18,400000,400000,2287,1,2,0.005717866053913723,0.0057175,,2
F19,100000,100000,1001,1,2,0.010009754540509619,0.01001,,6
F20,200000,200000,6211,1,2,0.031055765831500548,0.031055,,2
F21,400000,400000,2234,1,2,0.00558420687304384,0.005585,,4
F22,200000,200000,7211,1,2,0.03605674011515808,0.036055,,7
F23,400000,400000,2805,1,2,0.007012016898765211,0.0070125,,7
F24,200000,200000,2091,1,2,0.010453800946591457,0.010455,,5
F25,400000,400000,7266,1,2,0.018163844488507108,0.018165,,5
F26,100000,100000,6440,1,2,0.06439683805917541,0.0644,,6
F27,400000,400000,8595,1,2,0.02148774135948768,0.0214875,,6
F28,400000,400000,1849,1,2,0.004622503587957447,0.0046225,,1
F29,400000,400000,6995,1,2,0.017488089355674294,0.0174875,,4
F30,100000,100000,1809,1,2,0.018088986033061638,0.01809,,2
F31,200000,200000,2218,1,2,0.011088995016313379,0.01109,,1
F32,100000,100000,4711,1,2,0.04710910960020443,0.04711,,7
