Flow,Period,Deadline,Execution Time,w,h,Target_Utilization,Actual_Utilization,Utilization_Error,Queue
F1,200000,200000,3771,1,2,0.01885613386760987,0.018855,,7
F2,200000,200000,6019,1,2,0.030094746313713894,0.030095,,1
F3,400000,400000,3131,1,2,0.007826741847352547,0.0078275,,1
F4,100000,100000,3848,1,2,0.03848012262878342,0.03848,,5
F5,400000,400000,2837,1,2,0.0070917038273045074,0.0070925,,6
F6,400000,400000,3980,1,2,0.009951230457869942,0.00995,,7
F7,400000,400000,8378,1,2,0.020945614770396803,0.020945,,5
F8,400000,400000,11762,1,2,0.029403832091728255,0.029405,,4
F9,100000,100000,1017,1,2,0.010169560558683566,0.01017,,5
F10,100000,100000,1602,1,2,0.016021129926267808,0.01602,,3
F11,400000,400000,5901,1,2,0.01475345344035306,0.0147525,,7
F12,400000,400000,5797,1,2,0.014493615020089168,0.0144925,,1
F13,50000,50000,8577,1,2,0.17153611909839006,0.17154,,4
F14,50000,50000,3158,1,2,0.0631615822324933,0.06316,,5
F15,400000,400000,1576,1,2,0.00393959938544125,0.00394,,3
F16,400000,400000,8748,1,2,0.02186899394188352,0.02187,,4
F17,200000,200000,7957,1,2,0.039784840393214616,0.039785,,5
F18,400000,400000,2356,1,2,0.0058895922077997764,0.00589,,4
F19,200000,200000,4391,1,2,0.021955385613027956,0.021955,,5
F20,400000,400000,4515,1,2,0.011286909188962635,0.0112875,,3
F21,400000,400000,7995,1,2,0.019988288608164234,0.0199875,,1
F22,100000,100000,3531,1,2,0.03530821692078423,0.03531,,5
F23,400000,400000,5649,1,2,0.01412270337360505,0.0141225,,2
F24,400000,400000,10458,1,2,0.026146017403680527,0.026145,,7
F25,400000,400000,4887,1,2,0.012217623158333718,0.0122175,,4
F26,400000,400000,712,1,2,0.00178100077570148,0.00178,,2
F27,400000,400000,6173,1,2,0.015431495415212701,0.0154325,,5
F28,400000,400000,7243,1,2,0.01810871928574198,0.0181075,,4
F29,200000,200000,5121,1,2,0.025604318040381602,0.025605,,1
F30,400000,400000,600,1,2,3.379662945751649e-07,0.0015,,2
F31,200000,200000,8751,1,2,0.043757225032901095,0.043755,,5
F32,100000,100000,3676,1,2,0.03676093482894123,0.03676,,4
