Flow,Period,Deadline,Execution Time,w,h,Target_Utilization,Actual_Utilization,Utilization_Error,Queue
F1,100000,100000,9708,1,2,0.0970816893873756,0.09708,,7
F2,100000,100000,4260,1,2,0.04259851843849749,0.0426,,7
F3,200000,200000,6691,1,2,0.03345443774657386,0.033455,,7
F4,400000,400000,2207,1,2,0.005518047094024148,0.0055175,,5
F5,50000,50000,600,1,2,0.011999097102012635,0.012,,6
F6,400000,400000,5674,1,2,0.01418453915492024,0.014185,,7
F7,200000,200000,8493,1,2,0.042465216811936934,0.042465,,2
F8,400000,400000,7125,1,2,0.017812380005828188,0.0178125,,6
F9,200000,200000,6440,1,2,0.03219772607869609,0.0322,,2
F10,50000,50000,7776,1,2,0.15552730121748182,0.15552,,7
F11,400000,400000,3572,1,2,0.008930576544679047,0.00893,,7
F12,200000,200000,6040,1,2,0.030200857993812003,0.0302,,7
F13,400000,400000,10449,1,2,0.026123052389216028,0.0261225,,2
F14,400000,400000,600,1,2,0.001401395464760924,0.0015,,3
F15,400000,400000,4118,1,2,0.010294936359814433,0.010295,,1
F16,400000,400000,2864,1,2,0.007160842544605861,0.00716,,3
F17,200000,200000,6439,1,2,0.032195804278504214,0.032195,,3
F18,200000,200000,8171,1,2,0.040855671335888855,0.040855,,3
F19,200000,200000,6243,1,2,0.031212848240266433,0.031215,,6
F20,400000,400000,9875,1,2,0.024687966336682576,0.0246875,,5
F21,400000,400000,1018,1,2,0.0025445417172846874,0.002545,,7
F22,400000,400000,5485,1,2,0.013711285780466098,0.0137125,,5
F23,400000,400000,7241,1,2,0.01810239899288743,0.0181025,,3
F24,400000,400000,5630,1,2,0.01407467041382976,0.014075,,3
F25,200000,200000,6131,1,2,0.030652594612242623,0.030655,,1
F26,400000,400000,1727,1,2,0.004317748672426791,0.0043175,,1
F27,200000,200000,3356,1,2,0.01678100554862244,0.01678,,1
F28,400000,400000,2602,1,2,0.006504293495875779,0.006505,,2
F29,200000,200000,2626,1,2,0.013129429493455524,0.01313,,2
F30,200000,200000,8960,1,2,0.04480127869974302,0.0448,,7
F31,100000,100000,1267,1,2,0.012670015517156179,0.01267,,4
F32,200000,200000,6957,1,2,0.03478496871002579,0.034785,,6
