Flow,Period,Deadline,Execution Time,w,h,Target_Utilization,Actual_Utilization,Utilization_Error,Queue
F1,400000,400000,1453,1,2,0.003631941365667579,0.0036325,,3
F2,100000,100000,5193,1,2,0.05193187705091151,0.05193,,4
F3,200000,200000,6907,1,2,0.0345326803726167,0.034535,,6
F4,400000,400000,6309,1,2,0.01577331571188678,0.0157725,,4
F5,200000,200000,1057,1,2,0.005283964266302954,0.005285,,6
F6,100000,100000,5219,1,2,0.05218940794614246,0.05219,,3
F7,100000,100000,5942,1,2,0.059418304986368686,0.05942,,4
F8,400000,400000,5115,1,2,0.012786254206264447,0.0127875,,6
F9,200000,200000,613,1,2,0.0030658549886678488,0.003065,,1
F10,400000,400000,600,1,2,0.00013626944666855767,0.0015,,3
F11,200000,200000,8433,1,2,0.042162783754210675,0.042165,,5
F12,400000,400000,10278,1,2,0.02569563005609521,0.025695,,6
F13,400000,400000,2267,1,2,0.005668242890814801,0.0056675,,7
F14,400000,400000,1873,1,2,0.004681397847938085,0.0046825,,4
F15,200000,200000,3289,1,2,0.016446203149684313,0.016445,,3
F16,200000,200000,11869,1,2,0.0593433963693929,0.059345,,6
F17,400000,400000,3567,1,2,0.008916758287059068,0.0089175,,4
F18,200000,200000,10670,1,2,0.05334923887092696,0.05335,,2
F19,400000,400000,10924,1,2,0.02731066239163865,0.02731,,3
F20,50000,50000,1418,1,2,0.02835956499555553,0.02836,,2
F21,400000,400000,8640,1,2,0.021600073556967192,0.0216,,2
F22,400000,400000,3374,1,2,0.008434896849251972,0.008435,,3
F23,100000,100000,10623,1,2,0.10623415071041883,0.10623,,4
F24,400000,400000,2883,1,2,0.007206377164795691,0.0072075,,2
F25,400000,400000,600,1,2,0.0007313911871057177,0.0015,,1
F26,100000,100000,6285,1,2,0.06284898365966088,0.06285,,4
F27,400000,400000,5729,1,2,0.014323261383319214,0.0143225,,2
F28,200000,200000,1668,1,2,0.008338780698754933,0.00834,,5
F29,400000,400000,11001,1,2,0.027502686816104183,0.0275025,,5
F30,400000,400000,3951,1,2,0.009876283052327996,0.0098775,,5
F31,400000,400000,10539,1,2,0.026347539516665436,0.0263475,,4
F32,400000,400000,8113,1,2,0.0202827225096874,0.0202825,,5
