Flow,Period,Deadline,Execution Time,w,h,Target_Utilization,Actual_Utilization,Utilization_Error,Queue
F1,50000,50000,4022,1,2,0.08044202746146467,0.08044,,6
F2,400000,400000,1729,1,2,0.004321682123897497,0.0043225,,6
F3,400000,400000,1601,1,2,0.004001869922051204,0.0040025,,5
F4,400000,400000,8298,1,2,0.02074569456532105,0.020745,,3
F5,200000,200000,3154,1,2,0.015770599055167644,0.01577,,3
F6,400000,400000,600,1,2,0.0012502776192543363,0.0015,,4
F7,400000,400000,6433,1,2,0.01608171417614712,0.0160825,,6
F8,400000,400000,9736,1,2,0.024340785169414958,0.02434,,4
F9,200000,200000,7507,1,2,0.03753732084539774,0.037535,,5
F10,200000,200000,10495,1,2,0.05247340550782764,0.052475,,5
F11,400000,400000,2439,1,2,0.00609744619984931,0.0060975,,1
F12,50000,50000,5661,1,2,0.11322221122404896,0.11322,,1
F13,100000,100000,1604,1,2,0.01603922277260028,0.01604,,1
F14,400000,400000,600,1,2,0.0004038623147484266,0.0015,,7
F15,400000,400000,4896,1,2,0.01224057980135651,0.01224,,2
F16,400000,400000,9783,1,2,0.02445684525890568,0.0244575,,6
F17,50000,50000,1016,1,2,0.020319415646893157,0.02032,,7
F18,200000,200000,2049,1,2,0.010243911154142582,0.010245,,5
F19,200000,200000,11123,1,2,0.055612641829953346,0.055615,,2
F20,200000,200000,4043,1,2,0.020213882551107898,0.020215,,2
F21,400000,400000,851,1,2,0.002128434320443573,0.0021275,,3
F22,100000,100000,6047,1,2,0.06046632811227881,0.06047,,6
F23,100000,100000,1528,1,2,0.015280280564589188,0.01528,,4
F24,100000,100000,1674,1,2,0.01674041516503122,0.01674,,5
F25,400000,400000,3655,1,2,0.009137663961384629,0.0091375,,6
F26,100000,100000,4014,1,2,0.040140048440051396,0.04014,,2
F27,100000,100000,4242,1,2,0.04242118667415665,0.04242,,1
F28,50000,50000,3420,1,2,0.06840220816572064,0.0684,,1
F29,200000,200000,5519,1,2,0.02759608441823666,0.027595,,1
F30,200000,200000,10039,1,2,0.050194820716345956,0.050195,,6
F31,100000,100000,1162,1,2,0.011621096126701654,0.01162,,7
F32,400000,400000,1868,1,2,0.004670930239510298,0.00467,,1
