Flow,Period,Deadline,Execution Time,w,h,Target_Utilization,Actual_Utilization,Utilization_Error,Queue
F1,200000,200000,8495,1,2,0.042473949857922744,0.042475,,5
F2,200000,200000,8483,1,2,0.04241531133604037,0.042415,,6
F3,400000,400000,3738,1,2,0.009345011803949754,0.009345,,4
F4,200000,200000,5535,1,2,0.027675650694637066,0.027675,,2
F5,400000,400000,1617,1,2,0.004043226006808731,0.0040425,,3
F6,400000,400000,1193,1,2,0.0029821997791962263,0.0029825,,1
F7,400000,400000,9040,1,2,0.022600875607421633,0.0226,,3
F8,400000,400000,3153,1,2,0.007882862825670967,0.0078825,,6
F9,400000,400000,6951,1,2,0.01737715981960075,0.0173775,,4
F10,200000,200000,1673,1,2,0.008364022685618533,0.008365,,2
F11,100000,100000,10063,1,2,0.10062695444406056,0.10063,,4
F12,200000,200000,1486,1,2,0.007428766103450557,0.00743,,7
F13,200000,200000,7161,1,2,0.03580598216011899,0.035805,,7
F14,400000,400000,4707,1,2,0.011767358198599087,0.0117675,,5
F15,200000,200000,1057,1,2,0.005283954974727889,0.005285,,3
F16,400000,400000,5639,1,2,0.014097962432235711,0.0140975,,6
F17,200000,200000,10306,1,2,0.05153227498797447,0.05153,,7
F18,400000,400000,2689,1,2,0.00672193661173881,0.0067225,,5
F19,400000,400000,6861,1,2,0.0171514677273496,0.0171525,,2
F20,400000,400000,8873,1,2,0.022183319189809925,0.0221825,,7
F21,200000,200000,7108,1,2,0.03554104798875796,0.03554,,4
F22,200000,200000,3175,1,2,0.015875343854983903,0.015875,,3
F23,200000,200000,11393,1,2,0.05696435949272732,0.056965,,6
F24,100000,100000,2395,1,2,0.02395063739729686,0.02395,,6
F25,50000,50000,6210,1,2,0.12419107119537062,0.1242,,4
F26,400000,400000,770,1,2,0.0019258304660378922,0.001925,,5
F27,200000,200000,5487,1,2,0.027435484329262932,0.027435,,5
F28,200000,200000,10985,1,2,0.05492336594335727,0.054925,,5
F29,400000,400000,3797,1,2,0.009493716790959776,0.0094925,,7
F30,400000,400000,832,1,2,0.0020800636796496352,0.00208,,2
F31,50000,50000,2437,1,2,0.048738011685320284,0.04874,,3
F32,400000,400000,2073,1,2,0.005182937265663273,0.0051825,,4
