Flow,Period,Deadline,Execution Time,w,h,Target_Utilization,Actual_Utilization,Utilization_Error,Queue
F1,400000,400000,7676,1,2,0.019191047814301032,0.01919,,5
F2,100000,100000,3339,1,2,0.033389105856060475,0.03339,,6
F3,400000,400000,6172,1,2,0.015429929115984509,0.01543,,3
F4,100000,100000,7601,1,2,0.0760100961004524,0.07601,,5
F5,100000,100000,3537,1,2,0.03536756270844199,0.03537,,3
F6,400000,400000,4579,1,2,0.011447868114854987,0.0114475,,5
F7,400000,400000,6193,1,2,0.015483266524989325,0.0154825,,2
F8,200000,200000,650,1,2,0.003250987226084079,0.00325,,6
F9,100000,100000,5438,1,2,0.05437859009060386,0.05438,,2
F10,200000,200000,9276,1,2,0.046377974776516395,0.04638,,5
F11,400000,400000,1021,1,2,0.002553395437830841,0.0025525,,3
F12,200000,200000,4445,1,2,0.022224604918611557,0.022225,,4
F13,100000,100000,3474,1,2,0.034742452961036174,0.03474,,1
F14,200000,200000,1030,1,2,0.005151180727181404,0.00515,,7
F15,50000,50000,1903,1,2,0.03806204037918692,0.03806,,2
F16,200000,200000,6350,1,2,0.03174903985032468,0.03175,,5
F17,100000,100000,6426,1,2,0.06426207500289327,0.06426,,4
F18,400000,400000,5539,1,2,0.01384791688626269,0.0138475,,1
F19,400000,400000,600,1,2,0.0005026797091074453,0.0015,,1
F20,200000,200000,6125,1,2,0.030622649183658313,0.030625,,4
F21,200000,200000,5673,1,2,0.028364894029100918,0.028365,,3
F22,400000,400000,9702,1,2,0.02425389059930458,0.024255,,1
F23,200000,200000,6001,1,2,0.030006034074923,0.030005,,2
F24,50000,50000,612,1,2,0.012241118259885247,0.01224,,2
F25,400000,400000,9662,1,2,0.02415470383289689,0.024155,,6
F26,400000,400000,600,1,2,4.174011181962145e-05,0.0015,,1
F27,400000,400000,5219,1,2,0.013047731955847214,0.0130475,,6
F28,400000,400000,11914,1,2,0.029784518525571263,0.029785,,7
F29,400000,400000,5733,1,2,0.014333388034833583,0.0143325,,7
F30,200000,200000,10730,1,2,0.05364941046612692,0.05365,,1
F31,200000,200000,9788,1,2,0.04893924102188965,0.04894,,4
F32,200000,200000,1970,1,2,0.009850719209302274,0.00985,,4
