Flow,Period,Deadline,Execution Time,w,h,Target_Utilization,Actual_Utilization,Utilization_Error,Queue
F1,200000,200000,5838,1,2,0.029190258653170154,0.02919,,5
F2,50000,50000,3287,1,2,0.0657352661085917,0.06574,,7
F3,400000,400000,1282,1,2,0.003205010980388834,0.003205,,4
F4,400000,400000,600,1,2,0.0006590902541999677,0.0015,,1
F5,200000,200000,8806,1,2,0.04402764338951093,0.04403,,7
F6,400000,400000,5537,1,2,0.013843339615005501,0.0138425,,7
F7,200000,200000,4919,1,2,0.02459584450581831,0.024595,,5
F8,400000,400000,9363,1,2,0.02340771203873393,0.0234075,,4
F9,400000,400000,2822,1,2,0.007055139137854494,0.007055,,5
F10,100000,100000,4603,1,2,0.046029949327151765,0.04603,,5
F11,200000,200000,7956,1,2,0.03977976726784915,0.03978,,5
F12,100000,100000,6803,1,2,0.06803037698207648,0.06803,,5
F13,400000,400000,7034,1,2,0.01758387402230066,0.017585,,4
F14,200000,200000,10277,1,2,0.051383522654886105,0.051385,,7
F15,200000,200000,1140,1,2,0.005700585153517124,0.0057,,1
F16,400000,400000,8162,1,2,0.020404843024639574,0.020405,,7
F17,400000,400000,600,1,2,0.0006030216136728717,0.0015,,3
F18,50000,50000,1699,1,2,0.033980296124865805,0.03398,,7
F19,400000,400000,4125,1,2,0.010311327038005969,0.0103125,,6
F20,200000,200000,9289,1,2,0.04644614671962166,0.046445,,7
F21,100000,100000,7064,1,2,0.0706386355684337,0.07064,,7
F22,200000,200000,10553,1,2,0.052766001679923846,0.052765,,5
F23,50000,50000,6482,1,2,0.12964582866210364,0.12964,,5
F24,400000,400000,2131,1,2,0.00532785234316116,0.0053275,,3
F25,400000,400000,781,1,2,0.0019535834163673105,0.0019525,,4
F26,400000,400000,4066,1,2,0.01016417714714371,0.010165,,7
F27,400000,400000,4026,1,2,0.010063778573125376,0.010065,,2
F28,200000,200000,5091,1,2,0.025454985782446732,0.025455,,7
F29,400000,400000,8106,1,2,0.020264030473949576,0.020265,,6
F30,400000,400000,7331,1,2,0.01832814450267687,0.0183275,,5
F31,200000,200000,2748,1,2,0.013738799488141544,0.01374,,3
F32,100000,100000,4722,1,2,0.047217912148228305,0.04722,,5
