Flow,Period,Deadline,Execution Time,w,h,Target_Utilization,Actual_Utilization,Utilization_Error,Queue
F1,400000,400000,10646,1,2,0.02661433207931918,0.026615,,4
F2,400000,400000,8661,1,2,0.021651796180473193,0.0216525,,5
F3,200000,200000,9909,1,2,0.04954526649187585,0.049545,,1
F4,100000,100000,11211,1,2,0.11211147338289285,0.11211,,6
F5,200000,200000,2492,1,2,0.012460909262025144,0.01246,,3
F6,400000,400000,3544,1,2,0.008860799369154626,0.00886,,7
F7,100000,100000,6088,1,2,0.0608766848492992,0.06088,,6
F8,400000,400000,600,1,2,0.0014947265809692745,0.0015,,5
F9,50000,50000,3290,1,2,0.06580073950598675,0.0658,,1
F10,200000,200000,1251,1,2,0.006254581078473875,0.006255,,7
F11,400000,400000,6474,1,2,0.01618553527887623,0.016185,,1
F12,200000,200000,667,1,2,0.00333528439143127,0.003335,,2
F13,400000,400000,5539,1,2,0.013846961682210668,0.0138475,,4
F14,100000,100000,4422,1,2,0.04421859118187521,0.04422,,5
F15,400000,400000,1022,1,2,0.0025551938916751338,0.002555,,1
F16,100000,100000,7067,1,2,0.07067010974127974,0.07067,,1
F17,400000,400000,4577,1,2,0.011442502197226145,0.0114425,,5
F18,100000,100000,9669,1,2,0.09668663171861941,0.09669,,5
F19,400000,400000,9021,1,2,0.02255133109225066,0.0225525,,2
F20,200000,200000,1414,1,2,0.007069512112362786,0.00707,,4
F21,200000,200000,9658,1,2,0.04828984246279214,0.04829,,6
F22,400000,400000,600,1,2,0.0012279363845499047,0.0015,,3
F23,200000,200000,2597,1,2,0.012985385823379603,0.012985,,2
F24,50000,50000,3272,1,2,0.0654354913210498,0.06544,,5
F25,100000,100000,2104,1,2,0.021040087173117936,0.02104,,7
F26,200000,200000,1700,1,2,0.008499082597766147,0.0085,,1
F27,200000,200000,1109,1,2,0.005544048135099386,0.005545,,6
F28,50000,50000,1692,1,2,0.03384123619420259,0.03384,,2
F29,400000,400000,10781,1,2,0.026951915945846422,0.0269525,,1
F30,400000,400000,600,1,2,0.0003998931760624963,0.0015,,1
F31,400000,400000,7995,1,2,0.019988127603272073,0.0199875,,6
F32,400000,400000,3474,1,2,0.008685645924716727,0.008685,,6
