Flow,Period,Deadline,Execution Time,w,h,Target_Utilization,Actual_Utilization,Utilization_Error,Queue
F1,400000,400000,3933,1,2,0.009831996195932668,0.0098325,,2
F2,200000,200000,4032,1,2,0.020159735007276414,0.02016,,5
F3,100000,100000,7405,1,2,0.07405163262126224,0.07405,,4
F4,400000,400000,2739,1,2,0.006848690917407696,0.0068475,,3
F5,400000,400000,5663,1,2,0.014158683615493661,0.0141575,,7
F6,200000,200000,770,1,2,0.0038494696868476286,0.00385,,2
F7,50000,50000,2472,1,2,0.04943757429119078,0.04944,,1
F8,400000,400000,600,1,2,0.0013659254866452697,0.0015,,7
F9,200000,200000,2963,1,2,0.014814712270514119,0.014815,,5
F10,400000,400000,9119,1,2,0.02279788219553658,0.0227975,,4
F11,200000,200000,5667,1,2,0.028335187155085095,0.028335,,6
F12,200000,200000,2836,1,2,0.014180173056302259,0.01418,,6
F13,400000,400000,661,1,2,0.0016517948232614987,0.0016525,,4
F14,100000,100000,3244,1,2,0.03243889497885044,0.03244,,2
F15,400000,400000,1261,1,2,0.003151776329198941,0.0031525,,1
F16,100000,100000,4768,1,2,0.04768067411782284,0.04768,,5
F17,200000,200000,6501,1,2,0.03250633669808434,0.032505,,1
F18,200000,200000,8179,1,2,0.04089485145212918,0.040895,,2
F19,400000,400000,1172,1,2,0.0029310799959011424,0.00293,,6
F20,200000,200000,7829,1,2,0.039143055848293584,0.039145,,4
F21,400000,400000,3205,1,2,0.008012613332408935,0.0080125,,1
F22,400000,400000,7999,1,2,0.019998671706274784,0.0199975,,1
F23,100000,100000,1432,1,2,0.01431913545281982,0.01432,,3
F24,400000,400000,1034,1,2,0.0025844539872870165,0.002585,,7
F25,100000,100000,8763,1,2,0.08763478264987107,0.08763,,2
F26,50000,50000,3716,1,2,0.07432010031184327,0.07432,,5
F27,200000,200000,9633,1,2,0.04816548611181529,0.048165,,3
F28,400000,400000,8925,1,2,0.022312353086024472,0.0223125,,3
F29,400000,400000,3182,1,2,0.007956134572245366,0.007955,,5
F30,50000,50000,3428,1,2,0.06856079960794564,0.06856,,2
F31,50000,50000,3920,1,2,0.07839698307257915,0.0784,,4
F32,400000,400000,7677,1,2,0.01919269153868842,0.0191925,,4
