Flow,Period,Deadline,Execution Time,w,h,Target_Utilization,Actual_Utilization,Utilization_Error,Queue
F1,200000,200000,6958,1,2,0.034792499715588066,0.03479,,2
F2,400000,400000,11612,1,2,0.02903077240450813,0.02903,,3
F3,400000,400000,6741,1,2,0.016851579227932234,0.0168525,,5
F4,200000,200000,3518,1,2,0.017589153365822452,0.01759,,6
F5,200000,200000,7287,1,2,0.03643391812697794,0.036435,,7
F6,400000,400000,8575,1,2,0.02143771739457334,0.0214375,,4
F7,100000,100000,4675,1,2,0.04674757059318746,0.04675,,3
F8,400000,400000,9837,1,2,0.02459353679057452,0.0245925,,2
F9,200000,200000,9779,1,2,0.048893698866280366,0.048895,,7
F10,400000,400000,8850,1,2,0.022125365123372487,0.022125,,3
F11,200000,200000,4783,1,2,0.02391423740566767,0.023915,,7
F12,400000,400000,7294,1,2,0.018236103622985445,0.018235,,2
F13,100000,100000,10043,1,2,0.10043238977289815,0.10043,,7
F14,100000,100000,4182,1,2,0.041820495513335665,0.04182,,3
F15,400000,400000,3967,1,2,0.009917069552730473,0.0099175,,2
F16,400000,400000,9577,1,2,0.02394266967314984,0.0239425,,5
F17,200000,200000,7543,1,2,0.03771389573126177,0.037715,,3
F18,200000,200000,7748,1,2,0.03873917099672175,0.03874,,7
F19,200000,200000,10658,1,2,0.05329178000871826,0.05329,,3
F20,400000,400000,10382,1,2,0.025955120999069492,0.025955,,4
F21,200000,200000,7303,1,2,0.03651702303402099,0.036515,,5
F22,400000,400000,1001,1,2,0.0025032642514644654,0.0025025,,7
F23,200000,200000,7032,1,2,0.03515967782337459,0.03516,,3
F24,200000,200000,2340,1,2,0.011700983664785503,0.0117,,1
F25,400000,400000,2721,1,2,0.0068022305039336095,0.0068025,,3
F26,200000,200000,8426,1,2,0.04213059821663684,0.04213,,7
F27,100000,100000,8111,1,2,0.08110635736068789,0.08111,,7
F28,100000,100000,2957,1,2,0.029570107543962013,0.02957,,5
F29,400000,400000,5181,1,2,0.01295268593619004,0.0129525,,3
F30,100000,100000,728,1,2,0.007280928045966369,0.00728,,4
F31,400000,400000,5114,1,2,0.012785764977891228,0.012785,,7
F32,100000,100000,2925,1,2,0.029249273154542194,0.02925,,7
