Flow,Period,Deadline,Execution Time,w,h,Target_Utilization,Actual_Utilization,Utilization_Error,Queue
F1,200000,200000,6323,1,2,0.03161267060018058,0.031615,,1
F2,400000,400000,5058,1,2,0.012644970668685307,0.012645,,4
F3,400000,400000,3369,1,2,0.008422777230941758,0.0084225,,1
F4,400000,400000,11687,1,2,0.02921777671653103,0.0292175,,3
F5,100000,100000,8519,1,2,0.0851884871132067,0.08519,,7
F6,200000,200000,10691,1,2,0.053454335109929474,0.053455,,3
F7,400000,400000,2283,1,2,0.005707648823839673,0.0057075,,7
F8,400000,400000,7197,1,2,0.017992442046247503,0.0179925,,7
F9,400000,400000,8199,1,2,0.020496500077212043,0.0204975,,5
F10,200000,200000,9002,1,2,0.045009099688464005,0.04501,,7
F11,400000,400000,5302,1,2,0.013255024265835247,0.013255,,6
F12,400000,400000,5091,1,2,0.0127281655079996,0.0127275,,5
F13,100000,100000,9937,1,2,0.099370001014492,0.09937,,7
F14,100000,100000,5795,1,2,0.05794955895328319,0.05795,,6
F15,400000,400000,600,1,2,0.00030093461845037695,0.0015,,3
F16,400000,400000,4359,1,2,0.010897673939120667,0.0108975,,2
F17,200000,200000,826,1,2,0.00412918928769479,0.00413,,4
F18,200000,200000,10049,1,2,0.050243852080253004,0.050245,,4
F19,200000,200000,1115,1,2,0.005574863209865499,0.005575,,6
F20,100000,100000,6525,1,2,0.06524925662519226,0.06525,,4
F21,400000,400000,7875,1,2,0.019687301373484123,0.0196875,,4
F22,400000,400000,2924,1,2,0.0073102639763055755,0.00731,,3
F23,400000,400000,924,1,2,0.002310564978911689,0.00231,,1
F24,400000,400000,1155,1,2,0.0028877021825888805,0.0028875,,6
F25,200000,200000,8700,1,2,0.04349962789798545,0.0435,,6
F26,100000,100000,1507,1,2,0.01506878996234956,0.01507,,2
F27,200000,200000,11449,1,2,0.05724447872694277,0.057245,,1
F28,400000,400000,1511,1,2,0.0037769405064134454,0.0037775,,5
F29,400000,400000,7608,1,2,0.019019394897739128,0.01902,,3
F30,400000,400000,1259,1,2,0.003147984436671608,0.0031475,,7
F31,50000,50000,6159,1,2,0.12318479516796364,0.12318,,7
F32,200000,200000,3257,1,2,0.01628610108110741,0.016285,,1
