Flow,Period,Deadline,Execution Time,w,h,Target_Utilization,Actual_Utilization,Utilization_Error,Queue
F1,200000,200000,752,1,2,0.003760233414768832,0.00376,,2
F2,200000,200000,11057,1,2,0.05528303104784882,0.055285,,1
F3,100000,100000,9375,1,2,0.0937517955888213,0.09375,,6
F4,400000,400000,600,1,2,5.5045461542890806e-05,0.0015,,5
F5,400000,400000,7651,1,2,0.0191266929424867,0.0191275,,7
F6,400000,400000,600,1,2,0.0013755718324550692,0.0015,,2
F7,100000,100000,5052,1,2,0.050521857212809995,0.05052,,3
F8,200000,200000,4381,1,2,0.02190420229356671,0.021905,,6
F9,400000,400000,2726,1,2,0.0068156239265063645,0.006815,,3
F10,200000,200000,7556,1,2,0.03777896630576716,0.03778,,6
F11,200000,200000,10818,1,2,0.05408913140921234,0.05409,,6
F12,200000,200000,6133,1,2,0.03066677711856103,0.030665,,3
F13,100000,100000,4651,1,2,0.046511732822736795,0.04651,,3
F14,200000,200000,4205,1,2,0.021024885110605074,0.021025,,3
F15,200000,200000,9674,1,2,0.04837242872558406,0.04837,,6
F16,200000,200000,9345,1,2,0.04672359256324332,0.046725,,5
F17,400000,400000,600,1,2,0.00040445515781928343,0.0015,,5
F18,400000,400000,11266,1,2,0.028165367406570052,0.028165,,2
F19,200000,200000,10027,1,2,0.05013610062758983,0.050135,,1
F20,200000,200000,8090,1,2,0.0404511470280548,0.04045,,4
F21,200000,200000,1061,1,2,0.005304063469187603,0.005305,,1
F22,100000,100000,794,1,2,0.007940151843968568,0.00794,,5
F23,400000,400000,8803,1,2,0.02200680864435889,0.0220075,,4
F24,100000,100000,4235,1,2,0.04235185212677409,0.04235,,1
F25,100000,100000,3893,1,2,0.03892794321514603,0.03893,,5
F26,400000,400000,7627,1,2,0.019067665855857868,0.0190675,,4
F27,400000,400000,8471,1,2,0.021178279134275835,0.0211775,,5
F28,400000,400000,8255,1,2,0.020636452266848127,0.0206375,,1
F29,200000,200000,4748,1,2,0.02374043187402329,0.02374,,1
F30,400000,400000,4503,1,2,0.01125802130023243,0.0112575,,6
F31,100000,100000,7311,1,2,0.07311479914643476,0.07311,,3
F32,200000,200000,4020,1,2,0.020100934969857414,0.0201,,2
