Flow,Period,Deadline,Execution Time,w,h,Target_Utilization,Actual_Utilization,Utilization_Error,Queue
F1,400000,400000,3417,1,2,0.008542790291551916,0.0085425,,1
F2,400000,400000,9105,1,2,0.022761363755808506,0.0227625,,2
F3,400000,400000,4699,1,2,0.011746536992550793,0.0117475,,2
F4,200000,200000,3183,1,2,0.015916156387176472,0.015915,,7
F5,400000,400000,7850,1,2,0.019624706565843475,0.019625,,1
F6,400000,400000,4708,1,2,0.011770040836094564,0.01177,,7
F7,400000,400000,650,1,2,0.0016244344015665657,0.001625,,6
F8,400000,400000,5585,1,2,0.013962029430088951,0.0139625,,4
F9,100000,100000,4802,1,2,0.048020518658119515,0.04802,,1
F10,400000,400000,600,1,2,0.0008202824894810723,0.0015,,4
F11,100000,100000,5671,1,2,0.056709708573322026,0.05671,,4
F12,400000,400000,1483,1,2,0.003708695468743972,0.0037075,,7
F13,100000,100000,8457,1,2,0.08456738599856883,0.08457,,1
F14,400000,400000,10066,1,2,0.025165843089676843,0.025165,,4
F15,100000,100000,11791,1,2,0.1179146083521388,0.11791,,4
F16,100000,100000,11525,1,2,0.1152530318249066,0.11525,,1
F17,400000,400000,3430,1,2,0.008576127015946566,0.008575,,3
F18,200000,200000,7031,1,2,0.03515355785903329,0.035155,,1
F19,200000,200000,8583,1,2,0.04291688192465953,0.042915,,4
F20,400000,400000,2802,1,2,0.007005672321451606,0.007005,,6
F21,400000,400000,2343,1,2,0.005858066235612525,0.0058575,,4
F22,100000,100000,3161,1,2,0.031612164081770366,0.03161,,2
F23,400000,400000,1105,1,2,0.0027635331692511533,0.0027625,,5
F24,400000,400000,11975,1,2,0.029938658940412394,0.0299375,,1
F25,400000,400000,1371,1,2,0.0034279115481127553,0.0034275,,1
F26,200000,200000,8488,1,2,0.04244170615571327,0.04244,,7
F27,100000,100000,8544,1,2,0.08543943496138551,0.08544,,4
F28,400000,400000,720,1,2,0.0017994690257105012,0.0018,,2
F29,200000,200000,3029,1,2,0.015145646722163078,0.015145,,3
F30,400000,400000,11038,1,2,0.027595445467473834,0.027595,,7
F31,400000,400000,1968,1,2,0.004918974590379897,0.00492,,3
F32,200000,200000,6405,1,2,0.03202706996531588,0.032025,,4
