Flow,Period,Deadline,Execution Time,w,h,Target_Utilization,Actual_Utilization,Utilization_Error,Queue
F1,400000,400000,600,1,2,0.0009586756061938928,0.0015,,5
F2,400000,400000,4025,1,2,0.010061709730009749,0.0100625,,7
F3,200000,200000,3981,1,2,0.019904880118027934,0.019905,,6
F4,200000,200000,3963,1,2,0.019816227034294864,0.019815,,2
F5,200000,200000,4771,1,2,0.023854859988706067,0.023855,,5
F6,400000,400000,7573,1,2,0.01893321502394052,0.0189325,,3
F7,100000,100000,7425,1,2,0.07425273556570511,0.07425,,7
F8,400000,400000,2099,1,2,0.005246312552342536,0.0052475,,4
F9,200000,200000,3465,1,2,0.017324541627164458,0.017325,,5
F10,400000,400000,690,1,2,0.0017250114282614248,0.001725,,1
F11,400000,400000,7405,1,2,0.01851198916066099,0.0185125,,4
F12,400000,400000,4076,1,2,0.010189282280821943,0.01019,,3
F13,400000,400000,11862,1,2,0.02965596510337587,0.029655,,1
F14,200000,200000,2374,1,2,0.011869212064132051,0.01187,,2
F15,50000,50000,3580,1,2,0.07160443845907505,0.0716,,5
F16,400000,400000,600,1,2,0.0007338713242106554,0.0015,,6
F17,50000,50000,3565,1,2,0.07130405976495058,0.0713,,7
F18,400000,400000,4855,1,2,0.012138149332266868,0.0121375,,6
F19,400000,400000,1833,1,2,0.004581918505648264,0.0045825,,2
F20,100000,100000,10973,1,2,0.1097277045490559,0.10973,,2
F21,100000,100000,2785,1,2,0.027849461299647604,0.02785,,7
F22,50000,50000,8914,1,2,0.1782761301357576,0.17828,,5
F23,400000,400000,2062,1,2,0.0051552677815419334,0.005155,,1
F24,200000,200000,6419,1,2,0.03209524607336803,0.032095,,7
F25,100000,100000,5096,1,2,0.05096238413473883,0.05096,,5
F26,400000,400000,2027,1,2,0.005067973241112855,0.0050675,,6
F27,400000,400000,5475,1,2,0.013687162548595574,0.0136875,,7
F28,400000,400000,7529,1,2,0.018823097006171005,0.0188225,,1
F29,400000,400000,2559,1,2,0.0063965522424751925,0.0063975,,5
F30,100000,100000,3157,1,2,0.03157111405771006,0.03157,,2
F31,400000,400000,1021,1,2,0.002552402322511131,0.0025525,,4
F32,100000,100000,5614,1,2,0.056141542034015085,0.05614,,2
