Flow,Period,Deadline,Execution Time,w,h,Target_Utilization,Actual_Utilization,Utilization_Error,Queue
F1,200000,200000,6797,1,2,0.03398330510022818,0.033985,,3
F2,200000,200000,9385,1,2,0.046923944137446716,0.046925,,1
F3,100000,100000,9879,1,2,0.09878900500256382,0.09879,,1
F4,400000,400000,3171,1,2,0.00792652457255194,0.0079275,,4
F5,200000,200000,5466,1,2,0.027329256608856434,0.02733,,5
F6,100000,100000,7762,1,2,0.07761874082495257,0.07762,,5
F7,400000,400000,9500,1,2,0.0237489654867743,0.02375,,6
F8,100000,100000,2819,1,2,0.02818927231456736,0.02819,,1
F9,100000,100000,3689,1,2,0.0368899269603189,0.03689,,6
F10,400000,400000,1056,1,2,0.00264079708044207,0.00264,,4
F11,400000,400000,600,1,2,0.000123188832090948,0.0015,,1
F12,100000,100000,1663,1,2,0.01662927158292138,0.01663,,5
F13,400000,400000,2538,1,2,0.006345219113928102,0.006345,,2
F14,400000,400000,689,1,2,0.0017233379756532163,0.0017225,,3
F15,400000,400000,1451,1,2,0.0036279029433594623,0.0036275,,6
F16,400000,400000,7245,1,2,0.018111349303375657,0.0181125,,7
F17,200000,200000,8669,1,2,0.043344607582272876,0.043345,,4
F18,200000,200000,10653,1,2,0.05326396794788668,0.053265,,6
F19,400000,400000,8555,1,2,0.021387851560994542,0.0213875,,1
F20,400000,400000,600,1,2,0.0011035391589747645,0.0015,,3
F21,200000,200000,10986,1,2,0.05493028858550664,0.05493,,5
F22,200000,200000,6675,1,2,0.03337282770118294,0.033375,,4
F23,400000,400000,1573,1,2,0.003931898840335346,0.0039325,,7
F24,200000,200000,4893,1,2,0.02446546495171159,0.024465,,3
F25,400000,400000,3714,1,2,0.009286073284008933,0.009285,,4
F26,400000,400000,600,1,2,0.0009067991053673674,0.0015,,1
F27,400000,400000,1473,1,2,0.003682743916793685,0.0036825,,5
F28,200000,200000,10471,1,2,0.052357439446650805,0.052355,,5
F29,50000,50000,1494,1,2,0.02988064110584887,0.02988,,7
F30,200000,200000,8521,1,2,0.04260681247821535,0.042605,,7
F31,400000,400000,10101,1,2,0.02525129334270393,0.0252525,,2
F32,50000,50000,3559,1,2,0.07117595994326131,0.07118,,1
