Flow,Period,Deadline,Execution Time,w,h,Target_Utilization,Actual_Utilization,Utilization_Error,Queue
F1,100000,100000,4406,1,2,0.04406114014184892,0.04406,,2
F2,400000,400000,4421,1,2,0.011053155268849535,0.0110525,,4
F3,400000,400000,1326,1,2,0.003314510341875576,0.003315,,6
F4,50000,50000,620,1,2,0.01240118141510882,0.0124,,3
F5,100000,100000,6871,1,2,0.06871293923499378,0.06871,,2
F6,200000,200000,11725,1,2,0.05862736035429483,0.058625,,2
F7,200000,200000,697,1,2,0.0034840822691237783,0.003485,,6
F8,200000,200000,9498,1,2,0.04748858281205881,0.04749,,4
F9,400000,400000,6825,1,2,0.017061293305888015,0.0170625,,1
F10,400000,400000,6121,1,2,0.015302570299139173,0.0153025,,5
F11,200000,200000,10118,1,2,0.05059235866416312,0.05059,,3
F12,200000,200000,10409,1,2,0.05204435083437642,0.052045,,5
F13,400000,400000,7465,1,2,0.018661587815537617,0.0186625,,4
F14,400000,400000,600,1,2,0.0005625323392658421,0.0015,,4
F15,400000,400000,2222,1,2,0.0055552975914092695,0.005555,,7
F16,200000,200000,7745,1,2,0.03872275785342072,0.038725,,5
F17,400000,400000,1721,1,2,0.004303322879421367,0.0043025,,2
F18,100000,100000,6505,1,2,0.06504634068313053,0.06505,,5
F19,50000,50000,1444,1,2,0.02887898689848989,0.02888,,6
F20,200000,200000,4353,1,2,0.021765944774564783,0.021765,,2
F21,400000,400000,2288,1,2,0.005721227871055001,0.00572,,2
F22,50000,50000,3948,1,2,0.07895870390113763,0.07896,,2
F23,100000,100000,2268,1,2,0.02268028006255901,0.02268,,5
F24,200000,200000,6833,1,2,0.03416332743174244,0.034165,,6
F25,400000,400000,6081,1,2,0.015203244515164027,0.0152025,,1
F26,50000,50000,2711,1,2,0.05421986243680424,0.05422,,3
F27,400000,400000,2617,1,2,0.006543083126347937,0.0065425,,6
F28,400000,400000,6139,1,2,0.01534853569774794,0.0153475,,3
F29,100000,100000,7198,1,2,0.07197677748852717,0.07198,,3
F30,400000,400000,600,1,2,0.00019673671810280235,0.0015,,7
F31,200000,200000,6829,1,2,0.03414543194725768,0.034145,,1
F32,100000,100000,7223,1,2,0.07222858852929259,0.07223,,2
