Flow,Period,Deadline,Execution Time,w,h,Target_Utilization,Actual_Utilization,Utilization_Error,Queue
F1,400000,400000,5189,1,2,0.012972993526163767,0.0129725,,3
F2,400000,400000,9395,1,2,0.023488205271452345,0.0234875,,5
F3,400000,400000,4981,1,2,0.012452300532078131,0.0124525,,4
F4,400000,400000,600,1,2,0.0013542975586697814,0.0015,,7
F5,200000,200000,10505,1,2,0.052525497353350215,0.052525,,1
F6,400000,400000,910,1,2,0.0022762092456026783,0.002275,,6
F7,400000,400000,7801,1,2,0.01950149210969554,0.0195025,,6
F8,400000,400000,4517,1,2,0.01129335099180151,0.0112925,,3
F9,400000,400000,1671,1,2,0.0041784907022002216,0.0041775,,6
F10,200000,200000,6972,1,2,0.03486212080943962,0.03486,,1
F11,400000,400000,877,1,2,0.0021922524367985474,0.0021925,,2
F12,400000,400000,7885,1,2,0.019712149364941367,0.0197125,,1
F13,50000,50000,2763,1,2,0.055258160206950624,0.05526,,5
F14,100000,100000,6777,1,2,0.06777045538298354,0.06777,,3
F15,400000,400000,8997,1,2,0.022493722857360843,0.0224925,,2
F16,200000,200000,2385,1,2,0.011924018823645799,0.011925,,2
F17,200000,200000,5157,1,2,0.025784631315879936,0.025785,,6
F18,100000,100000,1119,1,2,0.011190383345626498,0.01119,,1
F19,400000,400000,3041,1,2,0.0076026756912903615,0.0076025,,5
F20,400000,400000,7263,1,2,0.0181579822090866,0.0181575,,5
F21,400000,400000,9071,1,2,0.022676994311830678,0.0226775,,3
F22,400000,400000,11659,1,2,0.02914806070871362,0.0291475,,2
F23,400000,400000,1371,1,2,0.003427246915707949,0.0034275,,4
F24,200000,200000,10026,1,2,0.050128795467346166,0.05013,,6
F25,200000,200000,5481,1,2,0.027404277100858077,0.027405,,1
F26,100000,100000,11077,1,2,0.1107679400652739,0.11077,,6
F27,400000,400000,11878,1,2,0.029696129121256132,0.029695,,6
F28,100000,100000,4925,1,2,0.04925234059109124,0.04925,,3
F29,100000,100000,8709,1,2,0.0870942242671477,0.08709,,5
F30,100000,100000,7157,1,2,0.071570557386037,0.07157,,1
F31,200000,200000,9581,1,2,0.047905618089583595,0.047905,,5
F32,400000,400000,600,1,2,0.0010220372610899133,0.0015,,4
