Flow,Period,Deadline,Execution Time,w,h,Target_Utilization,Actual_Utilization,Utilization_Error,Queue
F1,100000,100000,2321,1,2,0.023209562104514636,0.02321,,5
F2,200000,200000,10143,1,2,0.05071588763004731,0.050715,,5
F3,400000,400000,4699,1,2,0.011748365910151493,0.0117475,,4
F4,200000,200000,4342,1,2,0.021710314932214092,0.02171,,4
F5,200000,200000,1303,1,2,0.006515894890176566,0.006515,,4
F6,400000,400000,2997,1,2,0.007492065086998734,0.0074925,,1
F7,100000,100000,4157,1,2,0.04157093694228009,0.04157,,4
F8,400000,400000,600,1,2,0.00014744170628588904,0.0015,,6
F9,100000,100000,9176,1,2,0.09175917405818346,0.09176,,2
F10,400000,400000,6754,1,2,0.016885017883169984,0.016885,,3
F11,400000,400000,1208,1,2,0.003020198456744505,0.00302,,7
F12,100000,100000,8673,1,2,0.08673174935924144,0.08673,,2
F13,100000,100000,5061,1,2,0.05061118691569644,0.05061,,1
F14,400000,400000,2078,1,2,0.0051957098959589665,0.005195,,2
F15,400000,400000,8455,1,2,0.021137259893228122,0.0211375,,1
F16,400000,400000,4612,1,2,0.011530802720153055,0.01153,,6
F17,50000,50000,6579,1,2,0.13157028625150707,0.13158,,2
F18,400000,400000,6609,1,2,0.01652172272040542,0.0165225,,5
F19,200000,200000,5735,1,2,0.02867419118509984,0.028675,,3
F20,200000,200000,2037,1,2,0.010186018390917262,0.010185,,1
F21,400000,400000,7346,1,2,0.018365637611136798,0.018365,,6
F22,50000,50000,3392,1,2,0.06784057590165526,0.06784,,3
F23,400000,400000,1043,1,2,0.0026073849560907525,0.0026075,,6
F24,50000,50000,3253,1,2,0.06505628913152073,0.06506,,2
F25,400000,400000,4956,1,2,0.012389618886047754,0.01239,,7
F26,400000,400000,4074,1,2,0.010185129185101255,0.010185,,2
F27,400000,400000,7793,1,2,0.019483216836574113,0.0194825,,2
F28,400000,400000,3153,1,2,0.007883646868601102,0.0078825,,3
F29,50000,50000,1892,1,2,0.0378422424296182,0.03784,,5
F30,200000,200000,6099,1,2,0.030494680210246247,0.030495,,2
F31,100000,100000,3639,1,2,0.036390887241431254,0.03639,,1
F32,200000,200000,8530,1,2,0.04265155671235977,0.04265,,3
