Flow,Period,Deadline,Execution Time,w,h,Target_Utilization,Actual_Utilization,Utilization_Error,Queue
F1,200000,200000,1614,1,2,0.00807065433198828,0.00807,,3
F2,100000,100000,8324,1,2,0.08324454908593537,0.08324,,7
F3,200000,200000,7351,1,2,0.036754138689205185,0.036755,,1
F4,400000,400000,8053,1,2,0.020131573809745285,0.0201325,,7
F5,100000,100000,3431,1,2,0.03431189921536082,0.03431,,3
F6,400000,400000,9847,1,2,0.024616685834176977,0.0246175,,7
F7,400000,400000,2382,1,2,0.005955326163159191,0.005955,,7
F8,400000,400000,1331,1,2,0.0033285551603471353,0.0033275,,4
F9,200000,200000,3335,1,2,0.01667582390972633,0.016675,,2
F10,400000,400000,735,1,2,0.001838447195457893,0.0018375,,6
F11,100000,100000,6178,1,2,0.06177946582539806,0.06178,,6
F12,100000,100000,6728,1,2,0.06727586255311924,0.06728,,3
F13,50000,50000,4411,1,2,0.08822278754930424,0.08822,,1
F14,200000,200000,5084,1,2,0.025420049356735863,0.02542,,2
F15,400000,400000,9145,1,2,0.02286169702210944,0.0228625,,1
F16,400000,400000,7620,1,2,0.01905098842940839,0.01905,,1
F17,200000,200000,4445,1,2,0.022225167253582423,0.022225,,4
F18,400000,400000,7257,1,2,0.018142075262841117,0.0181425,,4
F19,400000,400000,2074,1,2,0.005184975492451782,0.005185,,1
F20,400000,400000,600,1,2,0.0007560671798432783,0.0015,,3
F21,200000,200000,9397,1,2,0.04698627739371569,0.046985,,4
F22,200000,200000,9713,1,2,0.04856554695096443,0.048565,,1
F23,400000,400000,8815,1,2,0.02203685353402879,0.0220375,,6
F24,400000,400000,4656,1,2,0.011638883641454267,0.01164,,5
F25,200000,200000,4251,1,2,0.02125442306786851,0.021255,,3
F26,100000,100000,4380,1,2,0.04380195220657915,0.0438,,7
F27,200000,200000,6985,1,2,0.03492465108493714,0.034925,,4
F28,200000,200000,9081,1,2,0.045405399500611454,0.045405,,3
F29,100000,100000,4183,1,2,0.041829670690675835,0.04183,,6
F30,400000,400000,8743,1,2,0.021858464530039826,0.0218575,,2
F31,100000,100000,4505,1,2,0.04504968732217858,0.04505,,2
F32,400000,400000,7017,1,2,0.017541688133782925,0.0175425,,6
