Flow,Period,Deadline,Execution Time,w,h,Target_Utilization,Actual_Utilization,Utilization_Error,Queue
F1,200000,200000,6315,1,2,0.031573314845323996,0.031575,,7
F2,400000,400000,1861,1,2,0.00465137337409427,0.0046525,,6
F3,200000,200000,686,1,2,0.0034289100265453287,0.00343,,5
F4,200000,200000,6037,1,2,0.030186544267393645,0.030185,,6
F5,50000,50000,4740,1,2,0.09479877207783749,0.0948,,1
F6,400000,400000,3138,1,2,0.007844659551799804,0.007845,,5
F7,200000,200000,2887,1,2,0.01443540018500189,0.014435,,6
F8,200000,200000,7563,1,2,0.037812693914413,0.037815,,7
F9,400000,400000,3689,1,2,0.009222453734004432,0.0092225,,2
F10,400000,400000,1733,1,2,0.004332445869048129,0.0043325,,4
F11,100000,100000,6205,1,2,0.06204876646154489,0.06205,,4
F12,200000,200000,5522,1,2,0.027611232661402973,0.02761,,5
F13,400000,400000,8567,1,2,0.021417257203489637,0.0214175,,4
F14,400000,400000,6359,1,2,0.015896727261580312,0.0158975,,7
F15,200000,200000,5553,1,2,0.02776400089810005,0.027765,,3
F16,100000,100000,6670,1,2,0.06669804023794218,0.0667,,7
F17,400000,400000,2584,1,2,0.0064588103017034215,0.00646,,1
F18,50000,50000,6965,1,2,0.1393028385504146,0.1393,,6
F19,400000,400000,2349,1,2,0.005873313490189713,0.0058725,,7
F20,200000,200000,8583,1,2,0.04291729415678763,0.042915,,1
F21,100000,100000,5214,1,2,0.05214136791184504,0.05214,,6
F22,200000,200000,7385,1,2,0.03692563140148461,0.036925,,6
F23,400000,400000,1217,1,2,0.003043374966091167,0.0030425,,2
F24,200000,200000,656,1,2,0.003279035572770095,0.00328,,7
F25,400000,400000,10345,1,2,0.02586339631426951,0.0258625,,2
F26,100000,100000,4020,1,2,0.040198638712953066,0.0402,,4
F27,400000,400000,9247,1,2,0.023118112384344622,0.0231175,,1
F28,200000,200000,1026,1,2,0.005131245596851228,0.00513,,3
F29,200000,200000,6821,1,2,0.03410622428636263,0.034105,,1
F30,200000,200000,6933,1,2,0.03466613843339215,0.034665,,3
F31,400000,400000,5889,1,2,0.014722640250529207,0.0147225,,3
F32,100000,100000,3025,1,2,0.03025077479658005,0.03025,,4
