Flow,Period,Deadline,Execution Time,w,h,Target_Utilization,Actual_Utilization,Utilization_Error,Queue
F1,400000,400000,3835,1,2,0.009588485583969963,0.0095875,,6
F2,400000,400000,4669,1,2,0.011672182346115778,0.0116725,,6
F3,100000,100000,5039,1,2,0.05039014702720612,0.05039,,3
F4,400000,400000,600,1,2,0.0009112790311327501,0.0015,,4
F5,100000,100000,8961,1,2,0.08960761333507683,0.08961,,3
F6,200000,200000,9057,1,2,0.045286111651656746,0.045285,,7
F7,50000,50000,3459,1,2,0.06917974551415107,0.06918,,2
F8,100000,100000,2553,1,2,0.02552959103780228,0.02553,,3
F9,400000,400000,4897,1,2,0.01224327517478907,0.0122425,,2
F10,200000,200000,1073,1,2,0.005365825966019311,0.005365,,5
F11,200000,200000,10788,1,2,0.05393946280638828,0.05394,,5
F12,100000,100000,10827,1,2,0.10826712427312585,0.10827,,3
F13,400000,400000,10085,1,2,0.0252132137932069,0.0252125,,1
F14,400000,400000,753,1,2,0.001882590784003546,0.0018825,,2
F15,400000,400000,9445,1,2,0.02361191585801542,0.0236125,,7
F16,200000,200000,6582,1,2,0.03291215083498328,0.03291,,2
F17,200000,200000,6315,1,2,0.03157337891390011,0.031575,,7
F18,200000,200000,6354,1,2,0.03177026677337019,0.03177,,1
F19,400000,400000,7185,1,2,0.01796196434490388,0.0179625,,1
F20,200000,200000,6005,1,2,0.03002534057432915,0.030025,,2
F21,400000,400000,3963,1,2,0.009908552440297425,0.0099075,,7
F22,200000,200000,6087,1,2,0.030433742050583773,0.030435,,5
F23,400000,400000,4305,1,2,0.010762881660856677,0.0107625,,2
F24,100000,100000,8742,1,2,0.0874179975384364,0.08742,,7
F25,400000,400000,8218,1,2,0.02054621516537855,0.020545,,3
F26,400000,400000,9316,1,2,0.023290598105782614,0.02329,,5
F27,400000,400000,600,1,2,0.0007517770773710908,0.0015,,5
F28,400000,400000,3575,1,2,0.00893769682058751,0.0089375,,1
F29,400000,400000,5915,1,2,0.014788375176995466,0.0147875,,7
F30,100000,100000,3365,1,2,0.03365019937784929,0.03365,,3
F31,200000,200000,8011,1,2,0.04005286849739773,0.040055,,5
F32,400000,400000,3375,1,2,0.008436395430821739,0.0084375,,3
