Flow,Period,Deadline,Execution Time,w,h,Target_Utilization,Actual_Utilization,Utilization_Error,Queue
F1,200000,200000,2033,1,2,0.010165880755993228,0.010165,,7
F2,400000,400000,6477,1,2,0.016191464827976287,0.0161925,,1
F3,200000,200000,7559,1,2,0.03779559515782149,0.037795,,5
F4,100000,100000,3270,1,2,0.0326982315831319,0.0327,,1
F5,100000,100000,3353,1,2,0.03353231071014062,0.03353,,4
F6,400000,400000,3617,1,2,0.009042442896409986,0.0090425,,2
F7,400000,400000,2310,1,2,0.005773890373983237,0.005775,,2
F8,200000,200000,7432,1,2,0.03716123461258103,0.03716,,2
F9,200000,200000,8821,1,2,0.04410468095691478,0.044105,,5
F10,200000,200000,10757,1,2,0.05378504500893344,0.053785,,2
F11,400000,400000,2339,1,2,0.005846273213315434,0.0058475,,5
F12,200000,200000,6535,1,2,0.03267646264501756,0.032675,,5
F13,400000,400000,2965,1,2,0.007412285317866751,0.0074125,,6
F14,50000,50000,2196,1,2,0.043920580084060634,0.04392,,3
F15,400000,400000,1614,1,2,0.004034206958361319,0.004035,,5
F16,50000,50000,2759,1,2,0.0551809552537843,0.05518,,1
F17,400000,400000,1554,1,2,0.003883952001730917,0.003885,,6
F18,200000,200000,7025,1,2,0.03512635981387724,0.035125,,3
F19,400000,400000,9133,1,2,0.022832467620767016,0.0228325,,7
F20,100000,100000,6861,1,2,0.06861048046344337,0.06861,,3
F21,200000,200000,8629,1,2,0.04314679194658405,0.043145,,1
F22,400000,400000,8455,1,2,0.021138484005384706,0.0211375,,2
F23,100000,100000,7497,1,2,0.07496638100948758,0.07497,,2
F24,400000,400000,600,1,2,0.0010509444591030592,0.0015,,1
F25,100000,100000,7234,1,2,0.07233622264245329,0.07234,,2
F26,400000,400000,6747,1,2,0.016867630156102653,0.0168675,,4
F27,400000,400000,600,1,2,0.0004571486357234089,0.0015,,4
F28,400000,400000,2229,1,2,0.005572554306651101,0.0055725,,3
F29,400000,400000,2243,1,2,0.005606729764678409,0.0056075,,7
F30,200000,200000,11715,1,2,0.058575347730420196,0.058575,,2
F31,400000,400000,4814,1,2,0.012034687277388871,0.012035,,3
F32,200000,200000,11199,1,2,0.05599373935738442,0.055995,,3
