Flow,Period,Deadline,Execution Time,w,h,Target_Utilization,Actual_Utilization,Utilization_Error,Queue
F1,400000,400000,10599,1,2,0.0264973704586019,0.0264975,,3
F2,400000,400000,606,1,2,0.0015145639242312159,0.001515,,4
F3,100000,100000,7743,1,2,0.07743072043681509,0.07743,,7
F4,200000,200000,8274,1,2,0.04136990878707658,0.04137,,3
F5,200000,200000,5518,1,2,0.027589267619943514,0.02759,,1
F6,200000,200000,9243,1,2,0.04621515818719535,0.046215,,5
F7,50000,50000,1709,1,2,0.03417903437790226,0.03418,,4
F8,400000,400000,4052,1,2,0.010128988661284977,0.01013,,2
F9,400000,400000,11417,1,2,0.028543724558616534,0.0285425,,5
F10,100000,100000,7842,1,2,0.07842419229697295,0.07842,,5
F11,200000,200000,1740,1,2,0.008699545179075119,0.0087,,6
F12,400000,400000,6894,1,2,0.017234890266093816,0.017235,,6
F13,200000,200000,613,1,2,0.003066049807511906,0.003065,,3
F14,400000,400000,3119,1,2,0.007797619560352409,0.0077975,,1
F15,400000,400000,600,1,2,6.0708916784002476e-05,0.0015,,2
F16,200000,200000,4333,1,2,0.021664273542484902,0.021665,,7
F17,400000,400000,2265,1,2,0.005662019942211494,0.0056625,,3
F18,400000,400000,3166,1,2,0.007914684659842464,0.007915,,7
F19,200000,200000,10158,1,2,0.05079168072199286,0.05079,,1
F20,100000,100000,7627,1,2,0.0762682880695364,0.07627,,3
F21,200000,200000,1215,1,2,0.006074717864582191,0.006075,,4
F22,100000,100000,9829,1,2,0.09829190908013491,0.09829,,5
F23,200000,200000,8944,1,2,0.04471759659504668,0.04472,,1
F24,200000,200000,2498,1,2,0.012490685763790227,0.01249,,5
F25,100000,100000,6337,1,2,0.06337477249131898,0.06337,,4
F26,400000,400000,1768,1,2,0.004420419683661969,0.00442,,7
F27,200000,200000,9111,1,2,0.0455569675516269,0.045555,,4
F28,200000,200000,7185,1,2,0.03592740120278293,0.035925,,6
F29,400000,400000,600,1,2,0.000876419535429121,0.0015,,5
F30,400000,400000,11227,1,2,0.028067701173914557,0.0280675,,2
F31,200000,200000,712,1,2,0.003559085556936542,0.00356,,6
F32,200000,200000,8590,1,2,0.042949066998657186,0.04295,,7
