Flow,Period,Deadline,Execution Time,w,h,Target_Utilization,Actual_Utilization,Utilization_Error,Queue
F1,200000,200000,9469,1,2,0.04734493688512509,0.047345,,5
F2,400000,400000,11961,1,2,0.029902302836762762,0.0299025,,1
F3,400000,400000,1312,1,2,0.0032796053850978613,0.00328,,5
F4,50000,50000,1092,1,2,0.02183911326854171,0.02184,,5
F5,100000,100000,5984,1,2,0.05984060317862694,0.05984,,6
F6,100000,100000,6497,1,2,0.0649725253095984,0.06497,,6
F7,400000,400000,2018,1,2,0.0050458826481093455,0.005045,,1
F8,200000,200000,821,1,2,0.004104422150656983,0.004105,,7
F9,200000,200000,1078,1,2,0.005390133144904219,0.00539,,7
F10,400000,400000,4359,1,2,0.010896496728461602,0.0108975,,3
F11,100000,100000,4695,1,2,0.04694998240227599,0.04695,,6
F12,50000,50000,2687,1,2,0.05373996316795859,0.05374,,1
F13,400000,400000,1356,1,2,0.0033890048039677545,0.00339,,2
F14,400000,400000,858,1,2,0.0021457837903292587,0.002145,,1
F15,200000,200000,8675,1,2,0.04337496185697487,0.043375,,1
F16,400000,400000,600,1,2,0.0006257745793367686,0.0015,,2
F17,100000,100000,9625,1,2,0.0962495087520126,0.09625,,1
F18,200000,200000,1273,1,2,0.006363770588679762,0.006365,,2
F19,400000,400000,9759,1,2,0.024397356594478448,0.0243975,,3
F20,200000,200000,5434,1,2,0.027169045082293397,0.02717,,4
F21,400000,400000,8111,1,2,0.02027637282123773,0.0202775,,4
F22,400000,400000,10451,1,2,0.026127434166420827,0.0261275,,6
F23,200000,200000,8742,1,2,0.04371194517337479,0.04371,,5
F24,400000,400000,9334,1,2,0.02333429602433973,0.023335,,2
F25,200000,200000,4445,1,2,0.022226125003218022,0.022225,,1
F26,50000,50000,1623,1,2,0.03246045727493127,0.03246,,5
F27,100000,100000,6242,1,2,0.06241979668366335,0.06242,,5
F28,400000,400000,933,1,2,0.002331640207156066,0.0023325,,3
F29,50000,50000,6243,1,2,0.12486315272075166,0.12486,,6
F30,200000,200000,6707,1,2,0.03353265035757953,0.033535,,6
F31,200000,200000,3455,1,2,0.017274006436614295,0.017275,,6
F32,400000,400000,1887,1,2,0.004717478244438934,0.0047175,,5
