Flow,Period,Deadline,Execution Time,w,h,Target_Utilization,Actual_Utilization,Utilization_Error,Queue
F1,200000,200000,6622,1,2,0.03310986395623716,0.03311,,7
F2,100000,100000,6380,1,2,0.06379805301024388,0.0638,,1
F3,200000,200000,1490,1,2,0.007450867986430132,0.00745,,1
F4,400000,400000,2885,1,2,0.007212903276856308,0.0072125,,3
F5,200000,200000,1154,1,2,0.005770822428717737,0.00577,,5
F6,400000,400000,11411,1,2,0.028527905228826866,0.0285275,,6
F7,50000,50000,3371,1,2,0.06742353281307722,0.06742,,7
F8,400000,400000,600,1,2,0.0006939837438152408,0.0015,,3
F9,400000,400000,11213,1,2,0.02803356135816526,0.0280325,,2
F10,400000,400000,992,1,2,0.002481140268530857,0.00248,,2
F11,100000,100000,10980,1,2,0.10979521845847995,0.1098,,6
F12,200000,200000,8047,1,2,0.040232968518901235,0.040235,,3
F13,100000,100000,3218,1,2,0.03217926371610014,0.03218,,3
F14,100000,100000,816,1,2,0.008159242845656167,0.00816,,4
F15,400000,400000,3250,1,2,0.008126014816649318,0.008125,,6
F16,400000,400000,600,1,2,0.00040416880868682226,0.0015,,5
F17,100000,100000,6041,1,2,0.06041289325151533,0.06041,,6
F18,400000,400000,2187,1,2,0.005468024843205799,0.0054675,,4
F19,200000,200000,976,1,2,0.004879941522142994,0.00488,,1
F20,400000,400000,600,1,2,0.0006838818956175774,0.0015,,3
F21,400000,400000,7143,1,2,0.01785778055634013,0.0178575,,4
F22,100000,100000,2605,1,2,0.026048970370217472,0.02605,,1
F23,400000,400000,2075,1,2,0.005187960495723565,0.0051875,,6
F24,200000,200000,7585,1,2,0.037923298450038334,0.037925,,2
F25,400000,400000,8781,1,2,0.021951682823132534,0.0219525,,5
F26,400000,400000,3389,1,2,0.00847341920840039,0.0084725,,2
F27,400000,400000,600,1,2,0.0012151346343479696,0.0015,,2
F28,100000,100000,7415,1,2,0.0741487092635808,0.07415,,3
F29,50000,50000,4991,1,2,0.09981945277598558,0.09982,,6
F30,200000,200000,8249,1,2,0.04124484999916893,0.041245,,7
F31,50000,50000,3979,1,2,0.07958040659047652,0.07958,,1
F32,400000,400000,5959,1,2,0.01489864825567798,0.0148975,,7
