Flow,Period,Deadline,Execution Time,w,h,Target_Utilization,Actual_Utilization,Utilization_Error,Queue
F1,400000,400000,3805,1,2,0.009513175903129056,0.0095125,,5
F2,200000,200000,6012,1,2,0.030058110543811356,0.03006,,3
F3,400000,400000,656,1,2,0.0016410639256076998,0.00164,,6
F4,50000,50000,7232,1,2,0.14464181529040476,0.14464,,2
F5,200000,200000,6555,1,2,0.03277639277781941,0.032775,,2
F6,200000,200000,7979,1,2,0.03989345795658705,0.039895,,6
F7,400000,400000,11601,1,2,0.02900234867017537,0.0290025,,1
F8,400000,400000,600,1,2,0.0010192417661190056,0.0015,,3
F9,50000,50000,2631,1,2,0.05262208744375074,0.05262,,7
F10,400000,400000,9075,1,2,0.02268641047291442,0.0226875,,6
F11,400000,400000,3504,1,2,0.008759267591024744,0.00876,,3
F12,200000,200000,5335,1,2,0.026673932511704468,0.026675,,2
F13,400000,400000,6695,1,2,0.01673709293575465,0.0167375,,1
F14,400000,400000,5778,1,2,0.014445120092070551,0.014445,,5
F15,50000,50000,2743,1,2,0.05486180643880173,0.05486,,2
F16,400000,400000,11885,1,2,0.029712046118432034,0.0297125,,7
F17,200000,200000,3397,1,2,0.016985196166683758,0.016985,,3
F18,200000,200000,4203,1,2,0.021014845112264202,0.021015,,7
F19,400000,400000,2287,1,2,0.0057178461588590634,0.0057175,,4
F20,400000,400000,3005,1,2,0.007512920676233603,0.0075125,,2
F21,400000,400000,3107,1,2,0.0077672461010093174,0.0077675,,6
F22,400000,400000,11327,1,2,0.028316252360373273,0.0283175,,4
F23,200000,200000,6160,1,2,0.03080141836005923,0.0308,,6
F24,200000,200000,1868,1,2,0.00934120869836852,0.00934,,1
F25,200000,200000,9738,1,2,0.04868923887772719,0.04869,,1
F26,400000,400000,2537,1,2,0.006341841574992235,0.0063425,,7
F27,200000,200000,2326,1,2,0.011629976663512981,0.01163,,4
F28,100000,100000,3239,1,2,0.03238775764707144,0.03239,,7
F29,200000,200000,6383,1,2,0.03191723153137094,0.031915,,2
F30,100000,100000,7691,1,2,0.07691186491720169,0.07691,,2
F31,200000,200000,10591,1,2,0.052954800823689814,0.052955,,2
F32,200000,200000,10653,1,2,0.053266688681344494,0.053265,,1
