Flow,Period,Deadline,Execution Time,w,h,Target_Utilization,Actual_Utilization,Utilization_Error,Queue
F1,200000,200000,8038,1,2,0.04018823695766138,0.04019,,7
F2,200000,200000,6193,1,2,0.03096663978248837,0.030965,,5
F3,200000,200000,2149,1,2,0.010745868046616258,0.010745,,2
F4,400000,400000,1468,1,2,0.0036699704574164604,0.00367,,6
F5,50000,50000,2242,1,2,0.044841346155641615,0.04484,,5
F6,200000,200000,1411,1,2,0.007055690339896725,0.007055,,7
F7,100000,100000,7682,1,2,0.07681613717591651,0.07682,,6
F8,400000,400000,1431,1,2,0.003578552394486456,0.0035775,,2
F9,200000,200000,9413,1,2,0.0470642037519583,0.047065,,7
F10,400000,400000,605,1,2,0.0015117972821482306,0.0015125,,5
F11,100000,100000,11775,1,2,0.1177458970270292,0.11775,,4
F12,100000,100000,4326,1,2,0.043259006834999725,0.04326,,6
F13,400000,400000,1893,1,2,0.0047330915692646025,0.0047325,,1
F14,400000,400000,5449,1,2,0.01362172146281082,0.0136225,,5
F15,400000,400000,2625,1,2,0.0065627780054813845,0.0065625,,6
F16,200000,200000,2582,1,2,0.012910284683925577,0.01291,,1
F17,400000,400000,2443,1,2,0.006106697981900111,0.0061075,,5
F18,50000,50000,3933,1,2,0.07866146683155495,0.07866,,7
F19,100000,100000,6829,1,2,0.06828870375968815,0.06829,,5
F20,400000,400000,2073,1,2,0.005182709001072372,0.0051825,,7
F21,400000,400000,600,1,2,0.0013109819778965859,0.0015,,7
F22,400000,400000,6949,1,2,0.017371954915311405,0.0173725,,6
F23,400000,400000,9166,1,2,0.022913903091772603,0.022915,,1
F24,100000,100000,7717,1,2,0.07716548305234705,0.07717,,7
F25,200000,200000,10688,1,2,0.05343810115880457,0.05344,,4
F26,400000,400000,9881,1,2,0.024701311170332724,0.0247025,,6
F27,400000,400000,4585,1,2,0.011461424755168911,0.0114625,,3
F28,200000,200000,3059,1,2,0.015295664907722745,0.015295,,4
F29,400000,400000,1559,1,2,0.0038971789545197977,0.0038975,,3
F30,200000,200000,8501,1,2,0.042505036200317134,0.042505,,4
F31,200000,200000,9511,1,2,0.04755369531796715,0.047555,,4
F32,400000,400000,2245,1,2,0.0056123636232619,0.0056125,,4
