Flow,Period,Deadline,Execution Time,w,h,Target_Utilization,Actual_Utilization,Utilization_Error,Queue
F1,400000,400000,2990,1,2,0.007475778790237642,0.007475,,4
F2,50000,50000,2659,1,2,0.05317780189138965,0.05318,,6
F3,100000,100000,7256,1,2,0.07255567887536896,0.07256,,2
F4,200000,200000,10571,1,2,0.05285415030265905,0.052855,,3
F5,400000,400000,1178,1,2,0.0029453139251250926,0.002945,,7
F6,100000,100000,6313,1,2,0.06313316888516507,0.06313,,3
F7,400000,400000,3281,1,2,0.008203387080270796,0.0082025,,1
F8,400000,400000,600,1,2,0.0006597011743306735,0.0015,,5
F9,400000,400000,1482,1,2,0.003706136237758173,0.003705,,3
F10,200000,200000,8639,1,2,0.04319443077891416,0.043195,,2
F11,400000,400000,600,1,2,0.0005763366368192191,0.0015,,1
F12,50000,50000,3895,1,2,0.07790374959635649,0.0779,,6
F13,100000,100000,3029,1,2,0.030287634064154245,0.03029,,2
F14,400000,400000,1446,1,2,0.0036145647848162543,0.003615,,3
F15,50000,50000,7082,1,2,0.14164085563926587,0.14164,,3
F16,400000,400000,749,1,2,0.0018724241606924985,0.0018725,,2
F17,400000,400000,600,1,2,0.0004516819320249943,0.0015,,4
F18,400000,400000,10091,1,2,0.02522847620595342,0.0252275,,1
F19,400000,400000,1103,1,2,0.002756857738112184,0.0027575,,6
F20,200000,200000,10253,1,2,0.05126635661454737,0.051265,,4
F21,50000,50000,1638,1,2,0.032760770600674005,0.03276,,6
F22,200000,200000,6053,1,2,0.030265034483984654,0.030265,,3
F23,400000,400000,11387,1,2,0.028468428141543323,0.0284675,,4
F24,50000,50000,3576,1,2,0.07152049502097163,0.07152,,2
F25,200000,200000,4059,1,2,0.02029516477500168,0.020295,,7
F26,400000,400000,600,1,2,0.0011246646797618276,0.0015,,2
F27,400000,400000,1952,1,2,0.0048801413859019815,0.00488,,6
F28,400000,400000,4832,1,2,0.012080945227505219,0.01208,,2
F29,50000,50000,3591,1,2,0.07181567633691675,0.07182,,6
F30,400000,400000,600,1,2,0.0013936709582198226,0.0015,,7
F31,400000,400000,11143,1,2,0.027858122045002487,0.0278575,,6
F32,200000,200000,7911,1,2,0.039556014525693864,0.039555,,1
