Flow,Period,Deadline,Execution Time,w,h,Target_Utilization,Actual_Utilization,Utilization_Error,Queue
F1,50000,50000,7070,1,2,0.14140180375043243,0.1414,,5
F2,100000,100000,1777,1,2,0.01777034163523783,0.01777,,6
F3,400000,400000,3049,1,2,0.007622212561092967,0.0076225,,2
F4,50000,50000,1955,1,2,0.039098258614615244,0.0391,,2
F5,100000,100000,5107,1,2,0.05106899299558787,0.05107,,7
F6,400000,400000,3163,1,2,0.007906658167611713,0.0079075,,4
F7,100000,100000,6408,1,2,0.06407886366154114,0.06408,,4
F8,200000,200000,1757,1,2,0.008784714020882545,0.008785,,3
F9,50000,50000,3561,1,2,0.07121814514061886,0.07122,,5
F10,100000,100000,5519,1,2,0.05518975001517534,0.05519,,1
F11,400000,400000,3165,1,2,0.007913415904302723,0.0079125,,1
F12,400000,400000,11505,1,2,0.02876292813957393,0.0287625,,1
F13,200000,200000,1713,1,2,0.008565061169562072,0.008565,,7
F14,400000,400000,2129,1,2,0.005323060227626186,0.0053225,,3
F15,400000,400000,6741,1,2,0.016852622408915774,0.0168525,,5
F16,400000,400000,1736,1,2,0.004339895828735174,0.00434,,1
F17,400000,400000,4557,1,2,0.011392511362169455,0.0113925,,6
F18,100000,100000,7433,1,2,0.07432692241552918,0.07433,,2
F19,400000,400000,600,1,2,0.0008731409308734284,0.0015,,4
F20,200000,200000,3649,1,2,0.0182455786264607,0.018245,,5
F21,200000,200000,6143,1,2,0.03071355334008563,0.030715,,4
F22,200000,200000,10229,1,2,0.05114255963669295,0.051145,,6
F23,400000,400000,1447,1,2,0.0036181563261273864,0.0036175,,6
F24,400000,400000,885,1,2,0.002213090871962975,0.0022125,,5
F25,400000,400000,945,1,2,0.0023634503601404067,0.0023625,,4
F26,200000,200000,4751,1,2,0.023755087803125435,0.023755,,3
F27,50000,50000,6829,1,2,0.1365819296433371,0.13658,,1
F28,400000,400000,600,1,2,7.089970888993213e-05,0.0015,,3
F29,100000,100000,7879,1,2,0.0787885136175314,0.07879,,4
F30,400000,400000,1771,1,2,0.00442650881827005,0.0044275,,7
F31,400000,400000,600,1,2,0.0001330203402299078,0.0015,,7
F32,400000,400000,4757,1,2,0.011892113257840687,0.0118925,,2
