Flow,Period,Deadline,Execution Time,w,h,Target_Utilization,Actual_Utilization,Utilization_Error,Queue
F1,400000,400000,2868,1,2,0.007169738936086634,0.00717,,5
F2,400000,400000,1549,1,2,0.0038725657348065434,0.0038725,,4
F3,200000,200000,7741,1,2,0.03870673531048219,0.038705,,3
F4,400000,400000,4589,1,2,0.011472925550545354,0.0114725,,6
F5,200000,200000,8027,1,2,0.04013494315197963,0.040135,,4
F6,400000,400000,1430,1,2,0.00357428155457562,0.003575,,3
F7,200000,200000,4828,1,2,0.02414122479467784,0.02414,,1
F8,400000,400000,5170,1,2,0.012925609368868884,0.012925,,4
F9,400000,400000,5309,1,2,0.013272233900355035,0.0132725,,6
F10,400000,400000,3144,1,2,0.007860261621943754,0.00786,,7
F11,200000,200000,8116,1,2,0.040577718562256004,0.04058,,2
F12,400000,400000,3345,1,2,0.008362845036086641,0.0083625,,4
F13,200000,200000,9907,1,2,0.049533458081316595,0.049535,,2
F14,400000,400000,2489,1,2,0.006221952980943191,0.0062225,,1
F15,100000,100000,6713,1,2,0.067133570234721,0.06713,,5
F16,50000,50000,1997,1,2,0.039939012622437486,0.03994,,1
F17,200000,200000,9543,1,2,0.04771603994692852,0.047715,,5
F18,400000,400000,2167,1,2,0.005417055063710041,0.0054175,,2
F19,200000,200000,7286,1,2,0.036428533803452456,0.03643,,2
F20,400000,400000,7839,1,2,0.01959791566637953,0.0195975,,5
F21,50000,50000,3062,1,2,0.06123910239933639,0.06124,,4
F22,400000,400000,8571,1,2,0.0214285147586758,0.0214275,,2
F23,400000,400000,8762,1,2,0.021903944273503007,0.021905,,1
F24,400000,400000,11955,1,2,0.02988835017662983,0.0298875,,4
F25,400000,400000,8954,1,2,0.022385242676594863,0.022385,,3
F26,50000,50000,3105,1,2,0.06210049466561113,0.0621,,5
F27,400000,400000,932,1,2,0.0023302219271095492,0.00233,,6
F28,400000,400000,3232,1,2,0.008080521851013822,0.00808,,3
F29,400000,400000,600,1,2,0.0007401078395951333,0.0015,,4
F30,50000,50000,7743,1,2,0.15486637010589915,0.15486,,5
F31,200000,200000,6051,1,2,0.03025583967502824,0.030255,,5
F32,400000,400000,1334,1,2,0.003335066038248581,0.003335,,7
