Flow,Period,Deadline,Execution Time,w,h,Target_Utilization,Actual_Utilization,Utilization_Error,Queue
F1,50000,50000,1538,1,2,0.03075935186444223,0.03076,,4
F2,50000,50000,2582,1,2,0.05164047865083221,0.05164,,6
F3,400000,400000,6375,1,2,0.01593705301659265,0.0159375,,1
F4,400000,400000,600,1,2,0.0007049918634268737,0.0015,,6
F5,200000,200000,10713,1,2,0.05356278632314837,0.053565,,6
F6,400000,400000,6237,1,2,0.015591588059616357,0.0155925,,5
F7,200000,200000,9478,1,2,0.04739004368868416,0.04739,,5
F8,100000,100000,3197,1,2,0.03196955837985049,0.03197,,5
F9,400000,400000,9970,1,2,0.02492512146582604,0.024925,,4
F10,400000,400000,10265,1,2,0.02566272401615821,0.0256625,,2
F11,100000,100000,3448,1,2,0.034482300527086895,0.03448,,2
F12,50000,50000,3887,1,2,0.07773616185209209,0.07774,,2
F13,200000,200000,10207,1,2,0.05103588260092784,0.051035,,2
F14,200000,200000,9435,1,2,0.047174583203805076,0.047175,,6
F15,400000,400000,9051,1,2,0.022628394823083986,0.0226275,,3
F16,200000,200000,1246,1,2,0.006229711366502744,0.00623,,6
F17,200000,200000,5953,1,2,0.0297652170532135,0.029765,,6
F18,400000,400000,9937,1,2,0.024842643043211765,0.0248425,,6
F19,100000,100000,3139,1,2,0.03138878266853351,0.03139,,2
F20,50000,50000,4972,1,2,0.09943950639990812,0.09944,,5
F21,400000,400000,938,1,2,0.002345240282621508,0.002345,,7
F22,200000,200000,2021,1,2,0.010105851741332494,0.010105,,2
F23,100000,100000,10165,1,2,0.10164980093454115,0.10165,,2
F24,400000,400000,3595,1,2,0.008986704176517452,0.0089875,,4
F25,400000,400000,600,1,2,0.0010072002354707399,0.0015,,1
F26,100000,100000,5233,1,2,0.052329754507139864,0.05233,,5
F27,400000,400000,600,1,2,1.768737254985442e-05,0.0015,,7
F28,200000,200000,5177,1,2,0.025883848612008035,0.025885,,5
F29,400000,400000,7115,1,2,0.017787395214833343,0.0177875,,7
F30,200000,200000,6583,1,2,0.03291585269751348,0.032915,,4
F31,400000,400000,889,1,2,0.0022215782448239667,0.0022225,,3
F32,400000,400000,600,1,2,0.0008796454857397254,0.0015,,2
