Flow,Period,Deadline,Execution Time,w,h,Target_Utilization,Actual_Utilization,Utilization_Error,Queue
F1,200000,200000,7433,1,2,0.03716528021050969,0.037165,,3
F2,100000,100000,671,1,2,0.006709049794711208,0.00671,,3
F3,200000,200000,5097,1,2,0.025485153819682527,0.025485,,5
F4,400000,400000,4457,1,2,0.011143425273782204,0.0111425,,7
F5,100000,100000,7613,1,2,0.07613414988530853,0.07613,,4
F6,200000,200000,9537,1,2,0.04768266680317823,0.047685,,6
F7,200000,200000,6793,1,2,0.03396536191797761,0.033965,,4
F8,50000,50000,1954,1,2,0.039079093668398956,0.03908,,1
F9,400000,400000,600,1,2,1.1895964862063124e-06,0.0015,,7
F10,100000,100000,10379,1,2,0.1037907608788406,0.10379,,5
F11,200000,200000,6486,1,2,0.03242981505646897,0.03243,,2
F12,400000,400000,7518,1,2,0.018794487765058487,0.018795,,1
F13,400000,400000,7822,1,2,0.019554874780899123,0.019555,,6
F14,50000,50000,6694,1,2,0.13388079606687647,0.13388,,7
F15,200000,200000,11093,1,2,0.055466923928874604,0.055465,,7
F16,50000,50000,3303,1,2,0.06605746629461495,0.06606,,2
