Flow,Period,Deadline,Execution Time,w,h,Target_Utilization,Actual_Utilization,Utilization_Error,Queue
F1,200000,200000,8863,1,2,0.04431374574129032,0.044315,,3
F2,200000,200000,2428,1,2,0.01214097361878863,0.01214,,4
F3,100000,100000,8733,1,2,0.08733489376009951,0.08733,,6
F4,200000,200000,10118,1,2,0.05058818902224005,0.05059,,2
F5,200000,200000,6127,1,2,0.030635669921150188,0.030635,,2
F6,100000,100000,6996,1,2,0.06995725784360962,0.06996,,1
F7,50000,50000,2406,1,2,0.0481187585554953,0.04812,,4
F8,100000,100000,7383,1,2,0.073831502151328,0.07383,,3
F9,100000,100000,9283,1,2,0.09283206264825353,0.09283,,6
F10,400000,400000,1533,1,2,0.0038325845958838978,0.0038325,,3
F11,200000,200000,9495,1,2,0.04747737518064021,0.047475,,6
F12,400000,400000,5677,1,2,0.01419349133743128,0.0141925,,5
F13,50000,50000,1986,1,2,0.03972221985435276,0.03972,,1
F14,200000,200000,955,1,2,0.004773949281725434,0.004775,,6
F15,100000,100000,7984,1,2,0.07984066315098802,0.07984,,6
F16,400000,400000,2979,1,2,0.007447943103583183,0.0074475,,7
