Flow,Period,Deadline,Execution Time,w,h,Target_Utilization,Actual_Utilization,Utilization_Error,Queue
F1,400000,400000,6851,1,2,0.017128103314011378,0.0171275,,6
F2,200000,200000,10510,1,2,0.05254834685501675,0.05255,,1
F3,400000,400000,3313,1,2,0.008281627733329744,0.0082825,,4
F4,100000,100000,11383,1,2,0.11382815794059797,0.11383,,1
F5,200000,200000,1130,1,2,0.0056500423779778375,0.00565,,5
F6,200000,200000,8859,1,2,0.044294405673382165,0.044295,,5
F7,50000,50000,8162,1,2,0.16323573819013698,0.16324,,1
F8,100000,100000,7027,1,2,0.07027122249172169,0.07027,,4
F9,400000,400000,2000,1,2,0.005000327929356563,0.005,,3
F10,100000,100000,9448,1,2,0.09448288198619528,0.09448,,7
F11,400000,400000,11021,1,2,0.027552505266299487,0.0275525,,7
F12,200000,200000,6214,1,2,0.03107030186370055,0.03107,,4
F13,400000,400000,733,1,2,0.001832548204862755,0.0018325,,7
F14,100000,100000,5385,1,2,0.05385193748461577,0.05385,,2
F15,200000,200000,11673,1,2,0.058365641109249064,0.058365,,6
F16,400000,400000,8199,1,2,0.020497653098065418,0.0204975,,2
