Flow,Period,Deadline,Execution Time,w,h,Target_Utilization,Actual_Utilization,Utilization_Error,Queue
F1,400000,400000,8815,1,2,0.02203636911331741,0.0220375,,3
F2,100000,100000,1770,1,2,0.017698926802451664,0.0177,,1
F3,50000,50000,3677,1,2,0.07353609483851165,0.07354,,7
F4,100000,100000,3312,1,2,0.03312079510401644,0.03312,,5
F5,100000,100000,7188,1,2,0.0718844199012183,0.07188,,4
F6,400000,400000,5397,1,2,0.013492035382762169,0.0134925,,4
F7,100000,100000,6593,1,2,0.0659277475681232,0.06593,,1
F8,100000,100000,2906,1,2,0.02905906166785982,0.02906,,5
F9,100000,100000,8332,1,2,0.08332461685140846,0.08332,,7
F10,50000,50000,8949,1,2,0.17897920037467116,0.17898,,2
F11,400000,400000,626,1,2,0.001565299203101056,0.001565,,6
F12,200000,200000,6470,1,2,0.03235045458503767,0.03235,,7
F13,400000,400000,1833,1,2,0.004581699935073541,0.0045825,,6
F14,100000,100000,4537,1,2,0.04537041975637594,0.04537,,3
F15,400000,400000,6962,1,2,0.017404301404530663,0.017405,,7
F16,200000,200000,6311,1,2,0.03155627924739322,0.031555,,2
