Flow,Period,Deadline,Execution Time,w,h,Target_Utilization,Actual_Utilization,Utilization_Error,Queue
F1,400000,400000,11275,1,2,0.028186365878608677,0.0281875,,3
F2,100000,100000,6141,1,2,0.06141357190973662,0.06141,,6
F3,400000,400000,5655,1,2,0.014138085145350088,0.0141375,,5
F4,50000,50000,3911,1,2,0.07821976969070943,0.07822,,1
F5,50000,50000,5040,1,2,0.10079767135183682,0.1008,,1
F6,400000,400000,1071,1,2,0.0026776448272676223,0.0026775,,2
F7,400000,400000,11718,1,2,0.029295624642985352,0.029295,,6
F8,100000,100000,8314,1,2,0.0831399423833255,0.08314,,4
F9,400000,400000,10287,1,2,0.025717124667279767,0.0257175,,1
F10,200000,200000,614,1,2,0.0030692231088619293,0.00307,,2
F11,400000,400000,9319,1,2,0.023297790121658224,0.0232975,,7
F12,100000,100000,4032,1,2,0.04032160322049408,0.04032,,7
F13,100000,100000,9768,1,2,0.09767760350710161,0.09768,,6
F14,100000,100000,6015,1,2,0.06014581305699711,0.06015,,3
F15,200000,200000,7110,1,2,0.03555160663771299,0.03555,,4
F16,100000,100000,5619,1,2,0.05619226352147841,0.05619,,2
