Flow,Period,Deadline,Execution Time,w,h,Target_Utilization,Actual_Utilization,Utilization_Error,Queue
F1,400000,400000,9972,1,2,0.024930669821090157,0.02493,,5
F2,100000,100000,6538,1,2,0.06538305810231326,0.06538,,2
F3,400000,400000,10142,1,2,0.025355338497074054,0.025355,,4
F4,200000,200000,7427,1,2,0.03713527625647428,0.037135,,5
F5,50000,50000,7604,1,2,0.15208136411842244,0.15208,,6
F6,100000,100000,8307,1,2,0.08307323070266237,0.08307,,3
F7,200000,200000,6956,1,2,0.034780017115987216,0.03478,,2
F8,200000,200000,7255,1,2,0.03627620510996021,0.036275,,3
F9,200000,200000,3487,1,2,0.017433803350674015,0.017435,,6
F10,200000,200000,6803,1,2,0.034013029250919063,0.034015,,7
F11,200000,200000,7218,1,2,0.03609125838405722,0.03609,,6
F12,400000,400000,5783,1,2,0.01445803572629864,0.0144575,,2
F13,100000,100000,6871,1,2,0.06871242474648195,0.06871,,2
F14,400000,400000,10081,1,2,0.02520312391297047,0.0252025,,3
F15,200000,200000,10140,1,2,0.05070208555893845,0.0507,,3
F16,100000,100000,4333,1,2,0.043328456255283705,0.04333,,4
