Flow,Period,Deadline,Execution Time,w,h,Target_Utilization,Actual_Utilization,Utilization_Error,Queue
F1,400000,400000,1071,1,2,0.002677325106372641,0.0026775,,5
F2,200000,200000,725,1,2,0.0036250014834683375,0.003625,,6
F3,50000,50000,3713,1,2,0.07426195510599976,0.07426,,7
F4,400000,400000,600,1,2,0.0015003831517735877,0.0015,,1
F5,200000,200000,11175,1,2,0.05587657781713984,0.055875,,2
F6,200000,200000,6111,1,2,0.030553348030647687,0.030555,,1
F7,400000,400000,2199,1,2,0.005497266642011223,0.0054975,,1
F8,100000,100000,7555,1,2,0.07554843036451142,0.07555,,5
F9,200000,200000,9076,1,2,0.04537957108123897,0.04538,,4
F10,50000,50000,9244,1,2,0.18488150650021587,0.18488,,1
F11,400000,400000,4818,1,2,0.012044217258348672,0.012045,,6
F12,400000,400000,3111,1,2,0.007776474188811333,0.0077775,,5
F13,50000,50000,4943,1,2,0.09885632804162899,0.09886,,2
F14,400000,400000,1197,1,2,0.002991543664036589,0.0029925,,6
F15,400000,400000,10492,1,2,0.026229203162896494,0.02623,,3
F16,50000,50000,4546,1,2,0.09092230505579157,0.09092,,1
