Flow,Period,Deadline,Execution Time,w,h,Target_Utilization,Actual_Utilization,Utilization_Error,Queue
F1,200000,200000,6375,1,2,0.03187632760494674,0.031875,,6
F2,100000,100000,11043,1,2,0.11042816995211657,0.11043,,4
F3,200000,200000,2235,1,2,0.011174826506142876,0.011175,,7
F4,100000,100000,2691,1,2,0.026910226317480745,0.02691,,3
F5,200000,200000,11098,1,2,0.05548881765659741,0.05549,,3
F6,200000,200000,6073,1,2,0.03036624440898672,0.030365,,2
F7,200000,200000,7089,1,2,0.03544719138742913,0.035445,,4
F8,200000,200000,2483,1,2,0.012414119192014295,0.012415,,5
F9,200000,200000,9724,1,2,0.04862223243980579,0.04862,,5
F10,400000,400000,4505,1,2,0.011263056583383113,0.0112625,,1
F11,100000,100000,11317,1,2,0.11317479211406445,0.11317,,5
F12,200000,200000,6126,1,2,0.030631854813939374,0.03063,,5
F13,400000,400000,5856,1,2,0.014640247781336213,0.01464,,6
F14,200000,200000,4191,1,2,0.02095558272344672,0.020955,,4
F15,50000,50000,8058,1,2,0.16116678762407424,0.16116,,4
F16,200000,200000,7678,1,2,0.0383911620374269,0.03839,,3
