Flow,Period,Deadline,Execution Time,w,h,Target_Utilization,Actual_Utilization,Utilization_Error,Queue
F1,200000,200000,7643,1,2,0.038214799280535394,0.038215,,2
F2,100000,100000,3019,1,2,0.030191445935242922,0.03019,,4
F3,100000,100000,11203,1,2,0.11203160838542758,0.11203,,5
F4,50000,50000,4405,1,2,0.08810274770927834,0.0881,,5
F5,400000,400000,3058,1,2,0.007644475691341468,0.007645,,7
F6,400000,400000,4315,1,2,0.010786278547559536,0.0107875,,1
F7,400000,400000,1658,1,2,0.004144018321508791,0.004145,,6
F8,100000,100000,1418,1,2,0.014179068422608798,0.01418,,6
F9,400000,400000,4933,1,2,0.012333141338677245,0.0123325,,7
F10,100000,100000,8385,1,2,0.08384818078780676,0.08385,,3
F11,100000,100000,9250,1,2,0.09249724320373034,0.0925,,7
F12,400000,400000,4961,1,2,0.012401467311608072,0.0124025,,1
F13,200000,200000,11427,1,2,0.05713713421300981,0.057135,,4
F14,50000,50000,2038,1,2,0.04076032114723972,0.04076,,6
F15,400000,400000,600,1,2,0.0007384538513265926,0.0015,,2
F16,50000,50000,5046,1,2,0.10091976143540111,0.10092,,1
