Flow,Period,Deadline,Execution Time,w,h,Target_Utilization,Actual_Utilization,Utilization_Error,Queue
F1,200000,200000,7213,1,2,0.03606517625713379,0.036065,,4
F2,50000,50000,6134,1,2,0.12267357803574863,0.12268,,1
F3,200000,200000,9535,1,2,0.04767433197232551,0.047675,,7
F4,400000,400000,3771,1,2,0.009427580555667281,0.0094275,,2
F5,400000,400000,10037,1,2,0.025092129792995688,0.0250925,,5
F6,200000,200000,7367,1,2,0.036833835058083075,0.036835,,6
F7,400000,400000,11146,1,2,0.027865833833690123,0.027865,,1
F8,200000,200000,6383,1,2,0.03191289522065155,0.031915,,7
F9,200000,200000,7457,1,2,0.0372850310008106,0.037285,,5
F10,400000,400000,5071,1,2,0.012676819705489673,0.0126775,,2
F11,50000,50000,6109,1,2,0.12218983459138,0.12218,,5
F12,100000,100000,7439,1,2,0.07438703870312255,0.07439,,7
F13,50000,50000,2777,1,2,0.05553864998973007,0.05554,,6
F14,100000,100000,3958,1,2,0.039578423363986134,0.03958,,1
F15,100000,100000,777,1,2,0.00776922294479554,0.00777,,3
F16,100000,100000,8440,1,2,0.08440294857284895,0.0844,,1
