Flow,Period,Deadline,Execution Time,w,h,Target_Utilization,Actual_Utilization,Utilization_Error,Queue
F1,400000,400000,1302,1,2,0.003255661103018226,0.003255,,3
F2,400000,400000,766,1,2,0.0019154420410659734,0.001915,,3
F3,100000,100000,6002,1,2,0.060023609620780904,0.06002,,5
F4,400000,400000,600,1,2,0.0013497006257913169,0.0015,,4
F5,200000,200000,4443,1,2,0.02221545786839385,0.022215,,4
F6,50000,50000,6219,1,2,0.12438589678124912,0.12438,,4
F7,400000,400000,1022,1,2,0.0025555107695157675,0.002555,,3
F8,50000,50000,4538,1,2,0.09075806142226472,0.09076,,3
F9,400000,400000,7176,1,2,0.017939152885834475,0.01794,,6
F10,400000,400000,10975,1,2,0.02743819998238417,0.0274375,,7
F11,50000,50000,12000,1,2,0.27053740771124424,0.24,,2
F12,100000,100000,5323,1,2,0.05322964472788021,0.05323,,1
F13,100000,100000,5870,1,2,0.058698478223564325,0.0587,,6
F14,400000,400000,5851,1,2,0.014627017873568723,0.0146275,,1
F15,100000,100000,3183,1,2,0.03183156341840965,0.03183,,5
F16,400000,400000,964,1,2,0.0024101923820355805,0.00241,,2
