Flow,Period,Deadline,Execution Time,w,h,Target_Utilization,Actual_Utilization,Utilization_Error,Queue
F1,400000,400000,11649,1,2,0.029121925067740473,0.0291225,,6
F2,200000,200000,8398,1,2,0.04199192193924883,0.04199,,3
F3,50000,50000,5615,1,2,0.11229967844741029,0.1123,,1
F4,200000,200000,8631,1,2,0.043153063930704894,0.043155,,7
F5,400000,400000,8662,1,2,0.021655645906326737,0.021655,,4
F6,100000,100000,4698,1,2,0.046979036356854575,0.04698,,3
F7,100000,100000,10148,1,2,0.10148127322936179,0.10148,,1
F8,200000,200000,10223,1,2,0.05111593200854592,0.051115,,7
F9,200000,200000,6731,1,2,0.03365588727637012,0.033655,,1
F10,200000,200000,11499,1,2,0.05749320400956945,0.057495,,1
F11,200000,200000,1920,1,2,0.009600930036563704,0.0096,,5
F12,400000,400000,600,1,2,2.0235362472115215e-05,0.0015,,7
F13,400000,400000,2245,1,2,0.00561172050319983,0.0056125,,2
F14,400000,400000,9234,1,2,0.02308498146973971,0.023085,,2
F15,100000,100000,7911,1,2,0.07910724782031994,0.07911,,3
F16,200000,200000,9114,1,2,0.04556761415638296,0.04557,,1
