Flow,Period,Deadline,Execution Time,w,h,Target_Utilization,Actual_Utilization,Utilization_Error,Queue
F1,400000,400000,6171,1,2,0.015428326014689575,0.0154275,,7
F2,100000,100000,11152,1,2,0.11152294930953932,0.11152,,7
F3,200000,200000,9715,1,2,0.04857571898470814,0.048575,,1
F4,200000,200000,11027,1,2,0.05513276698742803,0.055135,,7
F5,200000,200000,6714,1,2,0.03357081328160533,0.03357,,3
F6,100000,100000,5424,1,2,0.0542400461438472,0.05424,,6
F7,400000,400000,4433,1,2,0.011083619354904428,0.0110825,,1
F8,400000,400000,3097,1,2,0.007743311561388966,0.0077425,,5
F9,400000,400000,4747,1,2,0.011866468640517769,0.0118675,,6
F10,400000,400000,1327,1,2,0.0033180625147429255,0.0033175,,5
F11,200000,200000,9505,1,2,0.04752424623146395,0.047525,,5
F12,50000,50000,4325,1,2,0.08650447482821036,0.0865,,4
F13,400000,400000,620,1,2,0.001549215436788015,0.00155,,2
F14,400000,400000,2475,1,2,0.0061870959550666405,0.0061875,,7
F15,50000,50000,8999,1,2,0.1799832530482364,0.17998,,4
F16,200000,200000,8742,1,2,0.04371005532451317,0.04371,,2
