Flow,Period,Deadline,Execution Time,w,h,Target_Utilization,Actual_Utilization,Utilization_Error,Queue
F1,400000,400000,7606,1,2,0.019014892918824744,0.019015,,5
F2,200000,200000,5444,1,2,0.027219492697510783,0.02722,,7
F3,400000,400000,600,1,2,0.001203769076574157,0.0015,,6
F4,100000,100000,9771,1,2,0.09770653993191647,0.09771,,5
F5,400000,400000,600,1,2,0.0012917834398360473,0.0015,,6
F6,400000,400000,1021,1,2,0.0025523763623387374,0.0025525,,4
F7,100000,100000,5081,1,2,0.050811437452317976,0.05081,,2
F8,100000,100000,7202,1,2,0.07202202058470197,0.07202,,7
F9,50000,50000,8917,1,2,0.17833639494293235,0.17834,,5
F10,200000,200000,7451,1,2,0.03725324597467,0.037255,,3
F11,200000,200000,6667,1,2,0.03333688167582877,0.033335,,2
F12,400000,400000,3334,1,2,0.00833533354948432,0.008335,,1
F13,100000,100000,11633,1,2,0.11632758372958017,0.11633,,5
F14,400000,400000,4041,1,2,0.010102919151081774,0.0101025,,3
F15,200000,200000,10067,1,2,0.050333267427845566,0.050335,,1
F16,200000,200000,7416,1,2,0.037082468916800004,0.03708,,6
