Flow,Period,Deadline,Execution Time,w,h,Target_Utilization,Actual_Utilization,Utilization_Error,Queue
F1,200000,200000,1435,1,2,0.007173994721129562,0.007175,,1
F2,100000,100000,5278,1,2,0.05278016776796424,0.05278,,5
F3,200000,200000,5515,1,2,0.027574017512413285,0.027575,,4
F4,200000,200000,2003,1,2,0.010015005957523582,0.010015,,1
F5,400000,400000,2377,1,2,0.0059431370568824304,0.0059425,,2
F6,200000,200000,6905,1,2,0.03452604348171873,0.034525,,2
F7,400000,400000,1705,1,2,0.004262889036725781,0.0042625,,5
F8,400000,400000,1996,1,2,0.004990639546128994,0.00499,,6
F9,50000,50000,6269,1,2,0.12537913007370782,0.12538,,2
F10,200000,200000,11355,1,2,0.056773991072194496,0.056775,,5
F11,400000,400000,11609,1,2,0.029021573025539038,0.0290225,,3
F12,400000,400000,10083,1,2,0.02520645045611347,0.0252075,,5
F13,50000,50000,6860,1,2,0.13720707583099,0.1372,,4
F14,200000,200000,10630,1,2,0.05314817795517915,0.05315,,3
F15,100000,100000,2084,1,2,0.020840425295686277,0.02084,,7
F16,50000,50000,7900,1,2,0.15799377157694922,0.158,,5
