Flow,Period,Deadline,Execution Time,w,h,Target_Utilization,Actual_Utilization,Utilization_Error,Queue
F1,400000,400000,3933,1,2,0.00983152669160059,0.0098325,,1
F2,100000,100000,890,1,2,0.008900528079288983,0.0089,,3
F3,200000,200000,1765,1,2,0.008825957712402688,0.008825,,7
F4,100000,100000,6635,1,2,0.06635222986167333,0.06635,,7
F5,100000,100000,7353,1,2,0.07352542553848695,0.07353,,2
F6,50000,50000,5211,1,2,0.10422255167873601,0.10422,,3
F7,100000,100000,1915,1,2,0.01915025565133155,0.01915,,4
F8,50000,50000,3937,1,2,0.07874475760458544,0.07874,,2
F9,100000,100000,1201,1,2,0.012010719485237964,0.01201,,5
F10,400000,400000,8371,1,2,0.020927113520462448,0.0209275,,4
F11,100000,100000,10893,1,2,0.10892973077943743,0.10893,,1
F12,400000,400000,11833,1,2,0.02958217369344293,0.0295825,,5
F13,100000,100000,3981,1,2,0.03980857133612507,0.03981,,1
F14,200000,200000,8407,1,2,0.04203674672841248,0.042035,,3
F15,400000,400000,1871,1,2,0.004676487011943772,0.0046775,,5
F16,100000,100000,7509,1,2,0.07509211741949573,0.07509,,7
