Flow,Period,Deadline,Execution Time,w,h,Target_Utilization,Actual_Utilization,Utilization_Error,Queue
F1,400000,400000,600,1,2,0.001392305714508213,0.0015,,2
F2,200000,200000,7018,1,2,0.03508794314089658,0.03509,,5
F3,200000,200000,11384,1,2,0.05692091434035906,0.05692,,5
F4,400000,400000,1621,1,2,0.004053407462924263,0.0040525,,7
F5,100000,100000,8367,1,2,0.08367271715619296,0.08367,,6
F6,100000,100000,1947,1,2,0.019469212883922338,0.01947,,1
F7,100000,100000,11544,1,2,0.11543977025117319,0.11544,,3
F8,400000,400000,4621,1,2,0.011551319223724876,0.0115525,,3
F9,200000,200000,8939,1,2,0.0446968854417476,0.044695,,6
F10,200000,200000,9345,1,2,0.046725099639751966,0.046725,,1
F11,50000,50000,1413,1,2,0.028260800729166424,0.02826,,2
F12,400000,400000,8413,1,2,0.02103141230261496,0.0210325,,4
F13,200000,200000,9067,1,2,0.045337179238297665,0.045335,,7
F14,50000,50000,6361,1,2,0.1272175074620279,0.12722,,3
F15,50000,50000,5737,1,2,0.1147382705359939,0.11474,,3
F16,400000,400000,4572,1,2,0.01143079092964479,0.01143,,4
