Flow,Period,Deadline,Execution Time,w,h,Target_Utilization,Actual_Utilization,Utilization_Error,Queue
F1,100000,100000,1014,1,2,0.010139981404893694,0.01014,,5
F2,100000,100000,11545,1,2,0.11545160677448563,0.11545,,6
F3,400000,400000,10997,1,2,0.027491655729021125,0.0274925,,2
F4,100000,100000,8756,1,2,0.08755560955126562,0.08756,,4
F5,400000,400000,7121,1,2,0.01780257289296483,0.0178025,,1
F6,200000,200000,9542,1,2,0.04771190111968815,0.04771,,7
F7,200000,200000,5057,1,2,0.02528587155875095,0.025285,,4
F8,50000,50000,11485,1,2,0.22970586055372386,0.2297,,3
F9,400000,400000,5255,1,2,0.01313799912525454,0.0131375,,4
F10,50000,50000,1723,1,2,0.03445787194889094,0.03446,,6
F11,100000,100000,2259,1,2,0.022589619594431593,0.02259,,5
F12,400000,400000,600,1,2,4.6731396786986457e-05,0.0015,,7
F13,200000,200000,10187,1,2,0.05093431999430559,0.050935,,5
F14,400000,400000,6537,1,2,0.016343164793805903,0.0163425,,6
F15,200000,200000,2506,1,2,0.012530317383671212,0.01253,,2
F16,200000,200000,10603,1,2,0.05301339764790109,0.053015,,6
