Flow,Period,Deadline,Execution Time,w,h,Target_Utilization,Actual_Utilization,Utilization_Error,Queue
F1,100000,100000,8675,1,2,0.0867455714415285,0.08675,,1
F2,200000,200000,8843,1,2,0.04421598495883672,0.044215,,1
F3,200000,200000,1622,1,2,0.008110430937219748,0.00811,,2
F4,400000,400000,10004,1,2,0.02501038876336814,0.02501,,6
F5,200000,200000,2193,1,2,0.010964881223504142,0.010965,,5
F6,200000,200000,2307,1,2,0.01153529995787983,0.011535,,7
F7,100000,100000,6496,1,2,0.06495954741143911,0.06496,,3
F8,400000,400000,10145,1,2,0.025362179797364826,0.0253625,,2
F9,100000,100000,8668,1,2,0.08668269618653196,0.08668,,2
F10,400000,400000,3543,1,2,0.008857719508706785,0.0088575,,7
F11,400000,400000,621,1,2,0.0015530910242074203,0.0015525,,1
F12,200000,200000,3545,1,2,0.01772534780535856,0.017725,,2
F13,50000,50000,4801,1,2,0.09601806313754474,0.09602,,6
F14,100000,100000,7643,1,2,0.07642974246702308,0.07643,,3
F15,100000,100000,11411,1,2,0.11410832411194934,0.11411,,6
F16,100000,100000,7279,1,2,0.07279256015004944,0.07279,,6
