Flow,Period,Deadline,Execution Time,w,h,Target_Utilization,Actual_Utilization,Utilization_Error,Queue
F1,200000,200000,6923,1,2,0.034616768267638154,0.034615,,2
F2,200000,200000,11269,1,2,0.05634597156840471,0.056345,,1
F3,50000,50000,5919,1,2,0.11837544009076728,0.11838,,4
F4,400000,400000,600,1,2,0.00013101077635746528,0.0015,,3
F5,200000,200000,6944,1,2,0.03471858101652869,0.03472,,4
F6,50000,50000,10860,1,2,0.2172051790794754,0.2172,,3
F7,400000,400000,1346,1,2,0.003366018355943967,0.003365,,3
F8,400000,400000,1145,1,2,0.002862332232557774,0.0028625,,5
F9,400000,400000,7993,1,2,0.019982648712361606,0.0199825,,1
F10,100000,100000,3801,1,2,0.03801146256266669,0.03801,,6
F11,400000,400000,622,1,2,0.001554287569187296,0.001555,,2
F12,400000,400000,11525,1,2,0.028812394875582292,0.0288125,,5
F13,200000,200000,3870,1,2,0.019350565192860936,0.01935,,6
F14,100000,100000,5869,1,2,0.05869162481912206,0.05869,,5
F15,200000,200000,3477,1,2,0.017384102088424586,0.017385,,4
F16,50000,50000,3331,1,2,0.06662363635041198,0.06662,,5
