Flow,Period,Deadline,Execution Time,w,h,Target_Utilization,Actual_Utilization,Utilization_Error,Queue
F1,400000,400000,9574,1,2,0.023934151428779527,0.023935,,2
F2,200000,200000,4132,1,2,0.020658757329233723,0.02066,,5
F3,200000,200000,8371,1,2,0.04185268278287513,0.041855,,6
F4,50000,50000,3850,1,2,0.07699736754606745,0.077,,4
F5,400000,400000,1345,1,2,0.0033614167856768074,0.0033625,,5
F6,100000,100000,7733,1,2,0.07732875814342444,0.07733,,7
F7,100000,100000,844,1,2,0.008440113783077963,0.00844,,2
F8,100000,100000,3093,1,2,0.030929015468871668,0.03093,,7
F9,100000,100000,7115,1,2,0.071145136862038,0.07115,,5
F10,200000,200000,11579,1,2,0.05789621426449859,0.057895,,1
F11,100000,100000,7098,1,2,0.0709845179592653,0.07098,,4
F12,100000,100000,899,1,2,0.008988946375602158,0.00899,,3
F13,400000,400000,814,1,2,0.0020357342958247093,0.002035,,5
F14,100000,100000,7653,1,2,0.0765275140739749,0.07653,,7
F15,50000,50000,6241,1,2,0.12482162321233602,0.12482,,7
F16,100000,100000,8753,1,2,0.08753452053485074,0.08753,,7
