Flow,Period,Deadline,Execution Time,w,h,Target_Utilization,Actual_Utilization,Utilization_Error,Queue
F1,200000,200000,1322,1,2,0.006610462082071833,0.00661,,1
F2,400000,400000,5865,1,2,0.014661453604531305,0.0146625,,3
F3,100000,100000,612,1,2,0.006119398274085586,0.00612,,5
F4,400000,400000,2447,1,2,0.006118429447039442,0.0061175,,1
F5,400000,400000,8135,1,2,0.020336960821823347,0.0203375,,2
F6,200000,200000,935,1,2,0.004673910688843375,0.004675,,7
F7,50000,50000,7512,1,2,0.1502394712328955,0.15024,,6
F8,100000,100000,4735,1,2,0.04735032753876889,0.04735,,5
F9,200000,200000,10155,1,2,0.05077659429624165,0.050775,,3
F10,400000,400000,2911,1,2,0.007277787906371791,0.0072775,,5
F11,200000,200000,11643,1,2,0.05821439782402876,0.058215,,5
F12,400000,400000,9133,1,2,0.022833161639271404,0.0228325,,1
F13,50000,50000,7836,1,2,0.15671143596214307,0.15672,,1
F14,200000,200000,4949,1,2,0.02474517047281269,0.024745,,4
F15,400000,400000,5708,1,2,0.014271119268814275,0.01427,,4
F16,50000,50000,8194,1,2,0.16388308554527867,0.16388,,1
