Flow,Period,Deadline,Execution Time,w,h,Target_Utilization,Actual_Utilization,Utilization_Error,Queue
F1,100000,100000,4823,1,2,0.048229898789707626,0.04823,,4
F2,400000,400000,2070,1,2,0.005175904796619113,0.005175,,7
F3,400000,400000,7507,1,2,0.01876718814812106,0.0187675,,6
F4,200000,200000,10546,1,2,0.05273040774901816,0.05273,,1
F5,200000,200000,4337,1,2,0.021685578248796133,0.021685,,1
F6,50000,50000,5499,1,2,0.10998331805798434,0.10998,,4
F7,100000,100000,10535,1,2,0.1053452354699499,0.10535,,6
F8,50000,50000,4235,1,2,0.08470222366835534,0.0847,,2
F9,50000,50000,10153,1,2,0.20306991322391038,0.20306,,1
F10,50000,50000,7218,1,2,0.1443578679874773,0.14436,,5
F11,400000,400000,8751,1,2,0.021878054822993653,0.0218775,,7
F12,50000,50000,7445,1,2,0.14890618139589024,0.1489,,6
F13,200000,200000,3081,1,2,0.015405225840625411,0.015405,,2
F14,400000,400000,600,1,2,0.0008711191356683967,0.0015,,5
F15,100000,100000,7791,1,2,0.07791318096916125,0.07791,,5
F16,200000,200000,6054,1,2,0.030268625825006768,0.03027,,3
