Flow,Period,Deadline,Execution Time,w,h,Target_Utilization,Actual_Utilization,Utilization_Error,Queue
F1,400000,400000,11769,1,2,0.02942238875264258,0.0294225,,5
F2,200000,200000,10107,1,2,0.05053729541700558,0.050535,,1
F3,100000,100000,4011,1,2,0.04011160047456652,0.04011,,6
F4,50000,50000,4159,1,2,0.0831832900136833,0.08318,,1
F5,200000,200000,6932,1,2,0.03466091445687136,0.03466,,3
F6,400000,400000,6345,1,2,0.015862391127809183,0.0158625,,1
F7,100000,100000,6503,1,2,0.0650279588646453,0.06503,,5
F8,50000,50000,9378,1,2,0.18755111629459875,0.18756,,6
F9,400000,400000,1725,1,2,0.004312390824966372,0.0043125,,3
F10,200000,200000,8290,1,2,0.04144850316735765,0.04145,,2
F11,50000,50000,6710,1,2,0.1342028325702333,0.1342,,4
F12,100000,100000,6913,1,2,0.0691279685135518,0.06913,,6
F13,50000,50000,7263,1,2,0.14525280185886585,0.14526,,5
F14,200000,200000,6585,1,2,0.03292470994470738,0.032925,,4
F15,200000,200000,2333,1,2,0.011663923958703526,0.011665,,2
F16,100000,100000,7889,1,2,0.07889025113699893,0.07889,,2
