Flow,Period,Deadline,Execution Time,w,h,Target_Utilization,Actual_Utilization,Utilization_Error,Queue
F1,100000,100000,7680,1,2,0.07680351306541378,0.0768,,2
F2,200000,200000,8119,1,2,0.04059302399665643,0.040595,,2
F3,400000,400000,9317,1,2,0.023292460327171027,0.0232925,,6
F4,50000,50000,8137,1,2,0.16274459501870997,0.16274,,3
F5,400000,400000,4265,1,2,0.010663468572718715,0.0106625,,4
F6,200000,200000,970,1,2,0.0048495338377052555,0.00485,,1
F7,100000,100000,9828,1,2,0.09827701520860643,0.09828,,7
F8,200000,200000,9501,1,2,0.04750713496328696,0.047505,,1
F9,100000,100000,9024,1,2,0.0902446419878754,0.09024,,3
F10,200000,200000,4440,1,2,0.02219973469440706,0.0222,,5
F11,50000,50000,8541,1,2,0.1708161861902593,0.17082,,3
F12,400000,400000,8665,1,2,0.021663024339961312,0.0216625,,3
F13,400000,400000,10489,1,2,0.026221521550693683,0.0262225,,3
F14,50000,50000,7239,1,2,0.1447731120243513,0.14478,,5
F15,200000,200000,11100,1,2,0.05550148862910846,0.0555,,7
F16,100000,100000,7402,1,2,0.07401716940712165,0.07402,,6
