Flow,Period,Deadline,Execution Time,w,h,Target_Utilization,Actual_Utilization,Utilization_Error,Queue
F1,100000,100000,6742,1,2,0.06741775224414415,0.06742,,1
F2,400000,400000,11197,1,2,0.027991967160471365,0.0279925,,6
F3,50000,50000,12000,1,2,0.2797740731005831,0.24,,5
F4,400000,400000,1419,1,2,0.0035473465447873886,0.0035475,,4
F5,200000,200000,6131,1,2,0.030657119156952573,0.030655,,7
F6,400000,400000,10511,1,2,0.026276848049405888,0.0262775,,2
F7,200000,200000,8181,1,2,0.04090330131010378,0.040905,,1
F8,400000,400000,1547,1,2,0.0038680742041756755,0.0038675,,1
F9,400000,400000,7506,1,2,0.01876398579086247,0.018765,,5
F10,100000,100000,972,1,2,0.009721059014761724,0.00972,,6
F11,50000,50000,10015,1,2,0.20029146253181207,0.2003,,3
F12,100000,100000,10952,1,2,0.10952157558820041,0.10952,,5
F13,200000,200000,9607,1,2,0.04803354359938389,0.048035,,2
F14,100000,100000,1542,1,2,0.015419478960537913,0.01542,,7
F15,100000,100000,6347,1,2,0.06347193516805164,0.06347,,6
F16,100000,100000,10985,1,2,0.1098508223673916,0.10985,,7
