Flow,Period,Deadline,Execution Time,w,h,Target_Utilization,Actual_Utilization,Utilization_Error,Queue
F1,100000,100000,10799,1,2,0.10798746624805333,0.10799,,3
F2,400000,400000,3409,1,2,0.00852146135064602,0.0085225,,3
F3,100000,100000,7313,1,2,0.07313399393376885,0.07313,,2
F4,200000,200000,911,1,2,0.004555598426251861,0.004555,,7
F5,50000,50000,3900,1,2,0.07800069603598392,0.078,,7
F6,100000,100000,10418,1,2,0.10417519264133357,0.10418,,5
F7,100000,100000,9607,1,2,0.09607444187727987,0.09607,,4
F8,50000,50000,6731,1,2,0.13461944301236756,0.13462,,2
F9,100000,100000,4532,1,2,0.045320739000634436,0.04532,,4
F10,200000,200000,6700,1,2,0.03349754823119028,0.0335,,5
F11,50000,50000,6837,1,2,0.13674482488350165,0.13674,,5
F12,200000,200000,9497,1,2,0.0474849288654087,0.047485,,5
F13,200000,200000,10668,1,2,0.05333874531031593,0.05334,,3
F14,200000,200000,5187,1,2,0.025934989641150444,0.025935,,4
F15,200000,200000,9045,1,2,0.045224336853888464,0.045225,,1
F16,200000,200000,8531,1,2,0.042656363667003996,0.042655,,2
