Flow,Period,Deadline,Execution Time,w,h,Target_Utilization,Actual_Utilization,Utilization_Error,Queue
F1,100000,100000,10584,1,2,0.10583602781064494,0.10584,,5
F2,50000,50000,6313,1,2,0.12625842246337882,0.12626,,2
F3,200000,200000,1175,1,2,0.005875174974534714,0.005875,,7
F4,400000,400000,3651,1,2,0.009127294346155335,0.0091275,,7
F5,200000,200000,988,1,2,0.004939042754630529,0.00494,,2
F6,50000,50000,7245,1,2,0.14489107164274584,0.1449,,3
F7,400000,400000,2851,1,2,0.007127694717265376,0.0071275,,1
F8,200000,200000,9469,1,2,0.047347481892843435,0.047345,,1
F9,50000,50000,6999,1,2,0.1399831049514612,0.13998,,7
F10,400000,400000,1515,1,2,0.0037866133602550978,0.0037875,,1
F11,50000,50000,6240,1,2,0.1248019930980287,0.1248,,3
F12,200000,200000,1263,1,2,0.006316148275044231,0.006315,,2
F13,50000,50000,8642,1,2,0.17284618778136435,0.17284,,7
F14,400000,400000,8827,1,2,0.02206729145754746,0.0220675,,7
F15,100000,100000,9009,1,2,0.09009444868565447,0.09009,,6
F16,400000,400000,3695,1,2,0.009238126048129253,0.0092375,,1
