Flow,Period,Deadline,Execution Time,w,h,Target_Utilization,Actual_Utilization,Utilization_Error,Queue
F1,50000,50000,5188,1,2,0.10376175442782554,0.10376,,1
F2,100000,100000,8463,1,2,0.08462972883935194,0.08463,,1
F3,100000,100000,1913,1,2,0.019129847391185395,0.01913,,7
F4,100000,100000,3199,1,2,0.031989987321681124,0.03199,,6
F5,400000,400000,8975,1,2,0.022436900371875956,0.0224375,,2
F6,200000,200000,2239,1,2,0.011194015709601546,0.011195,,2
F7,200000,200000,3494,1,2,0.017470904159796352,0.01747,,5
F8,50000,50000,7104,1,2,0.14208698772897765,0.14208,,2
F9,100000,100000,9613,1,2,0.09613330716587254,0.09613,,5
F10,50000,50000,12000,1,2,0.24238168813006178,0.24,,4
F11,100000,100000,4574,1,2,0.04573957812958529,0.04574,,5
F12,50000,50000,8886,1,2,0.17772871147746455,0.17772,,6
F13,200000,200000,1713,1,2,0.008563987978941576,0.008565,,5
F14,200000,200000,6553,1,2,0.032765212868594185,0.032765,,2
F15,200000,200000,2829,1,2,0.014144399632437969,0.014145,,7
F16,200000,200000,3319,1,2,0.016595711160820894,0.016595,,6
