Flow,Period,Deadline,Execution Time,w,h,Target_Utilization,Actual_Utilization,Utilization_Error,Queue
F1,100000,100000,6861,1,2,0.06860685194006666,0.06861,,1
F2,100000,100000,7184,1,2,0.07183672749692138,0.07184,,6
F3,50000,50000,3236,1,2,0.064723341706316,0.06472,,5
F4,50000,50000,12000,1,2,0.24346091771011913,0.24,,7
F5,50000,50000,5838,1,2,0.11676435111385935,0.11676,,3
F6,200000,200000,6715,1,2,0.03357339335984133,0.033575,,1
F7,400000,400000,1453,1,2,0.0036326640747041394,0.0036325,,3
F8,50000,50000,10544,1,2,0.21087289368713238,0.21088,,7
F9,100000,100000,6315,1,2,0.06315236902573046,0.06315,,2
F10,50000,50000,1943,1,2,0.038862214823822905,0.03886,,6
F11,400000,400000,1715,1,2,0.0042869058607822585,0.0042875,,7
F12,100000,100000,4364,1,2,0.04364167393793743,0.04364,,7
F13,400000,400000,608,1,2,0.0015211253344519782,0.00152,,7
F14,400000,400000,941,1,2,0.002351293995537365,0.0023525,,3
F15,100000,100000,5856,1,2,0.058557580382137896,0.05856,,4
F16,100000,100000,2694,1,2,0.026939841891100137,0.02694,,5
