Flow,Period,Deadline,Execution Time,w,h,Target_Utilization,Actual_Utilization,Utilization_Error,Queue
F1,50000,50000,11665,1,2,0.23329699085532196,0.2333,,2
F2,400000,400000,7619,1,2,0.01904635134720689,0.0190475,,3
F3,50000,50000,1514,1,2,0.030280551297981573,0.03028,,4
F4,200000,200000,10402,1,2,0.05201211804362116,0.05201,,2
F5,400000,400000,4761,1,2,0.011903002736241564,0.0119025,,2
F6,100000,100000,11447,1,2,0.11446804534001964,0.11447,,6
F7,400000,400000,7374,1,2,0.01843484908401971,0.018435,,6
F8,100000,100000,11677,1,2,0.11676551394988838,0.11677,,2
F9,100000,100000,3810,1,2,0.038102234552978564,0.0381,,6
F10,200000,200000,5136,1,2,0.025680127070291547,0.02568,,4
F11,400000,400000,1582,1,2,0.003955687893106741,0.003955,,7
F12,50000,50000,5495,1,2,0.10989602715876007,0.1099,,1
F13,200000,200000,7907,1,2,0.039533454674190616,0.039535,,3
F14,400000,400000,5213,1,2,0.013033520386032893,0.0130325,,5
F15,50000,50000,3025,1,2,0.06049868738357986,0.0605,,7
F16,50000,50000,6789,1,2,0.13578186845406612,0.13578,,6
