Flow,Period,Deadline,Execution Time,w,h,Target_Utilization,Actual_Utilization,Utilization_Error,Queue
F1,200000,200000,4234,1,2,0.02116916815641623,0.02117,,2
F2,400000,400000,8217,1,2,0.020541475360494443,0.0205425,,6
F3,100000,100000,11749,1,2,0.11749291685505281,0.11749,,1
F4,50000,50000,3058,1,2,0.061156928789350085,0.06116,,6
F5,50000,50000,6672,1,2,0.13344995765611023,0.13344,,4
F6,400000,400000,2032,1,2,0.005080941721432475,0.00508,,7
F7,50000,50000,3531,1,2,0.07062338001783186,0.07062,,2
F8,400000,400000,1489,1,2,0.00372367434791121,0.0037225,,1
F9,100000,100000,10496,1,2,0.10495525155059893,0.10496,,5
F10,200000,200000,6527,1,2,0.032637046364485056,0.032635,,4
F11,200000,200000,1129,1,2,0.005645490735250558,0.005645,,7
F12,50000,50000,7224,1,2,0.14448510582874152,0.14448,,4
F13,200000,200000,6400,1,2,0.03200052219644911,0.032,,3
F14,100000,100000,7048,1,2,0.07048091467179007,0.07048,,7
F15,50000,50000,7478,1,2,0.14955651377309914,0.14956,,4
F16,100000,100000,3440,1,2,0.034402020135197595,0.0344,,4
