Flow,Period,Deadline,Execution Time,w,h,Target_Utilization,Actual_Utilization,Utilization_Error,Queue
F1,100000,100000,10424,1,2,0.10424184980716522,0.10424,,3
F2,400000,400000,7237,1,2,0.018091655161529774,0.0180925,,1
F3,400000,400000,4725,1,2,0.01181361538106418,0.0118125,,6
F4,400000,400000,10619,1,2,0.026546657702936183,0.0265475,,4
F5,200000,200000,5750,1,2,0.028749146564153505,0.02875,,7
F6,50000,50000,7739,1,2,0.1547767693339609,0.15478,,7
F7,100000,100000,5999,1,2,0.05999104443246006,0.05999,,5
F8,200000,200000,4017,1,2,0.020085636993598333,0.020085,,7
F9,50000,50000,7623,1,2,0.1524588700201978,0.15246,,5
F10,200000,200000,6863,1,2,0.034316401606724445,0.034315,,5
F11,50000,50000,7574,1,2,0.151478955857838,0.15148,,4
F12,200000,200000,9131,1,2,0.0456550745022235,0.045655,,6
F13,100000,100000,6395,1,2,0.06395488722172132,0.06395,,7
F14,50000,50000,5413,1,2,0.10826442240726393,0.10826,,6
F15,200000,200000,3016,1,2,0.015078983163240595,0.01508,,2
F16,400000,400000,7363,1,2,0.018406547402480346,0.0184075,,5
