Flow,Period,Deadline,Execution Time,w,h,Target_Utilization,Actual_Utilization,Utilization_Error,Queue
F1,100000,100000,7550,1,2,0.0754969269874321,0.0755,,5
F2,400000,400000,9187,1,2,0.02296664755843769,0.0229675,,7
F3,100000,100000,633,1,2,0.006329252274739294,0.00633,,4
F4,200000,200000,7627,1,2,0.03813714303486093,0.038135,,1
F5,400000,400000,1575,1,2,0.003936782795157967,0.0039375,,6
F6,200000,200000,8253,1,2,0.04126713842052632,0.041265,,6
F7,400000,400000,1323,1,2,0.0033069038747944868,0.0033075,,4
F8,50000,50000,5240,1,2,0.1047982482731813,0.1048,,7
F9,200000,200000,6832,1,2,0.03416068893575777,0.03416,,4
F10,400000,400000,8317,1,2,0.02079205887534824,0.0207925,,5
F11,400000,400000,4249,1,2,0.010622548715867153,0.0106225,,6
F12,200000,200000,9739,1,2,0.04869736902889471,0.048695,,5
F13,400000,400000,6615,1,2,0.016537844263714935,0.0165375,,1
F14,100000,100000,6157,1,2,0.06157148591594497,0.06157,,7
F15,400000,400000,8959,1,2,0.02239790789781166,0.0223975,,3
F16,400000,400000,2005,1,2,0.005011999610866398,0.0050125,,4
