Flow,Period,Deadline,Execution Time,w,h,Target_Utilization,Actual_Utilization,Utilization_Error,Queue
F1,400000,400000,4708,1,2,0.011769140989414173,0.01177,,7
F2,50000,50000,2748,1,2,0.05495832880032231,0.05496,,4
F3,400000,400000,6791,1,2,0.01697689146271064,0.0169775,,5
F4,200000,200000,3151,1,2,0.015754763823673967,0.015755,,1
F5,400000,400000,8403,1,2,0.021008255987290114,0.0210075,,5
F6,200000,200000,2172,1,2,0.010859835117013994,0.01086,,2
F7,400000,400000,600,1,2,0.0008089441405479403,0.0015,,5
F8,100000,100000,8481,1,2,0.08480717095297391,0.08481,,4
F9,100000,100000,6551,1,2,0.06551009067916619,0.06551,,6
F10,400000,400000,692,1,2,0.0017291236611098049,0.00173,,6
F11,200000,200000,1188,1,2,0.005938972679957799,0.00594,,1
F12,100000,100000,10689,1,2,0.10689132248842478,0.10689,,4
F13,100000,100000,6643,1,2,0.06643117542689514,0.06643,,5
F14,50000,50000,1009,1,2,0.020179214837206617,0.02018,,3
F15,100000,100000,3314,1,2,0.033139530577787304,0.03314,,7
F16,400000,400000,2539,1,2,0.006346637890568507,0.0063475,,3
