Flow,Period,Deadline,Execution Time,w,h,Target_Utilization,Actual_Utilization,Utilization_Error,Queue
F1,200000,200000,10017,1,2,0.05008451138180536,0.050085,,3
F2,200000,200000,783,1,2,0.00391498627639747,0.003915,,6
F3,100000,100000,6453,1,2,0.06453071025614604,0.06453,,6
F4,400000,400000,2971,1,2,0.007428729246187704,0.0074275,,4
F5,200000,200000,7083,1,2,0.035415111280352185,0.035415,,3
F6,100000,100000,3451,1,2,0.034510289295871965,0.03451,,7
F7,200000,200000,9659,1,2,0.0482930971237141,0.048295,,7
F8,200000,200000,828,1,2,0.004139304520645093,0.00414,,1
F9,400000,400000,6023,1,2,0.015058400161433866,0.0150575,,2
F10,200000,200000,6977,1,2,0.03488328921661571,0.034885,,4
F11,200000,200000,7219,1,2,0.03609260327110794,0.036095,,6
F12,400000,400000,3521,1,2,0.008803655305692742,0.0088025,,3
F13,400000,400000,11598,1,2,0.028995469424210468,0.028995,,5
F14,200000,200000,3503,1,2,0.017514224565838676,0.017515,,6
F15,50000,50000,5628,1,2,0.11256260801203365,0.11256,,3
F16,400000,400000,1527,1,2,0.003816834878638618,0.0038175,,4
