Flow,Period,Deadline,Execution Time,w,h,Target_Utilization,Actual_Utilization,Utilization_Error,Queue
F1,200000,200000,2197,1,2,0.010985179746236695,0.010985,,3
F2,100000,100000,3408,1,2,0.034078086091688775,0.03408,,3
F3,400000,400000,5505,1,2,0.013762264481277986,0.0137625,,5
F4,400000,400000,655,1,2,0.001637518657968906,0.0016375,,1
F5,400000,400000,5107,1,2,0.012766599519275224,0.0127675,,4
F6,400000,400000,5199,1,2,0.012998147379361946,0.0129975,,1
F7,50000,50000,2782,1,2,0.05564245680714941,0.05564,,1
F8,100000,100000,6415,1,2,0.0641486311490394,0.06415,,3
F9,400000,400000,3199,1,2,0.007998496770198538,0.0079975,,2
F10,400000,400000,600,1,2,0.0003793986927244086,0.0015,,1
F11,50000,50000,10478,1,2,0.2095520081960079,0.20956,,5
F12,200000,200000,9291,1,2,0.04645272117952977,0.046455,,4
F13,400000,400000,9823,1,2,0.024558201917220725,0.0245575,,1
F14,400000,400000,8447,1,2,0.021116930784028334,0.0211175,,5
F15,200000,200000,2769,1,2,0.013845101250394846,0.013845,,4
F16,400000,400000,2720,1,2,0.006800301912173988,0.0068,,5
