Flow,Period,Deadline,Execution Time,w,h,Target_Utilization,Actual_Utilization,Utilization_Error,Queue
F1,200000,200000,10008,1,2,0.05003984218688784,0.05004,,6
F2,100000,100000,6748,1,2,0.06747544426761026,0.06748,,6
F3,400000,400000,8601,1,2,0.021503388040515214,0.0215025,,7
F4,400000,400000,10385,1,2,0.02596257257508039,0.0259625,,1
F5,400000,400000,5404,1,2,0.013509483876526618,0.01351,,5
F6,100000,100000,9782,1,2,0.09782211289559586,0.09782,,1
F7,400000,400000,884,1,2,0.0022092765999046915,0.00221,,6
F8,400000,400000,600,1,2,0.0009461482422422618,0.0015,,1
F9,400000,400000,1445,1,2,0.0036125386077935084,0.0036125,,3
F10,100000,100000,1121,1,2,0.0112096682801118,0.01121,,7
F11,400000,400000,4637,1,2,0.011591911645805864,0.0115925,,4
F12,400000,400000,7761,1,2,0.019403471230833413,0.0194025,,2
F13,200000,200000,693,1,2,0.003465800024559873,0.003465,,3
F14,50000,50000,3091,1,2,0.061822281708654184,0.06182,,3
F15,400000,400000,8263,1,2,0.02065660724109683,0.0206575,,1
F16,100000,100000,9391,1,2,0.09390749593920501,0.09391,,1
