Flow,Period,Deadline,Execution Time,w,h,Target_Utilization,Actual_Utilization,Utilization_Error,Queue
F1,400000,400000,600,1,2,0.00030251691700244887,0.0015,,6
F2,200000,200000,6791,1,2,0.03395406251359878,0.033955,,4
F3,400000,400000,686,1,2,0.001714328329579573,0.001715,,1
F4,100000,100000,1033,1,2,0.010329460647050315,0.01033,,6
F5,200000,200000,9705,1,2,0.048522931447654793,0.048525,,1
F6,50000,50000,3098,1,2,0.06195850768482075,0.06196,,6
F7,200000,200000,4403,1,2,0.02201464584280599,0.022015,,7
F8,200000,200000,7395,1,2,0.03697367510270638,0.036975,,7
F9,100000,100000,6909,1,2,0.06909048296646442,0.06909,,2
F10,400000,400000,11549,1,2,0.028873723335619467,0.0288725,,3
F11,400000,400000,3261,1,2,0.008151943166694625,0.0081525,,2
F12,200000,200000,6076,1,2,0.03037899885731618,0.03038,,5
F13,400000,400000,600,1,2,0.0012518144995555258,0.0015,,1
F14,100000,100000,7465,1,2,0.07465179128362062,0.07465,,5
F15,50000,50000,4816,1,2,0.09631854813659409,0.09632,,4
F16,400000,400000,4307,1,2,0.010767577067030566,0.0107675,,1
