Flow,Period,Deadline,Execution Time,w,h,Target_Utilization,Actual_Utilization,Utilization_Error,Queue
F1,400000,400000,9534,1,2,0.023834829349906328,0.023835,,3
F2,100000,100000,8122,1,2,0.08121773262828308,0.08122,,2
F3,200000,200000,7065,1,2,0.03532432453528739,0.035325,,5
F4,100000,100000,7971,1,2,0.07970615942948395,0.07971,,7
F5,200000,200000,2329,1,2,0.01164506381346303,0.011645,,1
F6,200000,200000,1695,1,2,0.008474479045140482,0.008475,,2
F7,100000,100000,3598,1,2,0.03597892505334532,0.03598,,1
F8,400000,400000,5521,1,2,0.013803151313589446,0.0138025,,4
F9,100000,100000,10937,1,2,0.10936851865827044,0.10937,,4
F10,400000,400000,9262,1,2,0.023155301351851454,0.023155,,1
F11,200000,200000,2165,1,2,0.01082386576495939,0.010825,,3
F12,100000,100000,3600,1,2,0.03599872832062574,0.036,,3
F13,100000,100000,9977,1,2,0.0997737337610685,0.09977,,4
F14,200000,200000,638,1,2,0.003190790969112284,0.00319,,4
F15,400000,400000,4872,1,2,0.012179408833268011,0.01218,,6
F16,400000,400000,600,1,2,0.0009913255514548199,0.0015,,5
