Flow,Period,Deadline,Execution Time,w,h,Target_Utilization,Actual_Utilization,Utilization_Error,Queue
F1,200000,200000,6627,1,2,0.03313424198298659,0.033135,,2
F2,100000,100000,8421,1,2,0.08421073330946849,0.08421,,5
F3,100000,100000,5829,1,2,0.05829046363830448,0.05829,,1
F4,400000,400000,6519,1,2,0.016298579342930553,0.0162975,,3
F5,100000,100000,7160,1,2,0.07160304789289099,0.0716,,5
F6,400000,400000,1705,1,2,0.0042633433542925425,0.0042625,,6
F7,400000,400000,600,1,2,0.0004918846254164944,0.0015,,1
F8,400000,400000,2952,1,2,0.007380412247696311,0.00738,,4
F9,400000,400000,8118,1,2,0.020294338527182293,0.020295,,5
F10,100000,100000,5331,1,2,0.053311962318613765,0.05331,,4
F11,400000,400000,1565,1,2,0.003911410747727301,0.0039125,,7
F12,400000,400000,11029,1,2,0.027572976869745636,0.0275725,,7
F13,200000,200000,3869,1,2,0.019344650094466204,0.019345,,6
F14,50000,50000,3286,1,2,0.0657154509630313,0.06572,,2
F15,400000,400000,5039,1,2,0.012596904619226634,0.0125975,,5
F16,200000,200000,6673,1,2,0.03336595119886479,0.033365,,6
