Flow,Period,Deadline,Execution Time,w,h,Target_Utilization,Actual_Utilization,Utilization_Error,Queue
F1,400000,400000,2234,1,2,0.005585008987765927,0.005585,,5
F2,200000,200000,2077,1,2,0.010384217333761048,0.010385,,1
F3,200000,200000,1404,1,2,0.007020103238169928,0.00702,,5
F4,100000,100000,11615,1,2,0.11614991048963114,0.11615,,4
F5,400000,400000,600,1,2,0.00018040390482987334,0.0015,,1
F6,100000,100000,3711,1,2,0.0371089962227959,0.03711,,6
F7,200000,200000,9531,1,2,0.04765251254537778,0.047655,,2
F8,50000,50000,5306,1,2,0.10612249259914747,0.10612,,5
F9,400000,400000,1147,1,2,0.002866846064746492,0.0028675,,4
F10,50000,50000,4315,1,2,0.08629512041737722,0.0863,,4
F11,400000,400000,6093,1,2,0.015232223938185296,0.0152325,,1
F12,100000,100000,1054,1,2,0.010539430709101141,0.01054,,4
F13,400000,400000,743,1,2,0.0018586732455869864,0.0018575,,1
F14,100000,100000,7743,1,2,0.07743187713127281,0.07743,,3
F15,200000,200000,2342,1,2,0.01170889236907376,0.01171,,4
F16,400000,400000,600,1,2,0.000735014162197126,0.0015,,4
