Flow,Period,Deadline,Execution Time,w,h,Target_Utilization,Actual_Utilization,Utilization_Error,Queue
F1,100000,100000,10751,1,2,0.10750708052913943,0.10751,,4
F2,400000,400000,5854,1,2,0.014635637735923746,0.014635,,2
F3,400000,400000,9383,1,2,0.023457943984200036,0.0234575,,5
F4,50000,50000,6467,1,2,0.12933579517384097,0.12934,,6
F5,200000,200000,10535,1,2,0.05267341946611856,0.052675,,3
F6,400000,400000,7126,1,2,0.017813797336058063,0.017815,,3
F7,400000,400000,600,1,2,0.0012678654560306368,0.0015,,1
F8,400000,400000,2589,1,2,0.0064723183773800486,0.0064725,,7
F9,400000,400000,5506,1,2,0.013763988590243276,0.013765,,6
F10,100000,100000,3231,1,2,0.03231144704359637,0.03231,,6
F11,400000,400000,8062,1,2,0.0201556985641953,0.020155,,2
F12,50000,50000,614,1,2,0.012278849049186913,0.01228,,4
F13,400000,400000,7050,1,2,0.017625555492558814,0.017625,,5
F14,400000,400000,5493,1,2,0.01373220086708285,0.0137325,,3
F15,100000,100000,9079,1,2,0.09079438253394981,0.09079,,7
F16,100000,100000,2323,1,2,0.02323116313294469,0.02323,,6
