Flow,Period,Deadline,Execution Time,w,h,Target_Utilization,Actual_Utilization,Utilization_Error,Queue
F1,400000,400000,3571,1,2,0.00892870363125281,0.0089275,,3
F2,400000,400000,6993,1,2,0.017482332597939798,0.0174825,,1
F3,100000,100000,3871,1,2,0.038712452067219905,0.03871,,4
F4,200000,200000,7649,1,2,0.038243488981983376,0.038245,,3
F5,400000,400000,11416,1,2,0.028540157548762213,0.02854,,2
F6,100000,100000,9824,1,2,0.09824463761330993,0.09824,,3
F7,200000,200000,1429,1,2,0.0071452307342100285,0.007145,,6
F8,200000,200000,8115,1,2,0.040572704399097465,0.040575,,4
F9,200000,200000,1207,1,2,0.006034079973237294,0.006035,,3
F10,200000,200000,613,1,2,0.003064896013945051,0.003065,,5
F11,100000,100000,5208,1,2,0.05207938611377999,0.05208,,3
F12,100000,100000,8753,1,2,0.08753020491173549,0.08753,,4
F13,400000,400000,4028,1,2,0.010070389179081027,0.01007,,6
F14,100000,100000,3007,1,2,0.030068032214476875,0.03007,,4
F15,400000,400000,11769,1,2,0.029423621812731972,0.0294225,,7
F16,200000,200000,1641,1,2,0.008205513714111063,0.008205,,5
