Flow,Period,Deadline,Execution Time,w,h,Target_Utilization,Actual_Utilization,Utilization_Error,Queue
F1,400000,400000,6044,1,2,0.015109321826350941,0.01511,,3
F2,200000,200000,9635,1,2,0.04817281999186662,0.048175,,4
F3,200000,200000,10659,1,2,0.053293247623856066,0.053295,,2
F4,100000,100000,5435,1,2,0.05434848070681614,0.05435,,7
F5,200000,200000,1335,1,2,0.0066753961957377594,0.006675,,1
F6,400000,400000,5218,1,2,0.013044057190164549,0.013045,,2
F7,100000,100000,9629,1,2,0.09628665204606776,0.09629,,5
F8,400000,400000,9666,1,2,0.024165177792032283,0.024165,,6
F9,200000,200000,10106,1,2,0.050531560794240066,0.05053,,5
F10,200000,200000,1048,1,2,0.005239040338937351,0.00524,,3
F11,400000,400000,3765,1,2,0.009412348066839604,0.0094125,,4
F12,200000,200000,5176,1,2,0.02587981087370976,0.02588,,3
F13,100000,100000,6737,1,2,0.06737364573220565,0.06737,,5
F14,400000,400000,6951,1,2,0.017377021924884092,0.0173775,,7
F15,200000,200000,3020,1,2,0.015099070262756207,0.0151,,5
F16,200000,200000,875,1,2,0.004375019330946533,0.004375,,2
