Flow,Period,Deadline,Execution Time,w,h,Target_Utilization,Actual_Utilization,Utilization_Error,Queue
F1,400000,400000,1752,1,2,0.004380896131018108,0.00438,,2
F2,100000,100000,7695,1,2,0.0769489837459938,0.07695,,5
F3,400000,400000,1156,1,2,0.0028896484210327866,0.00289,,3
F4,100000,100000,10041,1,2,0.10041411513909959,0.10041,,5
F5,200000,200000,8265,1,2,0.041322633258835395,0.041325,,4
F6,400000,400000,9221,1,2,0.02305336923259249,0.0230525,,2
F7,100000,100000,3043,1,2,0.030429293392545465,0.03043,,5
F8,50000,50000,3433,1,2,0.06865914221156416,0.06866,,6
F9,400000,400000,6218,1,2,0.01554447234354328,0.015545,,4
F10,100000,100000,6803,1,2,0.06803088379411582,0.06803,,5
F11,400000,400000,4014,1,2,0.010035162604173586,0.010035,,5
F12,400000,400000,1129,1,2,0.0028220276554215967,0.0028225,,1
F13,200000,200000,3907,1,2,0.019533823147891413,0.019535,,7
F14,400000,400000,1880,1,2,0.004701151241258875,0.0047,,3
F15,100000,100000,6470,1,2,0.0646986792564446,0.0647,,6
F16,200000,200000,2247,1,2,0.011234393246743447,0.011235,,6
