Flow,Period,Deadline,Execution Time,w,h,Target_Utilization,Actual_Utilization,Utilization_Error,Queue
F1,400000,400000,7929,1,2,0.01982186428368382,0.0198225,,4
F2,200000,200000,1006,1,2,0.005029115420442487,0.00503,,6
F3,400000,400000,762,1,2,0.0019043421153040474,0.001905,,6
F4,400000,400000,5389,1,2,0.013472165217735699,0.0134725,,4
F5,100000,100000,3875,1,2,0.03875207717529605,0.03875,,2
F6,200000,200000,4807,1,2,0.024035627249138047,0.024035,,5
F7,400000,400000,600,1,2,0.0012250849798764452,0.0015,,5
F8,200000,200000,11117,1,2,0.05558309717921306,0.055585,,3
F9,400000,400000,6487,1,2,0.016216309422135256,0.0162175,,1
F10,50000,50000,7070,1,2,0.14139281723019184,0.1414,,2
F11,50000,50000,4222,1,2,0.08443893553108105,0.08444,,3
F12,100000,100000,8295,1,2,0.08294794574622168,0.08295,,4
F13,200000,200000,923,1,2,0.00461410182543312,0.004615,,1
F14,400000,400000,2439,1,2,0.0060967157618477055,0.0060975,,5
F15,400000,400000,6805,1,2,0.017011835733258335,0.0170125,,7
F16,400000,400000,5661,1,2,0.01415239769528204,0.0141525,,7
