Flow,Period,Deadline,Execution Time,w,h,Target_Utilization,Actual_Utilization,Utilization_Error,Queue
F1,200000,200000,6439,1,2,0.03219531205364745,0.032195,,5
F2,100000,100000,10249,1,2,0.10249205006800322,0.10249,,4
F3,400000,400000,8184,1,2,0.020460603425987378,0.02046,,1
F4,200000,200000,3238,1,2,0.016189843571595863,0.01619,,4
F5,200000,200000,2549,1,2,0.012743904382398419,0.012745,,5
F6,400000,400000,9156,1,2,0.022891131865456604,0.02289,,5
F7,100000,100000,2086,1,2,0.020859688436176416,0.02086,,2
F8,400000,400000,3785,1,2,0.009461350206455887,0.0094625,,2
F9,100000,100000,3960,1,2,0.03960008992698549,0.0396,,1
F10,200000,200000,2575,1,2,0.01287616700126748,0.012875,,7
F11,50000,50000,7563,1,2,0.15125679817435422,0.15126,,4
F12,100000,100000,3052,1,2,0.030521623787231,0.03052,,3
F13,400000,400000,11893,1,2,0.02973241324819899,0.0297325,,7
F14,400000,400000,5521,1,2,0.013802129224272694,0.0138025,,3
F15,200000,200000,11009,1,2,0.05504533617176015,0.055045,,1
F16,200000,200000,868,1,2,0.004339987458384942,0.00434,,1
