Flow,Period,Deadline,Execution Time,w,h,Target_Utilization,Actual_Utilization,Utilization_Error,Queue
F1,400000,400000,7677,1,2,0.019192088686423414,0.0191925,,2
F2,400000,400000,7609,1,2,0.01902250628344726,0.0190225,,7
F3,400000,400000,600,1,2,0.00036542040927933783,0.0015,,3
F4,200000,200000,9275,1,2,0.046374943282633696,0.046375,,6
F5,100000,100000,6226,1,2,0.06225744241758879,0.06226,,3
F6,100000,100000,6885,1,2,0.06884867154445384,0.06885,,4
F7,400000,400000,837,1,2,0.002092303253860228,0.0020925,,2
F8,100000,100000,8631,1,2,0.08630547164121805,0.08631,,5
F9,200000,200000,3346,1,2,0.01673071018742739,0.01673,,4
F10,400000,400000,1687,1,2,0.0042177470099541425,0.0042175,,3
F11,200000,200000,11294,1,2,0.05647159431705026,0.05647,,5
F12,200000,200000,8758,1,2,0.04379162853803403,0.04379,,1
F13,100000,100000,9507,1,2,0.09507023185991595,0.09507,,5
F14,200000,200000,1121,1,2,0.005605415695874527,0.005605,,2
F15,200000,200000,4079,1,2,0.020393811456771493,0.020395,,7
F16,50000,50000,1727,1,2,0.03454231145516907,0.03454,,4
