Flow,Period,Deadline,Execution Time,w,h,Target_Utilization,Actual_Utilization,Utilization_Error,Queue
F1,50000,50000,3080,1,2,0.061596961997411326,0.0616,,1
F2,200000,200000,9063,1,2,0.045313775888951136,0.045315,,5
F3,400000,400000,3039,1,2,0.007597445511260903,0.0075975,,2
F4,200000,200000,9031,1,2,0.04515252624452526,0.045155,,4
F5,100000,100000,9281,1,2,0.09281039310118977,0.09281,,6
F6,400000,400000,607,1,2,0.0015176746694976484,0.0015175,,4
F7,100000,100000,1872,1,2,0.01872076694006347,0.01872,,2
F8,400000,400000,968,1,2,0.0024206061811822277,0.00242,,1
F9,400000,400000,2998,1,2,0.007495217116057551,0.007495,,3
F10,400000,400000,9035,1,2,0.022587027477047772,0.0225875,,1
F11,50000,50000,2833,1,2,0.056658726816609495,0.05666,,6
F12,200000,200000,8978,1,2,0.04488992622928317,0.04489,,7
F13,200000,200000,1591,1,2,0.007955656355677687,0.007955,,3
F14,50000,50000,4098,1,2,0.08196476131704455,0.08196,,7
F15,400000,400000,10313,1,2,0.02578303684708952,0.0257825,,6
F16,200000,200000,6979,1,2,0.03489656645223301,0.034895,,5
