Flow,Period,Deadline,Execution Time,w,h,Target_Utilization,Actual_Utilization,Utilization_Error,Queue
F1,200000,200000,3210,1,2,0.016048817801958326,0.01605,,4
F2,200000,200000,6330,1,2,0.03165246390365328,0.03165,,7
F3,400000,400000,6303,1,2,0.01575648973936017,0.0157575,,3
F4,200000,200000,7615,1,2,0.038073664249353656,0.038075,,4
F5,400000,400000,5007,1,2,0.012518051509936123,0.0125175,,7
F6,400000,400000,2917,1,2,0.007293064469954147,0.0072925,,3
F7,100000,100000,7193,1,2,0.07192920802360958,0.07193,,7
F8,50000,50000,856,1,2,0.017120794035388354,0.01712,,6
F9,400000,400000,3178,1,2,0.00794604120264153,0.007945,,2
F10,200000,200000,6317,1,2,0.03158711171607376,0.031585,,1
F11,200000,200000,9080,1,2,0.045397556215164725,0.0454,,3
F12,100000,100000,11783,1,2,0.11783204716388512,0.11783,,4
F13,100000,100000,6529,1,2,0.0652903387534512,0.06529,,5
F14,400000,400000,921,1,2,0.0023018958704472126,0.0023025,,2
F15,400000,400000,600,1,2,0.001467767243337803,0.0015,,5
F16,400000,400000,4411,1,2,0.011027303068809446,0.0110275,,4
F17,400000,400000,4833,1,2,0.012081942040285898,0.0120825,,5
F18,50000,50000,3569,1,2,0.07137603414059329,0.07138,,3
F19,100000,100000,5613,1,2,0.056131076916925066,0.05613,,4
F20,100000,100000,936,1,2,0.009360788129738923,0.00936,,6
F21,400000,400000,600,1,2,0.0013146418882181987,0.0015,,6
F22,400000,400000,8518,1,2,0.021295009318318042,0.021295,,5
F23,400000,400000,792,1,2,0.001981041624078611,0.00198,,4
F24,400000,400000,4752,1,2,0.011879887845357234,0.01188,,1
F25,400000,400000,10180,1,2,0.025448943026548015,0.02545,,3
F26,400000,400000,4103,1,2,0.010257669828841562,0.0102575,,7
F27,400000,400000,2822,1,2,0.007054004334701991,0.007055,,1
F28,400000,400000,4901,1,2,0.012253361268821372,0.0122525,,6
F29,400000,400000,2952,1,2,0.00737880924523196,0.00738,,5
F30,400000,400000,1877,1,2,0.004691933186136796,0.0046925,,4
F31,200000,200000,8732,1,2,0.04365918901320518,0.04366,,5
F32,200000,200000,9361,1,2,0.04680731275835436,0.046805,,7
