Flow,Period,Deadline,Execution Time,w,h,Target_Utilization,Actual_Utilization,Utilization_Error,Queue
F1,200000,200000,5667,1,2,0.028334267567254434,0.028335,,5
F2,200000,200000,6319,1,2,0.031597315319882635,0.031595,,1
F3,200000,200000,6178,1,2,0.030889005905658684,0.03089,,2
F4,400000,400000,7009,1,2,0.017523591196728194,0.0175225,,5
F5,400000,400000,600,1,2,0.0009404739454645927,0.0015,,3
F6,100000,100000,11362,1,2,0.11361601448996672,0.11362,,6
F7,400000,400000,1967,1,2,0.0049169734505704055,0.0049175,,4
F8,200000,200000,2573,1,2,0.012863948102396217,0.012865,,1
F9,200000,200000,6619,1,2,0.0330941169519019,0.033095,,4
F10,400000,400000,4715,1,2,0.011788267051578094,0.0117875,,3
F11,400000,400000,9595,1,2,0.023988058560638903,0.0239875,,1
F12,400000,400000,600,1,2,0.0009759776521467423,0.0015,,5
F13,100000,100000,3090,1,2,0.030902010902033372,0.0309,,3
F14,100000,100000,7155,1,2,0.07155104636812587,0.07155,,6
F15,400000,400000,7931,1,2,0.019826477541735832,0.0198275,,4
F16,400000,400000,600,1,2,0.0014295964517860305,0.0015,,3
F17,400000,400000,2551,1,2,0.006378609110996025,0.0063775,,2
F18,50000,50000,1044,1,2,0.02088114212496217,0.02088,,3
F19,400000,400000,10192,1,2,0.025479913386543485,0.02548,,6
F20,200000,200000,824,1,2,0.004120252321388573,0.00412,,7
F21,400000,400000,3025,1,2,0.007563133627950469,0.0075625,,6
F22,50000,50000,4110,1,2,0.0821964889793943,0.0822,,5
F23,100000,100000,3747,1,2,0.03747199918088312,0.03747,,6
F24,100000,100000,2834,1,2,0.028339289940780582,0.02834,,4
F25,400000,400000,7241,1,2,0.018102702370644097,0.0181025,,6
F26,200000,200000,9561,1,2,0.0478049988998884,0.047805,,5
F27,400000,400000,1897,1,2,0.004742051991971558,0.0047425,,1
F28,400000,400000,730,1,2,0.0018255516967780605,0.001825,,5
F29,400000,400000,7489,1,2,0.018722143980784284,0.0187225,,2
F30,400000,400000,5103,1,2,0.012757257271080846,0.0127575,,7
F31,100000,100000,9471,1,2,0.09471324240965504,0.09471,,4
F32,50000,50000,1107,1,2,0.022139773508709132,0.02214,,7
