Flow,Period,Deadline,Execution Time,w,h,Target_Utilization,Actual_Utilization,Utilization_Error,Queue
F1,400000,400000,10677,1,2,0.026692341306421064,0.0266925,,2
F2,400000,400000,6690,1,2,0.01672395027911211,0.016725,,3
F3,400000,400000,2585,1,2,0.006462856072322443,0.0064625,,4
F4,400000,400000,600,1,2,0.000428511474217963,0.0015,,3
F5,400000,400000,2104,1,2,0.005260264173837403,0.00526,,5
F6,400000,400000,4203,1,2,0.010507429684891156,0.0105075,,6
F7,400000,400000,7075,1,2,0.017686601972016214,0.0176875,,5
F8,50000,50000,6284,1,2,0.1256775333225988,0.12568,,2
F9,400000,400000,11735,1,2,0.029338006464217137,0.0293375,,5
F10,400000,400000,803,1,2,0.002006657296576453,0.0020075,,6
F11,200000,200000,6381,1,2,0.031905537519962834,0.031905,,7
F12,400000,400000,1584,1,2,0.0039593802837363246,0.00396,,2
F13,200000,200000,2525,1,2,0.012625206387437138,0.012625,,5
F14,400000,400000,7532,1,2,0.018830967939812093,0.01883,,7
F15,400000,400000,9647,1,2,0.024117060385104472,0.0241175,,3
F16,100000,100000,660,1,2,0.006600436989640246,0.0066,,3
F17,400000,400000,10197,1,2,0.02549252537353791,0.0254925,,6
F18,400000,400000,6885,1,2,0.017211926151760537,0.0172125,,6
F19,100000,100000,7977,1,2,0.07977341862204346,0.07977,,3
F20,400000,400000,600,1,2,0.000917405833216256,0.0015,,3
F21,100000,100000,6859,1,2,0.06858995944691537,0.06859,,3
F22,200000,200000,6855,1,2,0.034276245573148845,0.034275,,4
F23,400000,400000,6499,1,2,0.01624704335595875,0.0162475,,7
F24,100000,100000,8496,1,2,0.08496193238823596,0.08496,,2
F25,400000,400000,5114,1,2,0.012785170182949668,0.012785,,4
F26,400000,400000,6172,1,2,0.015429080195022926,0.01543,,2
F27,400000,400000,600,1,2,0.0014617858071326317,0.0015,,6
F28,200000,200000,10837,1,2,0.054184782059336564,0.054185,,2
F29,400000,400000,1239,1,2,0.0030984162146859284,0.0030975,,7
F30,50000,50000,919,1,2,0.018379090743969213,0.01838,,2
F31,400000,400000,8707,1,2,0.021766294240883617,0.0217675,,4
F32,100000,100000,3477,1,2,0.03477146368112896,0.03477,,7
