Flow,Period,Deadline,Execution Time,w,h,Target_Utilization,Actual_Utilization,Utilization_Error,Queue
F1,50000,50000,3257,1,2,0.06514020517794927,0.06514,,7
F2,400000,400000,8059,1,2,0.020148193782302926,0.0201475,,7
F3,400000,400000,679,1,2,0.0016967297703198714,0.0016975,,4
F4,400000,400000,10608,1,2,0.026521043795721955,0.02652,,2
F5,200000,200000,4881,1,2,0.024404916486828965,0.024405,,4
F6,400000,400000,1470,1,2,0.003675213173668368,0.003675,,2
F7,400000,400000,600,1,2,0.0014284293272264215,0.0015,,1
F8,200000,200000,6583,1,2,0.032915132210125986,0.032915,,3
F9,200000,200000,7071,1,2,0.03535348852021991,0.035355,,1
F10,400000,400000,8798,1,2,0.02199428366806233,0.021995,,1
F11,400000,400000,5206,1,2,0.013014301365852243,0.013015,,4
F12,400000,400000,774,1,2,0.0019341452876550091,0.001935,,5
F13,400000,400000,6806,1,2,0.01701465379001843,0.017015,,2
F14,400000,400000,3007,1,2,0.007516680920220731,0.0075175,,2
F15,400000,400000,3303,1,2,0.008257507759367844,0.0082575,,7
F16,400000,400000,2152,1,2,0.005379418089899501,0.00538,,3
F17,400000,400000,3049,1,2,0.007623134249891472,0.0076225,,3
F18,50000,50000,6721,1,2,0.1344128502500463,0.13442,,6
F19,400000,400000,2938,1,2,0.007344108671503646,0.007345,,7
F20,200000,200000,6031,1,2,0.030154590689620397,0.030155,,7
F21,400000,400000,11921,1,2,0.029803558685223663,0.0298025,,6
F22,200000,200000,4369,1,2,0.021844994526854622,0.021845,,3
F23,200000,200000,5955,1,2,0.02977598042338403,0.029775,,1
F24,200000,200000,6630,1,2,0.03315232877542354,0.03315,,1
F25,400000,400000,4902,1,2,0.012253875596854619,0.012255,,5
F26,400000,400000,5975,1,2,0.014937402441638381,0.0149375,,1
F27,200000,200000,5327,1,2,0.02663493063364289,0.026635,,3
F28,100000,100000,9545,1,2,0.0954504944683212,0.09545,,6
F29,400000,400000,9214,1,2,0.023033762299733196,0.023035,,6
F30,400000,400000,6451,1,2,0.016127701286759007,0.0161275,,6
F31,400000,400000,7487,1,2,0.018717528464265873,0.0187175,,5
F32,400000,400000,11333,1,2,0.028333686040910792,0.0283325,,7
