Flow,Period,Deadline,Execution Time,w,h,Target_Utilization,Actual_Utilization,Utilization_Error,Queue
F1,400000,400000,2605,1,2,0.0065120330642181035,0.0065125,,5
F2,100000,100000,1072,1,2,0.010719935587388152,0.01072,,6
F3,400000,400000,11238,1,2,0.028094353458650856,0.028095,,6
F4,100000,100000,6272,1,2,0.06271827651339357,0.06272,,3
F5,200000,200000,9925,1,2,0.04962468354124794,0.049625,,4
F6,400000,400000,5399,1,2,0.013496854287798565,0.0134975,,4
F7,400000,400000,3001,1,2,0.007501780238609812,0.0075025,,1
F8,400000,400000,999,1,2,0.002497127377760089,0.0024975,,2
F9,200000,200000,3694,1,2,0.018470920187693363,0.01847,,5
F10,400000,400000,2109,1,2,0.005273620855375638,0.0052725,,7
F11,50000,50000,4616,1,2,0.09231607049352508,0.09232,,3
F12,100000,100000,6083,1,2,0.06083206714268952,0.06083,,1
F13,200000,200000,6083,1,2,0.030412525101778,0.030415,,5
F14,200000,200000,7959,1,2,0.03979609087119501,0.039795,,1
F15,400000,400000,701,1,2,0.0017523835959680212,0.0017525,,2
F16,200000,200000,6138,1,2,0.030690190343648283,0.03069,,7
F17,400000,400000,600,1,2,0.00013207961387057265,0.0015,,6
F18,400000,400000,1544,1,2,0.0038604319547369537,0.00386,,6
F19,200000,200000,6038,1,2,0.03019000381620318,0.03019,,1
F20,400000,400000,600,1,2,0.0012130804704774678,0.0015,,1
F21,400000,400000,10961,1,2,0.02740371168339778,0.0274025,,3
F22,100000,100000,8666,1,2,0.08666258697199475,0.08666,,7
F23,100000,100000,1032,1,2,0.010319283179330174,0.01032,,4
F24,400000,400000,4194,1,2,0.01048499348984705,0.010485,,2
F25,200000,200000,10577,1,2,0.05288459672880866,0.052885,,3
F26,200000,200000,8415,1,2,0.04207501176155956,0.042075,,7
F27,200000,200000,3691,1,2,0.018454938808513524,0.018455,,7
F28,200000,200000,7803,1,2,0.03901411419672546,0.039015,,3
F29,400000,400000,600,1,2,0.0004294806838969281,0.0015,,7
F30,400000,400000,600,1,2,0.0009583713562120386,0.0015,,3
F31,400000,400000,5158,1,2,0.012895549930826325,0.012895,,1
F32,100000,100000,3679,1,2,0.0367890744252764,0.03679,,4
