Flow,Period,Deadline,Execution Time,w,h,Target_Utilization,Actual_Utilization,Utilization_Error,Queue
F1,100000,100000,6777,1,2,0.06777346748645041,0.06777,,2
F2,400000,400000,4378,1,2,0.010945422468094823,0.010945,,2
F3,400000,400000,11939,1,2,0.02984860830753988,0.0298475,,3
F4,200000,200000,10165,1,2,0.05082697100739619,0.050825,,5
F5,400000,400000,600,1,2,0.00013014493192142762,0.0015,,7
F6,400000,400000,7926,1,2,0.019815753357114718,0.019815,,5
F7,400000,400000,1730,1,2,0.004325403080042034,0.004325,,6
F8,100000,100000,6642,1,2,0.06642070112374332,0.06642,,2
F9,200000,200000,667,1,2,0.0033356763740914896,0.003335,,5
F10,400000,400000,6443,1,2,0.016108524803297608,0.0161075,,7
F11,400000,400000,4955,1,2,0.01238688052682424,0.0123875,,1
F12,200000,200000,6470,1,2,0.032350160763913505,0.03235,,4
F13,400000,400000,1255,1,2,0.0031380647048532273,0.0031375,,3
F14,400000,400000,2123,1,2,0.005307151320440462,0.0053075,,5
F15,400000,400000,10833,1,2,0.02708313930852857,0.0270825,,3
F16,200000,200000,964,1,2,0.0048195185470770174,0.00482,,3
F17,400000,400000,1803,1,2,0.004508575207950949,0.0045075,,7
F18,400000,400000,3089,1,2,0.007721270967056992,0.0077225,,4
F19,400000,400000,3394,1,2,0.008486207915775257,0.008485,,1
F20,200000,200000,11283,1,2,0.05641474001329294,0.056415,,4
F21,100000,100000,8997,1,2,0.08996611415349826,0.08997,,4
F22,400000,400000,8037,1,2,0.020092048114587036,0.0200925,,7
F23,400000,400000,5325,1,2,0.01331352885588949,0.0133125,,2
F24,400000,400000,10897,1,2,0.02724298159034,0.0272425,,4
F25,400000,400000,11925,1,2,0.029812038586052247,0.0298125,,5
F26,400000,400000,10429,1,2,0.026073726232580696,0.0260725,,2
F27,200000,200000,10482,1,2,0.052411527638625846,0.05241,,3
F28,400000,400000,4759,1,2,0.011897339219549552,0.0118975,,5
F29,400000,400000,6681,1,2,0.016703253952036104,0.0167025,,3
F30,400000,400000,7251,1,2,0.018127194085453338,0.0181275,,4
F31,50000,50000,2314,1,2,0.046280390764187065,0.04628,,2
F32,400000,400000,9111,1,2,0.022778676832963304,0.0227775,,1
