Flow,Period,Deadline,Execution Time,w,h,Target_Utilization,Actual_Utilization,Utilization_Error,Queue
F1,100000,100000,3511,1,2,0.03511097673853947,0.03511,,4
F2,400000,400000,2689,1,2,0.006722304873376772,0.0067225,,7
F3,400000,400000,3973,1,2,0.009933610194872045,0.0099325,,5
F4,100000,100000,6762,1,2,0.06762119705931036,0.06762,,6
F5,100000,100000,3997,1,2,0.03996964809859471,0.03997,,6
F6,400000,400000,4339,1,2,0.010848231281601284,0.0108475,,2
F7,200000,200000,7141,1,2,0.035704149503792526,0.035705,,6
F8,400000,400000,1900,1,2,0.004749518760040261,0.00475,,3
F9,400000,400000,8314,1,2,0.02078509182667243,0.020785,,4
F10,400000,400000,2903,1,2,0.007258722436263687,0.0072575,,1
F11,200000,200000,7719,1,2,0.038592537023932505,0.038595,,4
F12,50000,50000,6826,1,2,0.1365245819753717,0.13652,,4
F13,400000,400000,2637,1,2,0.006593741673811937,0.0065925,,2
F14,200000,200000,8583,1,2,0.04291333976057282,0.042915,,2
F15,400000,400000,8693,1,2,0.021731961721125792,0.0217325,,6
F16,200000,200000,6191,1,2,0.0309550101615661,0.030955,,1
F17,400000,400000,3301,1,2,0.008253109736168052,0.0082525,,5
F18,400000,400000,3739,1,2,0.009348072712988542,0.0093475,,7
F19,400000,400000,8803,1,2,0.02200751497804382,0.0220075,,4
F20,400000,400000,3860,1,2,0.00965106007343497,0.00965,,2
F21,400000,400000,3651,1,2,0.009127407101004736,0.0091275,,3
F22,200000,200000,9586,1,2,0.04793172337615245,0.04793,,2
F23,400000,400000,8622,1,2,0.02155582187345151,0.021555,,1
F24,400000,400000,600,1,2,0.0006884578020121546,0.0015,,6
F25,200000,200000,7453,1,2,0.0372627028580482,0.037265,,2
F26,200000,200000,11753,1,2,0.05876319983697334,0.058765,,6
F27,400000,400000,6582,1,2,0.016455110973799897,0.016455,,3
F28,400000,400000,3425,1,2,0.008563543512661129,0.0085625,,6
F29,400000,400000,9254,1,2,0.023135157905674567,0.023135,,6
F30,400000,400000,2977,1,2,0.007443746053902113,0.0074425,,4
F31,200000,200000,6149,1,2,0.030744472041003446,0.030745,,2
F32,400000,400000,9099,1,2,0.02274738092353442,0.0227475,,1
