Flow,Period,Deadline,Execution Time,w,h,Target_Utilization,Actual_Utilization,Utilization_Error,Queue
F1,200000,200000,2175,1,2,0.010873904673033619,0.010875,,6
F2,400000,400000,5333,1,2,0.013331353590293249,0.0133325,,1
F3,400000,400000,1047,1,2,0.0026184467238540288,0.0026175,,5
F4,100000,100000,7857,1,2,0.07857385619597868,0.07857,,5
F5,200000,200000,2281,1,2,0.011403757967099137,0.011405,,2
F6,200000,200000,8071,1,2,0.040356979830015516,0.040355,,6
F7,200000,200000,7889,1,2,0.03944664156619848,0.039445,,4
F8,400000,400000,1123,1,2,0.0028062746219115198,0.0028075,,4
F9,400000,400000,10294,1,2,0.025733895400590567,0.025735,,5
F10,400000,400000,7041,1,2,0.017602978712745854,0.0176025,,6
F11,200000,200000,3450,1,2,0.017250824609240434,0.01725,,4
F12,100000,100000,7733,1,2,0.07732953081171345,0.07733,,3
F13,200000,200000,10475,1,2,0.05237489942049961,0.052375,,6
F14,400000,400000,1491,1,2,0.00372731125059772,0.0037275,,7
F15,400000,400000,3143,1,2,0.007857805030242249,0.0078575,,4
F16,400000,400000,4023,1,2,0.01005715506125704,0.0100575,,5
F17,400000,400000,1313,1,2,0.003281616723368852,0.0032825,,1
F18,100000,100000,2282,1,2,0.022819719710449327,0.02282,,1
F19,50000,50000,1649,1,2,0.03297969480273416,0.03298,,5
F20,400000,400000,3031,1,2,0.007576311867125762,0.0075775,,3
F21,50000,50000,2445,1,2,0.04889945005484758,0.0489,,3
F22,400000,400000,1001,1,2,0.002502459624700637,0.0025025,,7
F23,400000,400000,11731,1,2,0.02932794901712782,0.0293275,,6
F24,400000,400000,9621,1,2,0.02405321701830676,0.0240525,,4
F25,400000,400000,11381,1,2,0.028451276205249898,0.0284525,,3
F26,400000,400000,8916,1,2,0.022290936479968437,0.02229,,3
F27,50000,50000,5276,1,2,0.10551679351381868,0.10552,,5
F28,400000,400000,1164,1,2,0.0029089626515644146,0.00291,,6
F29,100000,100000,6459,1,2,0.06459194028984122,0.06459,,5
F30,400000,400000,600,1,2,0.0010747341157393009,0.0015,,3
F31,400000,400000,2631,1,2,0.0065762650940193144,0.0065775,,2
F32,400000,400000,7646,1,2,0.0191159161743827,0.019115,,5
