Flow,Period,Deadline,Execution Time,w,h,Target_Utilization,Actual_Utilization,Utilization_Error,Queue
F1,50000,50000,2092,1,2,0.04184029654087684,0.04184,,1
F2,400000,400000,9107,1,2,0.02276784877239091,0.0227675,,4
F3,200000,200000,4945,1,2,0.0247249665698277,0.024725,,5
F4,400000,400000,600,1,2,0.0002818934150758956,0.0015,,1
F5,200000,200000,11266,1,2,0.05633206664602919,0.05633,,2
F6,400000,400000,7961,1,2,0.019901879559228064,0.0199025,,3
F7,400000,400000,10088,1,2,0.025220051897220208,0.02522,,3
F8,400000,400000,1131,1,2,0.002827462466484021,0.0028275,,3
F9,50000,50000,2396,1,2,0.047921758537215586,0.04792,,3
F10,400000,400000,600,1,2,0.0009264490097834477,0.0015,,5
F11,200000,200000,944,1,2,0.004718941469847415,0.00472,,5
F12,400000,400000,600,1,2,0.0010865871728233945,0.0015,,4
F13,400000,400000,3769,1,2,0.009421981508921151,0.0094225,,5
F14,400000,400000,2039,1,2,0.005098264344700509,0.0050975,,2
F15,200000,200000,9308,1,2,0.04654040682328486,0.04654,,4
F16,200000,200000,4061,1,2,0.020304980192288158,0.020305,,7
F17,400000,400000,10891,1,2,0.027226484589987443,0.0272275,,7
F18,400000,400000,6621,1,2,0.016552928482834517,0.0165525,,6
F19,100000,100000,6019,1,2,0.06019271022293371,0.06019,,5
F20,100000,100000,6023,1,2,0.06023202353630719,0.06023,,4
F21,400000,400000,2355,1,2,0.0058886784535978065,0.0058875,,1
F22,200000,200000,1130,1,2,0.005650508825230771,0.00565,,7
F23,400000,400000,4615,1,2,0.011536999175765783,0.0115375,,4
F24,400000,400000,9769,1,2,0.024422399015878837,0.0244225,,2
F25,100000,100000,951,1,2,0.00950954611500296,0.00951,,2
F26,400000,400000,1747,1,2,0.0043682107536698045,0.0043675,,4
F27,400000,400000,4754,1,2,0.011885931102914887,0.011885,,1
F28,50000,50000,2103,1,2,0.042061936079587775,0.04206,,6
F29,400000,400000,1541,1,2,0.00385353424435278,0.0038525,,6
F30,200000,200000,9205,1,2,0.04602290662923425,0.046025,,5
F31,100000,100000,7299,1,2,0.07299255472328668,0.07299,,4
F32,100000,100000,6849,1,2,0.06848933219289542,0.06849,,5
