Flow,Period,Deadline,Execution Time,w,h,Target_Utilization,Actual_Utilization,Utilization_Error,Queue
F1,200000,200000,1047,1,2,0.005234213568710011,0.005235,,3
F2,400000,400000,4847,1,2,0.012118403798480837,0.0121175,,6
F3,200000,200000,6166,1,2,0.030830432013491338,0.03083,,2
F4,400000,400000,5092,1,2,0.012730113909633634,0.01273,,5
F5,200000,200000,1753,1,2,0.008765975342382881,0.008765,,1
F6,50000,50000,7415,1,2,0.1482958962161467,0.1483,,5
F7,400000,400000,9047,1,2,0.022616862959019546,0.0226175,,4
F8,400000,400000,2219,1,2,0.005547755459517911,0.0055475,,5
F9,200000,200000,8060,1,2,0.04030176020411447,0.0403,,5
F10,50000,50000,4144,1,2,0.08287808974284083,0.08288,,6
F11,400000,400000,10955,1,2,0.027388444464202077,0.0273875,,3
F12,50000,50000,2049,1,2,0.04097854489857544,0.04098,,4
F13,400000,400000,600,1,2,0.0012957990331034508,0.0015,,7
F14,400000,400000,881,1,2,0.0022033350152251274,0.0022025,,3
F15,200000,200000,11019,1,2,0.05509459696181285,0.055095,,6
F16,400000,400000,1697,1,2,0.004242951460951161,0.0042425,,5
F17,400000,400000,6729,1,2,0.01682346807312113,0.0168225,,2
F18,50000,50000,611,1,2,0.012219916757590987,0.01222,,2
F19,400000,400000,3181,1,2,0.007951356580262525,0.0079525,,1
F20,400000,400000,2059,1,2,0.005148050135560356,0.0051475,,6
F21,400000,400000,2167,1,2,0.005416868832942012,0.0054175,,4
F22,400000,400000,600,1,2,0.0011633048266724844,0.0015,,6
F23,200000,200000,10272,1,2,0.05135865786892299,0.05136,,6
F24,400000,400000,991,1,2,0.002477406434009871,0.0024775,,4
F25,400000,400000,4432,1,2,0.011081024371883047,0.01108,,4
F26,400000,400000,3886,1,2,0.009714511511929647,0.009715,,3
F27,400000,400000,7283,1,2,0.018206731494948447,0.0182075,,6
F28,100000,100000,7583,1,2,0.07582510115647287,0.07583,,4
F29,400000,400000,6581,1,2,0.016451461458257488,0.0164525,,1
F30,400000,400000,2585,1,2,0.006462782721925804,0.0064625,,2
F31,100000,100000,4281,1,2,0.04281129531721779,0.04281,,3
F32,400000,400000,7317,1,2,0.01829125745657421,0.0182925,,5
