Flow,Period,Deadline,Execution Time,w,h,Target_Utilization,Actual_Utilization,Utilization_Error,Queue
F1,400000,400000,9010,1,2,0.022524496494824575,0.022525,,6
F2,400000,400000,7510,1,2,0.018776043719254343,0.018775,,6
F3,200000,200000,6006,1,2,0.03002893436363252,0.03003,,6
F4,400000,400000,732,1,2,0.0018290011155642771,0.00183,,3
F5,400000,400000,10387,1,2,0.025968668831481634,0.0259675,,1
F6,200000,200000,10515,1,2,0.0525728215752308,0.052575,,7
F7,200000,200000,6084,1,2,0.03042077538839527,0.03042,,1
F8,400000,400000,3453,1,2,0.008631277905891688,0.0086325,,1
F9,400000,400000,2498,1,2,0.006245248843707696,0.006245,,4
F10,50000,50000,2677,1,2,0.05354090561646019,0.05354,,1
F11,100000,100000,1841,1,2,0.018410632066969024,0.01841,,1
F12,200000,200000,2506,1,2,0.012530351856860023,0.01253,,7
F13,400000,400000,2137,1,2,0.005342820581796803,0.0053425,,5
F14,200000,200000,3163,1,2,0.01581574281092002,0.015815,,4
F15,400000,400000,910,1,2,0.002274151406219116,0.002275,,2
F16,100000,100000,6434,1,2,0.06433590393021271,0.06434,,7
F17,100000,100000,5811,1,2,0.058110812473167295,0.05811,,7
F18,400000,400000,8177,1,2,0.02044158508856092,0.0204425,,2
F19,400000,400000,11513,1,2,0.028783212189960605,0.0287825,,7
F20,200000,200000,9521,1,2,0.04760664564137035,0.047605,,1
F21,400000,400000,6797,1,2,0.016991736287843395,0.0169925,,7
F22,100000,100000,674,1,2,0.006740911842292974,0.00674,,3
F23,200000,200000,7873,1,2,0.03936470159078137,0.039365,,7
F24,400000,400000,1766,1,2,0.004415273101976869,0.004415,,1
F25,100000,100000,971,1,2,0.009709053385769384,0.00971,,2
F26,50000,50000,2310,1,2,0.046197990952540485,0.0462,,2
F27,400000,400000,8226,1,2,0.02056586112327749,0.020565,,4
F28,400000,400000,6081,1,2,0.015202839060273587,0.0152025,,6
F29,100000,100000,10493,1,2,0.10492664833429369,0.10493,,7
F30,100000,100000,3169,1,2,0.031688093110117214,0.03169,,2
F31,200000,200000,3254,1,2,0.016269559266026794,0.01627,,3
F32,400000,400000,9063,1,2,0.022657169186823853,0.0226575,,2
