Flow,Period,Deadline,Execution Time,w,h,Target_Utilization,Actual_Utilization,Utilization_Error,Queue
F1,200000,200000,7477,1,2,0.03738743840323144,0.037385,,3
F2,400000,400000,600,1,2,0.00020897279587361872,0.0015,,2
F3,200000,200000,9931,1,2,0.04965525287253203,0.049655,,2
F4,400000,400000,5274,1,2,0.013184876066223095,0.013185,,7
F5,400000,400000,7293,1,2,0.01823248003286848,0.0182325,,6
F6,400000,400000,3808,1,2,0.009520581262640104,0.00952,,5
F7,100000,100000,7361,1,2,0.07360549123196547,0.07361,,2
F8,100000,100000,1926,1,2,0.019260573856980656,0.01926,,5
F9,200000,200000,4653,1,2,0.023265795180802518,0.023265,,2
F10,100000,100000,610,1,2,0.006100860388891904,0.0061,,3
F11,100000,100000,5115,1,2,0.05115150501668331,0.05115,,7
F12,200000,200000,6031,1,2,0.030155271280667417,0.030155,,2
F13,200000,200000,8957,1,2,0.04478660733321971,0.044785,,7
F14,400000,400000,7587,1,2,0.018967235987268516,0.0189675,,3
F15,400000,400000,819,1,2,0.002048747272892837,0.0020475,,4
F16,50000,50000,5994,1,2,0.11988118133494674,0.11988,,4
F17,200000,200000,4719,1,2,0.023595252171271563,0.023595,,3
F18,400000,400000,1954,1,2,0.004885824226098734,0.004885,,1
F19,400000,400000,3047,1,2,0.0076177341312825275,0.0076175,,7
F20,400000,400000,9347,1,2,0.023368023773324365,0.0233675,,4
F21,100000,100000,2735,1,2,0.02735099020112186,0.02735,,5
F22,200000,200000,6048,1,2,0.030238190545947063,0.03024,,4
F23,200000,200000,4686,1,2,0.023429381067595345,0.02343,,7
F24,200000,200000,1721,1,2,0.00860467222822578,0.008605,,2
F25,400000,400000,600,1,2,0.00020798599726992717,0.0015,,4
F26,400000,400000,4946,1,2,0.012363985061625837,0.012365,,1
F27,200000,200000,709,1,2,0.0035458874860533063,0.003545,,5
F28,400000,400000,2854,1,2,0.0071354138307131165,0.007135,,6
F29,200000,200000,9585,1,2,0.047922518055705104,0.047925,,5
F30,200000,200000,2175,1,2,0.010875139146723722,0.010875,,4
F31,100000,100000,8646,1,2,0.08645577923637428,0.08646,,4
F32,200000,200000,9982,1,2,0.049909884193926904,0.04991,,4
