Flow,Period,Deadline,Execution Time,w,h,Target_Utilization,Actual_Utilization,Utilization_Error,Queue
F1,400000,400000,4854,1,2,0.012133912800060931,0.012135,,2
F2,400000,400000,3331,1,2,0.008327843730966067,0.0083275,,3
F3,400000,400000,1274,1,2,0.003184001167956141,0.003185,,1
F4,400000,400000,9698,1,2,0.02424464968506157,0.024245,,6
F5,400000,400000,4541,1,2,0.01135307910953487,0.0113525,,6
F6,400000,400000,1559,1,2,0.003898588738676878,0.0038975,,2
F7,400000,400000,6777,1,2,0.016943004093651015,0.0169425,,2
F8,200000,200000,11277,1,2,0.056386373025808845,0.056385,,2
F9,400000,400000,1493,1,2,0.0037318565343924526,0.0037325,,7
F10,400000,400000,8893,1,2,0.022233248978418052,0.0222325,,3
F11,100000,100000,1514,1,2,0.015140227675401352,0.01514,,3
F12,400000,400000,600,1,2,0.0013523046640513403,0.0015,,2
F13,400000,400000,8751,1,2,0.02187647465535092,0.0218775,,7
F14,400000,400000,4997,1,2,0.01249250609291963,0.0124925,,6
F15,400000,400000,2993,1,2,0.007483096572194148,0.0074825,,4
F16,200000,200000,8479,1,2,0.042396642292351294,0.042395,,3
F17,400000,400000,600,1,2,9.628201930300673e-05,0.0015,,3
F18,400000,400000,1681,1,2,0.004202954664962455,0.0042025,,1
F19,100000,100000,7492,1,2,0.07491957683188777,0.07492,,1
F20,100000,100000,7083,1,2,0.07082927625200258,0.07083,,3
F21,50000,50000,1994,1,2,0.03987850515292163,0.03988,,6
F22,400000,400000,3889,1,2,0.009722071349336281,0.0097225,,5
F23,400000,400000,6491,1,2,0.016228512128734995,0.0162275,,1
F24,400000,400000,4779,1,2,0.011947345976549006,0.0119475,,7
F25,100000,100000,6975,1,2,0.06975162570115434,0.06975,,6
F26,100000,100000,9914,1,2,0.09913978722933403,0.09914,,2
F27,200000,200000,7433,1,2,0.037163601728015916,0.037165,,7
F28,400000,400000,9969,1,2,0.024922306271068256,0.0249225,,2
F29,100000,100000,1520,1,2,0.015199884143685408,0.0152,,5
F30,200000,200000,9005,1,2,0.04502651515152972,0.045025,,1
F31,200000,200000,5662,1,2,0.02831078085394466,0.02831,,1
F32,400000,400000,4869,1,2,0.012171400627825261,0.0121725,,1
