Flow,Period,Deadline,Execution Time,w,h,Target_Utilization,Actual_Utilization,Utilization_Error,Queue
F1,400000,400000,2559,1,2,0.006397861858195575,0.0063975,,7
F2,50000,50000,5648,1,2,0.11296235611574812,0.11296,,2
F3,100000,100000,3311,1,2,0.03310783482641322,0.03311,,7
F4,400000,400000,8767,1,2,0.021918219133579164,0.0219175,,4
F5,400000,400000,9162,1,2,0.022904847429757957,0.022905,,2
F6,200000,200000,2251,1,2,0.011255689595098817,0.011255,,3
F7,400000,400000,9249,1,2,0.02312217344978773,0.0231225,,6
F8,50000,50000,3178,1,2,0.06355559115672138,0.06356,,2
F9,200000,200000,7677,1,2,0.038386387903849184,0.038385,,2
F10,400000,400000,4963,1,2,0.012407434392520456,0.0124075,,4
F11,200000,200000,7321,1,2,0.03660254242774674,0.036605,,4
F12,400000,400000,3228,1,2,0.008069591440019785,0.00807,,1
F13,400000,400000,8663,1,2,0.021656828791846217,0.0216575,,6
F14,400000,400000,600,1,2,0.0007310102986587408,0.0015,,6
F15,400000,400000,1084,1,2,0.0027089087253197586,0.00271,,6
F16,100000,100000,1980,1,2,0.019800250154618504,0.0198,,1
F17,200000,200000,11255,1,2,0.05627668954431364,0.056275,,4
F18,400000,400000,5211,1,2,0.013027426249358875,0.0130275,,4
F19,50000,50000,3690,1,2,0.07380130813928498,0.0738,,4
F20,400000,400000,8763,1,2,0.021907466653926122,0.0219075,,7
F21,100000,100000,4403,1,2,0.04402958058808534,0.04403,,2
F22,400000,400000,3967,1,2,0.009916616652230426,0.0099175,,2
F23,100000,100000,3036,1,2,0.030362351838955248,0.03036,,3
F24,200000,200000,8756,1,2,0.043782425702585975,0.04378,,7
F25,400000,400000,5123,1,2,0.012808341011813024,0.0128075,,3
F26,200000,200000,10205,1,2,0.05102587138221912,0.051025,,4
F27,400000,400000,600,1,2,3.337583247375875e-05,0.0015,,5
F28,400000,400000,6031,1,2,0.015076290976237347,0.0150775,,2
F29,400000,400000,765,1,2,0.0019136568190529918,0.0019125,,5
F30,400000,400000,600,1,2,0.0006676622914962016,0.0015,,6
F31,400000,400000,7785,1,2,0.01946323917189023,0.0194625,,5
F32,200000,200000,8102,1,2,0.04051161036918187,0.04051,,3
