Flow,Period,Deadline,Execution Time,w,h,Target_Utilization,Actual_Utilization,Utilization_Error,Queue
F1,400000,400000,10967,1,2,0.02741814852842195,0.0274175,,2
F2,400000,400000,2697,1,2,0.006742080500417136,0.0067425,,5
F3,400000,400000,2545,1,2,0.006362735203014114,0.0063625,,3
F4,100000,100000,6251,1,2,0.06251119847859621,0.06251,,7
F5,400000,400000,4117,1,2,0.010293408139640303,0.0102925,,1
F6,400000,400000,3282,1,2,0.008203773257464242,0.008205,,4
F7,50000,50000,859,1,2,0.0171798326175282,0.01718,,2
F8,100000,100000,7821,1,2,0.07820853659777371,0.07821,,1
F9,100000,100000,994,1,2,0.00993985801602193,0.00994,,1
F10,200000,200000,7098,1,2,0.035490404738489745,0.03549,,5
F11,400000,400000,5893,1,2,0.014733293975030537,0.0147325,,5
F12,400000,400000,1619,1,2,0.00404829727668532,0.0040475,,6
F13,400000,400000,4009,1,2,0.010023294937537397,0.0100225,,6
F14,400000,400000,9851,1,2,0.02462730474897651,0.0246275,,7
F15,400000,400000,8749,1,2,0.021873189528203774,0.0218725,,6
F16,200000,200000,6455,1,2,0.03227465643977123,0.032275,,5
F17,400000,400000,7285,1,2,0.018211861302705024,0.0182125,,3
F18,100000,100000,6791,1,2,0.06790797718730462,0.06791,,7
F19,400000,400000,1188,1,2,0.0029693471531335724,0.00297,,7
F20,400000,400000,2260,1,2,0.005650740278555277,0.00565,,2
F21,400000,400000,7011,1,2,0.017527703725829957,0.0175275,,7
F22,200000,200000,6851,1,2,0.03425347667994472,0.034255,,1
F23,50000,50000,2062,1,2,0.04124031235183981,0.04124,,7
F24,200000,200000,8384,1,2,0.04192172082493348,0.04192,,1
F25,200000,200000,7287,1,2,0.036435377030068244,0.036435,,1
F26,200000,200000,7489,1,2,0.03744726773790272,0.037445,,7
F27,200000,200000,8045,1,2,0.040225234740274035,0.040225,,1
F28,200000,200000,8551,1,2,0.042754669427894035,0.042755,,1
F29,400000,400000,600,1,2,0.00028929491061691764,0.0015,,3
F30,200000,200000,1368,1,2,0.006839350203955763,0.00684,,6
F31,200000,200000,6962,1,2,0.03481102812608402,0.03481,,7
F32,400000,400000,2450,1,2,0.00612520254864361,0.006125,,7
