Flow,Period,Deadline,Execution Time,w,h,Target_Utilization,Actual_Utilization,Utilization_Error,Queue
F1,50000,50000,3474,1,2,0.06947676470974518,0.06948,,2
F2,200000,200000,10071,1,2,0.050354381488612154,0.050355,,2
F3,400000,400000,1879,1,2,0.004697118333378714,0.0046975,,2
F4,100000,100000,7898,1,2,0.07897562456104246,0.07898,,5
F5,400000,400000,3030,1,2,0.007575485036227514,0.007575,,7
F6,400000,400000,10595,1,2,0.026487578129092082,0.0264875,,1
F7,200000,200000,6917,1,2,0.034583875785849316,0.034585,,5
F8,200000,200000,3665,1,2,0.01832407779751455,0.018325,,1
F9,400000,400000,5347,1,2,0.01336870445639593,0.0133675,,5
F10,100000,100000,1890,1,2,0.018901184732304288,0.0189,,2
F11,400000,400000,1815,1,2,0.004538471807710165,0.0045375,,7
F12,400000,400000,8552,1,2,0.02138043691796887,0.02138,,5
F13,100000,100000,3917,1,2,0.03916826254693945,0.03917,,2
F14,400000,400000,4383,1,2,0.010957217113531481,0.0109575,,7
F15,400000,400000,2665,1,2,0.006663110672282757,0.0066625,,6
F16,200000,200000,2126,1,2,0.010630268244710361,0.01063,,3
F17,100000,100000,614,1,2,0.006140697259826744,0.00614,,5
F18,100000,100000,1070,1,2,0.01069980052724756,0.0107,,2
F19,400000,400000,3661,1,2,0.009152283869307998,0.0091525,,1
F20,50000,50000,1156,1,2,0.02311903834770307,0.02312,,7
F21,200000,200000,8617,1,2,0.043087288369578036,0.043085,,5
F22,400000,400000,1331,1,2,0.0033270296839270075,0.0033275,,5
F23,100000,100000,6167,1,2,0.06167017689003712,0.06167,,5
F24,50000,50000,6613,1,2,0.13226305512733508,0.13226,,2
F25,400000,400000,6155,1,2,0.015387512542945472,0.0153875,,6
F26,400000,400000,1008,1,2,0.002518810696093582,0.00252,,1
F27,200000,200000,3936,1,2,0.019680197795235638,0.01968,,3
F28,200000,200000,5683,1,2,0.028415437478098313,0.028415,,2
F29,200000,200000,4911,1,2,0.024554088437803406,0.024555,,6
F30,400000,400000,2081,1,2,0.005202944738730356,0.0052025,,3
F31,100000,100000,3132,1,2,0.03132090317109279,0.03132,,7
F32,200000,200000,1139,1,2,0.0056942397819216995,0.005695,,4
