Flow,Period,Deadline,Execution Time,w,h,Target_Utilization,Actual_Utilization,Utilization_Error,Queue
F1,400000,400000,9808,1,2,0.02451876813499765,0.02452,,7
F2,200000,200000,11175,1,2,0.05587359167019523,0.055875,,7
F3,200000,200000,7737,1,2,0.03868693949433799,0.038685,,3
F4,400000,400000,10251,1,2,0.025628662039976158,0.0256275,,7
F5,400000,400000,1874,1,2,0.004685692505719485,0.004685,,7
F6,400000,400000,3141,1,2,0.007852425759180326,0.0078525,,2
F7,200000,200000,5112,1,2,0.025560959148394957,0.02556,,3
F8,50000,50000,2251,1,2,0.04501834614339717,0.04502,,7
F9,400000,400000,4901,1,2,0.012251364983649538,0.0122525,,4
F10,400000,400000,1826,1,2,0.004564981664366918,0.004565,,6
F11,200000,200000,8793,1,2,0.0439660594415312,0.043965,,7
F12,400000,400000,3709,1,2,0.009272510226364106,0.0092725,,6
F13,400000,400000,8583,1,2,0.021456714305296998,0.0214575,,1
F14,400000,400000,9420,1,2,0.023550131302151944,0.02355,,1
F15,200000,200000,10875,1,2,0.05437483071246296,0.054375,,7
F16,400000,400000,3045,1,2,0.00761291622603999,0.0076125,,4
F17,400000,400000,11567,1,2,0.0289180438657215,0.0289175,,3
F18,400000,400000,3678,1,2,0.009194940999442736,0.009195,,1
F19,200000,200000,3132,1,2,0.015660878353162544,0.01566,,3
F20,400000,400000,3929,1,2,0.009823229231171127,0.0098225,,7
F21,400000,400000,11287,1,2,0.02821689146260864,0.0282175,,1
F22,200000,200000,6574,1,2,0.03287116439699428,0.03287,,1
F23,200000,200000,3388,1,2,0.016941216370248036,0.01694,,7
F24,200000,200000,8613,1,2,0.043065251020102224,0.043065,,1
F25,400000,400000,2348,1,2,0.005870734004100653,0.00587,,3
F26,400000,400000,1745,1,2,0.004361401681163141,0.0043625,,2
F27,400000,400000,6305,1,2,0.0157623380416535,0.0157625,,6
F28,50000,50000,3677,1,2,0.07353909509824876,0.07354,,7
F29,400000,400000,11679,1,2,0.029196344086558343,0.0291975,,7
F30,50000,50000,2000,1,2,0.04000099324152563,0.04,,7
F31,400000,400000,8990,1,2,0.022474685191915558,0.022475,,2
F32,400000,400000,9385,1,2,0.02346282709156382,0.0234625,,3
