Flow,Period,Deadline,Execution Time,w,h,Target_Utilization,Actual_Utilization,Utilization_Error,Queue
F1,200000,200000,1708,1,2,0.008538790177743283,0.00854,,5
F2,200000,200000,10149,1,2,0.05074741946952388,0.050745,,1
F3,200000,200000,1058,1,2,0.0052904255934213,0.00529,,6
F4,100000,100000,2397,1,2,0.02396906308389868,0.02397,,4
F5,200000,200000,7165,1,2,0.035827120296169634,0.035825,,5
F6,200000,200000,9904,1,2,0.04952161383753717,0.04952,,4
F7,100000,100000,4502,1,2,0.045021375318955226,0.04502,,5
F8,400000,400000,7445,1,2,0.018611304488020508,0.0186125,,6
F9,100000,100000,4930,1,2,0.04930124470386321,0.0493,,7
F10,100000,100000,8628,1,2,0.08627875181267475,0.08628,,1
F11,400000,400000,7863,1,2,0.019658409857588377,0.0196575,,5
F12,200000,200000,8498,1,2,0.04248921896084146,0.04249,,7
F13,400000,400000,3173,1,2,0.007932684828322378,0.0079325,,4
F14,400000,400000,6915,1,2,0.017287792542733105,0.0172875,,7
F15,400000,400000,1387,1,2,0.003468052010366096,0.0034675,,7
F16,400000,400000,1305,1,2,0.003262263179835523,0.0032625,,3
F17,50000,50000,7694,1,2,0.15387006475441323,0.15388,,7
F18,400000,400000,1137,1,2,0.0028420165641709905,0.0028425,,6
F19,200000,200000,7189,1,2,0.03594557037305682,0.035945,,6
F20,400000,400000,8309,1,2,0.02077312513110982,0.0207725,,7
F21,400000,400000,1972,1,2,0.004930472491660398,0.00493,,1
F22,400000,400000,7957,1,2,0.019891869499163328,0.0198925,,4
F23,400000,400000,8363,1,2,0.0209076382166149,0.0209075,,6
F24,400000,400000,1288,1,2,0.0032199608218717868,0.00322,,2
F25,100000,100000,1000,1,2,0.01000102986205395,0.01,,3
F26,400000,400000,600,1,2,0.00021131850469599534,0.0015,,1
F27,200000,200000,6937,1,2,0.03468445483206077,0.034685,,1
F28,400000,400000,1265,1,2,0.003161679848924126,0.0031625,,7
F29,400000,400000,1412,1,2,0.0035291046658111613,0.00353,,2
F30,200000,200000,8577,1,2,0.04288266770792383,0.042885,,4
F31,200000,200000,8991,1,2,0.04495282597490806,0.044955,,1
F32,400000,400000,7353,1,2,0.018381689877688696,0.0183825,,1
