Flow,Period,Deadline,Execution Time,w,h,Target_Utilization,Actual_Utilization,Utilization_Error,Queue
F1,400000,400000,3729,1,2,0.009323120312971556,0.0093225,,6
F2,400000,400000,5335,1,2,0.013338015453444596,0.0133375,,3
F3,400000,400000,1647,1,2,0.004117586218901348,0.0041175,,1
F4,200000,200000,6675,1,2,0.033372790493207294,0.033375,,7
F5,200000,200000,9533,1,2,0.047667488427491245,0.047665,,2
F6,200000,200000,8395,1,2,0.04197258760490241,0.041975,,2
F7,400000,400000,1260,1,2,0.0031495368815496194,0.00315,,2
F8,100000,100000,4300,1,2,0.04300062192622478,0.043,,2
F9,200000,200000,3329,1,2,0.01664442568462432,0.016645,,5
F10,200000,200000,9187,1,2,0.04593357427839706,0.045935,,2
F11,200000,200000,6638,1,2,0.03319208436782439,0.03319,,5
F12,400000,400000,6037,1,2,0.01509323732555734,0.0150925,,4
F13,400000,400000,6402,1,2,0.016005674280141546,0.016005,,7
F14,400000,400000,3039,1,2,0.00759871428508907,0.0075975,,4
F15,400000,400000,4601,1,2,0.011502587405932352,0.0115025,,7
F16,400000,400000,1772,1,2,0.004429651527971923,0.00443,,6
F17,400000,400000,2794,1,2,0.006985708263789636,0.006985,,2
F18,100000,100000,7293,1,2,0.07292713313920857,0.07293,,2
F19,400000,400000,2211,1,2,0.005527127649931685,0.0055275,,5
F20,400000,400000,10383,1,2,0.025957164346038786,0.0259575,,1
F21,200000,200000,3983,1,2,0.01991392354342908,0.019915,,3
F22,400000,400000,9415,1,2,0.0235378885298953,0.0235375,,4
F23,200000,200000,7089,1,2,0.035447085312572846,0.035445,,2
F24,100000,100000,5043,1,2,0.050429774093466245,0.05043,,2
F25,400000,400000,3298,1,2,0.008245000090307764,0.008245,,5
F26,400000,400000,5469,1,2,0.013671537170990705,0.0136725,,2
F27,100000,100000,7713,1,2,0.07713069309574311,0.07713,,2
F28,100000,100000,1164,1,2,0.011639239332017881,0.01164,,1
F29,400000,400000,8783,1,2,0.021957804153381083,0.0219575,,2
F30,200000,200000,7138,1,2,0.03568994144712848,0.03569,,4
F31,400000,400000,8473,1,2,0.0211831931096177,0.0211825,,1
F32,200000,200000,7396,1,2,0.03698163416252202,0.03698,,4
