Flow,Period,Deadline,Execution Time,w,h,Target_Utilization,Actual_Utilization,Utilization_Error,Queue
F1,200000,200000,3123,1,2,0.015614575744150816,0.015615,,4
F2,200000,200000,1970,1,2,0.009850119293909332,0.00985,,5
F3,100000,100000,6210,1,2,0.062098443846939744,0.0621,,3
F4,200000,200000,836,1,2,0.004180898049698345,0.00418,,4
F5,100000,100000,6442,1,2,0.06442278368747478,0.06442,,6
F6,200000,200000,2707,1,2,0.013535550187233958,0.013535,,3
F7,400000,400000,10921,1,2,0.02730329549903887,0.0273025,,2
F8,200000,200000,11075,1,2,0.05537253379739393,0.055375,,6
F9,400000,400000,6139,1,2,0.015348225835560059,0.0153475,,6
F10,400000,400000,600,1,2,3.457597215983377e-05,0.0015,,2
F11,400000,400000,10333,1,2,0.02583348304973454,0.0258325,,1
F12,400000,400000,600,1,2,0.0004210922178315979,0.0015,,6
F13,400000,400000,600,1,2,0.0003201308339819686,0.0015,,2
F14,50000,50000,3345,1,2,0.06690472750151155,0.0669,,2
F15,400000,400000,6668,1,2,0.016670668576624748,0.01667,,7
F16,100000,100000,1819,1,2,0.018188969833425106,0.01819,,3
F17,400000,400000,1611,1,2,0.004026443930533641,0.0040275,,1
F18,100000,100000,2173,1,2,0.021731242680428475,0.02173,,5
F19,400000,400000,8545,1,2,0.021363090198915802,0.0213625,,6
F20,100000,100000,11192,1,2,0.11192413255894204,0.11192,,5
F21,100000,100000,6143,1,2,0.06143325958637663,0.06143,,2
F22,400000,400000,6439,1,2,0.016097003692226136,0.0160975,,2
F23,400000,400000,1767,1,2,0.0044163096864156814,0.0044175,,7
F24,200000,200000,7057,1,2,0.03528404802110688,0.035285,,5
F25,100000,100000,3921,1,2,0.03920801574896916,0.03921,,1
F26,400000,400000,600,1,2,0.0009671339426642195,0.0015,,6
F27,200000,200000,5131,1,2,0.025655691091553662,0.025655,,4
F28,200000,200000,3469,1,2,0.01734595468469978,0.017345,,5
F29,400000,400000,600,1,2,0.001289042561104091,0.0015,,2
F30,400000,400000,600,1,2,0.0009160157215597001,0.0015,,6
F31,400000,400000,6505,1,2,0.016263145640818336,0.0162625,,1
F32,200000,200000,6045,1,2,0.030227059241332843,0.030225,,3
