Flow,Period,Deadline,Execution Time,w,h,Target_Utilization,Actual_Utilization,Utilization_Error,Queue
F1,200000,200000,6705,1,2,0.03352286787764319,0.033525,,4
F2,400000,400000,878,1,2,0.002196116538116466,0.002195,,5
F3,100000,100000,7347,1,2,0.07347461517838172,0.07347,,2
F4,400000,400000,750,1,2,0.0018753184839631065,0.001875,,1
F5,400000,400000,2177,1,2,0.005442574811378109,0.0054425,,5
F6,400000,400000,4918,1,2,0.01229410671487452,0.012295,,1
F7,200000,200000,9364,1,2,0.04681861562302808,0.04682,,3
F8,100000,100000,9285,1,2,0.09285395737311802,0.09285,,6
F9,400000,400000,1739,1,2,0.00434638205510357,0.0043475,,7
F10,200000,200000,2246,1,2,0.011228949195933202,0.01123,,4
F11,100000,100000,6809,1,2,0.06809369937641171,0.06809,,7
F12,400000,400000,4606,1,2,0.01151441080993218,0.011515,,6
F13,100000,100000,11069,1,2,0.1106918082879774,0.11069,,1
F14,50000,50000,686,1,2,0.013720639958299405,0.01372,,5
F15,200000,200000,6178,1,2,0.03089025053382751,0.03089,,2
F16,400000,400000,2267,1,2,0.005667045921536077,0.0056675,,7
