Flow,Period,Deadline,Execution Time,w,h,Target_Utilization,Actual_Utilization,Utilization_Error,Queue
F1,100000,100000,9526,1,2,0.09525646082409434,0.09526,,2
F2,400000,400000,1575,1,2,0.003936347265247386,0.0039375,,2
F3,200000,200000,10703,1,2,0.053512829310359,0.053515,,6
F4,400000,400000,3943,1,2,0.009857348179480141,0.0098575,,7
F5,400000,400000,5829,1,2,0.014573092951098154,0.0145725,,6
F6,100000,100000,8761,1,2,0.0876123732594169,0.08761,,2
F7,200000,200000,9641,1,2,0.0482069062505715,0.048205,,1
F8,200000,200000,10819,1,2,0.054093140640053966,0.054095,,7
F9,400000,400000,7906,1,2,0.019764668141811437,0.019765,,7
F10,400000,400000,882,1,2,0.002206067819325863,0.002205,,7
F11,400000,400000,8121,1,2,0.020301420726664438,0.0203025,,4
F12,50000,50000,3319,1,2,0.06637505615195982,0.06638,,5
F13,400000,400000,4438,1,2,0.011095333905890098,0.011095,,2
F14,50000,50000,2153,1,2,0.04305972838727535,0.04306,,5
F15,400000,400000,10186,1,2,0.0254637941684268,0.025465,,2
F16,100000,100000,1930,1,2,0.019299259350332974,0.0193,,4
