Flow,Period,Deadline,Execution Time,w,h,Target_Utilization,Actual_Utilization,Utilization_Error,Queue
F1,200000,200000,8873,1,2,0.04436519114307358,0.044365,,2
F2,400000,400000,600,1,2,0.0014039057546908484,0.0015,,1
F3,100000,100000,1616,1,2,0.016160319611713825,0.01616,,5
F4,50000,50000,1583,1,2,0.03166128520335243,0.03166,,6
F5,400000,400000,1000,1,2,0.0025005184955196325,0.0025,,4
F6,400000,400000,4623,1,2,0.01155825818650158,0.0115575,,2
F7,100000,100000,9559,1,2,0.09558968357562575,0.09559,,5
F8,50000,50000,7057,1,2,0.1411461042315424,0.14114,,3
F9,400000,400000,953,1,2,0.002383305582402462,0.0023825,,2
F10,100000,100000,7341,1,2,0.07341242032344084,0.07341,,7
F11,400000,400000,1514,1,2,0.0037850245051208042,0.003785,,1
F12,400000,400000,898,1,2,0.0022445591377737995,0.002245,,6
F13,100000,100000,6987,1,2,0.0698738647879988,0.06987,,3
F14,400000,400000,11401,1,2,0.028501811179141016,0.0285025,,1
F15,200000,200000,7881,1,2,0.03940491442207677,0.039405,,5
F16,400000,400000,4877,1,2,0.012191970814520225,0.0121925,,4
