Flow,Period,Deadline,Execution Time,w,h,Target_Utilization,Actual_Utilization,Utilization_Error,Queue
F1,400000,400000,7016,1,2,0.01754005761105709,0.01754,,6
F2,400000,400000,5914,1,2,0.014783799270580378,0.014785,,2
F3,400000,400000,998,1,2,0.0024952727469107483,0.002495,,1
F4,400000,400000,4995,1,2,0.012486401363762223,0.0124875,,2
F5,400000,400000,2997,1,2,0.007491359855719415,0.0074925,,5
F6,400000,400000,9929,1,2,0.024822470428371102,0.0248225,,5
F7,400000,400000,7916,1,2,0.01979065079752823,0.01979,,1
F8,100000,100000,8447,1,2,0.0844663312918904,0.08447,,3
F9,100000,100000,3527,1,2,0.03526822390592088,0.03527,,5
F10,200000,200000,2511,1,2,0.012554837892128301,0.012555,,4
F11,400000,400000,4368,1,2,0.010920933648428166,0.01092,,6
F12,200000,200000,6927,1,2,0.03463489708050119,0.034635,,7
F13,50000,50000,4620,1,2,0.09239848135240311,0.0924,,2
F14,50000,50000,4476,1,2,0.0895204434073768,0.08952,,1
F15,200000,200000,4749,1,2,0.023745506401513454,0.023745,,7
F16,200000,200000,6256,1,2,0.03128182188466111,0.03128,,2
