Flow,Period,Deadline,Execution Time,w,h,Target_Utilization,Actual_Utilization,Utilization_Error,Queue
F1,200000,200000,9785,1,2,0.0489229594213203,0.048925,,5
F2,200000,200000,7603,1,2,0.0380128702326768,0.038015,,2
F3,100000,100000,6137,1,2,0.06137014657924389,0.06137,,6
F4,200000,200000,9889,1,2,0.04944443548512567,0.049445,,2
F5,400000,400000,3223,1,2,0.008056613817572111,0.0080575,,6
F6,200000,200000,5555,1,2,0.027774595941557623,0.027775,,5
F7,200000,200000,2544,1,2,0.01272066979021702,0.01272,,3
F8,200000,200000,7783,1,2,0.03891731927265246,0.038915,,3
F9,50000,50000,4031,1,2,0.08062190629915975,0.08062,,6
F10,400000,400000,1945,1,2,0.004862209403217105,0.0048625,,2
F11,400000,400000,8550,1,2,0.02137575250886506,0.021375,,1
F12,200000,200000,7111,1,2,0.03555481206343447,0.035555,,6
F13,400000,400000,1851,1,2,0.004626717070042599,0.0046275,,7
F14,400000,400000,5649,1,2,0.014122935200904227,0.0141225,,4
F15,100000,100000,6199,1,2,0.061988064630792636,0.06199,,2
F16,100000,100000,4528,1,2,0.045279760614796535,0.04528,,1
