Flow,Period,Deadline,Execution Time,w,h,Target_Utilization,Actual_Utilization,Utilization_Error,Queue
F1,200000,200000,10851,1,2,0.05425333035029889,0.054255,,1
F2,400000,400000,3785,1,2,0.009461692812413436,0.0094625,,7
F3,400000,400000,8991,1,2,0.02247837916387757,0.0224775,,3
F4,100000,100000,6695,1,2,0.06695219010416559,0.06695,,7
F5,50000,50000,4418,1,2,0.08836327951929623,0.08836,,7
F6,200000,200000,1903,1,2,0.009515746591235164,0.009515,,4
F7,200000,200000,6503,1,2,0.032516149585722354,0.032515,,6
F8,200000,200000,11351,1,2,0.056757200903537114,0.056755,,7
F9,200000,200000,1010,1,2,0.0050510174133270025,0.00505,,4
F10,200000,200000,3221,1,2,0.016104706807646807,0.016105,,1
F11,200000,200000,7910,1,2,0.03955097731524035,0.03955,,3
F12,200000,200000,6175,1,2,0.0308762391065784,0.030875,,4
F13,400000,400000,6395,1,2,0.015988580268163077,0.0159875,,6
F14,400000,400000,11873,1,2,0.029681870222756812,0.0296825,,7
F15,400000,400000,10261,1,2,0.025653419511447242,0.0256525,,5
F16,200000,200000,4727,1,2,0.023634071770212428,0.023635,,2
