Flow,Period,Deadline,Execution Time,w,h,Target_Utilization,Actual_Utilization,Utilization_Error,Queue
F1,200000,200000,9931,1,2,0.049654902007572055,0.049655,,3
F2,400000,400000,2901,1,2,0.007252367574865026,0.0072525,,6
F3,400000,400000,7012,1,2,0.01753116214153627,0.01753,,4
F4,50000,50000,3087,1,2,0.06173878939417582,0.06174,,7
F5,50000,50000,9481,1,2,0.18961439224198298,0.18962,,1
F6,400000,400000,2820,1,2,0.007051128427933123,0.00705,,3
F7,100000,100000,2970,1,2,0.02970002209204553,0.0297,,7
F8,400000,400000,1671,1,2,0.004177285650623308,0.0041775,,5
F9,50000,50000,3369,1,2,0.06738495712593912,0.06738,,5
F10,400000,400000,3925,1,2,0.00981210422391654,0.0098125,,7
F11,400000,400000,2169,1,2,0.00542127697506764,0.0054225,,1
F12,200000,200000,6222,1,2,0.031109216313642607,0.03111,,4
F13,400000,400000,9141,1,2,0.022853374528134435,0.0228525,,1
F14,400000,400000,4235,1,2,0.010588309640436479,0.0105875,,1
F15,400000,400000,600,1,2,0.0007670968790006241,0.0015,,2
F16,200000,200000,11979,1,2,0.05989475111871241,0.059895,,5
