Flow,Period,Deadline,Execution Time,w,h,Target_Utilization,Actual_Utilization,Utilization_Error,Queue
F1,400000,400000,8231,1,2,0.02057721724392947,0.0205775,,3
F2,400000,400000,5409,1,2,0.013523580443640437,0.0135225,,5
F3,200000,200000,11868,1,2,0.059339485549038784,0.05934,,4
F4,200000,200000,9239,1,2,0.04619713440448353,0.046195,,4
F5,100000,100000,4854,1,2,0.048541100534558845,0.04854,,7
F6,200000,200000,9999,1,2,0.04999333823496993,0.049995,,5
F7,50000,50000,1798,1,2,0.03595935669931766,0.03596,,6
F8,50000,50000,6565,1,2,0.13130679123253564,0.1313,,6
F9,400000,400000,11285,1,2,0.028211419379299746,0.0282125,,2
F10,400000,400000,1621,1,2,0.004052567742038632,0.0040525,,4
F11,400000,400000,2414,1,2,0.006034402080206808,0.006035,,6
F12,100000,100000,6479,1,2,0.06478700297056869,0.06479,,5
F13,400000,400000,7758,1,2,0.019394989183060415,0.019395,,7
F14,400000,400000,600,1,2,0.0005620444557637716,0.0015,,5
F15,400000,400000,9489,1,2,0.023723047372897238,0.0237225,,1
F16,400000,400000,4400,1,2,0.01100116566653799,0.011,,2
