Flow,Period,Deadline,Execution Time,w,h,Target_Utilization,Actual_Utilization,Utilization_Error,Queue
F1,200000,200000,9661,1,2,0.048302771038992276,0.048305,,6
F2,200000,200000,9695,1,2,0.04847498510698106,0.048475,,3
F3,200000,200000,8421,1,2,0.042103218939712694,0.042105,,2
F4,400000,400000,3190,1,2,0.007975271775337744,0.007975,,5
F5,400000,400000,4501,1,2,0.011253347214905063,0.0112525,,6
F6,400000,400000,5146,1,2,0.012865960840346136,0.012865,,7
F7,100000,100000,10318,1,2,0.10318158285898676,0.10318,,2
F8,400000,400000,4507,1,2,0.011266799791236348,0.0112675,,3
F9,200000,200000,3863,1,2,0.019315977599765416,0.019315,,3
F10,200000,200000,9139,1,2,0.04569349566424699,0.045695,,4
F11,100000,100000,11309,1,2,0.11308821142240486,0.11309,,5
F12,400000,400000,762,1,2,0.0019061524446818828,0.001905,,7
F13,400000,400000,786,1,2,0.0019644060328902896,0.001965,,1
F14,200000,200000,770,1,2,0.0038499761297445395,0.00385,,1
F15,200000,200000,9223,1,2,0.04611352978267971,0.046115,,5
F16,200000,200000,5901,1,2,0.02950545752674404,0.029505,,1
