Flow,Period,Deadline,Execution Time,w,h,Target_Utilization,Actual_Utilization,Utilization_Error,Queue
F1,400000,400000,1087,1,2,0.0027178978448464397,0.0027175,,3
F2,100000,100000,1451,1,2,0.014510841625904436,0.01451,,1
F3,400000,400000,6817,1,2,0.017042227546467448,0.0170425,,7
F4,50000,50000,7170,1,2,0.143398206057336,0.1434,,3
F5,400000,400000,600,1,2,0.0009613904887498803,0.0015,,1
F6,200000,200000,10409,1,2,0.05204616627394104,0.052045,,5
F7,200000,200000,11651,1,2,0.05825323405151889,0.058255,,1
F8,100000,100000,9769,1,2,0.09769121161556008,0.09769,,7
F9,200000,200000,9135,1,2,0.04567401697909071,0.045675,,4
F10,400000,400000,3827,1,2,0.009566845160889514,0.0095675,,2
F11,400000,400000,7813,1,2,0.019533154333220684,0.0195325,,2
F12,400000,400000,8354,1,2,0.020885544145891,0.020885,,7
F13,400000,400000,3515,1,2,0.008786269786772313,0.0087875,,2
F14,400000,400000,7454,1,2,0.01863479842509984,0.018635,,6
F15,200000,200000,606,1,2,0.0030303196334179744,0.00303,,6
F16,100000,100000,6683,1,2,0.0668271391893556,0.06683,,2
