Flow,Period,Deadline,Execution Time,w,h,Target_Utilization,Actual_Utilization,Utilization_Error,Queue
F1,400000,400000,1491,1,2,0.0037273467461642618,0.0037275,,6
F2,400000,400000,2080,1,2,0.005200026741736141,0.0052,,5
F3,400000,400000,11751,1,2,0.029377103610235766,0.0293775,,7
F4,100000,100000,10819,1,2,0.10818684415834301,0.10819,,6
F5,200000,200000,5250,1,2,0.026249974696319955,0.02625,,6
F6,400000,400000,10325,1,2,0.02581216851817353,0.0258125,,7
F7,400000,400000,5655,1,2,0.014136413697604822,0.0141375,,4
F8,400000,400000,6367,1,2,0.015916454481537723,0.0159175,,6
F9,50000,50000,5056,1,2,0.10111907541735651,0.10112,,2
F10,400000,400000,600,1,2,0.0005505873021744712,0.0015,,7
F11,50000,50000,5412,1,2,0.1082427668862815,0.10824,,3
F12,400000,400000,600,1,2,0.0007076761827888856,0.0015,,5
F13,200000,200000,8406,1,2,0.04203045488162991,0.04203,,3
F14,400000,400000,9761,1,2,0.024402091422750693,0.0244025,,3
F15,400000,400000,2036,1,2,0.005089721472282615,0.00509,,1
F16,400000,400000,1587,1,2,0.003966317830954166,0.0039675,,5
