Flow,Period,Deadline,Execution Time,w,h,Target_Utilization,Actual_Utilization,Utilization_Error,Queue
F1,200000,200000,3633,1,2,0.0181661355934134,0.018165,,3
F2,100000,100000,4776,1,2,0.04775809021044353,0.04776,,7
F3,50000,50000,3204,1,2,0.06408147464596631,0.06408,,7
F4,100000,100000,3899,1,2,0.038988119354965045,0.03899,,6
F5,400000,400000,8085,1,2,0.02021194184998859,0.0202125,,2
F6,400000,400000,5125,1,2,0.012812144825218308,0.0128125,,1
F7,400000,400000,2139,1,2,0.005346852463674834,0.0053475,,2
F8,400000,400000,5436,1,2,0.013588773794830367,0.01359,,5
F9,400000,400000,3415,1,2,0.008536580818657713,0.0085375,,7
F10,400000,400000,2873,1,2,0.007181905230201235,0.0071825,,3
F11,400000,400000,11363,1,2,0.02840813498652195,0.0284075,,1
F12,100000,100000,5434,1,2,0.05434007876193722,0.05434,,1
F13,400000,400000,9908,1,2,0.024770988806623956,0.02477,,4
F14,100000,100000,9911,1,2,0.0991051627095448,0.09911,,7
F15,100000,100000,8734,1,2,0.08734067724891292,0.08734,,7
F16,200000,200000,2631,1,2,0.01315460636179398,0.013155,,6
