Flow,Period,Deadline,Execution Time,w,h,Target_Utilization,Actual_Utilization,Utilization_Error,Queue
F1,400000,400000,3418,1,2,0.008545803366695082,0.008545,,7
F2,100000,100000,6789,1,2,0.06788671902150378,0.06789,,1
F3,400000,400000,6247,1,2,0.01561675608194596,0.0156175,,6
F4,200000,200000,6188,1,2,0.030942429700243634,0.03094,,1
F5,50000,50000,1162,1,2,0.02324048464811196,0.02324,,5
F6,100000,100000,10039,1,2,0.10038575285617268,0.10039,,4
F7,50000,50000,2355,1,2,0.047100326149627,0.0471,,4
F8,400000,400000,9507,1,2,0.023768320996138848,0.0237675,,6
F9,400000,400000,6459,1,2,0.016147454429442598,0.0161475,,1
F10,100000,100000,3961,1,2,0.03961010266009163,0.03961,,3
F11,200000,200000,1568,1,2,0.007840408378618269,0.00784,,4
F12,100000,100000,11195,1,2,0.1119529310258354,0.11195,,4
F13,200000,200000,4006,1,2,0.020029000477972986,0.02003,,4
F14,400000,400000,7639,1,2,0.019097003599530815,0.0190975,,3
F15,200000,200000,5339,1,2,0.026695077471026743,0.026695,,2
F16,200000,200000,4817,1,2,0.024085766082281898,0.024085,,7
