Flow,Period,Deadline,Execution Time,w,h,Target_Utilization,Actual_Utilization,Utilization_Error,Queue
F1,100000,100000,3705,1,2,0.037047829773369956,0.03705,,5
F2,100000,100000,4159,1,2,0.041592327890651426,0.04159,,1
F3,400000,400000,5511,1,2,0.013778259444113483,0.0137775,,7
F4,100000,100000,4531,1,2,0.04530933025870487,0.04531,,6
F5,400000,400000,3035,1,2,0.007587609966227038,0.0075875,,4
F6,50000,50000,4650,1,2,0.09299682710960339,0.093,,1
F7,400000,400000,1690,1,2,0.0042243392967482585,0.004225,,6
F8,400000,400000,4643,1,2,0.011608405981231251,0.0116075,,3
F9,100000,100000,7842,1,2,0.07842107301645265,0.07842,,4
F10,400000,400000,7817,1,2,0.019542188922538534,0.0195425,,6
F11,400000,400000,5089,1,2,0.012723305485347003,0.0127225,,4
F12,200000,200000,724,1,2,0.003619027036333683,0.00362,,1
F13,400000,400000,6675,1,2,0.016688059067089006,0.0166875,,1
F14,100000,100000,9179,1,2,0.09179292241228455,0.09179,,3
F15,200000,200000,2004,1,2,0.01002070843641896,0.01002,,7
F16,100000,100000,6358,1,2,0.0635800892261689,0.06358,,5
