Flow,Period,Deadline,Execution Time,w,h,Target_Utilization,Actual_Utilization,Utilization_Error,Queue
F1,200000,200000,11309,1,2,0.05654285225305311,0.056545,,1
F2,400000,400000,8514,1,2,0.021285423056409847,0.021285,,7
F3,400000,400000,3089,1,2,0.007722176568708217,0.0077225,,1
F4,50000,50000,3130,1,2,0.06259900342902164,0.0626,,4
F5,400000,400000,10068,1,2,0.025169735912831226,0.02517,,4
F6,100000,100000,4435,1,2,0.04435047036129047,0.04435,,2
F7,400000,400000,3785,1,2,0.009461696917465623,0.0094625,,6
F8,200000,200000,9067,1,2,0.04533704478968403,0.045335,,7
F9,400000,400000,962,1,2,0.0024059777207113275,0.002405,,7
F10,400000,400000,6735,1,2,0.01683864608137753,0.0168375,,3
F11,400000,400000,6745,1,2,0.016861954477023544,0.0168625,,1
F12,400000,400000,6347,1,2,0.015867773008345326,0.0158675,,2
F13,100000,100000,960,1,2,0.009599567817662108,0.0096,,4
F14,100000,100000,6617,1,2,0.06617106358133232,0.06617,,1
F15,50000,50000,6432,1,2,0.12864694222707057,0.12864,,3
F16,100000,100000,3911,1,2,0.03910812048764115,0.03911,,6
