Flow,Period,Deadline,Execution Time,w,h,Target_Utilization,Actual_Utilization,Utilization_Error,Queue
F1,100000,100000,6022,1,2,0.06022028134296137,0.06022,,4
F2,100000,100000,7192,1,2,0.07191984068051543,0.07192,,3
F3,200000,200000,7913,1,2,0.03956584961626047,0.039565,,7
F4,100000,100000,9991,1,2,0.09990621863654975,0.09991,,7
F5,100000,100000,6450,1,2,0.06450169930660002,0.0645,,3
F6,400000,400000,600,1,2,0.0009104357425496479,0.0015,,6
F7,100000,100000,6645,1,2,0.06644604418108602,0.06645,,1
F8,400000,400000,647,1,2,0.0016177009350929472,0.0016175,,6
F9,400000,400000,870,1,2,0.002175520620737059,0.002175,,1
F10,400000,400000,2083,1,2,0.005208355735366738,0.0052075,,3
F11,400000,400000,8505,1,2,0.021262161735675578,0.0212625,,5
F12,200000,200000,4720,1,2,0.023599569197812947,0.0236,,6
F13,400000,400000,9591,1,2,0.023977638419902463,0.0239775,,1
F14,50000,50000,1862,1,2,0.03723917453550521,0.03724,,2
F15,400000,400000,4285,1,2,0.010712741905023495,0.0107125,,2
F16,200000,200000,837,1,2,0.004183931925668079,0.004185,,7
