Flow,Period,Deadline,Execution Time,w,h,Target_Utilization,Actual_Utilization,Utilization_Error,Queue
F1,100000,100000,7807,1,2,0.07807180754581433,0.07807,,7
F2,100000,100000,8884,1,2,0.08884269402721767,0.08884,,7
F3,100000,100000,2228,1,2,0.0222799155799544,0.02228,,4
F4,400000,400000,1867,1,2,0.004668524184252565,0.0046675,,2
F5,50000,50000,2917,1,2,0.05834045378798414,0.05834,,5
F6,200000,200000,646,1,2,0.0032300558756888087,0.00323,,7
F7,200000,200000,10770,1,2,0.05384758387203528,0.05385,,7
F8,200000,200000,7375,1,2,0.03687350599155162,0.036875,,2
F9,400000,400000,4114,1,2,0.01028390450886843,0.010285,,1
F10,200000,200000,7067,1,2,0.0353340493523468,0.035335,,2
F11,200000,200000,4331,1,2,0.021655718800197177,0.021655,,3
F12,400000,400000,3399,1,2,0.008497424945133641,0.0084975,,6
F13,400000,400000,1285,1,2,0.0032123971523016354,0.0032125,,5
F14,200000,200000,6443,1,2,0.0322137394487586,0.032215,,7
F15,200000,200000,6402,1,2,0.032012496827176606,0.03201,,5
F16,400000,400000,11687,1,2,0.029218717842130443,0.0292175,,6
