Flow,Period,Deadline,Execution Time,w,h,Target_Utilization,Actual_Utilization,Utilization_Error,Queue
F1,200000,200000,9615,1,2,0.0480733279668506,0.048075,,6
F2,200000,200000,9287,1,2,0.0464330295519374,0.046435,,3
F3,400000,400000,600,1,2,0.0004349595985962962,0.0015,,3
F4,100000,100000,5600,1,2,0.056002389492211424,0.056,,5
F5,200000,200000,11159,1,2,0.05579712504719003,0.055795,,5
F6,200000,200000,5904,1,2,0.029520065884578783,0.02952,,2
F7,200000,200000,7715,1,2,0.03857304961270491,0.038575,,3
F8,400000,400000,11991,1,2,0.0299767320270522,0.0299775,,1
F9,200000,200000,9008,1,2,0.04504217703940058,0.04504,,6
F10,400000,400000,6596,1,2,0.016489784824401527,0.01649,,5
F11,400000,400000,5377,1,2,0.013442896917814917,0.0134425,,6
F12,400000,400000,6668,1,2,0.016671233553472303,0.01667,,7
F13,400000,400000,5015,1,2,0.012536352621305966,0.0125375,,1
F14,100000,100000,6593,1,2,0.06593016513975503,0.06593,,6
F15,400000,400000,2505,1,2,0.006261629203728893,0.0062625,,2
F16,200000,200000,8318,1,2,0.04158753738277987,0.04159,,5
