Flow,Period,Deadline,Execution Time,w,h,Target_Utilization,Actual_Utilization,Utilization_Error,Queue
F1,50000,50000,3703,1,2,0.07406070604107762,0.07406,,6
F2,100000,100000,6836,1,2,0.06836053160072719,0.06836,,1
F3,200000,200000,11957,1,2,0.05978326425512581,0.059785,,2
F4,100000,100000,3088,1,2,0.030880700022788976,0.03088,,1
F5,400000,400000,1082,1,2,0.0027052328253845404,0.002705,,2
F6,100000,100000,6167,1,2,0.06167253122694605,0.06167,,6
F7,400000,400000,10575,1,2,0.026436255319621738,0.0264375,,7
F8,400000,400000,3374,1,2,0.008435357957674638,0.008435,,5
F9,200000,200000,11098,1,2,0.0554917664027155,0.05549,,5
F10,400000,400000,3442,1,2,0.00860557326517672,0.008605,,3
F11,100000,100000,8542,1,2,0.08542106986700128,0.08542,,1
F12,400000,400000,1448,1,2,0.0036188374438710577,0.00362,,6
F13,200000,200000,3262,1,2,0.016310405846607118,0.01631,,6
F14,400000,400000,800,1,2,0.0020003570879066485,0.002,,1
F15,400000,400000,4947,1,2,0.01236819734664793,0.0123675,,2
F16,400000,400000,8439,1,2,0.02109677756212503,0.0210975,,4
