Flow,Period,Deadline,Execution Time,w,h,Target_Utilization,Actual_Utilization,Utilization_Error,Queue
F1,100000,100000,10102,1,2,0.10102266337670296,0.10102,,2
F2,50000,50000,2209,1,2,0.04417903420878616,0.04418,,1
F3,200000,200000,7711,1,2,0.03855254220393173,0.038555,,4
F4,400000,400000,5871,1,2,0.01467641469792752,0.0146775,,5
F5,400000,400000,2320,1,2,0.005800852407889967,0.0058,,4
F6,200000,200000,11251,1,2,0.05625564728449023,0.056255,,6
F7,100000,100000,5418,1,2,0.054180755762533395,0.05418,,4
F8,50000,50000,4931,1,2,0.09862406957142049,0.09862,,2
F9,50000,50000,2088,1,2,0.041757669562915586,0.04176,,6
F10,100000,100000,606,1,2,0.006059142495744366,0.00606,,6
F11,400000,400000,2753,1,2,0.006883370456968713,0.0068825,,3
F12,400000,400000,9249,1,2,0.02312165438806936,0.0231225,,1
F13,400000,400000,1984,1,2,0.004960192029891862,0.00496,,6
F14,200000,200000,1890,1,2,0.009450682160939305,0.00945,,1
F15,200000,200000,1477,1,2,0.00738515314272941,0.007385,,2
F16,200000,200000,4954,1,2,0.024769198096405445,0.02477,,3
