Flow,Period,Deadline,Execution Time,w,h,Target_Utilization,Actual_Utilization,Utilization_Error,Queue
F1,400000,400000,9419,1,2,0.023548625481226215,0.0235475,,2
F2,400000,400000,600,1,2,0.0002697427635254268,0.0015,,4
F3,200000,200000,2925,1,2,0.014623849040253822,0.014625,,1
F4,400000,400000,5649,1,2,0.014121868357027612,0.0141225,,6
F5,400000,400000,5662,1,2,0.01415577751305025,0.014155,,4
F6,50000,50000,7578,1,2,0.15156243271146758,0.15156,,3
F7,200000,200000,2909,1,2,0.014545686964747506,0.014545,,2
F8,400000,400000,7432,1,2,0.018581138146964105,0.01858,,6
F9,400000,400000,2758,1,2,0.006896081073026361,0.006895,,1
F10,50000,50000,1601,1,2,0.032019332390266,0.03202,,4
F11,400000,400000,600,1,2,0.0006983836266695742,0.0015,,4
F12,400000,400000,1947,1,2,0.004868688605904198,0.0048675,,2
F13,400000,400000,5512,1,2,0.013780085890195248,0.01378,,5
F14,100000,100000,10009,1,2,0.10009182454890286,0.10009,,7
F15,100000,100000,5446,1,2,0.05446122671106084,0.05446,,5
F16,200000,200000,8089,1,2,0.04044377108560458,0.040445,,1
