Flow,Period,Deadline,Execution Time,w,h,Target_Utilization,Actual_Utilization,Utilization_Error,Queue
F1,400000,400000,600,1,2,0.00030335259084357524,0.0015,,6
F2,200000,200000,6073,1,2,0.03036378569756043,0.030365,,5
F3,400000,400000,4507,1,2,0.011267820709769227,0.0112675,,1
F4,100000,100000,7167,1,2,0.07167065218151913,0.07167,,4
F5,400000,400000,4609,1,2,0.011521912223180941,0.0115225,,5
F6,400000,400000,10244,1,2,0.02560907228210435,0.02561,,1
F7,400000,400000,8151,1,2,0.02037715703284254,0.0203775,,4
F8,200000,200000,4543,1,2,0.022714928597671158,0.022715,,6
F9,200000,200000,11389,1,2,0.05694334469555462,0.056945,,4
F10,400000,400000,6607,1,2,0.016518328941095756,0.0165175,,2
F11,50000,50000,3617,1,2,0.07233715806640459,0.07234,,6
F12,200000,200000,8261,1,2,0.0413035865389802,0.041305,,6
F13,400000,400000,600,1,2,0.00036734961354528695,0.0015,,3
F14,100000,100000,5356,1,2,0.05356240128694201,0.05356,,4
F15,100000,100000,6806,1,2,0.06805916972469805,0.06806,,6
F16,200000,200000,1597,1,2,0.007984358309477963,0.007985,,7
