Flow,Period,Deadline,Execution Time,w,h,Target_Utilization,Actual_Utilization,Utilization_Error,Queue
F1,200000,200000,6202,1,2,0.03100959462985775,0.03101,,5
F2,200000,200000,9661,1,2,0.04830410846100963,0.048305,,2
F3,400000,400000,8395,1,2,0.020987166181711592,0.0209875,,7
F4,400000,400000,4697,1,2,0.011742447603275141,0.0117425,,5
F5,50000,50000,6319,1,2,0.1263707848772,0.12638,,3
F6,400000,400000,2993,1,2,0.007482736175281612,0.0074825,,7
F7,100000,100000,10440,1,2,0.10440287292149078,0.1044,,3
F8,200000,200000,10861,1,2,0.05430266674340954,0.054305,,4
F9,200000,200000,4514,1,2,0.022570776934330322,0.02257,,1
F10,400000,400000,2555,1,2,0.006388631033241221,0.0063875,,2
F11,400000,400000,8157,1,2,0.020392622997227848,0.0203925,,4
F12,400000,400000,2435,1,2,0.006086904951438675,0.0060875,,6
F13,400000,400000,1198,1,2,0.002993858706718054,0.002995,,4
F14,400000,400000,6589,1,2,0.016472449642918705,0.0164725,,2
F15,400000,400000,3829,1,2,0.009572027610818351,0.0095725,,1
F16,400000,400000,6896,1,2,0.017240274733172238,0.01724,,6
