Flow,Period,Deadline,Execution Time,w,h,Target_Utilization,Actual_Utilization,Utilization_Error,Queue
F1,200000,200000,11883,1,2,0.059414108951510225,0.059415,,6
F2,200000,200000,5293,1,2,0.026464934245369,0.026465,,3
F3,200000,200000,705,1,2,0.00352502854681791,0.003525,,4
F4,200000,200000,10491,1,2,0.05245316391958271,0.052455,,4
F5,400000,400000,729,1,2,0.001822037585177183,0.0018225,,7
F6,200000,200000,8307,1,2,0.04153480605490384,0.041535,,7
F7,200000,200000,4682,1,2,0.02341031354130424,0.02341,,4
F8,200000,200000,2172,1,2,0.010859363392705157,0.01086,,1
F9,400000,400000,10565,1,2,0.02641131862258761,0.0264125,,7
F10,200000,200000,7655,1,2,0.03827417650559248,0.038275,,5
F11,400000,400000,5619,1,2,0.014046395819491464,0.0140475,,1
F12,50000,50000,6647,1,2,0.13293087195926673,0.13294,,7
F13,400000,400000,5104,1,2,0.01275994525618697,0.01276,,6
F14,400000,400000,3855,1,2,0.009637336233057958,0.0096375,,3
F15,400000,400000,6350,1,2,0.01587516944197221,0.015875,,6
F16,100000,100000,6197,1,2,0.061969829982014064,0.06197,,6
