Flow,Period,Deadline,Execution Time,w,h,Target_Utilization,Actual_Utilization,Utilization_Error,Queue
F1,200000,200000,11939,1,2,0.059695207422886476,0.059695,,7
F2,400000,400000,7116,1,2,0.017791007571733464,0.01779,,3
F3,400000,400000,8045,1,2,0.020112777914519098,0.0201125,,6
F4,400000,400000,600,1,2,0.0010960143957743917,0.0015,,2
F5,400000,400000,4785,1,2,0.011963733534122944,0.0119625,,1
F6,400000,400000,2817,1,2,0.007041575331546979,0.0070425,,4
F7,50000,50000,5216,1,2,0.10432148625184967,0.10432,,2
F8,400000,400000,8866,1,2,0.02216404602988281,0.022165,,4
F9,100000,100000,4595,1,2,0.04594978191971821,0.04595,,7
F10,400000,400000,2547,1,2,0.0063682157644288084,0.0063675,,2
F11,100000,100000,6177,1,2,0.061766736849433346,0.06177,,1
F12,200000,200000,10075,1,2,0.050375569610071724,0.050375,,2
F13,200000,200000,11005,1,2,0.055024455997399524,0.055025,,6
F14,200000,200000,10265,1,2,0.05132649771619993,0.051325,,5
F15,200000,200000,10878,1,2,0.0543910479460386,0.05439,,1
F16,400000,400000,3064,1,2,0.00765911907106518,0.00766,,5
