Flow,Period,Deadline,Execution Time,w,h,Target_Utilization,Actual_Utilization,Utilization_Error,Queue
F1,400000,400000,2499,1,2,0.006247712838368447,0.0062475,,4
F2,400000,400000,6621,1,2,0.016551440376573634,0.0165525,,1
F3,400000,400000,6125,1,2,0.015313019721522325,0.0153125,,7
F4,200000,200000,11169,1,2,0.05584624848877773,0.055845,,4
F5,100000,100000,3518,1,2,0.03518019386388238,0.03518,,4
F6,400000,400000,4682,1,2,0.011705646466669495,0.011705,,1
F7,400000,400000,1836,1,2,0.004590118630231399,0.00459,,7
F8,400000,400000,8343,1,2,0.020856838279898704,0.0208575,,5
F9,400000,400000,8059,1,2,0.020147592871040287,0.0201475,,6
F10,200000,200000,7069,1,2,0.035345835108682166,0.035345,,1
F11,400000,400000,6217,1,2,0.015542009394932443,0.0155425,,4
F12,100000,100000,8911,1,2,0.08910804243123482,0.08911,,7
F13,200000,200000,6721,1,2,0.03360252687490972,0.033605,,7
F14,400000,400000,6121,1,2,0.015301595066318008,0.0153025,,3
F15,100000,100000,7351,1,2,0.07351141890863899,0.07351,,6
F16,200000,200000,670,1,2,0.003349619755628308,0.00335,,3
F17,400000,400000,7821,1,2,0.01955270336528936,0.0195525,,6
F18,100000,100000,5527,1,2,0.05526771942371167,0.05527,,3
F19,200000,200000,7697,1,2,0.03848444812269092,0.038485,,1
F20,200000,200000,7081,1,2,0.03540276483469079,0.035405,,7
F21,400000,400000,6854,1,2,0.017134847048445423,0.017135,,2
F22,400000,400000,3062,1,2,0.007655802226627706,0.007655,,2
F23,400000,400000,6894,1,2,0.017234545562468395,0.017235,,5
F24,400000,400000,6006,1,2,0.01501486523364548,0.015015,,5
F25,50000,50000,4398,1,2,0.08795883647438263,0.08796,,5
F26,400000,400000,7849,1,2,0.019621593602548948,0.0196225,,2
F27,400000,400000,600,1,2,4.5382112988601175e-05,0.0015,,2
F28,100000,100000,10406,1,2,0.10406053848306854,0.10406,,3
F29,400000,400000,600,1,2,0.001420317641145502,0.0015,,3
F30,50000,50000,7672,1,2,0.15344900783768226,0.15344,,4
F31,200000,200000,6927,1,2,0.034633753477423646,0.034635,,3
F32,400000,400000,5898,1,2,0.014745424007099463,0.014745,,6
