Flow,Period,Deadline,Execution Time,w,h,Target_Utilization,Actual_Utilization,Utilization_Error,Queue
F1,400000,400000,5857,1,2,0.014642835158822032,0.0146425,,3
F2,100000,100000,6007,1,2,0.06007216709431307,0.06007,,7
F3,400000,400000,6315,1,2,0.015788102153071915,0.0157875,,2
F4,400000,400000,3565,1,2,0.008913554186272044,0.0089125,,4
F5,50000,50000,2707,1,2,0.054141628940805875,0.05414,,3
F6,400000,400000,721,1,2,0.0018018784740505556,0.0018025,,1
F7,400000,400000,4413,1,2,0.011032373309163068,0.0110325,,7
F8,400000,400000,3449,1,2,0.008621400674429291,0.0086225,,5
F9,200000,200000,7629,1,2,0.038147334002623934,0.038145,,4
F10,400000,400000,2070,1,2,0.005175184678387401,0.005175,,5
F11,200000,200000,9919,1,2,0.04959436108945692,0.049595,,7
F12,200000,200000,8763,1,2,0.043814791376232454,0.043815,,6
F13,400000,400000,4453,1,2,0.011132448999232047,0.0111325,,2
F14,200000,200000,8961,1,2,0.044806300586720194,0.044805,,7
F15,200000,200000,2147,1,2,0.010734148751180284,0.010735,,6
F16,400000,400000,964,1,2,0.002411232400612362,0.00241,,2
F17,100000,100000,4818,1,2,0.04818086593508775,0.04818,,3
F18,100000,100000,9724,1,2,0.09724045265614567,0.09724,,7
F19,100000,100000,3933,1,2,0.03933082713488101,0.03933,,7
F20,100000,100000,1793,1,2,0.017930576276129484,0.01793,,3
F21,200000,200000,7687,1,2,0.038432861352685865,0.038435,,6
F22,200000,200000,3421,1,2,0.01710396477006526,0.017105,,5
F23,400000,400000,3195,1,2,0.00798703727869654,0.0079875,,2
F24,400000,400000,4607,1,2,0.011518511601699422,0.0115175,,5
F25,200000,200000,1669,1,2,0.008343808594002078,0.008345,,3
F26,50000,50000,10622,1,2,0.21243656806052955,0.21244,,3
F27,200000,200000,8571,1,2,0.04285401202135074,0.042855,,3
F28,400000,400000,2035,1,2,0.005086974036602382,0.0050875,,3
F29,100000,100000,5535,1,2,0.05534869577789287,0.05535,,7
F30,400000,400000,3163,1,2,0.00790750300126841,0.0079075,,7
F31,200000,200000,1446,1,2,0.007230114208214892,0.00723,,4
F32,400000,400000,895,1,2,0.002237485419374646,0.0022375,,7
