Flow,Period,Deadline,Execution Time,w,h,Target_Utilization,Actual_Utilization,Utilization_Error,Queue
F1,50000,50000,3895,1,2,0.07790091130131183,0.0779,,1
F2,200000,200000,1676,1,2,0.00837921511675832,0.00838,,5
F3,100000,100000,7213,1,2,0.07213205946977663,0.07213,,7
F4,200000,200000,4846,1,2,0.02422930272489532,0.02423,,7
F5,400000,400000,7087,1,2,0.01771716835845938,0.0177175,,3
F6,400000,400000,2939,1,2,0.007348635966298422,0.0073475,,1
F7,100000,100000,6469,1,2,0.06469385113574277,0.06469,,1
F8,400000,400000,4345,1,2,0.010861665247163366,0.0108625,,2
F9,400000,400000,6569,1,2,0.016422940719930335,0.0164225,,2
F10,100000,100000,7690,1,2,0.07689765138420068,0.0769,,7
F11,200000,200000,9965,1,2,0.04982749535309361,0.049825,,7
F12,50000,50000,2190,1,2,0.04379897822012757,0.0438,,7
F13,100000,100000,923,1,2,0.009230549503823737,0.00923,,6
F14,200000,200000,10819,1,2,0.05409427420349833,0.054095,,1
F15,200000,200000,9295,1,2,0.046475005411862225,0.046475,,1
F16,200000,200000,8066,1,2,0.04032805864540773,0.04033,,4
F17,100000,100000,828,1,2,0.00827893473334268,0.00828,,2
F18,100000,100000,1592,1,2,0.015920960576565224,0.01592,,3
F19,200000,200000,9481,1,2,0.04740561260968412,0.047405,,2
F20,400000,400000,3170,1,2,0.007924093502097551,0.007925,,4
F21,100000,100000,2402,1,2,0.024020035694761743,0.02402,,4
F22,400000,400000,10557,1,2,0.026391999693156587,0.0263925,,1
F23,200000,200000,1130,1,2,0.005648789030310519,0.00565,,7
F24,100000,100000,5411,1,2,0.05410841083204687,0.05411,,7
F25,200000,200000,6300,1,2,0.03149903964660494,0.0315,,2
F26,400000,400000,3984,1,2,0.009959530627906305,0.00996,,4
F27,200000,200000,2368,1,2,0.01184039335678444,0.01184,,1
F28,400000,400000,2433,1,2,0.006082364412099972,0.0060825,,3
F29,50000,50000,3719,1,2,0.07438259954073917,0.07438,,1
F30,200000,200000,661,1,2,0.00330551113770286,0.003305,,6
F31,400000,400000,5547,1,2,0.013867973335240397,0.0138675,,7
F32,100000,100000,11581,1,2,0.11580786997015455,0.11581,,1
