Flow,Period,Deadline,Execution Time,w,h,Target_Utilization,Actual_Utilization,Utilization_Error,Queue
F1,100000,100000,6465,1,2,0.06465058287545,0.06465,,3
F2,200000,200000,8163,1,2,0.040814272138162244,0.040815,,4
F3,200000,200000,8065,1,2,0.04032691776872255,0.040325,,1
F4,400000,400000,5433,1,2,0.013583631755430314,0.0135825,,2
F5,400000,400000,6015,1,2,0.015038668412825529,0.0150375,,6
F6,400000,400000,600,1,2,0.00012440108387834492,0.0015,,2
F7,50000,50000,3170,1,2,0.06340314318530405,0.0634,,6
F8,400000,400000,1015,1,2,0.0025379998896987166,0.0025375,,3
F9,400000,400000,8559,1,2,0.021396657621146065,0.0213975,,4
F10,400000,400000,2144,1,2,0.005360836689980886,0.00536,,5
F11,50000,50000,3299,1,2,0.06598034839903577,0.06598,,1
F12,200000,200000,765,1,2,0.0038249306804222227,0.003825,,6
F13,400000,400000,600,1,2,0.0009325495095762193,0.0015,,3
F14,100000,100000,7143,1,2,0.07142795363427179,0.07143,,7
F15,400000,400000,6370,1,2,0.015924036467465097,0.015925,,3
F16,200000,200000,2664,1,2,0.013320682188678545,0.01332,,4
F17,200000,200000,7637,1,2,0.03818419005924345,0.038185,,5
F18,50000,50000,3173,1,2,0.06346441609368247,0.06346,,7
F19,400000,400000,600,1,2,0.0010419994708420477,0.0015,,6
F20,50000,50000,4367,1,2,0.08733782955475133,0.08734,,1
F21,400000,400000,600,1,2,0.00121751995681052,0.0015,,4
F22,50000,50000,7606,1,2,0.15212967172956265,0.15212,,7
F23,400000,400000,7033,1,2,0.017583566907720838,0.0175825,,1
F24,100000,100000,6973,1,2,0.06973143714799315,0.06973,,4
F25,100000,100000,726,1,2,0.007260085804577626,0.00726,,1
F26,400000,400000,7893,1,2,0.019732713929425383,0.0197325,,2
F27,200000,200000,3257,1,2,0.016284967430270525,0.016285,,5
F28,400000,400000,5017,1,2,0.012543678763319577,0.0125425,,7
F29,200000,200000,10970,1,2,0.054848165146909045,0.05485,,2
F30,200000,200000,6899,1,2,0.034497438551320814,0.034495,,7
F31,400000,400000,8575,1,2,0.02143638253721329,0.0214375,,6
F32,100000,100000,2349,1,2,0.023489551899080655,0.02349,,3
