Flow,Period,Deadline,Execution Time,w,h,Target_Utilization,Actual_Utilization,Utilization_Error,Queue
F1,400000,400000,734,1,2,0.001833761777580989,0.001835,,4
F2,200000,200000,6302,1,2,0.03151178790269926,0.03151,,7
F3,200000,200000,1055,1,2,0.005274098081566869,0.005275,,1
F4,200000,200000,1185,1,2,0.0059245703169091835,0.005925,,7
F5,400000,400000,3550,1,2,0.008873766725016052,0.008875,,6
F6,400000,400000,1101,1,2,0.0027532605399964716,0.0027525,,3
F7,200000,200000,907,1,2,0.004534783552358368,0.004535,,7
F8,100000,100000,6295,1,2,0.06294793765760864,0.06295,,7
F9,100000,100000,4153,1,2,0.04153075079119717,0.04153,,3
F10,100000,100000,7351,1,2,0.07350786201753379,0.07351,,1
F11,200000,200000,1483,1,2,0.007414456847837481,0.007415,,4
F12,400000,400000,600,1,2,0.00040488124547843896,0.0015,,6
F13,400000,400000,4361,1,2,0.01090172462625072,0.0109025,,1
F14,200000,200000,8728,1,2,0.04364244719558863,0.04364,,1
F15,100000,100000,6205,1,2,0.06205324042078042,0.06205,,1
F16,50000,50000,2517,1,2,0.05033915646808074,0.05034,,5
F17,200000,200000,1918,1,2,0.009589702420810031,0.00959,,4
F18,400000,400000,600,1,2,0.0009642885352187935,0.0015,,4
F19,50000,50000,3281,1,2,0.06561564399378006,0.06562,,5
F20,200000,200000,11597,1,2,0.05798389084719846,0.057985,,6
F21,200000,200000,8240,1,2,0.04120229712830209,0.0412,,4
F22,100000,100000,9211,1,2,0.09211224378998645,0.09211,,5
F23,200000,200000,1071,1,2,0.005354380022495386,0.005355,,5
F24,400000,400000,3079,1,2,0.0076977759340335905,0.0076975,,1
F25,400000,400000,2226,1,2,0.005565059955378648,0.005565,,6
F26,400000,400000,10555,1,2,0.026387190680002226,0.0263875,,2
F27,50000,50000,7424,1,2,0.14847726918268747,0.14848,,6
F28,400000,400000,600,1,2,0.0007426199363955166,0.0015,,3
F29,200000,200000,9287,1,2,0.046433238420351006,0.046435,,7
F30,400000,400000,8433,1,2,0.021082060808345973,0.0210825,,3
F31,200000,200000,7541,1,2,0.03770562772472385,0.037705,,6
F32,50000,50000,1829,1,2,0.036579027464781345,0.03658,,5
