Flow,Period,Deadline,Execution Time,w,h,Target_Utilization,Actual_Utilization,Utilization_Error,Queue
F1,400000,400000,4605,1,2,0.011511491600810997,0.0115125,,4
F2,50000,50000,4839,1,2,0.09677656476908958,0.09678,,3
F3,200000,200000,1401,1,2,0.007005125632424836,0.007005,,1
F4,400000,400000,11410,1,2,0.02852409667917566,0.028525,,1
F5,100000,100000,10465,1,2,0.10465378297957195,0.10465,,3
F6,400000,400000,7740,1,2,0.019351200977187566,0.01935,,7
F7,400000,400000,2579,1,2,0.006448162974968308,0.0064475,,7
F8,400000,400000,2765,1,2,0.0069115423069637805,0.0069125,,3
F9,100000,100000,6856,1,2,0.06856341264760735,0.06856,,6
F10,100000,100000,7444,1,2,0.07443667124691156,0.07444,,4
F11,50000,50000,3752,1,2,0.07503861910863263,0.07504,,1
F12,100000,100000,5873,1,2,0.058729121356348,0.05873,,2
F13,400000,400000,6492,1,2,0.016231104765762172,0.01623,,6
F14,400000,400000,600,1,2,0.0006311897943594991,0.0015,,5
F15,200000,200000,3963,1,2,0.019815715980915805,0.019815,,6
F16,200000,200000,2448,1,2,0.012240226590681968,0.01224,,1
F17,400000,400000,5746,1,2,0.014365714122858753,0.014365,,7
F18,200000,200000,3556,1,2,0.01777935432766753,0.01778,,1
F19,400000,400000,7089,1,2,0.017721984055186435,0.0177225,,4
F20,50000,50000,4453,1,2,0.08905807808894661,0.08906,,3
F21,200000,200000,3343,1,2,0.01671396219655935,0.016715,,2
F22,400000,400000,1477,1,2,0.0036918889769788077,0.0036925,,6
F23,100000,100000,2371,1,2,0.02370980085066937,0.02371,,2
F24,200000,200000,7411,1,2,0.03705285012639886,0.037055,,7
F25,100000,100000,1300,1,2,0.012999234617345062,0.013,,3
F26,400000,400000,9175,1,2,0.022936417120347025,0.0229375,,3
F27,400000,400000,11201,1,2,0.028002225335279435,0.0280025,,4
F28,400000,400000,600,1,2,0.0001727304404382235,0.0015,,5
F29,100000,100000,11395,1,2,0.11394710533504669,0.11395,,3
F30,400000,400000,3838,1,2,0.0095961850615583,0.009595,,2
F31,200000,200000,10722,1,2,0.053610651417589035,0.05361,,3
F32,400000,400000,600,1,2,0.001044309652416585,0.0015,,5
