Flow,Period,Deadline,Execution Time,w,h,Target_Utilization,Actual_Utilization,Utilization_Error,Queue
F1,100000,100000,4438,1,2,0.044381952548655956,0.04438,,4
F2,50000,50000,1382,1,2,0.027640567697502005,0.02764,,6
F3,50000,50000,4091,1,2,0.08182090549263288,0.08182,,5
F4,400000,400000,6613,1,2,0.016532162856395027,0.0165325,,6
F5,100000,100000,1501,1,2,0.015009545589411921,0.01501,,7
F6,400000,400000,10117,1,2,0.025291663808219567,0.0252925,,1
F7,200000,200000,1301,1,2,0.006505507568806079,0.006505,,5
F8,200000,200000,6368,1,2,0.03183798168138974,0.03184,,3
F9,400000,400000,7469,1,2,0.018673415397578275,0.0186725,,2
F10,400000,400000,3157,1,2,0.007892203085272942,0.0078925,,6
F11,100000,100000,5079,1,2,0.05079196737651959,0.05079,,3
F12,100000,100000,9331,1,2,0.09330680475651043,0.09331,,4
F13,100000,100000,807,1,2,0.008069793600389952,0.00807,,3
F14,400000,400000,600,1,2,0.0008239939639889116,0.0015,,2
F15,400000,400000,5917,1,2,0.01479306976884498,0.0147925,,4
F16,100000,100000,9770,1,2,0.09770428151790767,0.0977,,4
F17,400000,400000,1085,1,2,0.0027127323876642295,0.0027125,,1
F18,200000,200000,9258,1,2,0.04629191049045017,0.04629,,2
F19,200000,200000,5980,1,2,0.029899737700222306,0.0299,,1
F20,400000,400000,7083,1,2,0.017708043717106603,0.0177075,,4
F21,200000,200000,3275,1,2,0.016376248686618522,0.016375,,5
F22,400000,400000,1201,1,2,0.0030017847948713428,0.0030025,,5
F23,400000,400000,6175,1,2,0.015438727254710682,0.0154375,,2
F24,100000,100000,7951,1,2,0.07950579800154983,0.07951,,6
F25,400000,400000,1134,1,2,0.0028337629859266356,0.002835,,6
F26,50000,50000,6388,1,2,0.12775573988263256,0.12776,,4
F27,400000,400000,1156,1,2,0.0028903042506237264,0.00289,,2
F28,400000,400000,4270,1,2,0.010675264465898227,0.010675,,1
F29,400000,400000,2207,1,2,0.005518099551634459,0.0055175,,3
F30,400000,400000,11696,1,2,0.029240972007205684,0.02924,,5
F31,400000,400000,10653,1,2,0.026632369477325973,0.0266325,,3
F32,100000,100000,11545,1,2,0.11545292300959117,0.11545,,4
