Flow,Period,Deadline,Execution Time,w,h,Target_Utilization,Actual_Utilization,Utilization_Error,Queue
F1,50000,50000,1945,1,2,0.03890242342123029,0.0389,,3
F2,400000,400000,2520,1,2,0.006301023793728322,0.0063,,3
F3,400000,400000,600,1,2,0.0008513592512473522,0.0015,,4
F4,400000,400000,2905,1,2,0.007263009734249426,0.0072625,,6
F5,200000,200000,6982,1,2,0.0349120088494248,0.03491,,1
F6,400000,400000,10055,1,2,0.025137572898709548,0.0251375,,3
F7,400000,400000,1725,1,2,0.004312004108035561,0.0043125,,2
F8,200000,200000,11641,1,2,0.05820565225920826,0.058205,,2
F9,100000,100000,7640,1,2,0.0764020569112831,0.0764,,3
F10,400000,400000,2553,1,2,0.0063825361999158,0.0063825,,1
F11,400000,400000,3011,1,2,0.007527978668715796,0.0075275,,7
F12,400000,400000,846,1,2,0.0021144235974488446,0.002115,,1
F13,50000,50000,4344,1,2,0.0868839263493314,0.08688,,5
F14,400000,400000,7129,1,2,0.017822684810973266,0.0178225,,2
F15,400000,400000,976,1,2,0.0024397331973681213,0.00244,,7
F16,100000,100000,6704,1,2,0.067035263206072,0.06704,,6
F17,100000,100000,1347,1,2,0.013468847109732951,0.01347,,2
F18,400000,400000,7925,1,2,0.01981198947629048,0.0198125,,6
F19,400000,400000,3986,1,2,0.009964512540502346,0.009965,,1
F20,400000,400000,6333,1,2,0.015833353916141713,0.0158325,,1
F21,400000,400000,6339,1,2,0.015846586895423176,0.0158475,,5
F22,100000,100000,11407,1,2,0.11406915171757742,0.11407,,1
F23,50000,50000,4452,1,2,0.08904108587931875,0.08904,,3
F24,100000,100000,6773,1,2,0.06773193971852759,0.06773,,5
F25,200000,200000,6347,1,2,0.031733502183742046,0.031735,,5
F26,400000,400000,1117,1,2,0.002791731986771767,0.0027925,,7
F27,400000,400000,3247,1,2,0.008118654186921731,0.0081175,,3
F28,400000,400000,5797,1,2,0.014493015843814766,0.0144925,,5
F29,400000,400000,3945,1,2,0.00986330222250506,0.0098625,,6
F30,100000,100000,11098,1,2,0.11098461437528652,0.11098,,1
F31,100000,100000,634,1,2,0.0063400197369440775,0.00634,,5
F32,100000,100000,6889,1,2,0.06888563207703818,0.06889,,1
