Flow,Period,Deadline,Execution Time,w,h,Target_Utilization,Actual_Utilization,Utilization_Error,Queue
F1,400000,400000,2898,1,2,0.007246121744006961,0.007245,,3
F2,100000,100000,824,1,2,0.008240814432980859,0.00824,,4
F3,400000,400000,640,1,2,0.0015993330346937285,0.0016,,2
F4,400000,400000,600,1,2,0.00029878649703452,0.0015,,7
F5,400000,400000,11493,1,2,0.02873152480401875,0.0287325,,3
F6,50000,50000,6646,1,2,0.13291558360231814,0.13292,,2
F7,100000,100000,7124,1,2,0.07124317331693542,0.07124,,2
F8,50000,50000,3610,1,2,0.07220395582864292,0.0722,,2
F9,200000,200000,7246,1,2,0.03623027540858048,0.03623,,6
F10,50000,50000,2964,1,2,0.05928041207057333,0.05928,,5
F11,400000,400000,3759,1,2,0.009398458546670208,0.0093975,,2
F12,200000,200000,6959,1,2,0.03479606166421645,0.034795,,5
F13,200000,200000,7033,1,2,0.03516579305631895,0.035165,,4
F14,100000,100000,3755,1,2,0.03755198840170271,0.03755,,2
F15,400000,400000,7103,1,2,0.017757646391654558,0.0177575,,7
F16,50000,50000,3013,1,2,0.06026264431683109,0.06026,,6
F17,200000,200000,4351,1,2,0.02175567302902559,0.021755,,4
F18,200000,200000,6990,1,2,0.03494784063026096,0.03495,,7
F19,400000,400000,3001,1,2,0.007501599190710029,0.0075025,,6
F20,200000,200000,9299,1,2,0.04649337326427444,0.046495,,6
F21,400000,400000,5776,1,2,0.014440061105760793,0.01444,,1
F22,100000,100000,7654,1,2,0.076538760491284,0.07654,,2
F23,200000,200000,2623,1,2,0.013114931386137563,0.013115,,1
F24,100000,100000,3905,1,2,0.03905110046079727,0.03905,,5
F25,400000,400000,3453,1,2,0.008633263103842576,0.0086325,,7
F26,400000,400000,2165,1,2,0.005411542545892822,0.0054125,,6
F27,200000,200000,11217,1,2,0.05608483847305301,0.056085,,7
F28,400000,400000,8539,1,2,0.02134657306239665,0.0213475,,6
F29,100000,100000,6245,1,2,0.06245119034890792,0.06245,,7
F30,50000,50000,2127,1,2,0.0425419597477797,0.04254,,2
F31,400000,400000,600,1,2,0.0004498057220937435,0.0015,,4
F32,400000,400000,8723,1,2,0.021806751323641394,0.0218075,,2
