Flow,Period,Deadline,Execution Time,w,h,Target_Utilization,Actual_Utilization,Utilization_Error,Queue
F1,400000,400000,909,1,2,0.0022729059512366367,0.0022725,,7
F2,400000,400000,2416,1,2,0.0060391021631157615,0.00604,,7
F3,100000,100000,1582,1,2,0.01582003465000925,0.01582,,2
F4,50000,50000,5213,1,2,0.10426232375015076,0.10426,,2
F5,400000,400000,5325,1,2,0.013312462907792533,0.0133125,,7
F6,200000,200000,11688,1,2,0.058440177787643544,0.05844,,3
F7,400000,400000,3323,1,2,0.00830802637066752,0.0083075,,6
F8,400000,400000,4915,1,2,0.012287252132290871,0.0122875,,5
F9,200000,200000,7739,1,2,0.03869328461050203,0.038695,,2
F10,200000,200000,1687,1,2,0.008433861702475176,0.008435,,1
F11,400000,400000,8503,1,2,0.021257342690945147,0.0212575,,3
F12,400000,400000,1586,1,2,0.0039656564910495185,0.003965,,2
F13,50000,50000,8309,1,2,0.1661797706531467,0.16618,,2
F14,400000,400000,6345,1,2,0.015862657393505453,0.0158625,,4
F15,50000,50000,3071,1,2,0.06141705496297001,0.06142,,2
F16,400000,400000,5933,1,2,0.014832498044701159,0.0148325,,3
F17,400000,400000,2953,1,2,0.007381705831293328,0.0073825,,4
F18,400000,400000,3845,1,2,0.009612054410131299,0.0096125,,2
F19,400000,400000,5819,1,2,0.014548165970999394,0.0145475,,4
F20,200000,200000,6793,1,2,0.03396734922653105,0.033965,,4
F21,50000,50000,4817,1,2,0.09634350372080558,0.09634,,7
F22,200000,200000,9082,1,2,0.04541179053825126,0.04541,,7
F23,50000,50000,5120,1,2,0.10239609411850747,0.1024,,2
F24,200000,200000,6850,1,2,0.034248163087574945,0.03425,,6
F25,400000,400000,1843,1,2,0.004608170101320697,0.0046075,,1
F26,200000,200000,3839,1,2,0.01919441547020717,0.019195,,6
F27,200000,200000,1306,1,2,0.006530304966649941,0.00653,,5
F28,400000,400000,8836,1,2,0.022090782243010837,0.02209,,2
F29,200000,200000,6665,1,2,0.03332615170790562,0.033325,,7
F30,200000,200000,1989,1,2,0.00994407549736,0.009945,,6
F31,200000,200000,1501,1,2,0.007505267937223713,0.007505,,3
F32,400000,400000,603,1,2,0.0015075929100256077,0.0015075,,5
