Flow,Period,Deadline,Execution Time,w,h,Target_Utilization,Actual_Utilization,Utilization_Error,Queue
F1,400000,400000,7537,1,2,0.018843048889319314,0.0188425,,3
F2,100000,100000,7347,1,2,0.07347484731372345,0.07347,,5
F3,200000,200000,1771,1,2,0.008855080060386378,0.008855,,7
F4,400000,400000,6253,1,2,0.01563253793957209,0.0156325,,1
F5,200000,200000,6858,1,2,0.03428760064830971,0.03429,,5
F6,200000,200000,6963,1,2,0.03481659972174811,0.034815,,1
F7,400000,400000,2445,1,2,0.006111446034720802,0.0061125,,7
F8,400000,400000,2253,1,2,0.005632850179747573,0.0056325,,4
F9,400000,400000,6063,1,2,0.015158161335652509,0.0151575,,2
F10,200000,200000,997,1,2,0.0049856070087664905,0.004985,,3
F11,400000,400000,11182,1,2,0.02795411625808175,0.027955,,3
F12,400000,400000,10639,1,2,0.02659847926077097,0.0265975,,5
F13,400000,400000,10458,1,2,0.026144166633638277,0.026145,,4
F14,400000,400000,3005,1,2,0.007511904125449775,0.0075125,,5
F15,400000,400000,11067,1,2,0.027666446295084413,0.0276675,,1
F16,100000,100000,7139,1,2,0.07139020802143847,0.07139,,5
F17,200000,200000,7210,1,2,0.03605111199183375,0.03605,,7
F18,400000,400000,9941,1,2,0.02485205667925805,0.0248525,,6
F19,200000,200000,4647,1,2,0.023234033945358168,0.023235,,7
F20,200000,200000,2038,1,2,0.010188860632085905,0.01019,,4
F21,200000,200000,8075,1,2,0.04037667230534758,0.040375,,5
F22,100000,100000,6525,1,2,0.06525082949584621,0.06525,,6
F23,400000,400000,7074,1,2,0.01768423733432617,0.017685,,6
F24,50000,50000,6432,1,2,0.1286415591671248,0.12864,,4
F25,100000,100000,3350,1,2,0.03349844896825613,0.0335,,4
F26,400000,400000,3145,1,2,0.007862212685097208,0.0078625,,3
F27,400000,400000,4129,1,2,0.010321366693528927,0.0103225,,5
F28,400000,400000,11017,1,2,0.027541436670003,0.0275425,,2
F29,100000,100000,4237,1,2,0.04236915100258368,0.04237,,1
F30,50000,50000,3423,1,2,0.06845946016717765,0.06846,,4
F31,100000,100000,2950,1,2,0.029499281982321313,0.0295,,6
F32,400000,400000,11642,1,2,0.029106180553441382,0.029105,,7
