Flow,Period,Deadline,Execution Time,w,h,Target_Utilization,Actual_Utilization,Utilization_Error,Queue
F1,50000,50000,1666,1,2,0.03331877282243323,0.03332,,7
F2,100000,100000,3003,1,2,0.030029980634207032,0.03003,,5
F3,400000,400000,2057,1,2,0.005141694377836514,0.0051425,,1
F4,200000,200000,3253,1,2,0.016265983424151642,0.016265,,3
F5,200000,200000,3894,1,2,0.019469557159565887,0.01947,,7
F6,400000,400000,8584,1,2,0.021459056288645417,0.02146,,2
F7,100000,100000,8267,1,2,0.08267350404969709,0.08267,,1
F8,100000,100000,3164,1,2,0.031638854326923926,0.03164,,4
F9,400000,400000,2969,1,2,0.007421784204079462,0.0074225,,3
F10,200000,200000,10458,1,2,0.052291058170725435,0.05229,,1
F11,400000,400000,9638,1,2,0.024095906571892756,0.024095,,3
F12,400000,400000,4551,1,2,0.01137700970265143,0.0113775,,4
F13,200000,200000,9781,1,2,0.04890699583803859,0.048905,,3
F14,200000,200000,9847,1,2,0.04923386946052066,0.049235,,6
F15,400000,400000,8205,1,2,0.020512549698970872,0.0205125,,1
F16,50000,50000,3507,1,2,0.07013825564654852,0.07014,,3
F17,400000,400000,3497,1,2,0.008741597218227037,0.0087425,,5
F18,400000,400000,4221,1,2,0.01055165902356825,0.0105525,,6
F19,200000,200000,3243,1,2,0.01621619314006406,0.016215,,2
F20,100000,100000,6421,1,2,0.06421321074972453,0.06421,,1
F21,400000,400000,6194,1,2,0.01548470510721428,0.015485,,1
F22,200000,200000,6613,1,2,0.03306713425390145,0.033065,,6
F23,50000,50000,831,1,2,0.01661930920778859,0.01662,,5
F24,200000,200000,11014,1,2,0.055071860700886655,0.05507,,6
F25,100000,100000,7523,1,2,0.07523039616373953,0.07523,,6
F26,200000,200000,6861,1,2,0.03430340579591065,0.034305,,1
F27,400000,400000,784,1,2,0.001959645730590265,0.00196,,2
F28,200000,200000,8885,1,2,0.04442279078670172,0.044425,,2
F29,200000,200000,2600,1,2,0.012998895453864887,0.013,,7
F30,200000,200000,3585,1,2,0.01792508860549913,0.017925,,6
F31,200000,200000,10463,1,2,0.05231407794263548,0.052315,,3
F32,200000,200000,3381,1,2,0.016905197742795024,0.016905,,4
