Flow,Period,Deadline,Execution Time,w,h,Target_Utilization,Actual_Utilization,Utilization_Error,Queue
F1,400000,400000,779,1,2,0.0019472834344520518,0.0019475,,2
F2,400000,400000,600,1,2,0.00026675315661628396,0.0015,,5
F3,100000,100000,9845,1,2,0.0984504451033772,0.09845,,5
F4,100000,100000,1312,1,2,0.013119553242007309,0.01312,,5
F5,100000,100000,7333,1,2,0.07333214929306331,0.07333,,2
F6,400000,400000,11885,1,2,0.02971356716227669,0.0297125,,2
F7,400000,400000,5298,1,2,0.013245326832419746,0.013245,,3
F8,200000,200000,7645,1,2,0.03822300452531957,0.038225,,7
F9,100000,100000,8060,1,2,0.08060063615488555,0.0806,,7
F10,100000,100000,4825,1,2,0.04825196098377127,0.04825,,2
F11,400000,400000,8397,1,2,0.020991923624156694,0.0209925,,5
F12,200000,200000,6277,1,2,0.03138513692299827,0.031385,,6
F13,400000,400000,2483,1,2,0.006207328312163862,0.0062075,,3
F14,400000,400000,8190,1,2,0.020474803236089634,0.020475,,1
F15,400000,400000,4012,1,2,0.01002979654600955,0.01003,,2
F16,400000,400000,2293,1,2,0.005732436616841086,0.0057325,,5
F17,400000,400000,600,1,2,0.0010398918822778214,0.0015,,3
F18,50000,50000,6922,1,2,0.13844756403553543,0.13844,,5
F19,400000,400000,963,1,2,0.002408346708296205,0.0024075,,4
F20,50000,50000,3868,1,2,0.07735572328145734,0.07736,,5
F21,400000,400000,1352,1,2,0.0033795420429094114,0.00338,,6
F22,400000,400000,6311,1,2,0.01577760134162476,0.0157775,,4
F23,400000,400000,3442,1,2,0.008605540837901604,0.008605,,1
F24,100000,100000,6978,1,2,0.0697837662341195,0.06978,,7
F25,200000,200000,2325,1,2,0.011625363984375164,0.011625,,4
F26,200000,200000,9977,1,2,0.049882799151426876,0.049885,,6
F27,400000,400000,4089,1,2,0.010222703419952545,0.0102225,,6
F28,100000,100000,4549,1,2,0.045490427760020075,0.04549,,5
F29,100000,100000,8761,1,2,0.08761120019555163,0.08761,,5
F30,400000,400000,5584,1,2,0.013958883973599127,0.01396,,7
F31,400000,400000,2846,1,2,0.007114498860683733,0.007115,,7
F32,400000,400000,1332,1,2,0.0033292199124495647,0.00333,,1
