Flow,Period,Deadline,Execution Time,w,h,Target_Utilization,Actual_Utilization,Utilization_Error,Queue
F1,400000,400000,2485,1,2,0.006211796220469745,0.0062125,,4
F2,200000,200000,2161,1,2,0.010804181799472845,0.010805,,3
F3,400000,400000,1914,1,2,0.004785639009522669,0.004785,,6
F4,200000,200000,4456,1,2,0.022281162721394354,0.02228,,2
F5,100000,100000,11917,1,2,0.11916731937729719,0.11917,,6
F6,400000,400000,2146,1,2,0.005364862644572921,0.005365,,1
F7,200000,200000,2975,1,2,0.014874454217119415,0.014875,,7
F8,400000,400000,8854,1,2,0.022134102920759013,0.022135,,4
F9,50000,50000,4329,1,2,0.08657629607096151,0.08658,,3
F10,100000,100000,3452,1,2,0.03451940594851588,0.03452,,2
F11,100000,100000,3023,1,2,0.030232032908269812,0.03023,,1
F12,400000,400000,3909,1,2,0.009771264736018637,0.0097725,,5
F13,200000,200000,9200,1,2,0.045998859748022425,0.046,,3
F14,400000,400000,600,1,2,0.0008817804745588909,0.0015,,3
F15,400000,400000,600,1,2,0.00037256782397487864,0.0015,,1
F16,400000,400000,5823,1,2,0.014557516946165583,0.0145575,,5
F17,400000,400000,600,1,2,0.001027000937097844,0.0015,,7
F18,100000,100000,3204,1,2,0.03204199621639414,0.03204,,7
F19,400000,400000,2014,1,2,0.005034978620422126,0.005035,,4
F20,400000,400000,8850,1,2,0.022124218883265767,0.022125,,1
F21,200000,200000,9291,1,2,0.04645619407173551,0.046455,,7
F22,400000,400000,11398,1,2,0.02849574613446143,0.028495,,5
F23,200000,200000,8544,1,2,0.042721878649175926,0.04272,,4
F24,400000,400000,10787,1,2,0.02696627216997366,0.0269675,,3
F25,100000,100000,4517,1,2,0.045171448557305316,0.04517,,6
F26,50000,50000,8544,1,2,0.1708755264579995,0.17088,,7
F27,400000,400000,10655,1,2,0.0266369036816152,0.0266375,,6
F28,400000,400000,2355,1,2,0.005887806330343859,0.0058875,,6
F29,100000,100000,1009,1,2,0.010091052933400818,0.01009,,2
F30,400000,400000,4655,1,2,0.011638477384357138,0.0116375,,7
F31,100000,100000,7568,1,2,0.07568298064363867,0.07568,,4
F32,200000,200000,10543,1,2,0.052712613943060746,0.052715,,6
