Flow,Period,Deadline,Execution Time,w,h,Target_Utilization,Actual_Utilization,Utilization_Error,Queue
F1,400000,400000,3677,1,2,0.009191871707579624,0.0091925,,3
F2,400000,400000,8694,1,2,0.021735096974502488,0.021735,,2
F3,200000,200000,9441,1,2,0.047207139538785636,0.047205,,6
F4,100000,100000,2958,1,2,0.029579129825529682,0.02958,,4
F5,400000,400000,600,1,2,0.0009591562327051495,0.0015,,6
F6,400000,400000,2415,1,2,0.006037826748976016,0.0060375,,1
F7,400000,400000,1943,1,2,0.004857974772683127,0.0048575,,4
F8,400000,400000,10379,1,2,0.02594656214450064,0.0259475,,5
F9,400000,400000,600,1,2,0.000619141262724221,0.0015,,2
F10,100000,100000,3992,1,2,0.03991933682621984,0.03992,,7
F11,200000,200000,783,1,2,0.003915461765248485,0.003915,,2
F12,100000,100000,6371,1,2,0.06371360328227982,0.06371,,7
F13,400000,400000,8617,1,2,0.021541802469178917,0.0215425,,6
F14,100000,100000,8207,1,2,0.08207095641076478,0.08207,,6
F15,400000,400000,1077,1,2,0.0026934085987766476,0.0026925,,3
F16,400000,400000,1430,1,2,0.003576009706825478,0.003575,,7
F17,400000,400000,600,1,2,0.0012511008746493024,0.0015,,5
F18,200000,200000,3102,1,2,0.01550921647171577,0.01551,,5
F19,100000,100000,7977,1,2,0.0797745107989033,0.07977,,4
F20,400000,400000,9401,1,2,0.02350162977978565,0.0235025,,7
F21,100000,100000,4237,1,2,0.04237157411540826,0.04237,,1
F22,400000,400000,10130,1,2,0.025324731544543733,0.025325,,4
F23,400000,400000,600,1,2,0.0008396598886628581,0.0015,,4
F24,50000,50000,10109,1,2,0.20218184013642115,0.20218,,7
F25,400000,400000,600,1,2,0.0008357540618003645,0.0015,,3
F26,100000,100000,4097,1,2,0.040969914801172624,0.04097,,2
F27,200000,200000,11499,1,2,0.05749395712216496,0.057495,,2
F28,200000,200000,7875,1,2,0.0393745954438737,0.039375,,6
F29,400000,400000,6239,1,2,0.015597312699489663,0.0155975,,1
F30,100000,100000,2764,1,2,0.027639992878302044,0.02764,,1
F31,100000,100000,10624,1,2,0.10624307471171099,0.10624,,6
F32,400000,400000,10201,1,2,0.0255026233835293,0.0255025,,3
