Flow,Period,Deadline,Execution Time,w,h,Target_Utilization,Actual_Utilization,Utilization_Error,Queue
F1,200000,200000,5705,1,2,0.028524442145757112,0.028525,,4
F2,50000,50000,3142,1,2,0.06283778820022445,0.06284,,5
F3,400000,400000,6097,1,2,0.015242228830278037,0.0152425,,4
F4,400000,400000,6806,1,2,0.017013918446430853,0.017015,,5
F5,400000,400000,4509,1,2,0.01127211792087035,0.0112725,,2
F6,200000,200000,7071,1,2,0.035353754804876236,0.035355,,4
F7,50000,50000,2072,1,2,0.04144147006669219,0.04144,,2
F8,100000,100000,8258,1,2,0.08257855697880512,0.08258,,5
F9,400000,400000,8220,1,2,0.020550263258280577,0.02055,,4
F10,400000,400000,1949,1,2,0.004871406885686769,0.0048725,,6
F11,400000,400000,3303,1,2,0.008256632892858273,0.0082575,,1
F12,400000,400000,2029,1,2,0.005072321312941108,0.0050725,,5
F13,100000,100000,8031,1,2,0.0803137491472492,0.08031,,2
F14,400000,400000,3531,1,2,0.008828148968021088,0.0088275,,6
F15,100000,100000,8349,1,2,0.0834920473720816,0.08349,,5
F16,400000,400000,600,1,2,0.00038030747915374086,0.0015,,7
F17,100000,100000,2372,1,2,0.023719104683714298,0.02372,,3
F18,400000,400000,7196,1,2,0.01799019218804543,0.01799,,7
F19,100000,100000,3600,1,2,0.03599990269050479,0.036,,3
F20,400000,400000,916,1,2,0.0022911121365514764,0.00229,,1
F21,400000,400000,11020,1,2,0.027550721436555015,0.02755,,1
F22,400000,400000,7278,1,2,0.01819397237011977,0.018195,,1
F23,400000,400000,10781,1,2,0.02695209765840778,0.0269525,,5
F24,400000,400000,10957,1,2,0.027393645287643875,0.0273925,,7
F25,200000,200000,3829,1,2,0.01914403116778074,0.019145,,6
F26,200000,200000,6067,1,2,0.030337048619695106,0.030335,,2
F27,50000,50000,8555,1,2,0.17109881806123198,0.1711,,5
F28,400000,400000,5315,1,2,0.013286458250904631,0.0132875,,3
F29,400000,400000,10479,1,2,0.026197117852737734,0.0261975,,2
F30,400000,400000,3157,1,2,0.00789170185889898,0.0078925,,7
F31,400000,400000,11875,1,2,0.029687540940764326,0.0296875,,3
F32,100000,100000,6661,1,2,0.06661016797220991,0.06661,,4
