Flow,Period,Deadline,Execution Time,w,h,Target_Utilization,Actual_Utilization,Utilization_Error,Queue
F1,100000,100000,6082,1,2,0.06082371670596287,0.06082,,4
F2,400000,400000,4313,1,2,0.01078361445581022,0.0107825,,1
F3,100000,100000,10642,1,2,0.10641549205834855,0.10642,,6
F4,100000,100000,6078,1,2,0.06077558758528068,0.06078,,5
F5,400000,400000,3326,1,2,0.00831585729422768,0.008315,,4
F6,400000,400000,4509,1,2,0.011272104197505572,0.0112725,,2
F7,400000,400000,4947,1,2,0.012368051287876103,0.0123675,,4
F8,400000,400000,11105,1,2,0.027763292884618762,0.0277625,,5
F9,200000,200000,9088,1,2,0.04544215263947482,0.04544,,4
F10,200000,200000,6573,1,2,0.032865208943086865,0.032865,,7
F11,400000,400000,1321,1,2,0.0033019116511801005,0.0033025,,6
F12,100000,100000,6297,1,2,0.0629728482502695,0.06297,,7
F13,100000,100000,2793,1,2,0.02793063610458324,0.02793,,3
F14,200000,200000,11966,1,2,0.059829727792182985,0.05983,,6
F15,100000,100000,10735,1,2,0.10735450091765159,0.10735,,4
F16,200000,200000,11963,1,2,0.059815340574928155,0.059815,,3
F17,400000,400000,936,1,2,0.0023400657868343777,0.00234,,7
F18,400000,400000,3222,1,2,0.008055734655490032,0.008055,,6
F19,400000,400000,5429,1,2,0.01357256656817546,0.0135725,,6
F20,100000,100000,1571,1,2,0.015710714266673698,0.01571,,7
F21,400000,400000,1561,1,2,0.0039030302627476865,0.0039025,,4
F22,100000,100000,7227,1,2,0.07227110123703287,0.07227,,3
F23,200000,200000,7251,1,2,0.03625558316570987,0.036255,,6
F24,100000,100000,1602,1,2,0.016018809392240457,0.01602,,1
F25,400000,400000,600,1,2,0.0004009940673683765,0.0015,,3
F26,200000,200000,7951,1,2,0.03975511286437469,0.039755,,4
F27,200000,200000,5397,1,2,0.026984237784538317,0.026985,,3
F28,200000,200000,10757,1,2,0.05378267484339882,0.053785,,7
F29,400000,400000,3843,1,2,0.009606875205968882,0.0096075,,7
F30,400000,400000,600,1,2,0.0012785459062377505,0.0015,,1
F31,200000,200000,8026,1,2,0.04013208513619297,0.04013,,5
F32,400000,400000,1499,1,2,0.00374817846687062,0.0037475,,5
