Flow,Period,Deadline,Execution Time,w,h,Target_Utilization,Actual_Utilization,Utilization_Error,Queue
F1,200000,200000,8799,1,2,0.04399321100179443,0.043995,,7
F2,400000,400000,3009,1,2,0.007521478101481849,0.0075225,,4
F3,200000,200000,6941,1,2,0.034706665721064955,0.034705,,5
F4,400000,400000,4111,1,2,0.01027848988835578,0.0102775,,3
F5,200000,200000,6021,1,2,0.03010362797989319,0.030105,,7
F6,50000,50000,5948,1,2,0.11896099092991264,0.11896,,7
F7,400000,400000,10745,1,2,0.02686221785121945,0.0268625,,4
F8,200000,200000,3459,1,2,0.017295785430989974,0.017295,,4
F9,400000,400000,8080,1,2,0.02020009779777998,0.0202,,6
F10,200000,200000,1527,1,2,0.007635348942260589,0.007635,,5
F11,400000,400000,4796,1,2,0.01198920452881036,0.01199,,3
F12,50000,50000,2846,1,2,0.05691941562399172,0.05692,,6
F13,400000,400000,9309,1,2,0.02327303279849391,0.0232725,,3
F14,200000,200000,6623,1,2,0.03311729342691638,0.033115,,3
F15,200000,200000,7738,1,2,0.03869001359047397,0.03869,,1
F16,400000,400000,3088,1,2,0.00771893670463164,0.00772,,1
F17,200000,200000,3427,1,2,0.017136148439146293,0.017135,,6
F18,400000,400000,7149,1,2,0.0178714375500878,0.0178725,,5
F19,200000,200000,6875,1,2,0.03437335389529311,0.034375,,6
F20,200000,200000,7808,1,2,0.03903955942855336,0.03904,,6
F21,200000,200000,7899,1,2,0.03949603852916339,0.039495,,3
F22,400000,400000,7603,1,2,0.019007360952247254,0.0190075,,1
F23,400000,400000,11997,1,2,0.029991885689715614,0.0299925,,5
F24,400000,400000,7586,1,2,0.018963847103308007,0.018965,,7
F25,400000,400000,2193,1,2,0.005481798656215897,0.0054825,,6
F26,400000,400000,5657,1,2,0.014141405391895678,0.0141425,,1
F27,100000,100000,5642,1,2,0.05642000724573987,0.05642,,5
F28,100000,100000,7747,1,2,0.07746959887681515,0.07747,,7
F29,200000,200000,7247,1,2,0.03623728262754283,0.036235,,7
F30,100000,100000,6253,1,2,0.06253460752219617,0.06253,,7
F31,200000,200000,6186,1,2,0.030928446488038983,0.03093,,1
F32,400000,400000,4657,1,2,0.011641411285969782,0.0116425,,7
