Flow,Period,Deadline,Execution Time,w,h,Target_Utilization,Actual_Utilization,Utilization_Error,Queue
F1,400000,400000,5587,1,2,0.01396665748273851,0.0139675,,6
F2,50000,50000,6362,1,2,0.12724896885577108,0.12724,,4
F3,200000,200000,3505,1,2,0.0175253211131422,0.017525,,3
F4,100000,100000,3890,1,2,0.03890205330863605,0.0389,,4
F5,200000,200000,5101,1,2,0.02550522497762009,0.025505,,6
F6,400000,400000,7186,1,2,0.01796377607957944,0.017965,,4
F7,50000,50000,8047,1,2,0.16093730594419153,0.16094,,7
F8,400000,400000,4913,1,2,0.01228163213099931,0.0122825,,2
F9,400000,400000,10942,1,2,0.027355998511586765,0.027355,,5
F10,200000,200000,4595,1,2,0.02297400304690722,0.022975,,5
F11,400000,400000,3739,1,2,0.009348295303229892,0.0093475,,5
F12,100000,100000,9965,1,2,0.09964608132906194,0.09965,,7
F13,100000,100000,6536,1,2,0.06535565806816218,0.06536,,1
F14,200000,200000,10617,1,2,0.05308336820540782,0.053085,,3
F15,50000,50000,6828,1,2,0.13656805656384424,0.13656,,3
F16,50000,50000,7497,1,2,0.1499480891716104,0.14994,,1
