Flow,Period,Deadline,Execution Time,w,h,Target_Utilization,Actual_Utilization,Utilization_Error,Queue
F1,200000,200000,6631,1,2,0.033153165980606025,0.033155,,3
F2,400000,400000,5227,1,2,0.013067377756497467,0.0130675,,4
F3,50000,50000,6223,1,2,0.12446837633477548,0.12446,,6
F4,100000,100000,9469,1,2,0.09469201681552719,0.09469,,2
F5,400000,400000,5793,1,2,0.014483672997215535,0.0144825,,7
F6,50000,50000,3518,1,2,0.07036018967259872,0.07036,,2
F7,200000,200000,11617,1,2,0.05808684705901013,0.058085,,6
F8,200000,200000,10645,1,2,0.05322688624275618,0.053225,,5
F9,100000,100000,6510,1,2,0.06510236826459015,0.0651,,7
F10,50000,50000,9699,1,2,0.19397225065892937,0.19398,,2
F11,200000,200000,6045,1,2,0.030224421384698053,0.030225,,2
F12,400000,400000,600,1,2,0.0005295312909987526,0.0015,,2
F13,100000,100000,7285,1,2,0.07285136451003588,0.07285,,6
F14,50000,50000,6540,1,2,0.13079665279888553,0.1308,,2
F15,400000,400000,804,1,2,0.002009667415889399,0.00201,,2
F16,400000,400000,10789,1,2,0.026973150525641833,0.0269725,,1
