Flow,Period,Deadline,Execution Time,w,h,Target_Utilization,Actual_Utilization,Utilization_Error,Queue
F1,200000,200000,7743,1,2,0.038715496037186936,0.038715,,2
F2,400000,400000,3003,1,2,0.0075084465759555075,0.0075075,,3
F3,100000,100000,11177,1,2,0.1117728187851601,0.11177,,3
F4,100000,100000,7685,1,2,0.07685191969840388,0.07685,,7
F5,50000,50000,2588,1,2,0.05175861657727676,0.05176,,6
F6,100000,100000,5367,1,2,0.053667832254050585,0.05367,,7
F7,50000,50000,2414,1,2,0.04828245175934376,0.04828,,3
F8,100000,100000,7458,1,2,0.07457870813043299,0.07458,,3
F9,200000,200000,6043,1,2,0.030213979751349096,0.030215,,4
F10,200000,200000,7219,1,2,0.03609363480809352,0.036095,,2
F11,100000,100000,6560,1,2,0.06560239320807965,0.0656,,1
F12,400000,400000,9095,1,2,0.02273648337851164,0.0227375,,7
F13,50000,50000,8869,1,2,0.17738516883406863,0.17738,,7
F14,200000,200000,10245,1,2,0.05122513433829323,0.051225,,1
F15,400000,400000,2824,1,2,0.007061103794508555,0.00706,,1
F16,50000,50000,4367,1,2,0.08733511629929588,0.08734,,1
