Flow,Period,Deadline,Execution Time,w,h,Target_Utilization,Actual_Utilization,Utilization_Error,Queue
F1,100000,100000,9799,1,2,0.09798572680914663,0.09799,,6
F2,100000,100000,6539,1,2,0.06538782816726252,0.06539,,6
F3,200000,200000,9579,1,2,0.04789403061255926,0.047895,,7
F4,200000,200000,9739,1,2,0.04869457629369778,0.048695,,2
F5,50000,50000,6994,1,2,0.1398802742843286,0.13988,,4
F6,100000,100000,6142,1,2,0.061419397888622995,0.06142,,1
F7,100000,100000,5553,1,2,0.05553169382692008,0.05553,,4
F8,100000,100000,6873,1,2,0.06873328812489249,0.06873,,2
F9,100000,100000,8689,1,2,0.08688514022473576,0.08689,,1
F10,200000,200000,7227,1,2,0.03613413182054073,0.036135,,3
F11,400000,400000,2878,1,2,0.007194724471211195,0.007195,,2
F12,400000,400000,8419,1,2,0.021048718097642527,0.0210475,,1
F13,400000,400000,10187,1,2,0.025466402088496598,0.0254675,,5
F14,50000,50000,7455,1,2,0.14909917146302157,0.1491,,1
F15,400000,400000,10273,1,2,0.02568140854975459,0.0256825,,6
F16,400000,400000,7738,1,2,0.019344826351212246,0.019345,,4
