Flow,Period,Deadline,Execution Time,w,h,Target_Utilization,Actual_Utilization,Utilization_Error,Queue
F1,200000,200000,1421,1,2,0.007105237591458313,0.007105,,2
F2,200000,200000,7702,1,2,0.03850947331206911,0.03851,,5
F3,100000,100000,8939,1,2,0.08939232458430979,0.08939,,5
F4,400000,400000,7333,1,2,0.01833221448686717,0.0183325,,7
F5,100000,100000,8297,1,2,0.0829659115543524,0.08297,,6
F6,50000,50000,6807,1,2,0.13614751703864203,0.13614,,1
F7,400000,400000,10065,1,2,0.02516254293833531,0.0251625,,6
F8,100000,100000,9039,1,2,0.09039458134352574,0.09039,,1
F9,100000,100000,7309,1,2,0.07308968761160195,0.07309,,7
F10,400000,400000,2937,1,2,0.0073423148775548785,0.0073425,,4
F11,50000,50000,6270,1,2,0.1253938152699976,0.1254,,6
F12,200000,200000,11699,1,2,0.05849318892368763,0.058495,,4
F13,100000,100000,7816,1,2,0.07815750357793438,0.07816,,2
F14,200000,200000,10662,1,2,0.05331044218985316,0.05331,,3
F15,400000,400000,10009,1,2,0.025022841121061234,0.0250225,,1
F16,100000,100000,5873,1,2,0.05873029782790569,0.05873,,1
