Flow,Period,Deadline,Execution Time,w,h,Target_Utilization,Actual_Utilization,Utilization_Error,Queue
F1,50000,50000,4898,1,2,0.09795555643659837,0.09796,,2
F2,200000,200000,1205,1,2,0.006026077049883116,0.006025,,4
F3,400000,400000,1485,1,2,0.0037121793497629785,0.0037125,,6
F4,100000,100000,9281,1,2,0.0928081377522525,0.09281,,5
F5,400000,400000,1693,1,2,0.004232492863232462,0.0042325,,5
F6,50000,50000,8164,1,2,0.16328233472345188,0.16328,,2
F7,50000,50000,7827,1,2,0.15654321269449356,0.15654,,6
F8,400000,400000,1161,1,2,0.00290139473131118,0.0029025,,5
F9,50000,50000,1778,1,2,0.03556234571993233,0.03556,,5
F10,200000,200000,11135,1,2,0.05567511644645279,0.055675,,2
F11,400000,400000,11891,1,2,0.029726619587587877,0.0297275,,1
F12,400000,400000,11138,1,2,0.02784501415566787,0.027845,,7
F13,200000,200000,4174,1,2,0.02087059207029668,0.02087,,1
F14,400000,400000,9747,1,2,0.02436665545930597,0.0243675,,3
F15,400000,400000,6156,1,2,0.015389220710364276,0.01539,,7
F16,50000,50000,8815,1,2,0.17630610147011616,0.1763,,2
