Flow,Period,Deadline,Execution Time,w,h,Target_Utilization,Actual_Utilization,Utilization_Error,Queue
F1,400000,400000,600,1,2,0.0001347361553206694,0.0015,,6
F2,400000,400000,10897,1,2,0.027241867261975083,0.0272425,,7
F3,100000,100000,6197,1,2,0.06197499501819148,0.06197,,2
F4,200000,200000,8937,1,2,0.04468333296571714,0.044685,,1
F5,100000,100000,6465,1,2,0.06464893359051804,0.06465,,5
F6,50000,50000,8791,1,2,0.17581611420078203,0.17582,,6
F7,400000,400000,3209,1,2,0.008021549985579912,0.0080225,,6
F8,200000,200000,7922,1,2,0.039610268380717684,0.03961,,4
F9,400000,400000,1648,1,2,0.004120235329955146,0.00412,,5
F10,50000,50000,9516,1,2,0.19031108818120246,0.19032,,3
F11,100000,100000,8266,1,2,0.08266194712993719,0.08266,,4
F12,100000,100000,11707,1,2,0.11706758661801604,0.11707,,7
F13,400000,400000,7790,1,2,0.019476131726100798,0.019475,,2
F14,200000,200000,8857,1,2,0.04428702787765505,0.044285,,3
F15,400000,400000,8061,1,2,0.020153594587605517,0.0201525,,5
F16,400000,400000,10277,1,2,0.025692530414162223,0.0256925,,1
