Flow,Period,Deadline,Execution Time,w,h,Target_Utilization,Actual_Utilization,Utilization_Error,Queue
F1,400000,400000,1615,1,2,0.004037417415948874,0.0040375,,3
F2,100000,100000,8484,1,2,0.08483699851606263,0.08484,,1
F3,200000,200000,6365,1,2,0.03182381968713699,0.031825,,5
F4,50000,50000,8676,1,2,0.17352907863919742,0.17352,,2
F5,200000,200000,7039,1,2,0.03519330196899584,0.035195,,1
F6,50000,50000,4652,1,2,0.09304097026441355,0.09304,,6
F7,100000,100000,5006,1,2,0.0500617567340797,0.05006,,6
F8,100000,100000,4053,1,2,0.04052866840308045,0.04053,,2
F9,100000,100000,7427,1,2,0.07426724237401866,0.07427,,7
F10,400000,400000,11460,1,2,0.028650214717116873,0.02865,,6
F11,400000,400000,1443,1,2,0.0036071419335521604,0.0036075,,1
F12,50000,50000,8249,1,2,0.16498467648177328,0.16498,,2
F13,400000,400000,11263,1,2,0.028158681999969903,0.0281575,,2
F14,400000,400000,6503,1,2,0.01625839772847157,0.0162575,,4
F15,200000,200000,9335,1,2,0.046676116026595424,0.046675,,3
F16,400000,400000,11617,1,2,0.029042115420443382,0.0290425,,7
