Flow,Period,Deadline,Execution Time,w,h,Target_Utilization,Actual_Utilization,Utilization_Error,Queue
F1,100000,100000,6632,1,2,0.06631794142542347,0.06632,,6
F2,400000,400000,3008,1,2,0.007520910811189552,0.00752,,4
F3,100000,100000,4719,1,2,0.04718983804404042,0.04719,,4
F4,100000,100000,3465,1,2,0.034649450481005206,0.03465,,3
F5,100000,100000,10043,1,2,0.10042672656470053,0.10043,,4
F6,100000,100000,10463,1,2,0.10463392391421522,0.10463,,6
F7,100000,100000,8857,1,2,0.08856712180645548,0.08857,,1
F8,200000,200000,6839,1,2,0.03419467717571556,0.034195,,1
F9,100000,100000,10515,1,2,0.10515398714517854,0.10515,,4
F10,200000,200000,7593,1,2,0.03796270699134513,0.037965,,5
F11,100000,100000,1717,1,2,0.017170540807449064,0.01717,,6
F12,100000,100000,2180,1,2,0.021799007119114755,0.0218,,2
F13,400000,400000,2651,1,2,0.006626258337785573,0.0066275,,7
F14,50000,50000,7081,1,2,0.14161266861234145,0.14162,,6
F15,200000,200000,9570,1,2,0.04784916149384087,0.04785,,5
F16,50000,50000,2056,1,2,0.041121033333931994,0.04112,,7
