Flow,Period,Deadline,Execution Time,w,h,Target_Utilization,Actual_Utilization,Utilization_Error,Queue
F1,400000,400000,6789,1,2,0.01697364073074925,0.0169725,,2
F2,400000,400000,600,1,2,0.0005421931689625348,0.0015,,4
F3,50000,50000,3598,1,2,0.07195738077326974,0.07196,,7
F4,50000,50000,8863,1,2,0.17725666628921155,0.17726,,6
F5,50000,50000,5512,1,2,0.11024317283364338,0.11024,,2
F6,50000,50000,6985,1,2,0.13970754829427734,0.1397,,6
F7,200000,200000,7763,1,2,0.038817134580318435,0.038815,,6
F8,200000,200000,6343,1,2,0.03171437319587156,0.031715,,6
F9,200000,200000,4211,1,2,0.02105497779418941,0.021055,,1
F10,400000,400000,5713,1,2,0.014283024555379498,0.0142825,,5
F11,400000,400000,6492,1,2,0.016230172207595928,0.01623,,7
F12,100000,100000,6551,1,2,0.06550546735223778,0.06551,,2
F13,100000,100000,8785,1,2,0.0878465456562389,0.08785,,5
F14,100000,100000,10221,1,2,0.10221167460296557,0.10221,,1
F15,200000,200000,6493,1,2,0.03246615738629435,0.032465,,3
F16,400000,400000,11401,1,2,0.0285027337686784,0.0285025,,3
