Flow,Period,Deadline,Execution Time,w,h,Target_Utilization,Actual_Utilization,Utilization_Error,Queue
F1,50000,50000,6544,1,2,0.1308870130278591,0.13088,,4
F2,200000,200000,6278,1,2,0.03138944802705179,0.03139,,5
F3,200000,200000,6448,1,2,0.03224241128642025,0.03224,,2
F4,100000,100000,10851,1,2,0.108509846842612,0.10851,,5
F5,50000,50000,8100,1,2,0.1619965490632745,0.162,,6
F6,400000,400000,9649,1,2,0.024121350350955084,0.0241225,,4
F7,200000,200000,8646,1,2,0.043228336622468055,0.04323,,3
F8,200000,200000,736,1,2,0.0036801873611747027,0.00368,,5
F9,200000,200000,10765,1,2,0.05382593824602139,0.053825,,6
F10,50000,50000,8382,1,2,0.1676335087073187,0.16764,,7
F11,100000,100000,5545,1,2,0.05544807630080523,0.05545,,7
F12,50000,50000,2942,1,2,0.058839023565103024,0.05884,,3
F13,100000,100000,3586,1,2,0.03586228705794717,0.03586,,4
F14,200000,200000,6234,1,2,0.03117242294328643,0.03117,,7
F15,400000,400000,3690,1,2,0.009224978561631403,0.009225,,3
F16,400000,400000,5702,1,2,0.014254103860215927,0.014255,,2
