Flow,Period,Deadline,Execution Time,w,h,Target_Utilization,Actual_Utilization,Utilization_Error,Queue
F1,400000,400000,4791,1,2,0.011977477385555657,0.0119775,,6
F2,50000,50000,6505,1,2,0.13009728959930233,0.1301,,5
F3,50000,50000,6372,1,2,0.12744802722942428,0.12744,,3
F4,200000,200000,894,1,2,0.004469827699590034,0.00447,,4
F5,100000,100000,731,1,2,0.007309519314514512,0.00731,,2
F6,50000,50000,10374,1,2,0.20747508407848708,0.20748,,6
F7,400000,400000,600,1,2,0.00030408461542319465,0.0015,,3
F8,400000,400000,8991,1,2,0.022477753466615014,0.0224775,,4
F9,100000,100000,859,1,2,0.008590254169808742,0.00859,,3
F10,200000,200000,8397,1,2,0.041982685395059005,0.041985,,3
F11,100000,100000,9233,1,2,0.09232853877558217,0.09233,,5
F12,400000,400000,5074,1,2,0.012686208839713553,0.012685,,6
F13,50000,50000,5502,1,2,0.11003918032716031,0.11004,,7
F14,400000,400000,1096,1,2,0.002741067452690954,0.00274,,1
F15,100000,100000,11085,1,2,0.11084682469052404,0.11085,,6
F16,400000,400000,10997,1,2,0.02749331900776362,0.0274925,,2
