Flow,Period,Deadline,Execution Time,w,h,Target_Utilization,Actual_Utilization,Utilization_Error,Queue
F1,50000,50000,7846,1,2,0.15691095114717024,0.15692,,6
F2,200000,200000,9259,1,2,0.04629514997479345,0.046295,,1
F3,50000,50000,7321,1,2,0.14642142241694267,0.14642,,2
F4,50000,50000,1944,1,2,0.03888191202657376,0.03888,,7
F5,400000,400000,766,1,2,0.0019158580994488306,0.001915,,3
F6,50000,50000,3899,1,2,0.07797963154933124,0.07798,,3
F7,400000,400000,4989,1,2,0.012472139150333683,0.0124725,,2
F8,200000,200000,1900,1,2,0.009500610279186805,0.0095,,7
F9,400000,400000,6249,1,2,0.015622833913481904,0.0156225,,1
F10,400000,400000,10755,1,2,0.02688642813695158,0.0268875,,5
F11,100000,100000,7437,1,2,0.07436544449978671,0.07437,,6
F12,200000,200000,3712,1,2,0.01856024798197431,0.01856,,4
F13,200000,200000,5797,1,2,0.028986001119692795,0.028985,,3
F14,50000,50000,11210,1,2,0.22420752709143157,0.2242,,4
F15,100000,100000,4789,1,2,0.04788837207434087,0.04789,,4
F16,400000,400000,704,1,2,0.001760171807521459,0.00176,,3
