Flow,Period,Deadline,Execution Time,w,h,Target_Utilization,Actual_Utilization,Utilization_Error,Queue
F1,50000,50000,5058,1,2,0.10115548729227097,0.10116,,4
F2,100000,100000,9373,1,2,0.09373027880697848,0.09373,,2
F3,100000,100000,6001,1,2,0.0600058657002297,0.06001,,6
F4,100000,100000,6530,1,2,0.06530472681879684,0.0653,,1
F5,400000,400000,1787,1,2,0.004468079546192549,0.0044675,,7
F6,100000,100000,9736,1,2,0.09735795566642536,0.09736,,1
F7,100000,100000,9649,1,2,0.09649031334942088,0.09649,,4
F8,200000,200000,11181,1,2,0.05590355346376591,0.055905,,2
F9,200000,200000,9019,1,2,0.045093122824647724,0.045095,,4
F10,50000,50000,3928,1,2,0.07855730965822622,0.07856,,3
F11,400000,400000,10499,1,2,0.026248466068775622,0.0262475,,1
F12,50000,50000,3953,1,2,0.07905723685540278,0.07906,,7
F13,400000,400000,725,1,2,0.0018127197502788017,0.0018125,,7
F14,200000,200000,8778,1,2,0.043892432204533954,0.04389,,5
F15,400000,400000,2615,1,2,0.0065377809887683935,0.0065375,,6
F16,100000,100000,10467,1,2,0.10467129042914122,0.10467,,4
