Flow,Period,Deadline,Execution Time,w,h,Target_Utilization,Actual_Utilization,Utilization_Error,Queue
F1,50000,50000,6509,1,2,0.13018767339217774,0.13018,,1
F2,100000,100000,9755,1,2,0.09754560217343866,0.09755,,2
F3,200000,200000,4301,1,2,0.021504873337892416,0.021505,,4
F4,400000,400000,8210,1,2,0.020524405255693212,0.020525,,5
F5,100000,100000,2945,1,2,0.029449774933132278,0.02945,,3
F6,400000,400000,9946,1,2,0.024865357902351115,0.024865,,1
F7,200000,200000,11975,1,2,0.05987500601540796,0.059875,,6
F8,50000,50000,12000,1,2,0.25331362107229943,0.24,,3
F9,100000,100000,6355,1,2,0.06354851853495863,0.06355,,5
F10,400000,400000,6287,1,2,0.015717301986208132,0.0157175,,3
F11,200000,200000,10214,1,2,0.05107248593060959,0.05107,,2
F12,100000,100000,7493,1,2,0.07492554591624861,0.07493,,4
F13,400000,400000,5533,1,2,0.013831524734197617,0.0138325,,3
F14,100000,100000,8257,1,2,0.08257405501203997,0.08257,,1
F15,100000,100000,2555,1,2,0.025550925850271182,0.02555,,4
F16,50000,50000,807,1,2,0.016139671053169553,0.01614,,1
