Flow,Period,Deadline,Execution Time,w,h,Target_Utilization,Actual_Utilization,Utilization_Error,Queue
F1,200000,200000,2535,1,2,0.012674213516658983,0.012675,,1
F2,100000,100000,11593,1,2,0.11593421241578827,0.11593,,1
F3,100000,100000,6565,1,2,0.06565334745685736,0.06565,,4
F4,400000,400000,11852,1,2,0.02963003348754767,0.02963,,2
F5,200000,200000,10003,1,2,0.05001569761783964,0.050015,,5
F6,200000,200000,8310,1,2,0.04155209576357666,0.04155,,6
F7,400000,400000,7844,1,2,0.01960886458643618,0.01961,,3
F8,200000,200000,8039,1,2,0.04019426229055245,0.040195,,4
F9,200000,200000,1341,1,2,0.006705283881411783,0.006705,,6
F10,100000,100000,11697,1,2,0.11696523103012524,0.11697,,5
F11,100000,100000,6015,1,2,0.06014599398526038,0.06015,,7
F12,400000,400000,5561,1,2,0.013903024526377206,0.0139025,,7
F13,200000,200000,1125,1,2,0.005624557638240046,0.005625,,2
F14,200000,200000,9044,1,2,0.04522136060312004,0.04522,,1
F15,100000,100000,6510,1,2,0.06510473256526267,0.0651,,2
F16,50000,50000,12000,1,2,0.2633916075585851,0.24,,3
