Flow,Period,Deadline,Execution Time,w,h,Target_Utilization,Actual_Utilization,Utilization_Error,Queue
F1,400000,400000,11662,1,2,0.02915612047026228,0.029155,,1
F2,400000,400000,5349,1,2,0.013372641167201937,0.0133725,,4
F3,400000,400000,4011,1,2,0.010026751286523194,0.0100275,,2
F4,200000,200000,5187,1,2,0.025935246023990555,0.025935,,7
F5,200000,200000,6385,1,2,0.03192357171815696,0.031925,,3
F6,100000,100000,1845,1,2,0.018450607850522327,0.01845,,6
F7,50000,50000,11597,1,2,0.23193519510857652,0.23194,,3
F8,50000,50000,6907,1,2,0.1381435414612398,0.13814,,7
F9,100000,100000,8819,1,2,0.08818728839664547,0.08819,,6
F10,50000,50000,6916,1,2,0.13832043719492643,0.13832,,3
F11,100000,100000,6316,1,2,0.06316158527707258,0.06316,,2
F12,200000,200000,10461,1,2,0.05230731991054818,0.052305,,4
F13,400000,400000,8331,1,2,0.020828037862133997,0.0208275,,2
F14,200000,200000,6806,1,2,0.034031998396177154,0.03403,,6
F15,200000,200000,1097,1,2,0.005486202158644305,0.005485,,7
F16,400000,400000,11058,1,2,0.027644181528427358,0.027645,,5
