Flow,Period,Deadline,Execution Time,w,h,Target_Utilization,Actual_Utilization,Utilization_Error,Queue
F1,100000,100000,6093,1,2,0.06092508752097625,0.06093,,5
F2,400000,400000,3071,1,2,0.007678466524286387,0.0076775,,6
F3,200000,200000,2989,1,2,0.014944078872537236,0.014945,,7
F4,50000,50000,9084,1,2,0.18168222936388123,0.18168,,3
F5,50000,50000,7103,1,2,0.1420641221773571,0.14206,,7
F6,400000,400000,600,1,2,0.0006626712140258562,0.0015,,6
F7,100000,100000,4621,1,2,0.04621220694616024,0.04621,,3
F8,50000,50000,6266,1,2,0.12532379956987966,0.12532,,3
F9,400000,400000,6350,1,2,0.015875228599347146,0.015875,,3
F10,400000,400000,8341,1,2,0.020853423524890446,0.0208525,,4
F11,400000,400000,600,1,2,0.001389261836599931,0.0015,,6
F12,100000,100000,7203,1,2,0.07203312437746306,0.07203,,7
F13,400000,400000,1758,1,2,0.0043942474696385125,0.004395,,5
F14,100000,100000,3162,1,2,0.031618171015725616,0.03162,,2
F15,50000,50000,7298,1,2,0.1459551025737169,0.14596,,6
F16,100000,100000,8629,1,2,0.08629084457592089,0.08629,,6
