Flow,Period,Deadline,Execution Time,w,h,Target_Utilization,Actual_Utilization,Utilization_Error,Queue
F1,50000,50000,6509,1,2,0.13018033875014068,0.13018,,1
F2,400000,400000,6547,1,2,0.016368738689589213,0.0163675,,6
F3,200000,200000,11147,1,2,0.05573727665722783,0.055735,,3
F4,200000,200000,7351,1,2,0.0367533864682793,0.036755,,5
F5,400000,400000,5942,1,2,0.014854816703532836,0.014855,,4
F6,50000,50000,8556,1,2,0.17111590609390537,0.17112,,7
F7,400000,400000,2248,1,2,0.005620670188864585,0.00562,,5
F8,200000,200000,11109,1,2,0.055544533360501525,0.055545,,2
F9,200000,200000,11891,1,2,0.05945665212797463,0.059455,,1
F10,100000,100000,6238,1,2,0.06238058706828453,0.06238,,4
F11,200000,200000,6433,1,2,0.03216626691564367,0.032165,,7
F12,100000,100000,6558,1,2,0.06558021318675389,0.06558,,2
F13,100000,100000,6761,1,2,0.06761087912097949,0.06761,,4
F14,400000,400000,2485,1,2,0.006213484207326286,0.0062125,,7
F15,50000,50000,8114,1,2,0.16228851758598634,0.16228,,7
F16,100000,100000,1841,1,2,0.01841073162087102,0.01841,,6
