Flow,Period,Deadline,Execution Time,w,h,Target_Utilization,Actual_Utilization,Utilization_Error,Queue
F1,100000,100000,7640,1,2,0.0763957854052989,0.0764,,6
F2,100000,100000,8251,1,2,0.08250962434169273,0.08251,,6
F3,200000,200000,11374,1,2,0.05687164930207489,0.05687,,2
F4,100000,100000,8457,1,2,0.08457383372648342,0.08457,,2
F5,100000,100000,8603,1,2,0.08603290625985172,0.08603,,6
F6,200000,200000,3796,1,2,0.018978890621654476,0.01898,,4
F7,400000,400000,5140,1,2,0.01285055152287129,0.01285,,3
F8,200000,200000,5494,1,2,0.027469545714863375,0.02747,,6
F9,100000,100000,3962,1,2,0.03961979384964254,0.03962,,1
F10,100000,100000,10849,1,2,0.10849160042894618,0.10849,,2
F11,100000,100000,6011,1,2,0.06010627038109034,0.06011,,7
F12,200000,200000,678,1,2,0.0033903449171612254,0.00339,,3
F13,400000,400000,8955,1,2,0.02238791264205081,0.0223875,,5
F14,50000,50000,6594,1,2,0.13187416382227418,0.13188,,2
F15,50000,50000,3311,1,2,0.06622324165381444,0.06622,,3
F16,100000,100000,8139,1,2,0.08138577871226799,0.08139,,2
