Flow,Period,Deadline,Execution Time,w,h,Target_Utilization,Actual_Utilization,Utilization_Error,Queue
F1,400000,400000,2455,1,2,0.006138384245576223,0.0061375,,4
F2,200000,200000,2701,1,2,0.013503950066627413,0.013505,,1
F3,200000,200000,3209,1,2,0.016044130932500456,0.016045,,5
F4,400000,400000,4841,1,2,0.012103339066881658,0.0121025,,7
F5,100000,100000,7375,1,2,0.07375375875644263,0.07375,,5
F6,50000,50000,2244,1,2,0.044880402762114746,0.04488,,5
F7,400000,400000,3688,1,2,0.009219880661942625,0.00922,,5
F8,100000,100000,4681,1,2,0.046810093203306646,0.04681,,3
F9,100000,100000,5092,1,2,0.05091823531483908,0.05092,,5
F10,200000,200000,9387,1,2,0.04693369413885656,0.046935,,5
F11,200000,200000,9310,1,2,0.046552202572471835,0.04655,,6
F12,200000,200000,3332,1,2,0.01666071729724794,0.01666,,7
F13,400000,400000,10926,1,2,0.027314093318925425,0.027315,,6
F14,50000,50000,10183,1,2,0.20365350258124515,0.20366,,5
F15,200000,200000,8650,1,2,0.043251276287741426,0.04325,,3
F16,400000,400000,2517,1,2,0.00629316963873396,0.0062925,,6
