Flow,Period,Deadline,Execution Time,w,h,Target_Utilization,Actual_Utilization,Utilization_Error,Queue
F1,200000,200000,8738,1,2,0.043690372714529246,0.04369,,1
F2,400000,400000,8471,1,2,0.02117683685500793,0.0211775,,1
F3,400000,400000,2641,1,2,0.006602101412184314,0.0066025,,1
F4,50000,50000,7636,1,2,0.1527109771580374,0.15272,,1
F5,50000,50000,2564,1,2,0.05128101555669684,0.05128,,7
F6,200000,200000,3752,1,2,0.01875982964818229,0.01876,,6
F7,50000,50000,6365,1,2,0.1273053834193378,0.1273,,2
F8,100000,100000,9879,1,2,0.0987891266390693,0.09879,,5
F9,400000,400000,4092,1,2,0.010228830747910866,0.01023,,3
F10,400000,400000,894,1,2,0.0022339337637161394,0.002235,,4
F11,400000,400000,7603,1,2,0.019006293821822395,0.0190075,,4
F12,400000,400000,10175,1,2,0.025437749389580808,0.0254375,,5
F13,100000,100000,1643,1,2,0.01643044805856146,0.01643,,2
F14,100000,100000,3017,1,2,0.030170214888784144,0.03017,,2
F15,400000,400000,8034,1,2,0.020085878186366778,0.020085,,7
F16,400000,400000,5643,1,2,0.014107178163201053,0.0141075,,5
