Flow,Period,Deadline,Execution Time,w,h,Target_Utilization,Actual_Utilization,Utilization_Error,Queue
F1,100000,100000,2280,1,2,0.022800029539632338,0.0228,,6
F2,400000,400000,600,1,2,0.0010390159647856168,0.0015,,1
F3,100000,100000,7560,1,2,0.07559720836737283,0.0756,,3
F4,50000,50000,3781,1,2,0.07561990284007547,0.07562,,4
F5,200000,200000,6129,1,2,0.030642606547887807,0.030645,,2
F6,50000,50000,6464,1,2,0.12928824378132192,0.12928,,2
F7,200000,200000,4107,1,2,0.020534036987886084,0.020535,,3
F8,200000,200000,625,1,2,0.0031245960888866553,0.003125,,6
F9,400000,400000,5769,1,2,0.01442334277534546,0.0144225,,5
F10,400000,400000,600,1,2,0.0012063229169129719,0.0015,,1
F11,400000,400000,600,1,2,0.000922700902265039,0.0015,,5
F12,200000,200000,8241,1,2,0.04120250648117141,0.041205,,7
F13,100000,100000,4571,1,2,0.04570924375987359,0.04571,,6
F14,50000,50000,4311,1,2,0.08621537364348267,0.08622,,7
F15,200000,200000,7223,1,2,0.03611685882557622,0.036115,,4
F16,100000,100000,7544,1,2,0.07544370687802424,0.07544,,5
