Flow,Period,Deadline,Execution Time,w,h,Target_Utilization,Actual_Utilization,Utilization_Error,Queue
F1,50000,50000,7718,1,2,0.1543506374038856,0.15436,,6
F2,400000,400000,10457,1,2,0.026143015817664705,0.0261425,,2
F3,400000,400000,1743,1,2,0.004357528543077749,0.0043575,,1
F4,400000,400000,5290,1,2,0.013224440022404693,0.013225,,5
F5,400000,400000,9184,1,2,0.02296085779004786,0.02296,,6
F6,400000,400000,600,1,2,0.0007828059532646869,0.0015,,3
F7,200000,200000,11519,1,2,0.057594606209481924,0.057595,,6
F8,100000,100000,11280,1,2,0.11279810871447035,0.1128,,6
F9,100000,100000,5077,1,2,0.05077157757273332,0.05077,,7
F10,400000,400000,2234,1,2,0.005585045931510768,0.005585,,2
F11,400000,400000,3937,1,2,0.009842530127471993,0.0098425,,2
F12,400000,400000,8835,1,2,0.022087195107462654,0.0220875,,7
F13,100000,100000,715,1,2,0.0071489922009169565,0.00715,,6
F14,50000,50000,4200,1,2,0.08400278736154934,0.084,,2
F15,400000,400000,3805,1,2,0.009513454405506126,0.0095125,,3
F16,400000,400000,8155,1,2,0.020387517773680683,0.0203875,,4
