Flow,Period,Deadline,Execution Time,w,h,Target_Utilization,Actual_Utilization,Utilization_Error,Queue
F1,100000,100000,642,1,2,0.00641992799021085,0.00642,,4
F2,400000,400000,5636,1,2,0.014090082754579902,0.01409,,4
F3,200000,200000,3183,1,2,0.01591438815611046,0.015915,,2
F4,200000,200000,6659,1,2,0.033294646686782725,0.033295,,5
F5,100000,100000,7863,1,2,0.07863055478028524,0.07863,,4
F6,400000,400000,642,1,2,0.0016050019141862215,0.001605,,2
F7,400000,400000,9491,1,2,0.02372675135275648,0.0237275,,7
F8,400000,400000,11861,1,2,0.029652048578470203,0.0296525,,2
F9,100000,100000,6783,1,2,0.06783146773691767,0.06783,,5
F10,50000,50000,1477,1,2,0.02953980100120912,0.02954,,4
F11,400000,400000,3567,1,2,0.00891711005328516,0.0089175,,1
F12,400000,400000,7535,1,2,0.018836426876319146,0.0188375,,7
F13,100000,100000,11954,1,2,0.11954347450677288,0.11954,,4
F14,400000,400000,8846,1,2,0.02211537631269081,0.022115,,5
F15,100000,100000,6585,1,2,0.06584907700176176,0.06585,,6
F16,100000,100000,8717,1,2,0.08716717488689385,0.08717,,7
