Flow,Period,Deadline,Execution Time,w,h,Target_Utilization,Actual_Utilization,Utilization_Error,Queue
F1,200000,200000,632,1,2,0.0031590861363639533,0.00316,,7
F2,200000,200000,8839,1,2,0.044195660421591954,0.044195,,1
F3,400000,400000,676,1,2,0.001688946831089888,0.00169,,4
F4,400000,400000,1861,1,2,0.00465231412182221,0.0046525,,7
F5,400000,400000,1763,1,2,0.004408015381267338,0.0044075,,5
F6,400000,400000,2431,1,2,0.006076575519127325,0.0060775,,4
F7,50000,50000,8629,1,2,0.17258743770423374,0.17258,,4
F8,200000,200000,6211,1,2,0.031057217954798044,0.031055,,2
F9,50000,50000,3526,1,2,0.0705172473275979,0.07052,,5
F10,400000,400000,11255,1,2,0.02813762462439129,0.0281375,,1
F11,50000,50000,1937,1,2,0.03874143696144661,0.03874,,2
F12,200000,200000,7333,1,2,0.036665798702390145,0.036665,,6
F13,200000,200000,7005,1,2,0.03502636381072466,0.035025,,6
F14,200000,200000,11819,1,2,0.05909475741764596,0.059095,,3
F15,100000,100000,10111,1,2,0.10111248826713233,0.10111,,2
F16,400000,400000,2753,1,2,0.006882416330208504,0.0068825,,5
