Flow,Period,Deadline,Execution Time,w,h,Target_Utilization,Actual_Utilization,Utilization_Error,Queue
F1,50000,50000,6972,1,2,0.13944651547457515,0.13944,,7
F2,100000,100000,6906,1,2,0.06906347073507085,0.06906,,2
F3,400000,400000,2593,1,2,0.006482994473666515,0.0064825,,5
F4,400000,400000,11154,1,2,0.027884638340081647,0.027885,,4
F5,400000,400000,2735,1,2,0.006837658741675745,0.0068375,,1
F6,200000,200000,7227,1,2,0.0361327193548282,0.036135,,2
F7,50000,50000,1057,1,2,0.02113878544204495,0.02114,,2
F8,400000,400000,3951,1,2,0.009877617309450137,0.0098775,,5
F9,50000,50000,2997,1,2,0.05993839021030242,0.05994,,4
F10,200000,200000,6175,1,2,0.03087639375116652,0.030875,,3
F11,200000,200000,6118,1,2,0.030588068698179843,0.03059,,7
F12,50000,50000,3586,1,2,0.07171792200437603,0.07172,,4
F13,400000,400000,2024,1,2,0.005061223702784903,0.00506,,5
F14,200000,200000,6147,1,2,0.030732712879525274,0.030735,,6
F15,100000,100000,4973,1,2,0.049729875552290165,0.04973,,1
F16,400000,400000,2246,1,2,0.005615908417923288,0.005615,,1
