Flow,Period,Deadline,Execution Time,w,h,Target_Utilization,Actual_Utilization,Utilization_Error,Queue
F1,50000,50000,1877,1,2,0.03754239312446683,0.03754,,6
F2,100000,100000,7061,1,2,0.07061288576258329,0.07061,,7
F3,50000,50000,4388,1,2,0.08775753857368906,0.08776,,5
F4,400000,400000,3233,1,2,0.008083165536581616,0.0080825,,7
F5,50000,50000,6183,1,2,0.12366358036838127,0.12366,,7
F6,400000,400000,9116,1,2,0.022789663938324045,0.02279,,2
F7,50000,50000,4998,1,2,0.09995704827234769,0.09996,,3
F8,400000,400000,11181,1,2,0.02795346523452688,0.0279525,,1
F9,400000,400000,6645,1,2,0.016612347959042817,0.0166125,,1
F10,400000,400000,600,1,2,0.001026443473359867,0.0015,,7
F11,200000,200000,3391,1,2,0.01695583424767541,0.016955,,5
F12,400000,400000,600,1,2,0.0007295344740924498,0.0015,,6
F13,400000,400000,11133,1,2,0.027832064474221263,0.0278325,,3
F14,200000,200000,7890,1,2,0.03944870710689254,0.03945,,3
F15,200000,200000,7617,1,2,0.03808417727840489,0.038085,,5
F16,400000,400000,1990,1,2,0.004974092864946688,0.004975,,6
