Flow,Period,Deadline,Execution Time,w,h,Target_Utilization,Actual_Utilization,Utilization_Error,Queue
F1,100000,100000,11668,1,2,0.11667896884721873,0.11668,,1
F2,400000,400000,7993,1,2,0.019983525908028987,0.0199825,,3
F3,400000,400000,6570,1,2,0.016424673996132455,0.016425,,2
F4,400000,400000,6783,1,2,0.016957488621292982,0.0169575,,6
F5,400000,400000,2441,1,2,0.006102445906414955,0.0061025,,5
F6,100000,100000,2771,1,2,0.027711245464323297,0.02771,,3
F7,100000,100000,9683,1,2,0.09682574098563673,0.09683,,4
F8,400000,400000,1719,1,2,0.00429699481644652,0.0042975,,4
F9,400000,400000,893,1,2,0.0022324759467307054,0.0022325,,5
F10,100000,100000,6863,1,2,0.06862557564827887,0.06863,,7
F11,50000,50000,5326,1,2,0.10652230600612408,0.10652,,6
F12,400000,400000,1626,1,2,0.0040654758673528135,0.004065,,4
F13,100000,100000,8739,1,2,0.08739483591421097,0.08739,,5
F14,100000,100000,8441,1,2,0.08441309870023253,0.08441,,1
F15,400000,400000,9103,1,2,0.022756866082007013,0.0227575,,2
F16,400000,400000,3207,1,2,0.008017542122144526,0.0080175,,1
