Flow,Period,Deadline,Execution Time,w,h,Target_Utilization,Actual_Utilization,Utilization_Error,Queue
F1,50000,50000,1765,1,2,0.03529762134716552,0.0353,,3
F2,100000,100000,11485,1,2,0.11485091267960179,0.11485,,5
F3,200000,200000,3740,1,2,0.018699509857446284,0.0187,,4
F4,100000,100000,1527,1,2,0.01526971022122231,0.01527,,6
F5,200000,200000,2581,1,2,0.012906112966090122,0.012905,,5
F6,200000,200000,11336,1,2,0.056679873206192444,0.05668,,7
F7,200000,200000,11465,1,2,0.05732543312269789,0.057325,,1
F8,400000,400000,11653,1,2,0.029133349564282318,0.0291325,,7
F9,100000,100000,7000,1,2,0.07000029676809061,0.07,,2
F10,400000,400000,2168,1,2,0.0054188882250315595,0.00542,,1
F11,200000,200000,6299,1,2,0.031495232629661696,0.031495,,2
F12,200000,200000,6355,1,2,0.031775007412327444,0.031775,,1
F13,400000,400000,11043,1,2,0.027607961038722165,0.0276075,,3
F14,200000,200000,10719,1,2,0.05359426627568826,0.053595,,4
F15,100000,100000,3483,1,2,0.03482880325666969,0.03483,,6
F16,200000,200000,2213,1,2,0.01106461307190556,0.011065,,6
