Flow,Period,Deadline,Execution Time,w,h,Target_Utilization,Actual_Utilization,Utilization_Error,Queue
F1,50000,50000,1799,1,2,0.03597953570982315,0.03598,,5
F2,400000,400000,3045,1,2,0.00761246174346375,0.0076125,,5
F3,400000,400000,3047,1,2,0.007618616668909506,0.0076175,,3
F4,100000,100000,3281,1,2,0.03281122078485843,0.03281,,1
F5,100000,100000,9397,1,2,0.09397479496509586,0.09397,,5
F6,400000,400000,4066,1,2,0.010163997154434445,0.010165,,4
F7,400000,400000,7293,1,2,0.018233325641477782,0.0182325,,6
F8,200000,200000,6453,1,2,0.032263713472184874,0.032265,,2
F9,400000,400000,7349,1,2,0.01837276104862906,0.0183725,,7
F10,100000,100000,6480,1,2,0.06479765968655621,0.0648,,4
F11,50000,50000,9671,1,2,0.19341485206149586,0.19342,,6
F12,100000,100000,7741,1,2,0.07741449439877297,0.07741,,4
F13,400000,400000,8959,1,2,0.022397252143547902,0.0223975,,5
F14,400000,400000,2033,1,2,0.005083058281492525,0.0050825,,3
F15,200000,200000,7786,1,2,0.038931976972410916,0.03893,,2
F16,400000,400000,11081,1,2,0.02770131078928676,0.0277025,,1
