Flow,Period,Deadline,Execution Time,w,h,Target_Utilization,Actual_Utilization,Utilization_Error,Queue
F1,100000,100000,10069,1,2,0.10068736721370941,0.10069,,5
F2,200000,200000,1417,1,2,0.007084389283838921,0.007085,,7
F3,100000,100000,6745,1,2,0.06744553411227339,0.06745,,4
F4,400000,400000,7001,1,2,0.017502239283458954,0.0175025,,5
F5,100000,100000,11516,1,2,0.11516471657436911,0.11516,,6
F6,400000,400000,903,1,2,0.0022566882181138115,0.0022575,,7
F7,400000,400000,3550,1,2,0.008875398034165816,0.008875,,7
F8,50000,50000,8681,1,2,0.1736102710256679,0.17362,,7
F9,400000,400000,1033,1,2,0.002582027149909294,0.0025825,,2
F10,400000,400000,1173,1,2,0.0029323348631800084,0.0029325,,7
F11,100000,100000,660,1,2,0.006600018483541997,0.0066,,5
F12,400000,400000,1852,1,2,0.004629985414551868,0.00463,,3
F13,200000,200000,9596,1,2,0.04798033782289701,0.04798,,4
F14,400000,400000,11487,1,2,0.028718740735183115,0.0287175,,6
F15,400000,400000,9097,1,2,0.02274204331464997,0.0227425,,1
F16,200000,200000,11396,1,2,0.05697884938208451,0.05698,,3
