Flow,Period,Deadline,Execution Time,w,h,Target_Utilization,Actual_Utilization,Utilization_Error,Queue
F1,200000,200000,2082,1,2,0.01040971438831717,0.01041,,6
F2,100000,100000,4074,1,2,0.040739016182019694,0.04074,,3
F3,100000,100000,3052,1,2,0.030520216975160497,0.03052,,6
F4,400000,400000,600,1,2,0.0001879387480483441,0.0015,,3
F5,100000,100000,8577,1,2,0.08577051411909126,0.08577,,7
F6,400000,400000,3835,1,2,0.009588436399491973,0.0095875,,5
F7,200000,200000,3726,1,2,0.018630070493637296,0.01863,,4
F8,50000,50000,5437,1,2,0.10873933012215037,0.10874,,3
F9,400000,400000,1567,1,2,0.003916438783815035,0.0039175,,1
F10,100000,100000,6534,1,2,0.06533693774290306,0.06534,,6
F11,200000,200000,7604,1,2,0.038020184256024186,0.03802,,7
F12,200000,200000,10741,1,2,0.05370363663313338,0.053705,,2
F13,100000,100000,5248,1,2,0.052481619121329356,0.05248,,4
F14,200000,200000,10784,1,2,0.05391978898660235,0.05392,,5
F15,400000,400000,11325,1,2,0.02831152623820163,0.0283125,,2
F16,200000,200000,8272,1,2,0.041360895397333494,0.04136,,5
