Flow,Period,Deadline,Execution Time,w,h,Target_Utilization,Actual_Utilization,Utilization_Error,Queue
F1,200000,200000,8421,1,2,0.042106106388328124,0.042105,,3
F2,400000,400000,7887,1,2,0.019717708388243715,0.0197175,,3
F3,400000,400000,5727,1,2,0.014316997682256027,0.0143175,,2
F4,100000,100000,4990,1,2,0.04989793193916442,0.0499,,3
F5,100000,100000,2607,1,2,0.026070627901951304,0.02607,,1
F6,100000,100000,1082,1,2,0.010820227157438966,0.01082,,1
F7,400000,400000,6355,1,2,0.015887286047821914,0.0158875,,6
F8,100000,100000,6837,1,2,0.06836730546405861,0.06837,,3
F9,400000,400000,5899,1,2,0.014747105929675208,0.0147475,,4
F10,200000,200000,2837,1,2,0.014183975937689774,0.014185,,3
F11,100000,100000,4586,1,2,0.04586183868115079,0.04586,,5
F12,200000,200000,7509,1,2,0.03754576656659747,0.037545,,6
F13,200000,200000,6904,1,2,0.03452122890944659,0.03452,,5
F14,50000,50000,9071,1,2,0.18142242948424275,0.18142,,5
F15,100000,100000,1295,1,2,0.01295047282784471,0.01295,,6
F16,400000,400000,10807,1,2,0.02701783213039129,0.0270175,,7
