Flow,Period,Deadline,Execution Time,w,h,Target_Utilization,Actual_Utilization,Utilization_Error,Queue
F1,100000,100000,4911,1,2,0.04911115683454981,0.04911,,4
F2,200000,200000,9025,1,2,0.04512469410266606,0.045125,,6
F3,400000,400000,1222,1,2,0.0030560018694090196,0.003055,,2
F4,200000,200000,7455,1,2,0.03727736915026969,0.037275,,3
F5,400000,400000,4347,1,2,0.010866621754645367,0.0108675,,4
F6,200000,200000,7041,1,2,0.035203506550332664,0.035205,,5
F7,400000,400000,7848,1,2,0.01961998087580963,0.01962,,6
F8,400000,400000,8939,1,2,0.022348096938190898,0.0223475,,5
F9,100000,100000,8047,1,2,0.08047282635832309,0.08047,,5
F10,400000,400000,787,1,2,0.001966999550944204,0.0019675,,2
F11,400000,400000,8729,1,2,0.02182125448556471,0.0218225,,3
F12,200000,200000,11967,1,2,0.05983502760234566,0.059835,,4
F13,200000,200000,2516,1,2,0.012580350538377083,0.01258,,1
F14,50000,50000,8818,1,2,0.17635344476853843,0.17636,,1
F15,200000,200000,10346,1,2,0.05172906610356105,0.05173,,1
F16,200000,200000,11387,1,2,0.056937163035282776,0.056935,,6
