Flow,Period,Deadline,Execution Time,w,h,Target_Utilization,Actual_Utilization,Utilization_Error,Queue
F1,200000,200000,9447,1,2,0.04723592358574358,0.047235,,5
F2,100000,100000,947,1,2,0.00946955878973843,0.00947,,1
F3,100000,100000,3496,1,2,0.03495895992716347,0.03496,,2
F4,200000,200000,1843,1,2,0.00921453494440172,0.009215,,6
F5,100000,100000,7687,1,2,0.07686916048292647,0.07687,,4
F6,50000,50000,7098,1,2,0.14196904140998873,0.14196,,1
F7,400000,400000,3423,1,2,0.008556259563864022,0.0085575,,2
F8,50000,50000,3877,1,2,0.07754253814818299,0.07754,,2
F9,400000,400000,7023,1,2,0.01755654211254637,0.0175575,,4
F10,400000,400000,3035,1,2,0.007588747029806608,0.0075875,,5
F11,200000,200000,4375,1,2,0.02187448011890533,0.021875,,4
F12,200000,200000,9617,1,2,0.04808475068200918,0.048085,,6
F13,50000,50000,3060,1,2,0.061201701106664654,0.0612,,3
F14,400000,400000,600,1,2,0.00042377920206473213,0.0015,,3
F15,400000,400000,8105,1,2,0.020262074570420754,0.0202625,,7
F16,400000,400000,8427,1,2,0.021066650228709603,0.0210675,,1
