Flow,Period,Deadline,Execution Time,w,h,Target_Utilization,Actual_Utilization,Utilization_Error,Queue
F1,50000,50000,6935,1,2,0.13869697194542485,0.1387,,2
F2,50000,50000,2322,1,2,0.046441772531053305,0.04644,,5
F3,50000,50000,3301,1,2,0.06601521898436508,0.06602,,3
F4,400000,400000,1409,1,2,0.0035236632535444734,0.0035225,,3
F5,200000,200000,3827,1,2,0.01913582885354209,0.019135,,4
F6,50000,50000,8282,1,2,0.16563734165036154,0.16564,,2
F7,200000,200000,744,1,2,0.0037197807586526743,0.00372,,7
F8,400000,400000,11295,1,2,0.028236542750890437,0.0282375,,3
F9,200000,200000,9118,1,2,0.045589438235429686,0.04559,,7
F10,100000,100000,3225,1,2,0.03224801930602991,0.03225,,4
F11,200000,200000,10728,1,2,0.05364125804738881,0.05364,,1
F12,400000,400000,8933,1,2,0.02233312389361579,0.0223325,,6
F13,200000,200000,6206,1,2,0.031029739581094423,0.03103,,1
F14,400000,400000,972,1,2,0.0024309504093969377,0.00243,,1
F15,400000,400000,10933,1,2,0.027333000972248486,0.0273325,,5
F16,400000,400000,1535,1,2,0.003837039240754025,0.0038375,,1
