Flow,Period,Deadline,Execution Time,w,h,Target_Utilization,Actual_Utilization,Utilization_Error,Queue
F1,400000,400000,5689,1,2,0.014221343255866437,0.0142225,,6
F2,100000,100000,6437,1,2,0.06437398808377925,0.06437,,3
F3,100000,100000,6873,1,2,0.06873135142726938,0.06873,,7
F4,200000,200000,7117,1,2,0.03558342175481638,0.035585,,5
F5,200000,200000,8446,1,2,0.042230618250414076,0.04223,,2
F6,100000,100000,7513,1,2,0.07513447347518337,0.07513,,6
F7,400000,400000,5398,1,2,0.013493789542527224,0.013495,,7
F8,100000,100000,1504,1,2,0.015038901398786164,0.01504,,3
F9,400000,400000,2504,1,2,0.006261166809807317,0.00626,,3
F10,200000,200000,6281,1,2,0.03140619212159318,0.031405,,2
F11,200000,200000,6442,1,2,0.03221158916274028,0.03221,,1
F12,400000,400000,600,1,2,0.001400623294342096,0.0015,,5
F13,100000,100000,6225,1,2,0.0622516672018561,0.06225,,6
F14,50000,50000,3084,1,2,0.06167821198708065,0.06168,,7
F15,50000,50000,5316,1,2,0.106320822210408,0.10632,,7
F16,400000,400000,2742,1,2,0.0068551586057973325,0.006855,,1
