Flow,Period,Deadline,Execution Time,w,h,Target_Utilization,Actual_Utilization,Utilization_Error,Queue
F1,100000,100000,5486,1,2,0.05486014234993963,0.05486,,1
F2,100000,100000,3145,1,2,0.0314513765381097,0.03145,,7
F3,400000,400000,1248,1,2,0.0031206786653384944,0.00312,,7
F4,400000,400000,3489,1,2,0.008722293031591777,0.0087225,,5
F5,100000,100000,6093,1,2,0.060929535882824126,0.06093,,4
F6,200000,200000,11499,1,2,0.05749455655997382,0.057495,,5
F7,200000,200000,11395,1,2,0.05697365169673668,0.056975,,4
F8,50000,50000,8101,1,2,0.16201915541519535,0.16202,,4
F9,200000,200000,9668,1,2,0.04834158049699236,0.04834,,2
F10,200000,200000,1358,1,2,0.006790873338295728,0.00679,,4
F11,100000,100000,2156,1,2,0.021559191069813466,0.02156,,5
F12,50000,50000,6898,1,2,0.13796097915941719,0.13796,,1
F13,400000,400000,1868,1,2,0.00467021289974107,0.00467,,6
F14,400000,400000,4483,1,2,0.011208476447638917,0.0112075,,6
F15,200000,200000,709,1,2,0.003544098329849668,0.003545,,5
F16,400000,400000,848,1,2,0.002121165638891881,0.00212,,6
