Flow,Period,Deadline,Execution Time,w,h,Target_Utilization,Actual_Utilization,Utilization_Error,Queue
F1,200000,200000,7945,1,2,0.03972296261489394,0.039725,,1
F2,400000,400000,10757,1,2,0.02689248067762451,0.0268925,,5
F3,400000,400000,6198,1,2,0.015494080018837786,0.015495,,4
F4,100000,100000,7677,1,2,0.07676779643212878,0.07677,,4
F5,200000,200000,675,1,2,0.003375983310295594,0.003375,,2
F6,100000,100000,10641,1,2,0.10640681830218479,0.10641,,3
F7,200000,200000,5976,1,2,0.029880515519104256,0.02988,,7
F8,400000,400000,788,1,2,0.001968757985126579,0.00197,,3
F9,400000,400000,3382,1,2,0.008454648150374777,0.008455,,4
F10,50000,50000,7341,1,2,0.14681034921610892,0.14682,,2
F11,200000,200000,11843,1,2,0.059217065050047146,0.059215,,2
F12,400000,400000,840,1,2,0.0020997752330324526,0.0021,,6
F13,400000,400000,8594,1,2,0.021483878887827407,0.021485,,1
F14,200000,200000,2642,1,2,0.013210569768527108,0.01321,,6
F15,100000,100000,3037,1,2,0.030368604341487023,0.03037,,5
F16,200000,200000,5098,1,2,0.025489172406837016,0.02549,,2
