Flow,Period,Deadline,Execution Time,w,h,Target_Utilization,Actual_Utilization,Utilization_Error,Queue
F1,50000,50000,6674,1,2,0.1334813814735843,0.13348,,1
F2,400000,400000,6467,1,2,0.01616721811565408,0.0161675,,5
F3,200000,200000,1816,1,2,0.00907992318556311,0.00908,,6
F4,100000,100000,6079,1,2,0.06078817259738095,0.06079,,6
F5,400000,400000,807,1,2,0.002017302826374301,0.0020175,,7
F6,100000,100000,6212,1,2,0.06212259512937274,0.06212,,1
F7,400000,400000,1166,1,2,0.0029154019428047073,0.002915,,2
F8,200000,200000,8901,1,2,0.044505732111294716,0.044505,,4
F9,400000,400000,5261,1,2,0.013153007227959757,0.0131525,,2
F10,100000,100000,3005,1,2,0.030049026950581093,0.03005,,4
F11,200000,200000,937,1,2,0.004685068610642246,0.004685,,1
F12,100000,100000,9964,1,2,0.09964244923554086,0.09964,,1
F13,50000,50000,3268,1,2,0.06536344632424422,0.06536,,2
F14,400000,400000,4457,1,2,0.011142296915410313,0.0111425,,3
F15,200000,200000,8663,1,2,0.04331450500319654,0.043315,,2
F16,100000,100000,1289,1,2,0.012889718742013962,0.01289,,7
