Flow,Period,Deadline,Execution Time,w,h,Target_Utilization,Actual_Utilization,Utilization_Error,Queue
F1,400000,400000,4105,1,2,0.010263127005307626,0.0102625,,6
F2,200000,200000,2813,1,2,0.014065039264643198,0.014065,,3
F3,200000,200000,11999,1,2,0.05999709837654954,0.059995,,5
F4,400000,400000,6491,1,2,0.016227849371943548,0.0162275,,2
F5,100000,100000,1176,1,2,0.011760283875122068,0.01176,,2
F6,400000,400000,3264,1,2,0.008159485129703548,0.00816,,4
F7,100000,100000,1616,1,2,0.0161589507321081,0.01616,,6
F8,400000,400000,1263,1,2,0.0031575527370661383,0.0031575,,2
F9,400000,400000,9574,1,2,0.023935154918626467,0.023935,,5
F10,100000,100000,1492,1,2,0.014920005116828838,0.01492,,5
F11,200000,200000,7332,1,2,0.036658513676920024,0.03666,,4
F12,200000,200000,1234,1,2,0.00617039843967232,0.00617,,2
F13,400000,400000,7934,1,2,0.0198343881229312,0.019835,,6
F14,200000,200000,3666,1,2,0.018329665608877055,0.01833,,3
F15,400000,400000,3537,1,2,0.008841440849044258,0.0088425,,1
F16,400000,400000,9031,1,2,0.022577009484599037,0.0225775,,4
F17,400000,400000,11210,1,2,0.0280245321429983,0.028025,,2
F18,400000,400000,600,1,2,0.0004912073109720749,0.0015,,6
F19,400000,400000,1467,1,2,0.0036663875005407964,0.0036675,,6
F20,400000,400000,600,1,2,0.0012543634146884586,0.0015,,5
F21,100000,100000,919,1,2,0.009189688029032889,0.00919,,3
F22,200000,200000,775,1,2,0.003876027550035993,0.003875,,5
F23,200000,200000,4236,1,2,0.021180360871420917,0.02118,,5
F24,400000,400000,600,1,2,0.0008351211194473074,0.0015,,4
F25,400000,400000,4301,1,2,0.010751409653079705,0.0107525,,4
F26,400000,400000,8895,1,2,0.0222374600629915,0.0222375,,2
F27,400000,400000,4155,1,2,0.010386865687252347,0.0103875,,5
F28,400000,400000,6995,1,2,0.017488476584784363,0.0174875,,4
F29,200000,200000,4691,1,2,0.02345393681481239,0.023455,,3
F30,400000,400000,600,1,2,0.00086823553351607,0.0015,,3
F31,400000,400000,622,1,2,0.001554099538174425,0.001555,,3
F32,100000,100000,2830,1,2,0.028299641688715245,0.0283,,3
