Flow,Period,Deadline,Execution Time,w,h,Target_Utilization,Actual_Utilization,Utilization_Error,Queue
F1,100000,100000,3975,1,2,0.03975068397003828,0.03975,,6
F2,400000,400000,1471,1,2,0.0036771490856026823,0.0036775,,2
F3,200000,200000,2775,1,2,0.01387612118680659,0.013875,,7
F4,200000,200000,1647,1,2,0.008235822807826032,0.008235,,2
F5,200000,200000,1759,1,2,0.008795926072417637,0.008795,,4
F6,200000,200000,4173,1,2,0.020864612270442007,0.020865,,2
F7,400000,400000,10151,1,2,0.02537673447001465,0.0253775,,6
F8,400000,400000,9776,1,2,0.02444088255089777,0.02444,,3
F9,400000,400000,1340,1,2,0.0033490094997861153,0.00335,,7
F10,50000,50000,924,1,2,0.018481153911214493,0.01848,,6
F11,400000,400000,600,1,2,0.00011888689609201863,0.0015,,1
F12,400000,400000,1317,1,2,0.0032929703730958104,0.0032925,,5
F13,400000,400000,802,1,2,0.0020044649139624726,0.002005,,6
F14,400000,400000,2263,1,2,0.005658002801944895,0.0056575,,7
F15,400000,400000,10831,1,2,0.027078493462691894,0.0270775,,6
F16,200000,200000,878,1,2,0.0043891788437402934,0.00439,,6
F17,50000,50000,1296,1,2,0.025920478281764497,0.02592,,5
F18,400000,400000,600,1,2,0.000639484511868682,0.0015,,2
F19,400000,400000,5489,1,2,0.01372148154995112,0.0137225,,5
F20,400000,400000,3611,1,2,0.009026598772350486,0.0090275,,1
F21,200000,200000,1279,1,2,0.006395125960977105,0.006395,,1
F22,400000,400000,7003,1,2,0.017506595840737965,0.0175075,,3
F23,200000,200000,859,1,2,0.004294710807162386,0.004295,,1
F24,400000,400000,1533,1,2,0.0038320168246239183,0.0038325,,3
F25,400000,400000,868,1,2,0.0021711171357496617,0.00217,,3
F26,400000,400000,2041,1,2,0.005101483659278719,0.0051025,,5
F27,400000,400000,1507,1,2,0.003767945987324911,0.0037675,,4
F28,200000,200000,6593,1,2,0.03296318248741455,0.032965,,6
F29,400000,400000,8347,1,2,0.02086729527683332,0.0208675,,5
F30,400000,400000,2457,1,2,0.0061418656871261995,0.0061425,,2
F31,200000,200000,1146,1,2,0.005729988160996936,0.00573,,4
F32,200000,200000,8175,1,2,0.0408749826552955,0.040875,,6
