Flow,Period,Deadline,Execution Time,w,h,Target_Utilization,Actual_Utilization,Utilization_Error,Queue
F1,200000,200000,7111,1,2,0.03555395061618305,0.035555,,7
F2,400000,400000,2018,1,2,0.00504565995535744,0.005045,,6
F3,400000,400000,2747,1,2,0.006868582847901705,0.0068675,,3
F4,400000,400000,600,1,2,0.0005691798574128937,0.0015,,1
F5,200000,200000,1326,1,2,0.006629118675045231,0.00663,,2
F6,400000,400000,10730,1,2,0.02682533031544959,0.026825,,7
F7,100000,100000,2652,1,2,0.026520170724246617,0.02652,,7
F8,100000,100000,6761,1,2,0.0676135425132674,0.06761,,7
F9,400000,400000,2569,1,2,0.006422177508580984,0.0064225,,1
F10,400000,400000,3019,1,2,0.007548396027380749,0.0075475,,6
F11,200000,200000,3983,1,2,0.019914041675758665,0.019915,,2
F12,400000,400000,6407,1,2,0.016017590008016058,0.0160175,,2
F13,200000,200000,1774,1,2,0.008871039134375591,0.00887,,3
F14,400000,400000,7562,1,2,0.01890617071060277,0.018905,,1
F15,200000,200000,2206,1,2,0.011029570447965903,0.01103,,7
F16,200000,200000,1679,1,2,0.00839568371210625,0.008395,,1
F17,200000,200000,1944,1,2,0.009721145585991048,0.00972,,2
F18,400000,400000,1008,1,2,0.0025192272826609907,0.00252,,7
F19,400000,400000,935,1,2,0.0023378326437125396,0.0023375,,6
F20,400000,400000,10793,1,2,0.026982607827020735,0.0269825,,7
F21,400000,400000,2219,1,2,0.005547600560375288,0.0055475,,7
F22,400000,400000,1972,1,2,0.004930857969822844,0.00493,,3
F23,400000,400000,600,1,2,6.674500846207132e-05,0.0015,,1
F24,400000,400000,8079,1,2,0.020196292252975034,0.0201975,,7
F25,400000,400000,4733,1,2,0.011831608228353004,0.0118325,,3
F26,400000,400000,3116,1,2,0.007789641805557371,0.00779,,7
F27,400000,400000,1717,1,2,0.0042919998060864314,0.0042925,,4
F28,400000,400000,600,1,2,0.0013936353867038676,0.0015,,6
F29,400000,400000,6337,1,2,0.015841553462797496,0.0158425,,1
F30,400000,400000,7527,1,2,0.018817574738718375,0.0188175,,7
F31,200000,200000,1981,1,2,0.009903862770703199,0.009905,,6
F32,400000,400000,1733,1,2,0.004333504466777475,0.0043325,,2
