Flow,Period,Deadline,Execution Time,w,h,Target_Utilization,Actual_Utilization,Utilization_Error,Queue
F1,400000,400000,1264,1,2,0.003160215578408121,0.00316,,1
F2,400000,400000,926,1,2,0.0023139808810934137,0.002315,,3
F3,400000,400000,8773,1,2,0.02193342342533039,0.0219325,,5
F4,400000,400000,6283,1,2,0.015707440365568037,0.0157075,,3
F5,400000,400000,1534,1,2,0.0038357234777251503,0.003835,,5
F6,400000,400000,2622,1,2,0.006554971683596089,0.006555,,1
F7,100000,100000,854,1,2,0.008539033762236692,0.00854,,3
F8,200000,200000,3273,1,2,0.016364508287538215,0.016365,,2
F9,400000,400000,1798,1,2,0.004494666359286026,0.004495,,6
F10,400000,400000,779,1,2,0.0019478664501177967,0.0019475,,1
F11,400000,400000,2360,1,2,0.0059003198880320795,0.0059,,3
F12,400000,400000,3329,1,2,0.008322001972251136,0.0083225,,5
F13,400000,400000,10501,1,2,0.026251859095665353,0.0262525,,7
F14,200000,200000,3464,1,2,0.017319521690474793,0.01732,,7
F15,400000,400000,2789,1,2,0.006972767351341058,0.0069725,,2
F16,400000,400000,2073,1,2,0.005181476819670183,0.0051825,,4
F17,200000,200000,11148,1,2,0.05574106631406289,0.05574,,2
F18,400000,400000,6299,1,2,0.01574797224204913,0.0157475,,5
F19,200000,200000,3954,1,2,0.019769965458787758,0.01977,,3
F20,200000,200000,796,1,2,0.003979310996464924,0.00398,,7
F21,50000,50000,740,1,2,0.014800223165011173,0.0148,,2
F22,400000,400000,2065,1,2,0.0051626128961955176,0.0051625,,2
F23,400000,400000,600,1,2,0.000650629906224498,0.0015,,7
F24,400000,400000,985,1,2,0.0024625048703871832,0.0024625,,3
F25,100000,100000,847,1,2,0.00847046334624163,0.00847,,4
F26,200000,200000,10593,1,2,0.052963679056935914,0.052965,,2
F27,200000,200000,7281,1,2,0.03640508966030033,0.036405,,3
F28,400000,400000,3771,1,2,0.0094276942739909,0.0094275,,5
F29,400000,400000,2724,1,2,0.006810703026375098,0.00681,,6
F30,200000,200000,1489,1,2,0.0074449956986179025,0.007445,,7
F31,400000,400000,4190,1,2,0.010474284902059667,0.010475,,4
F32,400000,400000,5995,1,2,0.014988458186377191,0.0149875,,7
