Flow,Period,Deadline,Execution Time,w,h,Target_Utilization,Actual_Utilization,Utilization_Error,Queue
F1,400000,400000,4831,1,2,0.012077745012905206,0.0120775,,1
F2,400000,400000,6582,1,2,0.016455193783332156,0.016455,,2
F3,400000,400000,9706,1,2,0.024264246407725565,0.024265,,6
F4,400000,400000,2559,1,2,0.006398212007372617,0.0063975,,2
F5,400000,400000,5862,1,2,0.01465572030919976,0.014655,,3
F6,400000,400000,3381,1,2,0.00845254155768066,0.0084525,,6
F7,400000,400000,2455,1,2,0.006136358772789119,0.0061375,,1
F8,400000,400000,796,1,2,0.0019897700276620967,0.00199,,2
F9,200000,200000,850,1,2,0.0042507387529561735,0.00425,,6
F10,400000,400000,2023,1,2,0.005057696228197295,0.0050575,,5
F11,200000,200000,6503,1,2,0.032513172132255075,0.032515,,1
F12,200000,200000,9035,1,2,0.04517443069796662,0.045175,,6
F13,400000,400000,4943,1,2,0.012356447401325965,0.0123575,,2
F14,400000,400000,3227,1,2,0.008066967873242792,0.0080675,,3
F15,100000,100000,900,1,2,0.009000264781779843,0.009,,5
F16,400000,400000,10891,1,2,0.027227420330836388,0.0272275,,6
F17,400000,400000,2923,1,2,0.0073083602693350125,0.0073075,,4
F18,400000,400000,600,1,2,0.0013662470199698462,0.0015,,2
F19,400000,400000,870,1,2,0.0021737640730702112,0.002175,,1
F20,100000,100000,776,1,2,0.007759546995766059,0.00776,,5
F21,400000,400000,2147,1,2,0.005367334886819841,0.0053675,,7
F22,200000,200000,9741,1,2,0.048705940832340505,0.048705,,6
F23,200000,200000,1455,1,2,0.007274859330229533,0.007275,,6
F24,200000,200000,2932,1,2,0.014659317907812969,0.01466,,1
F25,400000,400000,2390,1,2,0.005974915915046328,0.005975,,3
F26,400000,400000,7730,1,2,0.019325863298002344,0.019325,,1
F27,200000,200000,8871,1,2,0.044352724942759165,0.044355,,6
F28,400000,400000,1159,1,2,0.0028964427465355894,0.0028975,,3
F29,50000,50000,1991,1,2,0.039818044615547915,0.03982,,6
F30,400000,400000,600,1,2,9.640973623201848e-05,0.0015,,1
F31,400000,400000,5103,1,2,0.012758688655692981,0.0127575,,6
F32,400000,400000,1794,1,2,0.004484194208645686,0.004485,,4
