Flow,Period,Deadline,Execution Time,w,h,Target_Utilization,Actual_Utilization,Utilization_Error,Queue
F1,400000,400000,600,1,2,0.0014161476580030197,0.0015,,6
F2,400000,400000,600,1,2,0.001001391212877789,0.0015,,3
F3,200000,200000,1507,1,2,0.007535811524204961,0.007535,,7
F4,200000,200000,965,1,2,0.004824332379621432,0.004825,,6
F5,200000,200000,4273,1,2,0.021365781398440697,0.021365,,4
F6,200000,200000,7957,1,2,0.03978459813609142,0.039785,,6
F7,400000,400000,600,1,2,0.00017061862554657026,0.0015,,2
F8,400000,400000,694,1,2,0.0017344207404113576,0.001735,,5
F9,400000,400000,2862,1,2,0.0071548476104469905,0.007155,,5
F10,400000,400000,1509,1,2,0.0037722846642717633,0.0037725,,1
F11,200000,200000,1329,1,2,0.006644744351644916,0.006645,,2
F12,200000,200000,10541,1,2,0.05270743628296182,0.052705,,2
F13,400000,400000,5957,1,2,0.014892441177882354,0.0148925,,3
F14,400000,400000,9147,1,2,0.02286843011187345,0.0228675,,1
F15,400000,400000,3613,1,2,0.009033153872305633,0.0090325,,1
F16,400000,400000,7295,1,2,0.01823782292985393,0.0182375,,4
F17,400000,400000,3561,1,2,0.008901330466918406,0.0089025,,2
F18,400000,400000,5477,1,2,0.01369130609498656,0.0136925,,4
F19,400000,400000,8347,1,2,0.020868633546627963,0.0208675,,3
F20,200000,200000,1696,1,2,0.008479764039433929,0.00848,,6
F21,400000,400000,6794,1,2,0.016983790513000446,0.016985,,2
F22,400000,400000,5653,1,2,0.01413262208329713,0.0141325,,5
F23,200000,200000,1433,1,2,0.007166146855034888,0.007165,,1
F24,50000,50000,1677,1,2,0.03353759994085059,0.03354,,6
F25,400000,400000,600,1,2,0.0012575494090315692,0.0015,,4
F26,400000,400000,10809,1,2,0.027021969966285725,0.0270225,,2
F27,400000,400000,2837,1,2,0.007091683692933712,0.0070925,,3
F28,400000,400000,2341,1,2,0.00585342786298694,0.0058525,,4
F29,400000,400000,1865,1,2,0.004661821939005759,0.0046625,,7
F30,200000,200000,3455,1,2,0.01727420927127314,0.017275,,1
F31,50000,50000,1851,1,2,0.03702127294975689,0.03702,,4
F32,400000,400000,6015,1,2,0.015037248732579698,0.0150375,,6
