Flow,Period,Deadline,Execution Time,w,h,Target_Utilization,Actual_Utilization,Utilization_Error,Queue
F1,400000,400000,1178,1,2,0.0029448248046688996,0.002945,,7
F2,400000,400000,7386,1,2,0.018464567293830503,0.018465,,2
F3,200000,200000,1368,1,2,0.0068389961481752914,0.00684,,6
F4,200000,200000,1763,1,2,0.008814838373396916,0.008815,,2
F5,400000,400000,3702,1,2,0.00925524814800227,0.009255,,4
F6,400000,400000,2842,1,2,0.007105895312524091,0.007105,,5
F7,400000,400000,611,1,2,0.0015272417003960315,0.0015275,,1
F8,400000,400000,600,1,2,0.0013782322506061817,0.0015,,7
F9,400000,400000,2721,1,2,0.006802622687448523,0.0068025,,2
F10,400000,400000,3223,1,2,0.008057509172555821,0.0080575,,1
F11,200000,200000,4991,1,2,0.024955616941762904,0.024955,,4
F12,400000,400000,4814,1,2,0.012034667543717459,0.012035,,4
F13,400000,400000,4539,1,2,0.011347674769563443,0.0113475,,1
F14,200000,200000,7861,1,2,0.03930720139999666,0.039305,,4
F15,200000,200000,5936,1,2,0.02968008300566971,0.02968,,4
F16,400000,400000,2033,1,2,0.00508314893678008,0.0050825,,1
F17,400000,400000,1569,1,2,0.003922707628702726,0.0039225,,5
F18,100000,100000,1170,1,2,0.011699742150219794,0.0117,,2
F19,200000,200000,6370,1,2,0.03185058348769729,0.03185,,2
F20,200000,200000,9181,1,2,0.04590283682723839,0.045905,,4
F21,400000,400000,823,1,2,0.0020564433178015817,0.0020575,,5
F22,200000,200000,2181,1,2,0.010904535991814457,0.010905,,5
F23,400000,400000,9202,1,2,0.023004865127533997,0.023005,,1
F24,400000,400000,5363,1,2,0.013407213317208427,0.0134075,,6
F25,200000,200000,673,1,2,0.0033648652145912006,0.003365,,6
F26,200000,200000,1404,1,2,0.007019529016861009,0.00702,,4
F27,200000,200000,6939,1,2,0.03469425742264469,0.034695,,4
F28,400000,400000,10259,1,2,0.02564712733402609,0.0256475,,2
F29,200000,200000,11326,1,2,0.056629873238679934,0.05663,,4
F30,400000,400000,3549,1,2,0.00887293682254477,0.0088725,,6
F31,400000,400000,1409,1,2,0.0035231786380067014,0.0035225,,4
F32,100000,100000,1351,1,2,0.013508760703070388,0.01351,,5
