Flow,Period,Deadline,Execution Time,w,h,Target_Utilization,Actual_Utilization,Utilization_Error,Queue
F1,400000,400000,3674,1,2,0.009184748426006806,0.009185,,6
F2,200000,200000,1519,1,2,0.007595502104312812,0.007595,,6
F3,200000,200000,6997,1,2,0.03498622651577482,0.034985,,3
F4,400000,400000,1086,1,2,0.002715941661881882,0.002715,,7
F5,200000,200000,3062,1,2,0.01530987113861254,0.01531,,4
F6,200000,200000,7303,1,2,0.036512696022967805,0.036515,,3
F7,400000,400000,1607,1,2,0.0040171832907580085,0.0040175,,3
F8,400000,400000,2696,1,2,0.006740874850477863,0.00674,,5
F9,400000,400000,8083,1,2,0.020208485178004276,0.0202075,,5
F10,200000,200000,6855,1,2,0.034273485558621586,0.034275,,5
F11,400000,400000,5353,1,2,0.013383749352656404,0.0133825,,5
F12,200000,200000,7233,1,2,0.03616427507845163,0.036165,,6
F13,400000,400000,3297,1,2,0.008243102988652246,0.0082425,,4
F14,400000,400000,9331,1,2,0.0233268128779911,0.0233275,,3
F15,200000,200000,1042,1,2,0.005210213218763748,0.00521,,5
F16,200000,200000,600,1,2,0.0029995021191823457,0.003,,7
F17,400000,400000,5561,1,2,0.013901411079949716,0.0139025,,2
F18,200000,200000,2886,1,2,0.014430867202495062,0.01443,,3
F19,200000,200000,6112,1,2,0.030557613209134887,0.03056,,6
F20,400000,400000,5517,1,2,0.013793275331440966,0.0137925,,6
F21,200000,200000,1069,1,2,0.005346085584870777,0.005345,,4
F22,400000,400000,3110,1,2,0.007775372229674449,0.007775,,2
F23,400000,400000,1625,1,2,0.004061812413955951,0.0040625,,6
F24,400000,400000,4433,1,2,0.01108365492221959,0.0110825,,3
F25,400000,400000,2150,1,2,0.005374176642163969,0.005375,,4
F26,100000,100000,1345,1,2,0.013450631344387246,0.01345,,4
F27,400000,400000,3075,1,2,0.007686705626353395,0.0076875,,3
F28,400000,400000,1400,1,2,0.003500702162852365,0.0035,,1
F29,400000,400000,5965,1,2,0.01491150088162388,0.0149125,,5
F30,400000,400000,2090,1,2,0.005225002519754204,0.005225,,2
F31,400000,400000,3735,1,2,0.009336261538867175,0.0093375,,2
F32,400000,400000,9819,1,2,0.02454657010089484,0.0245475,,2
