Flow,Period,Deadline,Execution Time,w,h,Target_Utilization,Actual_Utilization,Utilization_Error,Queue
F1,400000,400000,8099,1,2,0.02024768684599143,0.0202475,,6
F2,400000,400000,9427,1,2,0.023566357047127673,0.0235675,,5
F3,400000,400000,9911,1,2,0.024778513311697503,0.0247775,,4
F4,400000,400000,5129,1,2,0.01282289633498962,0.0128225,,7
F5,400000,400000,4011,1,2,0.010026466519386601,0.0100275,,5
F6,400000,400000,2983,1,2,0.0074568857306146485,0.0074575,,7
F7,400000,400000,8929,1,2,0.022321522979146857,0.0223225,,1
F8,400000,400000,600,1,2,0.0010872751319853102,0.0015,,4
F9,400000,400000,2397,1,2,0.005992738451000346,0.0059925,,2
F10,400000,400000,6586,1,2,0.016463776797560226,0.016465,,5
F11,400000,400000,1805,1,2,0.004511623890395111,0.0045125,,5
F12,400000,400000,2441,1,2,0.006101965187869651,0.0061025,,6
F13,400000,400000,4141,1,2,0.010353704008049525,0.0103525,,4
F14,400000,400000,7467,1,2,0.018667823409464934,0.0186675,,4
F15,400000,400000,3388,1,2,0.008469170399604709,0.00847,,4
F16,400000,400000,652,1,2,0.0016293821755044569,0.00163,,1
F17,400000,400000,1327,1,2,0.0033180002917891915,0.0033175,,3
F18,400000,400000,804,1,2,0.002009279512056039,0.00201,,7
F19,100000,100000,3523,1,2,0.03523203132631844,0.03523,,6
F20,400000,400000,4241,1,2,0.01060359207513939,0.0106025,,1
F21,400000,400000,600,1,2,0.00043920328771024364,0.0015,,5
F22,400000,400000,5025,1,2,0.012563626056617067,0.0125625,,6
F23,400000,400000,6087,1,2,0.015216833862474188,0.0152175,,3
F24,400000,400000,1101,1,2,0.0027519751814757965,0.0027525,,6
F25,400000,400000,11466,1,2,0.02866488328343003,0.028665,,6
F26,400000,400000,11206,1,2,0.02801433425399992,0.028015,,6
F27,200000,200000,9766,1,2,0.04883208336184272,0.04883,,6
F28,400000,400000,3456,1,2,0.00864018187865638,0.00864,,1
F29,400000,400000,10094,1,2,0.025234276355593582,0.025235,,6
F30,100000,100000,951,1,2,0.00950999772169616,0.00951,,3
F31,400000,400000,600,1,2,0.0011711462205557625,0.0015,,7
F32,200000,200000,5373,1,2,0.02686595862995952,0.026865,,5
