Flow,Period,Deadline,Execution Time,w,h,Target_Utilization,Actual_Utilization,Utilization_Error,Queue
F1,100000,100000,1255,1,2,0.012550442898197789,0.01255,,1
F2,400000,400000,600,1,2,0.00032107379307116934,0.0015,,6
F3,200000,200000,7828,1,2,0.039139254039244065,0.03914,,6
F4,100000,100000,3568,1,2,0.03568131091497451,0.03568,,1
F5,400000,400000,10301,1,2,0.02575346694692926,0.0257525,,1
F6,400000,400000,3973,1,2,0.00993312202858282,0.0099325,,4
F7,400000,400000,3798,1,2,0.009495598279477935,0.009495,,5
F8,200000,200000,6787,1,2,0.033932609576300815,0.033935,,6
F9,400000,400000,924,1,2,0.0023104823915439943,0.00231,,2
F10,400000,400000,603,1,2,0.0015067249231326407,0.0015075,,5
F11,200000,200000,624,1,2,0.003119488759231376,0.00312,,7
F12,400000,400000,960,1,2,0.0024006654061793087,0.0024,,4
F13,200000,200000,779,1,2,0.0038947266307378103,0.003895,,4
F14,400000,400000,1042,1,2,0.0026060825575190683,0.002605,,1
F15,400000,400000,9680,1,2,0.02419946914627305,0.0242,,7
F16,200000,200000,5689,1,2,0.028445858423088055,0.028445,,5
F17,400000,400000,4895,1,2,0.012238072153739038,0.0122375,,7
F18,400000,400000,4553,1,2,0.011381282603600773,0.0113825,,6
F19,400000,400000,2159,1,2,0.005397805480913204,0.0053975,,6
F20,400000,400000,7753,1,2,0.019382204311661377,0.0193825,,6
F21,400000,400000,1968,1,2,0.004921050805631336,0.00492,,7
F22,400000,400000,600,1,2,0.00044843036820491067,0.0015,,7
F23,400000,400000,8907,1,2,0.022266529687469006,0.0222675,,1
F24,400000,400000,600,1,2,1.4421546134957275e-05,0.0015,,3
F25,400000,400000,8347,1,2,0.02086670442377285,0.0208675,,5
F26,400000,400000,3105,1,2,0.007762668706703155,0.0077625,,1
F27,400000,400000,1715,1,2,0.004288369764345046,0.0042875,,2
F28,400000,400000,5063,1,2,0.012658736234254946,0.0126575,,5
F29,400000,400000,3957,1,2,0.009891436190013973,0.0098925,,3
F30,400000,400000,1110,1,2,0.0027739763972978587,0.002775,,6
F31,200000,200000,7915,1,2,0.0395745083208697,0.039575,,6
F32,400000,400000,1052,1,2,0.00262885527799585,0.00263,,3
