Flow,Period,Deadline,Execution Time,w,h,Target_Utilization,Actual_Utilization,Utilization_Error,Queue
F1,200000,200000,3765,1,2,0.018824073976927536,0.018825,,1
F2,100000,100000,3164,1,2,0.03163812583984271,0.03164,,3
F3,400000,400000,2377,1,2,0.005941641308815859,0.0059425,,3
F4,100000,100000,3621,1,2,0.03620856245907539,0.03621,,3
F5,400000,400000,2711,1,2,0.006778735063860786,0.0067775,,7
F6,400000,400000,3765,1,2,0.009412938327825582,0.0094125,,5
F7,200000,200000,1096,1,2,0.005479238623422089,0.00548,,1
F8,400000,400000,1022,1,2,0.002556121294159386,0.002555,,7
F9,400000,400000,1664,1,2,0.004161189940012355,0.00416,,5
F10,400000,400000,1533,1,2,0.0038316472886071873,0.0038325,,1
F11,50000,50000,1101,1,2,0.02201885077659227,0.02202,,3
F12,100000,100000,3574,1,2,0.035740075504806124,0.03574,,6
F13,400000,400000,2425,1,2,0.006063596343708788,0.0060625,,2
F14,200000,200000,10373,1,2,0.05186277653593899,0.051865,,2
F15,400000,400000,3954,1,2,0.009885200744018108,0.009885,,3
F16,400000,400000,3861,1,2,0.009652871364556143,0.0096525,,2
F17,400000,400000,10378,1,2,0.025945567747185122,0.025945,,6
F18,200000,200000,1585,1,2,0.00792436404401095,0.007925,,6
F19,400000,400000,4241,1,2,0.010602819933414026,0.0106025,,6
F20,400000,400000,4773,1,2,0.01193227295803441,0.0119325,,1
F21,400000,400000,827,1,2,0.0020662542906059733,0.0020675,,6
F22,400000,400000,600,1,2,0.00046922592911879946,0.0015,,4
F23,200000,200000,5504,1,2,0.027519075176608204,0.02752,,2
F24,400000,400000,9477,1,2,0.02369198024995188,0.0236925,,2
F25,200000,200000,1790,1,2,0.008951091726631666,0.00895,,4
F26,400000,400000,600,1,2,0.0002918904286110871,0.0015,,7
F27,400000,400000,1969,1,2,0.004921514838189596,0.0049225,,5
F28,200000,200000,957,1,2,0.004785430156984211,0.004785,,4
F29,400000,400000,1399,1,2,0.0034985133825232648,0.0034975,,2
F30,400000,400000,1457,1,2,0.003643109709187929,0.0036425,,3
F31,400000,400000,8054,1,2,0.020134330959427814,0.020135,,6
F32,100000,100000,1763,1,2,0.017629189129185048,0.01763,,4
