Flow,Period,Deadline,Execution Time,w,h,Target_Utilization,Actual_Utilization,Utilization_Error,Queue
F1,400000,400000,1399,1,2,0.003496485437897545,0.0034975,,3
F2,400000,400000,600,1,2,0.000405740145670741,0.0015,,5
F3,200000,200000,2583,1,2,0.012914227795831235,0.012915,,3
F4,400000,400000,720,1,2,0.0017988496810666943,0.0018,,6
F5,400000,400000,1901,1,2,0.004752677218049117,0.0047525,,4
F6,50000,50000,1786,1,2,0.03571924335173304,0.03572,,5
F7,400000,400000,5524,1,2,0.01380892690080776,0.01381,,6
F8,400000,400000,11668,1,2,0.02916953567922259,0.02917,,7
F9,400000,400000,5055,1,2,0.012638253756002527,0.0126375,,7
F10,100000,100000,2660,1,2,0.02660035157619356,0.0266,,4
F11,400000,400000,1243,1,2,0.003107341787597251,0.0031075,,7
F12,400000,400000,1821,1,2,0.004552037265931341,0.0045525,,2
F13,400000,400000,1135,1,2,0.002837912529587927,0.0028375,,4
F14,200000,200000,1447,1,2,0.0072344628480465745,0.007235,,2
F15,400000,400000,1122,1,2,0.0028044432543845588,0.002805,,3
F16,400000,400000,1817,1,2,0.004542863316702617,0.0045425,,5
F17,100000,100000,5910,1,2,0.05909921300756377,0.0591,,5
F18,400000,400000,2015,1,2,0.005037566027050744,0.0050375,,7
F19,400000,400000,3921,1,2,0.009803319632751994,0.0098025,,3
F20,200000,200000,1623,1,2,0.008115460406408925,0.008115,,4
F21,50000,50000,2170,1,2,0.04339868194677737,0.0434,,6
F22,400000,400000,619,1,2,0.0015464376805056357,0.0015475,,1
F23,100000,100000,6399,1,2,0.06399014194111041,0.06399,,4
F24,400000,400000,633,1,2,0.0015832637851653092,0.0015825,,5
F25,400000,400000,1265,1,2,0.0031621022821849004,0.0031625,,6
F26,400000,400000,3003,1,2,0.007507513804045532,0.0075075,,7
F27,400000,400000,7794,1,2,0.019485311271193573,0.019485,,2
F28,400000,400000,1071,1,2,0.002677018102961351,0.0026775,,2
F29,200000,200000,2458,1,2,0.012289327623266552,0.01229,,6
F30,400000,400000,2706,1,2,0.006765380319447498,0.006765,,5
F31,200000,200000,5091,1,2,0.02545466884898554,0.025455,,5
F32,100000,100000,4475,1,2,0.044748525206865446,0.04475,,4
