Flow,Period,Deadline,Execution Time,w,h,Target_Utilization,Actual_Utilization,Utilization_Error,Queue
F1,200000,200000,1106,1,2,0.005529421403265067,0.00553,,4
F2,400000,400000,7401,1,2,0.018501547855726497,0.0185025,,3
F3,400000,400000,2193,1,2,0.005481304402064513,0.0054825,,5
F4,200000,200000,890,1,2,0.004448873286751642,0.00445,,4
F5,200000,200000,3432,1,2,0.017160649655497073,0.01716,,5
F6,400000,400000,600,1,2,0.0011098325135272535,0.0015,,5
F7,200000,200000,4549,1,2,0.022744508475979086,0.022745,,4
F8,400000,400000,4785,1,2,0.01196147592470781,0.0119625,,5
F9,400000,400000,600,1,2,0.0009602202923603698,0.0015,,6
F10,400000,400000,5355,1,2,0.013388413318189518,0.0133875,,4
F11,400000,400000,8437,1,2,0.021092418353191367,0.0210925,,5
F12,200000,200000,7157,1,2,0.03578306340541659,0.035785,,4
F13,400000,400000,6615,1,2,0.016537772245108773,0.0165375,,6
F14,200000,200000,5286,1,2,0.02643079923199254,0.02643,,3
F15,400000,400000,1307,1,2,0.0032674018083181933,0.0032675,,7
F16,100000,100000,2291,1,2,0.022908917425109865,0.02291,,3
F17,200000,200000,1105,1,2,0.005526224146504943,0.005525,,2
F18,400000,400000,1434,1,2,0.0035860797910103326,0.003585,,3
F19,400000,400000,600,1,2,0.0013950498198642691,0.0015,,7
F20,200000,200000,827,1,2,0.004133788698869378,0.004135,,2
F21,200000,200000,4876,1,2,0.02438028865492281,0.02438,,4
F22,400000,400000,1897,1,2,0.004743112429924534,0.0047425,,1
F23,100000,100000,5594,1,2,0.05593863494997872,0.05594,,4
F24,400000,400000,2747,1,2,0.006867980366114523,0.0068675,,3
F25,100000,100000,1555,1,2,0.015550573319542016,0.01555,,2
F26,400000,400000,11777,1,2,0.029443512583545703,0.0294425,,4
F27,400000,400000,600,1,2,0.00012036704856024927,0.0015,,3
F28,200000,200000,3856,1,2,0.019279922091904725,0.01928,,6
F29,200000,200000,8358,1,2,0.04179240909092963,0.04179,,4
F30,100000,100000,1195,1,2,0.011949729082023151,0.01195,,6
F31,400000,400000,6545,1,2,0.01636339538183526,0.0163625,,3
F32,400000,400000,7054,1,2,0.017636226029252085,0.017635,,4
