Flow,Period,Deadline,Execution Time,w,h,Target_Utilization,Actual_Utilization,Utilization_Error,Queue
F1,100000,100000,1131,1,2,0.011310814539239267,0.01131,,1
F2,400000,400000,2300,1,2,0.0057495457710662334,0.00575,,1
F3,200000,200000,4544,1,2,0.022719231675578044,0.02272,,3
F4,200000,200000,5162,1,2,0.025809913722613487,0.02581,,1
F5,400000,400000,6022,1,2,0.015053863499198461,0.015055,,1
F6,400000,400000,600,1,2,0.00041636597050420665,0.0015,,5
F7,400000,400000,4027,1,2,0.010068512872422719,0.0100675,,6
F8,400000,400000,4907,1,2,0.012267090024926097,0.0122675,,3
F9,400000,400000,2453,1,2,0.006131827913267607,0.0061325,,5
F10,400000,400000,9539,1,2,0.023848553510217474,0.0238475,,4
F11,400000,400000,2599,1,2,0.006497294378837726,0.0064975,,4
F12,400000,400000,3083,1,2,0.007706550689962621,0.0077075,,7
F13,400000,400000,1099,1,2,0.002747750884639355,0.0027475,,4
F14,400000,400000,2048,1,2,0.005118998220485282,0.00512,,2
F15,400000,400000,11766,1,2,0.029416148251798724,0.029415,,5
F16,400000,400000,1727,1,2,0.004318140862349024,0.0043175,,7
F17,400000,400000,7351,1,2,0.018377266707443274,0.0183775,,6
F18,400000,400000,8163,1,2,0.02040794963232223,0.0204075,,5
F19,400000,400000,5057,1,2,0.01264199956075801,0.0126425,,4
F20,400000,400000,1187,1,2,0.0029684505862707655,0.0029675,,7
F21,100000,100000,4142,1,2,0.04142163196619697,0.04142,,5
F22,400000,400000,679,1,2,0.0016971471845318165,0.0016975,,1
F23,400000,400000,2187,1,2,0.005467101221394571,0.0054675,,3
F24,400000,400000,1533,1,2,0.0038334148276119445,0.0038325,,6
F25,200000,200000,7807,1,2,0.039033283013039835,0.039035,,5
F26,400000,400000,4620,1,2,0.011548940857199388,0.01155,,4
F27,400000,400000,600,1,2,5.642436300508369e-05,0.0015,,2
F28,400000,400000,3157,1,2,0.007893618147946771,0.0078925,,2
F29,200000,200000,6997,1,2,0.034983330042892696,0.034985,,4
F30,50000,50000,610,1,2,0.012200660396987707,0.0122,,5
F31,200000,200000,2238,1,2,0.011190378150124258,0.01119,,3
F32,400000,400000,1167,1,2,0.002917982140002428,0.0029175,,6
