Flow,Period,Deadline,Execution Time,w,h,Target_Utilization,Actual_Utilization,Utilization_Error,Queue
F1,400000,400000,7658,1,2,0.019144762988206887,0.019145,,5
F2,200000,200000,7206,1,2,0.03603107838723196,0.03603,,2
F3,400000,400000,3153,1,2,0.007882068581435031,0.0078825,,1
F4,400000,400000,2835,1,2,0.007087723919653011,0.0070875,,7
F5,200000,200000,1653,1,2,0.008265588196631701,0.008265,,7
F6,400000,400000,1185,1,2,0.0029617548469342836,0.0029625,,3
F7,400000,400000,3313,1,2,0.008283595689602241,0.0082825,,2
F8,400000,400000,1551,1,2,0.003878025440621491,0.0038775,,6
F9,200000,200000,1688,1,2,0.008438865420379804,0.00844,,3
F10,200000,200000,8103,1,2,0.04051321416747561,0.040515,,2
F11,200000,200000,3182,1,2,0.015911210907603557,0.01591,,3
F12,400000,400000,1952,1,2,0.004880596704591955,0.00488,,1
F13,200000,200000,3981,1,2,0.019905183009754912,0.019905,,3
F14,400000,400000,600,1,2,0.0009500114033562657,0.0015,,6
F15,400000,400000,2876,1,2,0.007189409530341473,0.00719,,2
F16,400000,400000,6911,1,2,0.01727626852810621,0.0172775,,2
F17,400000,400000,10907,1,2,0.027267120210055312,0.0272675,,3
F18,400000,400000,4495,1,2,0.011236854237897886,0.0112375,,5
F19,200000,200000,985,1,2,0.004926061727862224,0.004925,,5
F20,400000,400000,744,1,2,0.0018603238931923505,0.00186,,7
F21,400000,400000,3601,1,2,0.009002687232744777,0.0090025,,5
F22,200000,200000,6801,1,2,0.0340052993023936,0.034005,,2
F23,400000,400000,2003,1,2,0.005006874871469724,0.0050075,,4
F24,400000,400000,6667,1,2,0.01666663648883157,0.0166675,,7
F25,400000,400000,4001,1,2,0.01000259581446089,0.0100025,,7
F26,400000,400000,806,1,2,0.002015374032487499,0.002015,,2
F27,400000,400000,3089,1,2,0.007723541053949151,0.0077225,,5
F28,400000,400000,6270,1,2,0.015675932973561277,0.015675,,2
F29,50000,50000,2479,1,2,0.049577806933207,0.04958,,2
F30,400000,400000,3914,1,2,0.00978494146034007,0.009785,,1
F31,400000,400000,3077,1,2,0.007692348200975349,0.0076925,,3
F32,200000,200000,7263,1,2,0.03631594101484346,0.036315,,2
