Flow,Period,Deadline,Execution Time,w,h,Target_Utilization,Actual_Utilization,Utilization_Error,Queue
F1,200000,200000,8774,1,2,0.043868333765811396,0.04387,,6
F2,400000,400000,600,1,2,0.0012230106338024238,0.0015,,1
F3,200000,200000,1316,1,2,0.00658090543063744,0.00658,,1
F4,400000,400000,10555,1,2,0.02638851669569975,0.0263875,,2
F5,400000,400000,1164,1,2,0.0029093363322040267,0.00291,,4
F6,400000,400000,1139,1,2,0.00284853302401078,0.0028475,,6
F7,200000,200000,9326,1,2,0.04662784357694949,0.04663,,6
F8,400000,400000,10094,1,2,0.025233904672059493,0.025235,,5
F9,200000,200000,1573,1,2,0.007865182253430358,0.007865,,5
F10,400000,400000,6391,1,2,0.015977473074251153,0.0159775,,5
F11,200000,200000,692,1,2,0.0034598709696558316,0.00346,,7
F12,400000,400000,6393,1,2,0.015982673527166757,0.0159825,,7
F13,200000,200000,1618,1,2,0.008089603497043435,0.00809,,7
F14,400000,400000,600,1,2,0.000947978661080151,0.0015,,2
F15,400000,400000,3656,1,2,0.00914088335661617,0.00914,,3
F16,400000,400000,600,1,2,0.0008717479702151087,0.0015,,5
F17,400000,400000,2873,1,2,0.007181899331530239,0.0071825,,2
F18,400000,400000,1870,1,2,0.004674091745537096,0.004675,,6
F19,400000,400000,1301,1,2,0.0032531829452706607,0.0032525,,2
F20,200000,200000,8323,1,2,0.04161442504757337,0.041615,,2
F21,400000,400000,8275,1,2,0.020688193587963477,0.0206875,,6
F22,400000,400000,728,1,2,0.0018199541539408726,0.00182,,7
F23,400000,400000,5015,1,2,0.012536602848453773,0.0125375,,4
F24,400000,400000,7659,1,2,0.019147751080811473,0.0191475,,2
F25,400000,400000,1506,1,2,0.0037648603834696814,0.003765,,1
F26,200000,200000,4449,1,2,0.02224475363156085,0.022245,,7
F27,400000,400000,7305,1,2,0.01826185626416838,0.0182625,,1
F28,400000,400000,1654,1,2,0.0041357852004118845,0.004135,,6
F29,400000,400000,744,1,2,0.0018596590978208344,0.00186,,3
F30,200000,200000,8275,1,2,0.04137579135175456,0.041375,,6
F31,200000,200000,781,1,2,0.003905116639775214,0.003905,,3
F32,400000,400000,1221,1,2,0.003051980976302498,0.0030525,,5
