Flow,Period,Deadline,Execution Time,w,h,Target_Utilization,Actual_Utilization,Utilization_Error,Queue
F1,400000,400000,2604,1,2,0.006508950649014744,0.00651,,2
F2,400000,400000,2170,1,2,0.005425738658971224,0.005425,,3
F3,400000,400000,600,1,2,8.74748543492343e-05,0.0015,,3
F4,400000,400000,2506,1,2,0.0062656758269749036,0.006265,,1
F5,400000,400000,1753,1,2,0.004382214449686395,0.0043825,,2
F6,400000,400000,3135,1,2,0.007837135493273528,0.0078375,,2
F7,200000,200000,6350,1,2,0.03175138782187553,0.03175,,2
F8,400000,400000,4501,1,2,0.011252314250676188,0.0112525,,7
F9,400000,400000,941,1,2,0.0023526634802960578,0.0023525,,7
F10,400000,400000,797,1,2,0.001993600703230458,0.0019925,,1
F11,400000,400000,8215,1,2,0.020537719390873344,0.0205375,,2
F12,400000,400000,2802,1,2,0.007004120482177911,0.007005,,6
F13,400000,400000,7875,1,2,0.019688519452984055,0.0196875,,6
F14,400000,400000,600,1,2,5.510365192068489e-05,0.0015,,4
F15,200000,200000,1892,1,2,0.009460609017047095,0.00946,,5
F16,200000,200000,4310,1,2,0.021550273097688033,0.02155,,7
F17,200000,200000,11762,1,2,0.058810660504228784,0.05881,,7
F18,200000,200000,9087,1,2,0.0454340705147194,0.045435,,7
F19,400000,400000,2909,1,2,0.007272616550381444,0.0072725,,1
F20,400000,400000,5685,1,2,0.014213304853091163,0.0142125,,3
F21,400000,400000,1627,1,2,0.004067249210010809,0.0040675,,5
F22,400000,400000,2331,1,2,0.0058269483587968796,0.0058275,,7
F23,200000,200000,9634,1,2,0.048171277552744446,0.04817,,2
F24,200000,200000,2532,1,2,0.01265875357881642,0.01266,,2
F25,400000,400000,4190,1,2,0.01047428420966448,0.010475,,3
F26,200000,200000,1087,1,2,0.005435727204251381,0.005435,,5
F27,100000,100000,4872,1,2,0.04871928983776258,0.04872,,7
F28,100000,100000,1445,1,2,0.014451002988283591,0.01445,,7
F29,400000,400000,2030,1,2,0.005075699850846806,0.005075,,6
F30,400000,400000,10233,1,2,0.0255820202620766,0.0255825,,7
F31,400000,400000,600,1,2,0.0010569005679438616,0.0015,,3
F32,400000,400000,4695,1,2,0.0117376902174953,0.0117375,,6
