Flow,Period,Deadline,Execution Time,w,h,Target_Utilization,Actual_Utilization,Utilization_Error,Queue
F1,400000,400000,908,1,2,0.002270032318514692,0.00227,,4
F2,400000,400000,11479,1,2,0.02869778986558419,0.0286975,,5
F3,100000,100000,6056,1,2,0.06055576714921984,0.06056,,5
F4,400000,400000,600,1,2,0.00034446735635129677,0.0015,,5
F5,400000,400000,600,1,2,0.0003497655063423588,0.0015,,7
F6,400000,400000,3200,1,2,0.007999869357387168,0.008,,6
F7,400000,400000,7501,1,2,0.018752233110643668,0.0187525,,5
F8,200000,200000,6475,1,2,0.032374689104911036,0.032375,,3
F9,400000,400000,1015,1,2,0.0025371647208689563,0.0025375,,1
F10,400000,400000,2007,1,2,0.005016777468565103,0.0050175,,4
F11,400000,400000,600,1,2,0.0002715611722802769,0.0015,,2
F12,200000,200000,9699,1,2,0.04849311124348499,0.048495,,5
F13,400000,400000,600,1,2,0.0009981153061631443,0.0015,,6
F14,400000,400000,1967,1,2,0.004917749424310641,0.0049175,,2
F15,400000,400000,5808,1,2,0.014520230350822033,0.01452,,3
F16,200000,200000,929,1,2,0.0046451651085340495,0.004645,,7
F17,400000,400000,5823,1,2,0.014558309883629827,0.0145575,,1
F18,400000,400000,7903,1,2,0.019757544341457045,0.0197575,,4
F19,400000,400000,1362,1,2,0.0034058310597760155,0.003405,,5
F20,200000,200000,4483,1,2,0.02241597305761084,0.022415,,2
F21,400000,400000,4367,1,2,0.01091737039080734,0.0109175,,4
F22,400000,400000,675,1,2,0.0016880476098580788,0.0016875,,3
F23,200000,200000,2030,1,2,0.010148922268503696,0.01015,,1
F24,200000,200000,9772,1,2,0.04885886671722639,0.04886,,4
F25,400000,400000,2004,1,2,0.0050098340064389235,0.00501,,3
F26,400000,400000,11747,1,2,0.029368134363448005,0.0293675,,4
F27,400000,400000,1487,1,2,0.0037169167453755675,0.0037175,,1
F28,200000,200000,1641,1,2,0.008204710531206257,0.008205,,7
F29,100000,100000,810,1,2,0.008099095903728724,0.0081,,5
F30,400000,400000,600,1,2,0.001154093060144308,0.0015,,3
F31,400000,400000,10047,1,2,0.025117335601391545,0.0251175,,3
F32,400000,400000,5087,1,2,0.012716406365159699,0.0127175,,2
