Flow,Period,Deadline,Execution Time,w,h,Target_Utilization,Actual_Utilization,Utilization_Error,Queue
F1,200000,200000,6543,1,2,0.03271418244021995,0.032715,,6
F2,50000,50000,6792,1,2,0.13583863931107687,0.13584,,4
F3,400000,400000,7563,1,2,0.018908216902908004,0.0189075,,2
F4,50000,50000,4235,1,2,0.08470014892637778,0.0847,,4
F5,100000,100000,1069,1,2,0.010689378592334986,0.01069,,1
F6,50000,50000,8232,1,2,0.1646304242289287,0.16464,,7
F7,50000,50000,11093,1,2,0.22185634880290195,0.22186,,7
F8,50000,50000,2187,1,2,0.04374226836066486,0.04374,,5
F9,200000,200000,7474,1,2,0.037371982391906367,0.03737,,4
F10,100000,100000,7969,1,2,0.07968717637273598,0.07969,,5
F11,100000,100000,6921,1,2,0.06921458056348545,0.06921,,6
F12,200000,200000,8057,1,2,0.04028300738612206,0.040285,,7
F13,50000,50000,3610,1,2,0.0721992354147761,0.0722,,7
F14,100000,100000,9059,1,2,0.09059426020654283,0.09059,,7
F15,200000,200000,9559,1,2,0.04779702175187164,0.047795,,2
F16,100000,100000,7063,1,2,0.07062771285250934,0.07063,,4
