Flow,Period,Deadline,Execution Time,w,h,Target_Utilization,Actual_Utilization,Utilization_Error,Queue
F1,100000,100000,3583,1,2,0.03583022456328422,0.03583,,4
F2,400000,400000,8773,1,2,0.02193187016882936,0.0219325,,7
F3,100000,100000,9453,1,2,0.0945309096819551,0.09453,,2
F4,100000,100000,5184,1,2,0.051839508292247816,0.05184,,4
F5,50000,50000,10685,1,2,0.2137014295703572,0.2137,,7
F6,100000,100000,817,1,2,0.008169214942825187,0.00817,,1
F7,50000,50000,6827,1,2,0.13653445979850343,0.13654,,7
F8,100000,100000,7348,1,2,0.07348343039946059,0.07348,,2
F9,50000,50000,4287,1,2,0.08574285980727836,0.08574,,7
F10,100000,100000,3559,1,2,0.03559010620595465,0.03559,,2
F11,200000,200000,8765,1,2,0.043825404400551715,0.043825,,5
F12,400000,400000,6938,1,2,0.01734620493669381,0.017345,,6
F13,100000,100000,9443,1,2,0.09443345355864324,0.09443,,6
F14,400000,400000,4771,1,2,0.011928574459363572,0.0119275,,5
F15,50000,50000,7287,1,2,0.14573660443323688,0.14574,,6
F16,50000,50000,7382,1,2,0.14763068511776467,0.14764,,7
