Flow,Period,Deadline,Execution Time,w,h,Target_Utilization,Actual_Utilization,Utilization_Error,Queue
F1,200000,200000,11149,1,2,0.05574356746475351,0.055745,,4
F2,200000,200000,10361,1,2,0.05180599214361559,0.051805,,2
F3,100000,100000,3882,1,2,0.03881752372624425,0.03882,,7
F4,100000,100000,7495,1,2,0.07495349556478148,0.07495,,4
F5,100000,100000,8625,1,2,0.08625225369459155,0.08625,,5
F6,100000,100000,9629,1,2,0.09629057271919805,0.09629,,7
F7,50000,50000,7752,1,2,0.15504298126861027,0.15504,,2
F8,400000,400000,10983,1,2,0.027457846571101396,0.0274575,,4
F9,50000,50000,7746,1,2,0.1549252470738412,0.15492,,7
F10,100000,100000,6127,1,2,0.06127353890980475,0.06127,,5
F11,50000,50000,6340,1,2,0.12680921739373274,0.1268,,2
F12,400000,400000,10745,1,2,0.02686346175566745,0.0268625,,2
F13,200000,200000,10035,1,2,0.05017340230376316,0.050175,,5
F14,100000,100000,6881,1,2,0.06881433940420922,0.06881,,7
F15,50000,50000,6059,1,2,0.12117141723695078,0.12118,,2
F16,400000,400000,7309,1,2,0.01827290623417772,0.0182725,,6
