Flow,Period,Deadline,Execution Time,w,h,Target_Utilization,Actual_Utilization,Utilization_Error,Queue
F1,200000,200000,11771,1,2,0.0588542093029909,0.058855,,2
F2,200000,200000,8997,1,2,0.04498673722660951,0.044985,,1
F3,50000,50000,11234,1,2,0.2246800180379005,0.22468,,5
F4,50000,50000,7185,1,2,0.1436908510996382,0.1437,,3
F5,50000,50000,8508,1,2,0.1701557548347311,0.17016,,7
F6,400000,400000,5921,1,2,0.014803540820388927,0.0148025,,1
F7,400000,400000,11078,1,2,0.02769521129249297,0.027695,,7
F8,100000,100000,8043,1,2,0.08043331986238295,0.08043,,2
F9,50000,50000,11902,1,2,0.23804793523906076,0.23804,,5
F10,200000,200000,7619,1,2,0.038093251845891574,0.038095,,3
F11,100000,100000,3403,1,2,0.03403249456163955,0.03403,,3
F12,400000,400000,7952,1,2,0.019879654978023437,0.01988,,2
F13,400000,400000,9091,1,2,0.022727755459398452,0.0227275,,4
F14,200000,200000,7595,1,2,0.03797631102646953,0.037975,,7
F15,400000,400000,9917,1,2,0.0247916154053939,0.0247925,,1
F16,400000,400000,7661,1,2,0.019151339006987702,0.0191525,,5
