Flow,Period,Deadline,Execution Time,w,h,Target_Utilization,Actual_Utilization,Utilization_Error,Queue
F1,100000,100000,6841,1,2,0.06841024315739541,0.06841,,4
F2,100000,100000,8105,1,2,0.08104687138317335,0.08105,,2
F3,400000,400000,8851,1,2,0.022127248853567094,0.0221275,,1
F4,400000,400000,5942,1,2,0.014854001513078918,0.014855,,5
F5,200000,200000,1591,1,2,0.007956109793371802,0.007955,,2
F6,50000,50000,9804,1,2,0.19607766973833918,0.19608,,7
F7,50000,50000,8462,1,2,0.16923321481366282,0.16924,,2
F8,400000,400000,2382,1,2,0.005954512380105026,0.005955,,5
F9,400000,400000,832,1,2,0.0020804540935379645,0.00208,,6
F10,50000,50000,7835,1,2,0.1566994180570621,0.1567,,4
F11,100000,100000,11781,1,2,0.11780958008718811,0.11781,,5
F12,50000,50000,6742,1,2,0.13483861747624226,0.13484,,3
F13,400000,400000,4080,1,2,0.01019878385394074,0.0102,,7
F14,100000,100000,9307,1,2,0.09306749146063836,0.09307,,7
F15,50000,50000,7202,1,2,0.14403367040544318,0.14404,,1
F16,200000,200000,4267,1,2,0.021334188470141735,0.021335,,3
