Flow,Period,Deadline,Execution Time,w,h,Target_Utilization,Actual_Utilization,Utilization_Error,Queue
F1,50000,50000,7421,1,2,0.14841405662124552,0.14842,,1
F2,400000,400000,7393,1,2,0.01848271551695113,0.0184825,,3
F3,50000,50000,8926,1,2,0.17851040002372565,0.17852,,3
F4,50000,50000,7035,1,2,0.14069970943586496,0.1407,,7
F5,400000,400000,8605,1,2,0.021513400282623496,0.0215125,,4
F6,100000,100000,4269,1,2,0.04268868504306533,0.04269,,5
F7,50000,50000,6647,1,2,0.13293250339461393,0.13294,,2
F8,400000,400000,1021,1,2,0.002551970806740189,0.0025525,,6
F9,100000,100000,8568,1,2,0.08567731828938757,0.08568,,1
F10,100000,100000,8243,1,2,0.0824299462208884,0.08243,,6
F11,50000,50000,10110,1,2,0.20220271650618857,0.2022,,5
F12,400000,400000,1054,1,2,0.0026360427938675324,0.002635,,6
F13,400000,400000,4845,1,2,0.012111261070155366,0.0121125,,1
F14,50000,50000,1379,1,2,0.02757947701448163,0.02758,,5
F15,100000,100000,6407,1,2,0.0640739437670485,0.06407,,3
F16,50000,50000,2806,1,2,0.05611884896693131,0.05612,,4
