Flow,Period,Deadline,Execution Time,w,h,Target_Utilization,Actual_Utilization,Utilization_Error,Queue
F1,400000,400000,1799,1,2,0.004497503821298654,0.0044975,,4
F2,400000,400000,8931,1,2,0.02232683149346748,0.0223275,,4
F3,50000,50000,7535,1,2,0.15070124872976143,0.1507,,7
F4,50000,50000,6382,1,2,0.12764415809002883,0.12764,,7
F5,400000,400000,7574,1,2,0.01893536642401683,0.018935,,6
F6,50000,50000,6466,1,2,0.1293202685755499,0.12932,,2
F7,50000,50000,4112,1,2,0.08223532881136564,0.08224,,2
F8,400000,400000,8175,1,2,0.02043707737554179,0.0204375,,3
F9,400000,400000,1796,1,2,0.004489293609554301,0.00449,,3
F10,50000,50000,12000,1,2,0.24999873419023944,0.24,,6
F11,200000,200000,7691,1,2,0.03845275451019259,0.038455,,6
F12,50000,50000,5198,1,2,0.1039598407841788,0.10396,,5
F13,50000,50000,6588,1,2,0.13175111298002024,0.13176,,5
F14,400000,400000,4235,1,2,0.010587055406889423,0.0105875,,7
F15,100000,100000,11685,1,2,0.11685255371353698,0.11685,,1
F16,200000,200000,9215,1,2,0.04607440908699977,0.046075,,3
