Flow,Period,Deadline,Execution Time,w,h,Target_Utilization,Actual_Utilization,Utilization_Error,Queue
F1,200000,200000,11975,1,2,0.059876387516826446,0.059875,,1
F2,100000,100000,3687,1,2,0.03686772027954088,0.03687,,7
F3,50000,50000,6010,1,2,0.12019016794295856,0.1202,,5
F4,50000,50000,8779,1,2,0.17558487324465322,0.17558,,5
F5,50000,50000,4198,1,2,0.08396025107481075,0.08396,,2
F6,200000,200000,9932,1,2,0.04965890555907304,0.04966,,6
F7,400000,400000,10641,1,2,0.026602401156365918,0.0266025,,5
F8,50000,50000,6213,1,2,0.12425431775714069,0.12426,,7
F9,50000,50000,6537,1,2,0.13074747497745925,0.13074,,4
F10,100000,100000,8033,1,2,0.08033009201475211,0.08033,,3
F11,200000,200000,9603,1,2,0.04801330972324003,0.048015,,2
F12,200000,200000,7337,1,2,0.03668523307126714,0.036685,,3
F13,400000,400000,3703,1,2,0.009257894142185391,0.0092575,,5
F14,50000,50000,6621,1,2,0.13242321623561087,0.13242,,5
F15,400000,400000,10580,1,2,0.026450436337252248,0.02645,,1
F16,200000,200000,11819,1,2,0.05909731896686339,0.059095,,4
