Flow,Period,Deadline,Execution Time,w,h,Target_Utilization,Actual_Utilization,Utilization_Error,Queue
F1,100000,100000,5741,1,2,0.05741114616398457,0.05741,,5
F2,100000,100000,5581,1,2,0.055810507702786394,0.05581,,3
F3,400000,400000,2075,1,2,0.005188013982777795,0.0051875,,5
F4,50000,50000,11643,1,2,0.23286854916511823,0.23286,,1
F5,100000,100000,4751,1,2,0.04751092494541054,0.04751,,7
F6,50000,50000,9700,1,2,0.1939939152087754,0.194,,1
F7,200000,200000,9746,1,2,0.04873097588526265,0.04873,,2
F8,400000,400000,7393,1,2,0.018481400105691437,0.0184825,,6
F9,200000,200000,8515,1,2,0.042573202059873694,0.042575,,1
F10,200000,200000,11363,1,2,0.05681365877741523,0.056815,,7
F11,200000,200000,10981,1,2,0.054902562372085684,0.054905,,5
F12,50000,50000,10602,1,2,0.2120354839164016,0.21204,,3
F13,400000,400000,1251,1,2,0.0031278040121816286,0.0031275,,5
F14,200000,200000,10742,1,2,0.053711963179167876,0.05371,,4
F15,400000,400000,9687,1,2,0.024217338905883498,0.0242175,,3
F16,50000,50000,4631,1,2,0.09262255361718373,0.09262,,2
