Flow,Period,Deadline,Execution Time,w,h,Target_Utilization,Actual_Utilization,Utilization_Error,Queue
F1,400000,400000,8161,1,2,0.020401790817206056,0.0204025,,6
F2,100000,100000,6092,1,2,0.060916500872223,0.06092,,4
F3,100000,100000,6695,1,2,0.06694567106616356,0.06695,,2
F4,400000,400000,2657,1,2,0.006643234647772056,0.0066425,,6
F5,400000,400000,7931,1,2,0.019827954774398693,0.0198275,,1
F6,50000,50000,7530,1,2,0.15059929479380252,0.1506,,7
F7,400000,400000,3485,1,2,0.00871227950196063,0.0087125,,3
F8,200000,200000,8849,1,2,0.04424735029564597,0.044245,,7
F9,400000,400000,656,1,2,0.0016410388104933782,0.00164,,1
F10,50000,50000,7188,1,2,0.1437664352106488,0.14376,,3
F11,200000,200000,3940,1,2,0.019699095906624553,0.0197,,5
F12,50000,50000,10146,1,2,0.20291995936501528,0.20292,,7
F13,50000,50000,7341,1,2,0.14681398838748683,0.14682,,6
F14,100000,100000,7396,1,2,0.07395624507845977,0.07396,,7
F15,100000,100000,10852,1,2,0.10852444186606695,0.10852,,4
F16,50000,50000,6219,1,2,0.12438471860603191,0.12438,,1
