Flow,Period,Deadline,Execution Time,w,h,Target_Utilization,Actual_Utilization,Utilization_Error,Queue
F1,400000,400000,5819,1,2,0.014547210741584715,0.0145475,,7
F2,100000,100000,8553,1,2,0.0855317738729251,0.08553,,7
F3,100000,100000,10097,1,2,0.10097393440210745,0.10097,,6
F4,100000,100000,3374,1,2,0.03373815334650332,0.03374,,6
F5,100000,100000,3271,1,2,0.03271045986381371,0.03271,,5
F6,400000,400000,8721,1,2,0.021801612799177583,0.0218025,,2
F7,400000,400000,4010,1,2,0.010024585788905416,0.010025,,4
F8,50000,50000,8284,1,2,0.16567094581679453,0.16568,,5
F9,200000,200000,6983,1,2,0.034917149288527405,0.034915,,1
F10,50000,50000,9764,1,2,0.19528539570248227,0.19528,,6
F11,50000,50000,8684,1,2,0.17368759898817815,0.17368,,7
F12,50000,50000,9893,1,2,0.19786621393641804,0.19786,,6
F13,200000,200000,10511,1,2,0.0525539134372784,0.052555,,3
F14,400000,400000,704,1,2,0.0017611085220297917,0.00176,,1
F15,100000,100000,7137,1,2,0.07136822107991214,0.07137,,2
F16,200000,200000,6459,1,2,0.032293107383772876,0.032295,,3
