Flow,Period,Deadline,Execution Time,w,h,Target_Utilization,Actual_Utilization,Utilization_Error,Queue
F1,100000,100000,7553,1,2,0.07552917961022154,0.07553,,6
F2,200000,200000,6503,1,2,0.032512717417688464,0.032515,,5
F3,400000,400000,8042,1,2,0.02010548554812952,0.020105,,7
F4,200000,200000,7089,1,2,0.03544258126648203,0.035445,,3
F5,50000,50000,9962,1,2,0.1992339453462293,0.19924,,3
F6,400000,400000,8728,1,2,0.021819361591418396,0.02182,,1
F7,200000,200000,9680,1,2,0.048402231555831454,0.0484,,5
F8,50000,50000,6548,1,2,0.1309605684970493,0.13096,,4
F9,200000,200000,11530,1,2,0.05764826265221212,0.05765,,6
F10,50000,50000,9638,1,2,0.19276689456619633,0.19276,,3
F11,50000,50000,11889,1,2,0.23778499034453726,0.23778,,3
F12,200000,200000,3841,1,2,0.019204206297777554,0.019205,,2
F13,200000,200000,5505,1,2,0.027525117558975506,0.027525,,6
F14,200000,200000,2338,1,2,0.011691117547730862,0.01169,,4
F15,200000,200000,8926,1,2,0.044628571738745716,0.04463,,4
F16,200000,200000,8949,1,2,0.04474476846077461,0.044745,,7
