Flow,Period,Deadline,Execution Time,w,h,Target_Utilization,Actual_Utilization,Utilization_Error,Queue
F1,100000,100000,6052,1,2,0.06052186592300002,0.06052,,5
F2,100000,100000,9964,1,2,0.0996437322034367,0.09964,,2
F3,200000,200000,5764,1,2,0.028819166388694084,0.02882,,5
F4,50000,50000,3566,1,2,0.07131890417377018,0.07132,,7
F5,400000,400000,10004,1,2,0.025011135516969762,0.02501,,6
F6,50000,50000,10804,1,2,0.216075449437807,0.21608,,2
F7,50000,50000,776,1,2,0.015521028416486282,0.01552,,7
F8,200000,200000,7677,1,2,0.038384153614976935,0.038385,,4
F9,50000,50000,5516,1,2,0.11032098791472156,0.11032,,2
F10,400000,400000,11053,1,2,0.02763138021822442,0.0276325,,1
F11,50000,50000,4192,1,2,0.0838431045239218,0.08384,,3
F12,400000,400000,7685,1,2,0.01921373026110046,0.0192125,,3
F13,200000,200000,10805,1,2,0.054023797721810096,0.054025,,6
F14,200000,200000,8573,1,2,0.042864391815870206,0.042865,,4
F15,50000,50000,9978,1,2,0.19955735544063602,0.19956,,4
F16,100000,100000,10725,1,2,0.10724981642857445,0.10725,,4
