Flow,Period,Deadline,Execution Time,w,h,Target_Utilization,Actual_Utilization,Utilization_Error,Queue
F1,200000,200000,6617,1,2,0.033084564720363474,0.033085,,3
F2,200000,200000,2002,1,2,0.010009622704581389,0.01001,,4
F3,200000,200000,8247,1,2,0.041234402260615255,0.041235,,6
F4,100000,100000,6663,1,2,0.066630649467176,0.06663,,5
F5,50000,50000,8023,1,2,0.1604684563492702,0.16046,,5
F6,50000,50000,7686,1,2,0.1537167282273073,0.15372,,1
F7,50000,50000,9696,1,2,0.19392158306249507,0.19392,,2
F8,200000,200000,9482,1,2,0.04741014344029559,0.04741,,2
F9,50000,50000,5580,1,2,0.11159506820492288,0.1116,,2
F10,100000,100000,6621,1,2,0.06621380058663162,0.06621,,7
F11,50000,50000,6443,1,2,0.1288695831825448,0.12886,,6
F12,200000,200000,10585,1,2,0.0529269098511585,0.052925,,5
F13,200000,200000,10570,1,2,0.052847800089381225,0.05285,,1
F14,200000,200000,6170,1,2,0.030850742503964176,0.03085,,7
F15,400000,400000,3137,1,2,0.007841707448717296,0.0078425,,5
F16,200000,200000,11609,1,2,0.05804596429597265,0.058045,,3
