Flow,Period,Deadline,Execution Time,w,h,Target_Utilization,Actual_Utilization,Utilization_Error,Queue
F1,400000,400000,600,1,2,0.00014059088573792344,0.0015,,6
F2,50000,50000,11299,1,2,0.22598463268796842,0.22598,,6
F3,50000,50000,6024,1,2,0.12047888011826058,0.12048,,7
F4,50000,50000,1285,1,2,0.025698890184992718,0.0257,,5
F5,100000,100000,6891,1,2,0.06891029561215034,0.06891,,1
F6,200000,200000,6276,1,2,0.03138104403001518,0.03138,,7
F7,50000,50000,7735,1,2,0.15469643070628114,0.1547,,6
F8,50000,50000,6484,1,2,0.129688309516111,0.12968,,6
F9,100000,100000,7705,1,2,0.07704705907776582,0.07705,,3
F10,400000,400000,4981,1,2,0.012453291074348838,0.0124525,,1
F11,200000,200000,9742,1,2,0.04871153499013975,0.04871,,2
F12,400000,400000,9995,1,2,0.02498870477748716,0.0249875,,7
F13,100000,100000,8191,1,2,0.0819111998560238,0.08191,,6
F14,50000,50000,7212,1,2,0.1442480572186885,0.14424,,3
F15,50000,50000,4857,1,2,0.09714149063520022,0.09714,,2
F16,400000,400000,5097,1,2,0.012741886413928918,0.0127425,,5
