Flow,Period,Deadline,Execution Time,w,h,Target_Utilization,Actual_Utilization,Utilization_Error,Queue
F1,100000,100000,4619,1,2,0.04618909560906048,0.04619,,4
F2,50000,50000,7570,1,2,0.15140652348909023,0.1514,,1
F3,400000,400000,7082,1,2,0.017704870489159363,0.017705,,6
F4,400000,400000,3813,1,2,0.009532033054268751,0.0095325,,5
F5,50000,50000,7334,1,2,0.14667555974051594,0.14668,,4
F6,200000,200000,9713,1,2,0.048565520315474675,0.048565,,3
F7,100000,100000,6924,1,2,0.06924430220580136,0.06924,,7
F8,400000,400000,9485,1,2,0.023711389275433148,0.0237125,,2
F9,200000,200000,10912,1,2,0.05456173413276244,0.05456,,4
F10,200000,200000,8571,1,2,0.042853519211270674,0.042855,,1
F11,50000,50000,8533,1,2,0.17066784021314657,0.17066,,6
F12,50000,50000,4288,1,2,0.08575874771297415,0.08576,,1
F13,100000,100000,6159,1,2,0.06158914372000157,0.06159,,3
F14,100000,100000,10705,1,2,0.10705187003625527,0.10705,,2
F15,200000,200000,10422,1,2,0.05210776547069371,0.05211,,7
F16,50000,50000,6864,1,2,0.1372848789246345,0.13728,,6
