Flow,Period,Deadline,Execution Time,w,h,Target_Utilization,Actual_Utilization,Utilization_Error,Queue
F1,400000,400000,10548,1,2,0.02636917101936742,0.02637,,5
F2,100000,100000,9255,1,2,0.09254587898549937,0.09255,,3
F3,200000,200000,3851,1,2,0.019254463620686613,0.019255,,1
F4,50000,50000,6661,1,2,0.13322291428997735,0.13322,,6
F5,100000,100000,7383,1,2,0.07382991046961562,0.07383,,7
F6,400000,400000,1250,1,2,0.0031246921154653995,0.003125,,3
F7,100000,100000,7208,1,2,0.07207598656441905,0.07208,,2
F8,200000,200000,9893,1,2,0.04946645096224633,0.049465,,6
F9,200000,200000,7639,1,2,0.03819548704163844,0.038195,,3
F10,400000,400000,9480,1,2,0.023700380051848713,0.0237,,4
F11,400000,400000,2673,1,2,0.006682973773273537,0.0066825,,7
F12,50000,50000,7485,1,2,0.1497044076681121,0.1497,,3
F13,50000,50000,6346,1,2,0.12691219654941216,0.12692,,5
F14,100000,100000,10092,1,2,0.10092177012037323,0.10092,,6
F15,50000,50000,10251,1,2,0.20501192313373628,0.20502,,3
F16,50000,50000,3980,1,2,0.0796035584206657,0.0796,,5
