Flow,Period,Deadline,Execution Time,w,h,Target_Utilization,Actual_Utilization,Utilization_Error,Queue
F1,400000,400000,7743,1,2,0.019357260763327666,0.0193575,,3
F2,200000,200000,6530,1,2,0.032648527230956015,0.03265,,1
F3,100000,100000,7013,1,2,0.07012869318876458,0.07013,,4
F4,200000,200000,7197,1,2,0.03598284243244532,0.035985,,6
F5,200000,200000,11087,1,2,0.055434024366919354,0.055435,,5
F6,100000,100000,11204,1,2,0.11204091038472885,0.11204,,7
F7,400000,400000,7345,1,2,0.018361586533810037,0.0183625,,5
F8,100000,100000,11169,1,2,0.11168802032092162,0.11169,,2
F9,400000,400000,8608,1,2,0.021521153337744958,0.02152,,6
F10,200000,200000,7051,1,2,0.035252714451955436,0.035255,,3
F11,50000,50000,6245,1,2,0.12489705758328484,0.1249,,4
F12,400000,400000,1433,1,2,0.0035818921676091797,0.0035825,,7
F13,50000,50000,6280,1,2,0.12560724411987717,0.1256,,1
F14,50000,50000,6916,1,2,0.1383180054781608,0.13832,,4
F15,50000,50000,11630,1,2,0.2325960811941633,0.2326,,1
F16,50000,50000,6055,1,2,0.12109962641273486,0.1211,,1
