Flow,Period,Deadline,Execution Time,w,h,Target_Utilization,Actual_Utilization,Utilization_Error,Queue
F1,200000,200000,8612,1,2,0.04306095361585127,0.04306,,2
F2,50000,50000,4023,1,2,0.08046325229392504,0.08046,,1
F3,50000,50000,3399,1,2,0.06797969790592329,0.06798,,1
F4,400000,400000,2199,1,2,0.005498072271840515,0.0054975,,5
F5,50000,50000,3319,1,2,0.06637617479484237,0.06638,,3
F6,100000,100000,7453,1,2,0.07453304426501406,0.07453,,3
F7,400000,400000,9745,1,2,0.024363740105042386,0.0243625,,4
F8,100000,100000,5681,1,2,0.05680866865673129,0.05681,,5
F9,200000,200000,6919,1,2,0.03459465299600417,0.034595,,3
F10,200000,200000,8593,1,2,0.04296381066719057,0.042965,,1
F11,50000,50000,8582,1,2,0.17163022356112767,0.17164,,2
F12,100000,100000,8058,1,2,0.08057646853459233,0.08058,,1
F13,50000,50000,12000,1,2,0.25017208452392875,0.24,,2
F14,100000,100000,7144,1,2,0.07144230478848748,0.07144,,2
F15,100000,100000,3102,1,2,0.03101941090909821,0.03102,,6
F16,50000,50000,9267,1,2,0.18533363512074155,0.18534,,1
