Flow,Period,Deadline,Execution Time,w,h,Target_Utilization,Actual_Utilization,Utilization_Error,Queue
F1,50000,50000,11566,1,2,0.23132104120040642,0.23132,,7
F2,100000,100000,7216,1,2,0.07215667378950996,0.07216,,5
F3,100000,100000,6605,1,2,0.06604923008451402,0.06605,,6
F4,50000,50000,7760,1,2,0.15519168025041286,0.1552,,1
F5,400000,400000,1309,1,2,0.003273502274952711,0.0032725,,2
F6,50000,50000,8719,1,2,0.17438194012546948,0.17438,,5
F7,200000,200000,11279,1,2,0.056394720688276556,0.056395,,7
F8,100000,100000,9607,1,2,0.09607417180145461,0.09607,,1
F9,100000,100000,2249,1,2,0.02248961303909036,0.02249,,6
F10,200000,200000,2348,1,2,0.011738787682787688,0.01174,,1
F11,100000,100000,9024,1,2,0.09024324430330316,0.09024,,4
F12,400000,400000,1555,1,2,0.0038873030152889176,0.0038875,,4
F13,50000,50000,5550,1,2,0.11100378820969214,0.111,,3
F14,200000,200000,1439,1,2,0.007195682876733556,0.007195,,2
F15,200000,200000,5849,1,2,0.029244850463752622,0.029245,,5
F16,100000,100000,9336,1,2,0.09336423181143709,0.09336,,2
