Flow,Period,Deadline,Execution Time,w,h,Target_Utilization,Actual_Utilization,Utilization_Error,Queue
F1,400000,400000,7767,1,2,0.019417083741109176,0.0194175,,5
F2,100000,100000,9306,1,2,0.09305520511294518,0.09306,,1
F3,50000,50000,7868,1,2,0.1573685047456761,0.15736,,1
F4,100000,100000,11885,1,2,0.11884937777506388,0.11885,,3
F5,50000,50000,3104,1,2,0.062077788587139304,0.06208,,6
F6,200000,200000,5742,1,2,0.028710722136141786,0.02871,,2
F7,50000,50000,6130,1,2,0.12259650473939898,0.1226,,7
F8,400000,400000,2239,1,2,0.0055981244872223,0.0055975,,1
F9,50000,50000,5523,1,2,0.11046339759113699,0.11046,,2
F10,400000,400000,11169,1,2,0.027923749714750867,0.0279225,,3
F11,200000,200000,8840,1,2,0.0441987648579214,0.0442,,6
F12,200000,200000,11103,1,2,0.05551629203885011,0.055515,,7
F13,200000,200000,9363,1,2,0.04681618147671873,0.046815,,7
F14,50000,50000,11825,1,2,0.23650495719085124,0.2365,,2
F15,200000,200000,9527,1,2,0.04763581563768943,0.047635,,4
F16,200000,200000,7425,1,2,0.03712729244347744,0.037125,,4
