Flow,Period,Deadline,Execution Time,w,h,Target_Utilization,Actual_Utilization,Utilization_Error,Queue
F1,100000,100000,3581,1,2,0.03580860975013689,0.03581,,5
F2,400000,400000,9157,1,2,0.022893114501610468,0.0228925,,2
F3,400000,400000,7197,1,2,0.01799352271413457,0.0179925,,1
F4,400000,400000,5019,1,2,0.012546889863179533,0.0125475,,5
F5,400000,400000,2329,1,2,0.0058230284043436775,0.0058225,,4
F6,50000,50000,6311,1,2,0.12621070337567686,0.12622,,2
F7,50000,50000,721,1,2,0.014419479686928138,0.01442,,5
F8,100000,100000,7106,1,2,0.0710622377955531,0.07106,,7
F9,50000,50000,10514,1,2,0.21027408264623904,0.21028,,7
F10,400000,400000,5425,1,2,0.013563107358602,0.0135625,,2
F11,50000,50000,7553,1,2,0.15106302867389043,0.15106,,1
F12,200000,200000,10516,1,2,0.052579936190967125,0.05258,,4
F13,100000,100000,9254,1,2,0.09253732765171507,0.09254,,5
F14,100000,100000,10030,1,2,0.10029531344297032,0.1003,,4
F15,50000,50000,9522,1,2,0.1904407364516037,0.19044,,6
F16,50000,50000,4385,1,2,0.08769632061182499,0.0877,,3
