Flow,Period,Deadline,Execution Time,w,h,Target_Utilization,Actual_Utilization,Utilization_Error,Queue
F1,100000,100000,4491,1,2,0.044908772348827286,0.04491,,1
F2,200000,200000,6329,1,2,0.03164421216567925,0.031645,,4
F3,100000,100000,7170,1,2,0.0717017394298265,0.0717,,4
F4,100000,100000,5497,1,2,0.05497241372038264,0.05497,,4
F5,200000,200000,6359,1,2,0.03179371004600118,0.031795,,1
F6,200000,200000,6081,1,2,0.0304025951297191,0.030405,,7
F7,100000,100000,2613,1,2,0.026129040115992375,0.02613,,3
F8,200000,200000,10335,1,2,0.0516763170505844,0.051675,,5
F9,200000,200000,7383,1,2,0.03691308071513555,0.036915,,5
F10,100000,100000,6457,1,2,0.06456567722943651,0.06457,,4
F11,100000,100000,3808,1,2,0.038081861560378516,0.03808,,3
F12,200000,200000,3564,1,2,0.017820111985169973,0.01782,,1
F13,200000,200000,9639,1,2,0.048196001166416536,0.048195,,6
F14,400000,400000,600,1,2,0.0005415716377923374,0.0015,,5
F15,200000,200000,7903,1,2,0.03951380330142151,0.039515,,4
F16,400000,400000,7433,1,2,0.01858288442320022,0.0185825,,2
F17,100000,100000,5521,1,2,0.05520915838986795,0.05521,,1
F18,200000,200000,7872,1,2,0.03936049825900362,0.03936,,7
F19,400000,400000,3929,1,2,0.009822729722410273,0.0098225,,4
F20,200000,200000,1544,1,2,0.0077192188349561874,0.00772,,5
F21,100000,100000,3524,1,2,0.035238179769151334,0.03524,,6
F22,400000,400000,9546,1,2,0.02386588661698985,0.023865,,6
F23,100000,100000,3389,1,2,0.033889714687168004,0.03389,,2
F24,400000,400000,3685,1,2,0.009212074320877506,0.0092125,,7
F25,400000,400000,600,1,2,0.0014831076011159183,0.0015,,7
F26,50000,50000,7163,1,2,0.14325951176118779,0.14326,,1
F27,100000,100000,5385,1,2,0.05385211804702392,0.05385,,7
F28,400000,400000,2827,1,2,0.007068405999896887,0.0070675,,4
F29,400000,400000,986,1,2,0.002465786091167904,0.002465,,2
F30,400000,400000,6604,1,2,0.01651120871030813,0.01651,,3
F31,200000,200000,4841,1,2,0.02420422300644881,0.024205,,5
F32,50000,50000,3223,1,2,0.06446102144542583,0.06446,,5
