Flow,Period,Deadline,Execution Time,w,h,Target_Utilization,Actual_Utilization,Utilization_Error,Queue
F1,400000,400000,7649,1,2,0.019121661605656204,0.0191225,,1
F2,100000,100000,3603,1,2,0.03602997912868955,0.03603,,7
F3,100000,100000,3035,1,2,0.030347922133685756,0.03035,,6
F4,50000,50000,2534,1,2,0.05068147946866963,0.05068,,7
F5,400000,400000,8412,1,2,0.021030850872455265,0.02103,,2
F6,100000,100000,2035,1,2,0.020350006963600897,0.02035,,5
F7,50000,50000,797,1,2,0.015940040239926123,0.01594,,7
F8,200000,200000,6760,1,2,0.033801299274085816,0.0338,,2
F9,400000,400000,11039,1,2,0.027596356401925703,0.0275975,,4
F10,50000,50000,5439,1,2,0.1087782772534528,0.10878,,2
F11,100000,100000,6810,1,2,0.06810272025820086,0.0681,,3
F12,200000,200000,2555,1,2,0.01277620357320719,0.012775,,5
F13,400000,400000,5853,1,2,0.014631613554656253,0.0146325,,2
F14,400000,400000,8937,1,2,0.022343186639608326,0.0223425,,7
F15,200000,200000,11617,1,2,0.05808419396953579,0.058085,,2
F16,200000,200000,1182,1,2,0.005910479069501817,0.00591,,6
F17,200000,200000,8036,1,2,0.04018121253173068,0.04018,,6
F18,100000,100000,8248,1,2,0.0824793084789538,0.08248,,2
F19,200000,200000,5535,1,2,0.027675598379663657,0.027675,,1
F20,50000,50000,6152,1,2,0.12303537387286861,0.12304,,2
F21,100000,100000,1164,1,2,0.01164093789649201,0.01164,,3
F22,400000,400000,2415,1,2,0.006038065204548859,0.0060375,,6
F23,200000,200000,6421,1,2,0.03210506978818567,0.032105,,3
F24,50000,50000,1870,1,2,0.03740195288776382,0.0374,,1
F25,400000,400000,2348,1,2,0.005870928360786454,0.00587,,7
F26,100000,100000,7379,1,2,0.07378751083973228,0.07379,,7
F27,200000,200000,11010,1,2,0.055048560198759644,0.05505,,6
F28,400000,400000,6138,1,2,0.015344135785178264,0.015345,,4
F29,200000,200000,8767,1,2,0.04383557558532958,0.043835,,3
F30,100000,100000,1936,1,2,0.01936034302846762,0.01936,,6
F31,400000,400000,8065,1,2,0.020162737088929364,0.0201625,,3
F32,200000,200000,9707,1,2,0.048536201028300155,0.048535,,2
