Flow,Period,Deadline,Execution Time,w,h,Target_Utilization,Actual_Utilization,Utilization_Error,Queue
F1,100000,100000,9415,1,2,0.09415209404231994,0.09415,,6
F2,200000,200000,1293,1,2,0.006464815561194381,0.006465,,1
F3,400000,400000,10449,1,2,0.026123736117033447,0.0261225,,2
F4,200000,200000,2721,1,2,0.013604957864523648,0.013605,,7
F5,400000,400000,705,1,2,0.0017617861276757463,0.0017625,,5
F6,400000,400000,2689,1,2,0.006723634506362819,0.0067225,,7
F7,400000,400000,2941,1,2,0.007352402056250762,0.0073525,,3
F8,400000,400000,2085,1,2,0.005211664557236539,0.0052125,,6
F9,400000,400000,1307,1,2,0.003266687112880362,0.0032675,,7
F10,200000,200000,10187,1,2,0.05093542677370688,0.050935,,6
F11,400000,400000,5413,1,2,0.013532670751210785,0.0135325,,4
F12,100000,100000,8969,1,2,0.08969244842659307,0.08969,,4
F13,400000,400000,2093,1,2,0.005231880778890918,0.0052325,,4
F14,100000,100000,4037,1,2,0.04037227181296654,0.04037,,7
F15,400000,400000,5534,1,2,0.013835775606461764,0.013835,,5
F16,100000,100000,8209,1,2,0.08208695928598508,0.08209,,1
F17,400000,400000,9415,1,2,0.02353799095678566,0.0235375,,2
F18,200000,200000,7354,1,2,0.03677125634443912,0.03677,,1
F19,50000,50000,11932,1,2,0.238632378460012,0.23864,,4
F20,100000,100000,7257,1,2,0.07256803304625914,0.07257,,3
F21,400000,400000,3327,1,2,0.008317222293294568,0.0083175,,3
F22,50000,50000,3368,1,2,0.06735856393542428,0.06736,,2
F23,100000,100000,3686,1,2,0.03685868874695514,0.03686,,3
F24,200000,200000,976,1,2,0.00488072323368291,0.00488,,3
F25,200000,200000,10816,1,2,0.05407901043454183,0.05408,,5
F26,400000,400000,2891,1,2,0.007228112407207249,0.0072275,,5
F27,200000,200000,3722,1,2,0.018610085938581974,0.01861,,6
F28,200000,200000,8176,1,2,0.04088248410998273,0.04088,,5
F29,400000,400000,10185,1,2,0.025461475334442964,0.0254625,,6
F30,200000,200000,7741,1,2,0.03870408020920275,0.038705,,4
F31,400000,400000,3003,1,2,0.007507323098684373,0.0075075,,1
F32,400000,400000,600,1,2,0.0007487572853009021,0.0015,,2
