Flow,Period,Deadline,Execution Time,w,h,Target_Utilization,Actual_Utilization,Utilization_Error,Queue
F1,400000,400000,3965,1,2,0.009911657453988143,0.0099125,,4
F2,400000,400000,2553,1,2,0.006383002887003997,0.0063825,,7
F3,200000,200000,7098,1,2,0.03548868921272641,0.03549,,7
F4,400000,400000,1391,1,2,0.003476681123048886,0.0034775,,3
F5,200000,200000,7687,1,2,0.03843730394368938,0.038435,,3
F6,100000,100000,3404,1,2,0.03404177411709086,0.03404,,4
F7,50000,50000,730,1,2,0.014599319342727068,0.0146,,2
F8,400000,400000,957,1,2,0.0023918257832939993,0.0023925,,2
F9,50000,50000,9973,1,2,0.199457844081932,0.19946,,4
F10,200000,200000,10331,1,2,0.051653036228322846,0.051655,,4
F11,400000,400000,3416,1,2,0.008540861407803968,0.00854,,5
F12,100000,100000,6344,1,2,0.06344043815704659,0.06344,,4
F13,100000,100000,977,1,2,0.00977022547948958,0.00977,,1
F14,400000,400000,10255,1,2,0.02563712193827372,0.0256375,,7
F15,400000,400000,8334,1,2,0.020834862914184016,0.020835,,3
F16,200000,200000,11937,1,2,0.05968312788474861,0.059685,,7
F17,200000,200000,9181,1,2,0.045906423751279846,0.045905,,6
F18,200000,200000,1637,1,2,0.0081848656634812,0.008185,,6
F19,200000,200000,3286,1,2,0.016429248282446962,0.01643,,5
F20,200000,200000,3416,1,2,0.017081102400119952,0.01708,,4
F21,100000,100000,5428,1,2,0.054281782534952305,0.05428,,3
F22,400000,400000,7101,1,2,0.017751832770700526,0.0177525,,1
F23,400000,400000,4074,1,2,0.01018487708218152,0.010185,,7
F24,100000,100000,2119,1,2,0.021190384509404303,0.02119,,2
F25,400000,400000,11373,1,2,0.02843201060642009,0.0284325,,1
F26,400000,400000,10466,1,2,0.026164667513056294,0.026165,,5
F27,50000,50000,2435,1,2,0.04869933770501955,0.0487,,1
F28,400000,400000,5302,1,2,0.013255136573631032,0.013255,,3
F29,50000,50000,3909,1,2,0.07817810443208076,0.07818,,1
F30,400000,400000,4619,1,2,0.011547018252192315,0.0115475,,6
F31,50000,50000,7026,1,2,0.14051666531445145,0.14052,,1
F32,400000,400000,8210,1,2,0.02052403737219134,0.020525,,6
