Flow,Period,Deadline,Execution Time,w,h,Target_Utilization,Actual_Utilization,Utilization_Error,Queue
F1,400000,400000,3199,1,2,0.00799808844030081,0.0079975,,1
F2,100000,100000,6493,1,2,0.06492679859674899,0.06493,,2
F3,400000,400000,1875,1,2,0.0046877552343422835,0.0046875,,3
F4,400000,400000,6405,1,2,0.016012298723250495,0.0160125,,6
F5,50000,50000,3795,1,2,0.07589694282631876,0.0759,,5
F6,400000,400000,817,1,2,0.002041352774504679,0.0020425,,3
F7,50000,50000,5289,1,2,0.10577873153266748,0.10578,,6
F8,100000,100000,7893,1,2,0.07893294704971654,0.07893,,4
F9,50000,50000,1033,1,2,0.020660677286656548,0.02066,,5
F10,400000,400000,9441,1,2,0.02360277192296467,0.0236025,,1
F11,400000,400000,6283,1,2,0.015707914472712692,0.0157075,,4
F12,200000,200000,833,1,2,0.004166222783012596,0.004165,,6
F13,100000,100000,1261,1,2,0.012610527802095928,0.01261,,2
F14,400000,400000,9414,1,2,0.02353534002927704,0.023535,,4
F15,400000,400000,9389,1,2,0.023471573735703744,0.0234725,,2
F16,400000,400000,2467,1,2,0.006166963586648144,0.0061675,,5
F17,200000,200000,8602,1,2,0.04300812952069655,0.04301,,3
F18,400000,400000,6933,1,2,0.017331912244046732,0.0173325,,1
F19,100000,100000,2139,1,2,0.021389515395530245,0.02139,,6
F20,400000,400000,1292,1,2,0.0032306301199520604,0.00323,,4
F21,100000,100000,8415,1,2,0.08414879814130061,0.08415,,1
F22,100000,100000,1952,1,2,0.01952004903218485,0.01952,,3
F23,400000,400000,4205,1,2,0.010511971853541746,0.0105125,,3
F24,50000,50000,10629,1,2,0.2125867146355902,0.21258,,4
F25,400000,400000,4661,1,2,0.011652091380408236,0.0116525,,5
F26,100000,100000,3351,1,2,0.0335092332977322,0.03351,,1
F27,400000,400000,1068,1,2,0.002670339262200061,0.00267,,7
F28,50000,50000,5688,1,2,0.1137611321940066,0.11376,,1
F29,400000,400000,9867,1,2,0.02466716815464222,0.0246675,,3
F30,200000,200000,2042,1,2,0.010209206243995253,0.01021,,7
F31,400000,400000,2703,1,2,0.006758241780531388,0.0067575,,2
F32,100000,100000,7725,1,2,0.077251062474361,0.07725,,6
