Flow,Period,Deadline,Execution Time,w,h,Target_Utilization,Actual_Utilization,Utilization_Error,Queue
F1,200000,200000,2474,1,2,0.012369886894825655,0.01237,,3
F2,100000,100000,11101,1,2,0.11100529076550769,0.11101,,4
F3,400000,400000,10123,1,2,0.025306893537521358,0.0253075,,7
F4,400000,400000,10037,1,2,0.025093495156728318,0.0250925,,2
F5,100000,100000,1958,1,2,0.019580122115983922,0.01958,,4
F6,100000,100000,4181,1,2,0.0418120466488896,0.04181,,7
F7,100000,100000,4789,1,2,0.04788935470849176,0.04789,,4
F8,200000,200000,7270,1,2,0.036347969275319914,0.03635,,5
F9,200000,200000,6247,1,2,0.031236797939965255,0.031235,,3
F10,400000,400000,6056,1,2,0.01513984012055214,0.01514,,1
F11,400000,400000,3889,1,2,0.009721579135696046,0.0097225,,3
F12,200000,200000,3965,1,2,0.019824550922146633,0.019825,,6
F13,400000,400000,4445,1,2,0.011111714892698688,0.0111125,,2
F14,200000,200000,11577,1,2,0.05788538793628806,0.057885,,3
F15,50000,50000,6375,1,2,0.12750316148302843,0.1275,,1
F16,400000,400000,9251,1,2,0.023126258435468006,0.0231275,,5
F17,200000,200000,2262,1,2,0.01130914038574582,0.01131,,5
F18,400000,400000,2237,1,2,0.005593400973445628,0.0055925,,4
F19,200000,200000,7446,1,2,0.03723053001026033,0.03723,,2
F20,400000,400000,691,1,2,0.001727243108192944,0.0017275,,7
F21,400000,400000,8899,1,2,0.022247749545354356,0.0222475,,7
F22,200000,200000,9191,1,2,0.04595609134719747,0.045955,,1
F23,200000,200000,3169,1,2,0.01584521523069904,0.015845,,2
F24,50000,50000,2942,1,2,0.05884063570936415,0.05884,,6
F25,50000,50000,3059,1,2,0.06117948196019818,0.06118,,7
F26,400000,400000,11935,1,2,0.02983747868843084,0.0298375,,1
F27,50000,50000,6912,1,2,0.13824914328578303,0.13824,,1
F28,400000,400000,10607,1,2,0.02651833612386184,0.0265175,,6
F29,200000,200000,6272,1,2,0.03136166134795157,0.03136,,4
F30,100000,100000,7473,1,2,0.07473430695636242,0.07473,,1
F31,400000,400000,2963,1,2,0.007407070094900248,0.0074075,,1
F32,400000,400000,2594,1,2,0.006484392522106958,0.006485,,6
