Flow,Period,Deadline,Execution Time,w,h,Target_Utilization,Actual_Utilization,Utilization_Error,Queue
F1,200000,200000,11239,1,2,0.05619711131656557,0.056195,,7
F2,100000,100000,8405,1,2,0.08405070699301953,0.08405,,7
F3,400000,400000,3405,1,2,0.008512483453086195,0.0085125,,3
F4,50000,50000,3223,1,2,0.064456248278707,0.06446,,2
F5,400000,400000,2872,1,2,0.007180209307325658,0.00718,,7
F6,400000,400000,5081,1,2,0.012701577221550409,0.0127025,,4
F7,100000,100000,3803,1,2,0.03802937081122115,0.03803,,6
F8,400000,400000,3315,1,2,0.00828726353307463,0.0082875,,1
F9,400000,400000,2825,1,2,0.007062469827228801,0.0070625,,5
F10,400000,400000,9806,1,2,0.02451402325010743,0.024515,,1
F11,200000,200000,10981,1,2,0.05490321103024132,0.054905,,4
F12,200000,200000,654,1,2,0.00326920805746278,0.00327,,4
F13,200000,200000,11703,1,2,0.058516683584575735,0.058515,,2
F14,50000,50000,2138,1,2,0.042758902281741284,0.04276,,2
F15,200000,200000,6533,1,2,0.032667023790306726,0.032665,,7
F16,200000,200000,9147,1,2,0.04573535206965562,0.045735,,6
F17,400000,400000,3511,1,2,0.008776344294380789,0.0087775,,2
F18,100000,100000,5959,1,2,0.05959016719770849,0.05959,,5
F19,100000,100000,11997,1,2,0.11997012110751643,0.11997,,2
F20,400000,400000,4605,1,2,0.011512852202617496,0.0115125,,1
F21,400000,400000,3684,1,2,0.00921101898446064,0.00921,,6
F22,200000,200000,2048,1,2,0.010238936988826386,0.01024,,7
F23,400000,400000,9661,1,2,0.024153464676525516,0.0241525,,5
F24,400000,400000,9884,1,2,0.024710579538620547,0.02471,,4
F25,400000,400000,5958,1,2,0.014894277113710996,0.014895,,2
F26,100000,100000,6105,1,2,0.0610469329184013,0.06105,,7
F27,400000,400000,600,1,2,0.0006846737287641569,0.0015,,6
F28,200000,200000,9037,1,2,0.04518414737167761,0.045185,,5
F29,100000,100000,6017,1,2,0.060170220033663874,0.06017,,6
F30,400000,400000,600,1,2,0.001006466883190199,0.0015,,4
F31,100000,100000,6287,1,2,0.06286571226247811,0.06287,,2
F32,100000,100000,6443,1,2,0.06442857084571108,0.06443,,7
