Flow,Period,Deadline,Execution Time,w,h,Target_Utilization,Actual_Utilization,Utilization_Error,Queue
F1,200000,200000,6438,1,2,0.03218877299884726,0.03219,,6
F2,400000,400000,1762,1,2,0.004405175758508184,0.004405,,3
F3,400000,400000,7117,1,2,0.017792714517601116,0.0177925,,6
F4,400000,400000,11248,1,2,0.028120112827561883,0.02812,,3
F5,100000,100000,7765,1,2,0.0776541790877946,0.07765,,3
F6,100000,100000,2407,1,2,0.024069291573331153,0.02407,,1
F7,400000,400000,1066,1,2,0.002665682939414382,0.002665,,1
F8,50000,50000,8936,1,2,0.17872652336349548,0.17872,,3
F9,400000,400000,1288,1,2,0.0032193602341220595,0.00322,,1
F10,100000,100000,8813,1,2,0.08812953673581925,0.08813,,6
F11,50000,50000,6537,1,2,0.1307323745668142,0.13074,,3
F12,50000,50000,5216,1,2,0.10432052290609323,0.10432,,2
F13,200000,200000,1419,1,2,0.007094315442394472,0.007095,,5
F14,400000,400000,9991,1,2,0.024976304127894366,0.0249775,,5
F15,200000,200000,6940,1,2,0.034699649135755406,0.0347,,5
F16,400000,400000,8489,1,2,0.021221367755304366,0.0212225,,2
F17,100000,100000,3440,1,2,0.0344002862596402,0.0344,,2
F18,400000,400000,6829,1,2,0.01707205752661034,0.0170725,,4
F19,100000,100000,5157,1,2,0.051568657456998124,0.05157,,1
F20,400000,400000,600,1,2,0.001445133598864251,0.0015,,3
F21,400000,400000,3959,1,2,0.00989819661611227,0.0098975,,2
F22,200000,200000,6693,1,2,0.033463699789398116,0.033465,,1
F23,400000,400000,2668,1,2,0.0066703618535727816,0.00667,,7
F24,50000,50000,664,1,2,0.013278959186663025,0.01328,,3
F25,400000,400000,600,1,2,0.00032420303929031613,0.0015,,4
F26,400000,400000,600,1,2,0.00033442246610984605,0.0015,,7
F27,400000,400000,4723,1,2,0.011808588206616316,0.0118075,,7
F28,200000,200000,9257,1,2,0.046285877814478044,0.046285,,5
F29,100000,100000,6089,1,2,0.06089496986123642,0.06089,,6
F30,200000,200000,9214,1,2,0.04606891997460229,0.04607,,2
F31,400000,400000,2580,1,2,0.006449933993759118,0.00645,,4
F32,400000,400000,4430,1,2,0.011076060401778477,0.011075,,6
