Flow,Period,Deadline,Execution Time,w,h,Target_Utilization,Actual_Utilization,Utilization_Error,Queue
F1,400000,400000,6528,1,2,0.016318820818443935,0.01632,,2
F2,200000,200000,10573,1,2,0.052866755672132726,0.052865,,6
F3,50000,50000,2591,1,2,0.05181822640943223,0.05182,,3
F4,100000,100000,9246,1,2,0.0924610046518598,0.09246,,7
F5,400000,400000,10935,1,2,0.027337117480354722,0.0273375,,6
F6,400000,400000,1681,1,2,0.004202234686007111,0.0042025,,5
F7,100000,100000,7241,1,2,0.07241044954270714,0.07241,,6
F8,400000,400000,8538,1,2,0.021344993977376325,0.021345,,3
F9,400000,400000,9869,1,2,0.02467305906089079,0.0246725,,5
F10,400000,400000,6069,1,2,0.015173399146890643,0.0151725,,6
F11,400000,400000,4989,1,2,0.012472975290245825,0.0124725,,1
F12,100000,100000,10909,1,2,0.10909382616733498,0.10909,,7
F13,50000,50000,6506,1,2,0.13012400691513237,0.13012,,7
F14,400000,400000,7465,1,2,0.018663358277299258,0.0186625,,7
F15,200000,200000,8136,1,2,0.04068093470996431,0.04068,,6
F16,400000,400000,711,1,2,0.0017768688216054374,0.0017775,,3
F17,100000,100000,7002,1,2,0.07001854454443701,0.07002,,7
F18,200000,200000,10323,1,2,0.051614645568812845,0.051615,,1
F19,400000,400000,1763,1,2,0.004407118088726125,0.0044075,,2
F20,100000,100000,7599,1,2,0.07599118319802733,0.07599,,7
F21,400000,400000,8333,1,2,0.020832959405143875,0.0208325,,4
F22,200000,200000,7345,1,2,0.0367226561870691,0.036725,,5
F23,400000,400000,3591,1,2,0.008977353979796626,0.0089775,,4
F24,200000,200000,7190,1,2,0.03595181919022347,0.03595,,3
F25,400000,400000,4850,1,2,0.012125291922636589,0.012125,,3
F26,100000,100000,3004,1,2,0.030042139705110812,0.03004,,1
F27,400000,400000,1500,1,2,0.00375025525337902,0.00375,,6
F28,400000,400000,2367,1,2,0.00591661846727988,0.0059175,,1
F29,50000,50000,725,1,2,0.01449957010912209,0.0145,,5
F30,400000,400000,600,1,2,0.001108604540497063,0.0015,,7
F31,200000,200000,6785,1,2,0.03392487887072113,0.033925,,7
F32,200000,200000,8903,1,2,0.044513559220577516,0.044515,,7
