Flow,Period,Deadline,Execution Time,w,h,Target_Utilization,Actual_Utilization,Utilization_Error,Queue
F1,200000,200000,9753,1,2,0.04876250076605704,0.048765,,4
F2,100000,100000,2539,1,2,0.02539071466575038,0.02539,,4
F3,400000,400000,6508,1,2,0.01626951331120119,0.01627,,1
F4,400000,400000,7090,1,2,0.017726181805856056,0.017725,,3
F5,400000,400000,10251,1,2,0.025628672443194223,0.0256275,,1
F6,400000,400000,5246,1,2,0.0131156355485329,0.013115,,4
F7,50000,50000,11572,1,2,0.2314440159083232,0.23144,,1
F8,50000,50000,1581,1,2,0.031621100311577055,0.03162,,3
F9,400000,400000,5410,1,2,0.013524683016543526,0.013525,,2
F10,400000,400000,6442,1,2,0.016104556148536786,0.016105,,6
F11,100000,100000,7409,1,2,0.07408521415855374,0.07409,,6
F12,400000,400000,1612,1,2,0.004031004823332518,0.00403,,6
F13,100000,100000,4312,1,2,0.04312175627559478,0.04312,,2
F14,100000,100000,9826,1,2,0.0982599037624185,0.09826,,4
F15,200000,200000,2498,1,2,0.012489146261530748,0.01249,,1
F16,100000,100000,3947,1,2,0.03946958172317094,0.03947,,7
F17,200000,200000,1795,1,2,0.008976003667285293,0.008975,,3
F18,200000,200000,10207,1,2,0.05103414171997589,0.051035,,7
F19,400000,400000,2617,1,2,0.00654253118521364,0.0065425,,7
F20,400000,400000,9251,1,2,0.023127239488826112,0.0231275,,2
F21,400000,400000,1819,1,2,0.004548640188816899,0.0045475,,5
F22,400000,400000,7854,1,2,0.019635768008382848,0.019635,,5
F23,100000,100000,9181,1,2,0.09181046402113197,0.09181,,4
F24,400000,400000,1758,1,2,0.0043941297809385604,0.004395,,5
F25,400000,400000,600,1,2,0.0012324831144417958,0.0015,,4
F26,400000,400000,1045,1,2,0.0026119357875550864,0.0026125,,7
F27,100000,100000,8909,1,2,0.08909085709130388,0.08909,,2
F28,200000,200000,9966,1,2,0.0498284278917268,0.04983,,3
F29,100000,100000,4086,1,2,0.04086135253068486,0.04086,,5
F30,50000,50000,1524,1,2,0.030481795268087856,0.03048,,6
F31,200000,200000,1010,1,2,0.0050494843933719166,0.00505,,6
F32,200000,200000,2902,1,2,0.014509034663156258,0.01451,,7
