Flow,Period,Deadline,Execution Time,w,h,Target_Utilization,Actual_Utilization,Utilization_Error,Queue
F1,400000,400000,651,1,2,0.0016283865992929858,0.0016275,,1
F2,200000,200000,7803,1,2,0.039017383501457115,0.039015,,6
F3,50000,50000,6360,1,2,0.12720062480101757,0.1272,,1
F4,200000,200000,3845,1,2,0.019223846833265168,0.019225,,6
F5,100000,100000,4895,1,2,0.048948506823721094,0.04895,,2
F6,100000,100000,7097,1,2,0.07096882064296905,0.07097,,7
F7,100000,100000,11523,1,2,0.11522931340162923,0.11523,,1
F8,200000,200000,7334,1,2,0.03667028027448582,0.03667,,4
F9,100000,100000,890,1,2,0.008899539619984576,0.0089,,2
F10,100000,100000,10415,1,2,0.10414562604493816,0.10415,,1
F11,400000,400000,2583,1,2,0.006458052382932955,0.0064575,,6
F12,100000,100000,10015,1,2,0.10015256197347744,0.10015,,2
F13,400000,400000,600,1,2,0.0006726373594233559,0.0015,,5
F14,200000,200000,2140,1,2,0.010700300241640093,0.0107,,1
F15,50000,50000,2184,1,2,0.04368188007243495,0.04368,,2
F16,400000,400000,10729,1,2,0.026823464967569488,0.0268225,,1
F17,50000,50000,1407,1,2,0.028140029545862533,0.02814,,2
F18,200000,200000,3225,1,2,0.016125023127449012,0.016125,,5
F19,400000,400000,5937,1,2,0.014843601911778692,0.0148425,,3
F20,400000,400000,5469,1,2,0.013671792715190978,0.0136725,,7
F21,200000,200000,9714,1,2,0.048571277056422724,0.04857,,4
F22,200000,200000,4352,1,2,0.021761184705799574,0.02176,,3
F23,200000,200000,5873,1,2,0.029365741527789285,0.029365,,5
F24,100000,100000,1983,1,2,0.019830233198031927,0.01983,,7
F25,400000,400000,1410,1,2,0.00352471663772419,0.003525,,7
F26,100000,100000,6813,1,2,0.06813447626974392,0.06813,,1
F27,100000,100000,4265,1,2,0.04264772158816854,0.04265,,1
F28,200000,200000,3723,1,2,0.01861462148277382,0.018615,,4
F29,200000,200000,8307,1,2,0.04153606304803694,0.041535,,3
F30,400000,400000,681,1,2,0.001701298959702939,0.0017025,,3
F31,200000,200000,9584,1,2,0.04791888536281555,0.04792,,7
F32,400000,400000,2304,1,2,0.005759800212703653,0.00576,,2
