Flow,Period,Deadline,Execution Time,w,h,Target_Utilization,Actual_Utilization,Utilization_Error,Queue
F1,200000,200000,2466,1,2,0.012328761073842287,0.01233,,5
F2,50000,50000,3149,1,2,0.06298045759294268,0.06298,,4
F3,100000,100000,8819,1,2,0.08819331386855023,0.08819,,3
F4,200000,200000,2517,1,2,0.01258441303815827,0.012585,,6
F5,400000,400000,6171,1,2,0.01542782016455957,0.0154275,,5
F6,400000,400000,4273,1,2,0.010683420316498937,0.0106825,,3
F7,100000,100000,7203,1,2,0.07202887725189744,0.07203,,3
F8,100000,100000,4878,1,2,0.048780040501433364,0.04878,,4
F9,200000,200000,8325,1,2,0.04162253983793551,0.041625,,7
F10,400000,400000,8453,1,2,0.0211330055449912,0.0211325,,4
F11,400000,400000,2371,1,2,0.005926414358212284,0.0059275,,6
F12,50000,50000,1814,1,2,0.036279775447428775,0.03628,,2
F13,400000,400000,3760,1,2,0.009400830310258734,0.0094,,4
F14,200000,200000,7125,1,2,0.035622904341613415,0.035625,,5
F15,200000,200000,4297,1,2,0.021485150178580548,0.021485,,7
F16,200000,200000,660,1,2,0.0033001116592935587,0.0033,,3
F17,200000,200000,9891,1,2,0.04945485917271997,0.049455,,7
F18,100000,100000,3456,1,2,0.03455771171352795,0.03456,,3
F19,200000,200000,2702,1,2,0.013510486540587952,0.01351,,2
F20,200000,200000,6215,1,2,0.03107324469927114,0.031075,,7
F21,400000,400000,600,1,2,7.972134502470807e-05,0.0015,,2
F22,100000,100000,10517,1,2,0.10517023410032195,0.10517,,3
F23,100000,100000,3221,1,2,0.032210708224707174,0.03221,,4
F24,400000,400000,3016,1,2,0.007539295241659694,0.00754,,2
F25,400000,400000,3254,1,2,0.008134522338996808,0.008135,,7
F26,400000,400000,6684,1,2,0.016709256205645395,0.01671,,3
F27,50000,50000,2162,1,2,0.043238237063333795,0.04324,,3
F28,200000,200000,4988,1,2,0.02494002985402194,0.02494,,2
F29,50000,50000,4672,1,2,0.09344067057026553,0.09344,,3
F30,200000,200000,11819,1,2,0.05909467904580455,0.059095,,3
F31,100000,100000,6606,1,2,0.0660645284527016,0.06606,,3
F32,400000,400000,9591,1,2,0.02397651465920753,0.0239775,,6
