Flow,Period,Deadline,Execution Time,w,h,Target_Utilization,Actual_Utilization,Utilization_Error,Queue
F1,50000,50000,4324,1,2,0.0864836897712451,0.08648,,6
F2,400000,400000,4293,1,2,0.010731950730000328,0.0107325,,1
F3,400000,400000,10939,1,2,0.027347017564960385,0.0273475,,5
F4,400000,400000,11736,1,2,0.02934072461999715,0.02934,,1
F5,400000,400000,3457,1,2,0.008641653669372085,0.0086425,,2
F6,200000,200000,5775,1,2,0.02887439876996234,0.028875,,6
F7,200000,200000,7717,1,2,0.038583831049664785,0.038585,,5
F8,200000,200000,11668,1,2,0.05833849458210949,0.05834,,5
F9,50000,50000,2033,1,2,0.04065759686415704,0.04066,,2
F10,400000,400000,1858,1,2,0.004644633788525754,0.004645,,1
F11,50000,50000,4523,1,2,0.09045744790793764,0.09046,,7
F12,400000,400000,1367,1,2,0.0034183762244164306,0.0034175,,2
F13,50000,50000,3339,1,2,0.06678193428881196,0.06678,,6
F14,200000,200000,6658,1,2,0.03329100324354928,0.03329,,3
F15,200000,200000,6901,1,2,0.0345036103377373,0.034505,,7
F16,100000,100000,8273,1,2,0.08272854143314329,0.08273,,7
F17,200000,200000,1762,1,2,0.008808884719347931,0.00881,,6
F18,400000,400000,2515,1,2,0.00628808871642017,0.0062875,,6
F19,200000,200000,5753,1,2,0.02876611985546995,0.028765,,2
F20,400000,400000,3035,1,2,0.007587052337383493,0.0075875,,3
F21,100000,100000,7299,1,2,0.07298826419425902,0.07299,,2
F22,400000,400000,7739,1,2,0.01934631171072676,0.0193475,,4
F23,400000,400000,10711,1,2,0.026777134908071987,0.0267775,,7
F24,200000,200000,8375,1,2,0.0418739392597485,0.041875,,6
F25,400000,400000,600,1,2,0.00019506311608569193,0.0015,,1
F26,200000,200000,9703,1,2,0.04851638730100888,0.048515,,3
F27,200000,200000,9871,1,2,0.04935390268752632,0.049355,,7
F28,200000,200000,684,1,2,0.0034203109883434724,0.00342,,2
F29,100000,100000,719,1,2,0.007191167528124293,0.00719,,5
F30,400000,400000,2305,1,2,0.005761943022362714,0.0057625,,3
F31,400000,400000,986,1,2,0.002464024626628064,0.002465,,5
F32,50000,50000,6588,1,2,0.13176782066855042,0.13176,,2
