Flow,Period,Deadline,Execution Time,w,h,Target_Utilization,Actual_Utilization,Utilization_Error,Queue
F1,100000,100000,2796,1,2,0.02795885743020121,0.02796,,2
F2,100000,100000,7383,1,2,0.07383251617759679,0.07383,,1
F3,100000,100000,6945,1,2,0.06944977978718747,0.06945,,5
F4,400000,400000,5235,1,2,0.013086701319262373,0.0130875,,1
F5,400000,400000,2039,1,2,0.0050983205223795736,0.0050975,,2
F6,400000,400000,7235,1,2,0.018087594328384582,0.0180875,,2
F7,100000,100000,6628,1,2,0.06628241405896773,0.06628,,4
F8,200000,200000,6366,1,2,0.03183230109617863,0.03183,,7
F9,100000,100000,6771,1,2,0.06770948364953744,0.06771,,1
F10,400000,400000,10689,1,2,0.026721586393992802,0.0267225,,5
F11,400000,400000,2535,1,2,0.006336457427381426,0.0063375,,4
F12,100000,100000,9385,1,2,0.0938504979283219,0.09385,,5
F13,100000,100000,6122,1,2,0.06121560884728927,0.06122,,5
F14,50000,50000,6755,1,2,0.13509509417297694,0.1351,,1
F15,100000,100000,11759,1,2,0.11758645682608215,0.11759,,1
F16,100000,100000,4463,1,2,0.0446287489948603,0.04463,,1
F17,200000,200000,10584,1,2,0.05291974694580506,0.05292,,2
F18,400000,400000,11075,1,2,0.027687185747387322,0.0276875,,1
F19,200000,200000,879,1,2,0.004394890877949781,0.004395,,3
F20,200000,200000,680,1,2,0.003400849426217989,0.0034,,4
F21,400000,400000,9761,1,2,0.02440134771559474,0.0244025,,6
F22,400000,400000,8067,1,2,0.020167853531479818,0.0201675,,3
F23,100000,100000,3257,1,2,0.0325676216173208,0.03257,,4
F24,400000,400000,3373,1,2,0.008433471744204848,0.0084325,,7
F25,400000,400000,4241,1,2,0.01060140181632166,0.0106025,,6
F26,400000,400000,3396,1,2,0.008489254628458343,0.00849,,1
F27,200000,200000,6569,1,2,0.03284453408635892,0.032845,,7
F28,400000,400000,7827,1,2,0.01956741410853706,0.0195675,,4
F29,400000,400000,4945,1,2,0.012362160476865756,0.0123625,,7
F30,400000,400000,2333,1,2,0.005832348614709711,0.0058325,,3
F31,100000,100000,1091,1,2,0.010911127559540915,0.01091,,5
F32,400000,400000,3495,1,2,0.008738090308631345,0.0087375,,5
