Flow,Period,Deadline,Execution Time,w,h,Target_Utilization,Actual_Utilization,Utilization_Error,Queue
F1,100000,100000,7559,1,2,0.07559078451469836,0.07559,,4
F2,100000,100000,4043,1,2,0.04042933412900829,0.04043,,7
F3,50000,50000,6683,1,2,0.13365201884498745,0.13366,,2
F4,100000,100000,4337,1,2,0.04337220575242995,0.04337,,1
F5,400000,400000,6071,1,2,0.015176922080827993,0.0151775,,6
F6,100000,100000,7353,1,2,0.07353115129427223,0.07353,,2
F7,100000,100000,6343,1,2,0.06342844691131211,0.06343,,1
F8,100000,100000,4827,1,2,0.04826946395875953,0.04827,,2
F9,400000,400000,5185,1,2,0.012962186051756808,0.0129625,,1
F10,200000,200000,1078,1,2,0.005390953455129188,0.00539,,7
F11,200000,200000,10079,1,2,0.05039403706557055,0.050395,,7
F12,200000,200000,2753,1,2,0.013764034514441081,0.013765,,4
F13,400000,400000,3151,1,2,0.007876648586627955,0.0078775,,6
F14,400000,400000,7553,1,2,0.01888240813835307,0.0188825,,2
F15,200000,200000,1546,1,2,0.0077308234700064205,0.00773,,4
F16,200000,200000,7987,1,2,0.03993548886707621,0.039935,,6
F17,400000,400000,6111,1,2,0.01527716583460903,0.0152775,,3
F18,100000,100000,4291,1,2,0.04291152557653238,0.04291,,2
F19,400000,400000,3717,1,2,0.0092913130591733,0.0092925,,3
F20,100000,100000,730,1,2,0.007299238514451745,0.0073,,2
F21,100000,100000,3007,1,2,0.03006855193973923,0.03007,,3
F22,400000,400000,9156,1,2,0.022889792317009217,0.02289,,4
F23,100000,100000,6940,1,2,0.06939693687809317,0.0694,,4
F24,100000,100000,1019,1,2,0.010190957796993638,0.01019,,5
F25,200000,200000,4137,1,2,0.020684609832102685,0.020685,,1
F26,50000,50000,5316,1,2,0.10632265742534475,0.10632,,4
F27,100000,100000,4674,1,2,0.04673863184316751,0.04674,,4
F28,400000,400000,6463,1,2,0.016156541741012165,0.0161575,,5
F29,100000,100000,9553,1,2,0.09552845876651371,0.09553,,2
F30,200000,200000,2203,1,2,0.011015168226497653,0.011015,,7
F31,400000,400000,4122,1,2,0.010305299304540962,0.010305,,2
F32,400000,400000,7735,1,2,0.019338134201036316,0.0193375,,7
