Flow,Period,Deadline,Execution Time,w,h,Target_Utilization,Actual_Utilization,Utilization_Error,Queue
F1,100000,100000,7759,1,2,0.0775949869958028,0.07759,,7
F2,200000,200000,10014,1,2,0.0500692226420707,0.05007,,3
F3,200000,200000,7297,1,2,0.0364851292673658,0.036485,,4
F4,100000,100000,6063,1,2,0.06063249040667207,0.06063,,4
F5,50000,50000,1471,1,2,0.0294196678796228,0.02942,,5
F6,50000,50000,6853,1,2,0.13705505326318423,0.13706,,4
F7,400000,400000,2300,1,2,0.005749017431076919,0.00575,,7
F8,200000,200000,11429,1,2,0.057145676568409964,0.057145,,5
F9,100000,100000,6223,1,2,0.062230039697370954,0.06223,,7
F10,400000,400000,7693,1,2,0.019232423095543072,0.0192325,,3
F11,400000,400000,5421,1,2,0.013551571974959153,0.0135525,,5
F12,400000,400000,4095,1,2,0.010237318173070942,0.0102375,,4
F13,50000,50000,2195,1,2,0.04390069534085517,0.0439,,6
F14,100000,100000,7219,1,2,0.07219022216984639,0.07219,,1
F15,100000,100000,3253,1,2,0.032530028889697804,0.03253,,1
F16,400000,400000,10929,1,2,0.027323199107260332,0.0273225,,3
F17,400000,400000,9442,1,2,0.023604669465645434,0.023605,,2
F18,400000,400000,3545,1,2,0.008863236629321758,0.0088625,,5
F19,200000,200000,7340,1,2,0.036701923956264926,0.0367,,7
F20,100000,100000,7957,1,2,0.07957310742479651,0.07957,,4
F21,400000,400000,1133,1,2,0.002831848627906197,0.0028325,,3
F22,50000,50000,6779,1,2,0.13558280120455035,0.13558,,7
F23,200000,200000,1208,1,2,0.00603900661001891,0.00604,,2
F24,100000,100000,7273,1,2,0.07272501719811318,0.07273,,4
F25,400000,400000,2005,1,2,0.005013261371368469,0.0050125,,1
F26,400000,400000,3082,1,2,0.007704082588664077,0.007705,,6
F27,400000,400000,1218,1,2,0.0030456935062165985,0.003045,,4
F28,400000,400000,5043,1,2,0.012607224940337863,0.0126075,,1
F29,400000,400000,600,1,2,0.0004802958633890672,0.0015,,4
F30,400000,400000,5179,1,2,0.012946983828914235,0.0129475,,2
F31,400000,400000,6171,1,2,0.015426303752149595,0.0154275,,7
F32,400000,400000,4202,1,2,0.010506005971465431,0.010505,,6
