Flow,Period,Deadline,Execution Time,w,h,Target_Utilization,Actual_Utilization,Utilization_Error,Queue
F1,50000,50000,723,1,2,0.014459744080768777,0.01446,,4
F2,200000,200000,7590,1,2,0.03795062936271254,0.03795,,2
F3,400000,400000,655,1,2,0.001636550686928251,0.0016375,,3
F4,100000,100000,2515,1,2,0.02515016874353937,0.02515,,7
F5,200000,200000,6270,1,2,0.03135064188865466,0.03135,,4
F6,100000,100000,1280,1,2,0.012800761165930874,0.0128,,6
F7,50000,50000,3646,1,2,0.07292173566320692,0.07292,,2
F8,400000,400000,718,1,2,0.0017951827631147443,0.001795,,4
F9,400000,400000,11226,1,2,0.028066240270795517,0.028065,,1
F10,400000,400000,1356,1,2,0.0033903139913974423,0.00339,,7
F11,400000,400000,2869,1,2,0.007172757291146525,0.0071725,,2
F12,200000,200000,6278,1,2,0.031392445413836345,0.03139,,7
F13,200000,200000,7493,1,2,0.03746426209031095,0.037465,,3
F14,400000,400000,2191,1,2,0.005478085130794841,0.0054775,,3
F15,100000,100000,7061,1,2,0.07060823517055703,0.07061,,1
F16,400000,400000,10084,1,2,0.025211186130486674,0.02521,,5
F17,100000,100000,663,1,2,0.00663010945295317,0.00663,,1
F18,100000,100000,6726,1,2,0.06726359161592743,0.06726,,7
F19,50000,50000,7302,1,2,0.14604787680546016,0.14604,,1
F20,200000,200000,9741,1,2,0.04870741539871137,0.048705,,1
F21,100000,100000,1723,1,2,0.017230980900187765,0.01723,,6
F22,400000,400000,10369,1,2,0.02592214054337444,0.0259225,,3
F23,200000,200000,10759,1,2,0.05379329072616612,0.053795,,3
F24,200000,200000,10951,1,2,0.05475707683363207,0.054755,,2
F25,200000,200000,7447,1,2,0.037235132264052506,0.037235,,5
F26,100000,100000,4585,1,2,0.045850613361963666,0.04585,,7
F27,100000,100000,9521,1,2,0.0952108872688843,0.09521,,3
F28,400000,400000,2523,1,2,0.006306530970007648,0.0063075,,5
F29,400000,400000,11245,1,2,0.028113568375725956,0.0281125,,2
F30,400000,400000,893,1,2,0.0022332639736808435,0.0022325,,7
F31,200000,200000,6755,1,2,0.03377649735787681,0.033775,,1
F32,200000,200000,10662,1,2,0.05331208252436421,0.05331,,5
