Flow,Period,Deadline,Execution Time,w,h,Target_Utilization,Actual_Utilization,Utilization_Error,Queue
F1,400000,400000,3701,1,2,0.00925202376825296,0.0092525,,3
F2,200000,200000,7607,1,2,0.038032774766981525,0.038035,,5
F3,100000,100000,1130,1,2,0.011300559010819722,0.0113,,6
F4,400000,400000,5993,1,2,0.014982019690005455,0.0149825,,1
F5,400000,400000,8423,1,2,0.021057124639752622,0.0210575,,3
F6,400000,400000,7967,1,2,0.01991812383837477,0.0199175,,5
F7,400000,400000,11965,1,2,0.029913625645967112,0.0299125,,6
F8,200000,200000,11719,1,2,0.05859448826189051,0.058595,,7
F9,100000,100000,9953,1,2,0.09952690860488189,0.09953,,6
F10,200000,200000,9761,1,2,0.04880553301996149,0.048805,,5
F11,200000,200000,1766,1,2,0.008830086593253128,0.00883,,6
F12,200000,200000,7165,1,2,0.03582629133133475,0.035825,,7
F13,400000,400000,2485,1,2,0.0062131507064562275,0.0062125,,4
F14,400000,400000,877,1,2,0.002193702923864338,0.0021925,,5
F15,400000,400000,1133,1,2,0.0028329565950923064,0.0028325,,1
F16,50000,50000,1573,1,2,0.03145778992514714,0.03146,,1
F17,400000,400000,759,1,2,0.0018976711052700601,0.0018975,,1
F18,400000,400000,1027,1,2,0.002566916792825724,0.0025675,,5
F19,50000,50000,4269,1,2,0.08537896032213677,0.08538,,5
F20,200000,200000,9035,1,2,0.04517430420927315,0.045175,,6
F21,400000,400000,4520,1,2,0.011300407746770769,0.0113,,2
F22,50000,50000,6532,1,2,0.13064815450687756,0.13064,,6
F23,200000,200000,9977,1,2,0.049885943765599516,0.049885,,5
F24,400000,400000,10189,1,2,0.025472517251760807,0.0254725,,4
F25,200000,200000,2590,1,2,0.012949337639604486,0.01295,,7
F26,200000,200000,9755,1,2,0.04877596655482985,0.048775,,7
F27,50000,50000,6273,1,2,0.1254692831079379,0.12546,,6
F28,400000,400000,8717,1,2,0.02179254235374234,0.0217925,,2
F29,400000,400000,6538,1,2,0.016344314821578776,0.016345,,4
F30,100000,100000,8360,1,2,0.0836044937980637,0.0836,,6
F31,200000,200000,8150,1,2,0.040751177276551774,0.04075,,3
F32,100000,100000,653,1,2,0.006529569022599413,0.00653,,7
