Flow,Period,Deadline,Execution Time,w,h,Target_Utilization,Actual_Utilization,Utilization_Error,Queue
F1,50000,50000,6426,1,2,0.12851523361677542,0.12852,,7
F2,400000,400000,4343,1,2,0.010856284512625325,0.0108575,,3
F3,100000,100000,682,1,2,0.006820054025141409,0.00682,,5
F4,100000,100000,6866,1,2,0.0686587542346132,0.06866,,5
F5,100000,100000,7613,1,2,0.07612927018350979,0.07613,,5
F6,400000,400000,1845,1,2,0.004611641856605453,0.0046125,,2
F7,400000,400000,600,1,2,0.0002892203487177003,0.0015,,1
F8,50000,50000,1994,1,2,0.039878216643095654,0.03988,,2
F9,400000,400000,8740,1,2,0.02184907163014227,0.02185,,2
F10,100000,100000,4467,1,2,0.04466802497938238,0.04467,,5
F11,400000,400000,5683,1,2,0.014206857201516376,0.0142075,,2
F12,100000,100000,5504,1,2,0.05504023774543387,0.05504,,1
F13,400000,400000,600,1,2,0.0011810261776178388,0.0015,,7
F14,100000,100000,6507,1,2,0.06507352858833515,0.06507,,4
F15,400000,400000,10455,1,2,0.026136556657716414,0.0261375,,5
F16,200000,200000,10851,1,2,0.054254578687723765,0.054255,,7
F17,50000,50000,6760,1,2,0.13519938778792034,0.1352,,2
F18,100000,100000,3295,1,2,0.03295073556071004,0.03295,,3
F19,400000,400000,8618,1,2,0.021544565151619288,0.021545,,4
F20,200000,200000,6100,1,2,0.030500597388911754,0.0305,,1
F21,400000,400000,2936,1,2,0.007339588678892395,0.00734,,4
F22,50000,50000,3513,1,2,0.07026169787075034,0.07026,,2
F23,400000,400000,8654,1,2,0.021635313669233075,0.021635,,3
F24,100000,100000,6843,1,2,0.06842923835829666,0.06843,,2
F25,400000,400000,3007,1,2,0.007517094275288641,0.0075175,,7
F26,400000,400000,10739,1,2,0.026846496174746423,0.0268475,,7
F27,400000,400000,3085,1,2,0.0077127467336353395,0.0077125,,1
F28,400000,400000,5685,1,2,0.014212338261443275,0.0142125,,5
F29,200000,200000,4314,1,2,0.021571149953870314,0.02157,,1
F30,400000,400000,600,1,2,0.00033075200965976964,0.0015,,4
F31,200000,200000,5383,1,2,0.026914755555138493,0.026915,,4
F32,50000,50000,926,1,2,0.018519073908280313,0.01852,,7
