Flow,Period,Deadline,Execution Time,w,h,Target_Utilization,Actual_Utilization,Utilization_Error,Queue
F1,400000,400000,3220,1,2,0.008051225443161947,0.00805,,2
F2,50000,50000,3791,1,2,0.07582246492132172,0.07582,,6
F3,400000,400000,1664,1,2,0.004159198577621481,0.00416,,2
F4,400000,400000,6167,1,2,0.015418696540390409,0.0154175,,7
F5,100000,100000,9069,1,2,0.09068906127317256,0.09069,,5
F6,100000,100000,7598,1,2,0.07598081248986754,0.07598,,1
F7,50000,50000,4068,1,2,0.0813557051438718,0.08136,,1
F8,400000,400000,4649,1,2,0.01162372469859263,0.0116225,,3
F9,400000,400000,9517,1,2,0.023791261978013623,0.0237925,,1
F10,400000,400000,7717,1,2,0.019292150706719302,0.0192925,,2
F11,400000,400000,602,1,2,0.0015045378672069454,0.001505,,4
F12,200000,200000,9473,1,2,0.04736394310173353,0.047365,,2
F13,200000,200000,11414,1,2,0.05706778346075714,0.05707,,3
F14,400000,400000,5141,1,2,0.012852592446576883,0.0128525,,5
F15,200000,200000,7958,1,2,0.03978813700854855,0.03979,,6
F16,400000,400000,11431,1,2,0.02857772952912241,0.0285775,,7
F17,200000,200000,1368,1,2,0.006838786886389392,0.00684,,6
F18,400000,400000,2655,1,2,0.006637934284705493,0.0066375,,6
F19,400000,400000,1557,1,2,0.003892622491835973,0.0038925,,3
F20,50000,50000,1561,1,2,0.0312210156918295,0.03122,,5
F21,200000,200000,8172,1,2,0.04086151877329658,0.04086,,1
F22,50000,50000,7804,1,2,0.15607490658254353,0.15608,,3
F23,400000,400000,9205,1,2,0.023012185963554643,0.0230125,,3
F24,200000,200000,6457,1,2,0.03228656676747102,0.032285,,3
F25,100000,100000,7689,1,2,0.0768855221529206,0.07689,,5
F26,400000,400000,11073,1,2,0.02768352402767843,0.0276825,,6
F27,400000,400000,6567,1,2,0.016418687330121,0.0164175,,1
F28,400000,400000,600,1,2,0.001453672320578664,0.0015,,2
F29,200000,200000,6391,1,2,0.03195635359196217,0.031955,,2
F30,200000,200000,8176,1,2,0.0408806820411416,0.04088,,7
F31,200000,200000,8523,1,2,0.04261652686275485,0.042615,,5
F32,400000,400000,1283,1,2,0.0032085867393896765,0.0032075,,5
