Flow,Period,Deadline,Execution Time,w,h,Target_Utilization,Actual_Utilization,Utilization_Error,Queue
F1,400000,400000,6639,1,2,0.016598645890715247,0.0165975,,4
F2,200000,200000,2213,1,2,0.01106425402562139,0.011065,,5
F3,200000,200000,1943,1,2,0.009714878668080296,0.009715,,4
F4,400000,400000,936,1,2,0.002339286836478216,0.00234,,2
F5,200000,200000,6192,1,2,0.030958066000244644,0.03096,,7
F6,50000,50000,4917,1,2,0.0983448573050133,0.09834,,5
F7,400000,400000,8839,1,2,0.022096297971178736,0.0220975,,7
F8,100000,100000,7584,1,2,0.07584321366518154,0.07584,,3
F9,400000,400000,2483,1,2,0.006207440868634118,0.0062075,,2
F10,400000,400000,10313,1,2,0.02578318804576074,0.0257825,,1
F11,400000,400000,6396,1,2,0.01598971212369582,0.01599,,2
F12,200000,200000,9965,1,2,0.049826798924934135,0.049825,,4
F13,100000,100000,8267,1,2,0.0826707482205763,0.08267,,6
F14,200000,200000,11881,1,2,0.059407297742077425,0.059405,,5
F15,400000,400000,1080,1,2,0.002700256909914378,0.0027,,7
F16,400000,400000,5057,1,2,0.012643416240326721,0.0126425,,3
F17,100000,100000,7883,1,2,0.0788283633790845,0.07883,,5
F18,400000,400000,2519,1,2,0.006297563209125889,0.0062975,,7
F19,200000,200000,11263,1,2,0.05631353427899183,0.056315,,6
F20,100000,100000,11385,1,2,0.11384575663888896,0.11385,,6
F21,400000,400000,11935,1,2,0.02983860352417861,0.0298375,,5
F22,200000,200000,2237,1,2,0.011185906226831743,0.011185,,7
F23,100000,100000,9073,1,2,0.09072594909151041,0.09073,,6
F24,400000,400000,9634,1,2,0.024083787359901604,0.024085,,3
F25,200000,200000,6169,1,2,0.030845843753083746,0.030845,,6
F26,400000,400000,4194,1,2,0.010484995089065113,0.010485,,1
F27,400000,400000,7547,1,2,0.018867025640254803,0.0188675,,5
F28,400000,400000,4410,1,2,0.011025189038874394,0.011025,,6
F29,100000,100000,10069,1,2,0.10069081636813285,0.10069,,6
F30,200000,200000,3761,1,2,0.01880528129275972,0.018805,,1
F31,400000,400000,3301,1,2,0.00825357748863792,0.0082525,,3
F32,400000,400000,7530,1,2,0.018825149654945104,0.018825,,6
