Flow,Period,Deadline,Execution Time,w,h,Target_Utilization,Actual_Utilization,Utilization_Error,Queue
F1,400000,400000,4168,1,2,0.010418886290840534,0.01042,,2
F2,400000,400000,1605,1,2,0.004013128238067543,0.0040125,,1
F3,400000,400000,11843,1,2,0.02960815181855181,0.0296075,,4
F4,400000,400000,4517,1,2,0.011292478734058253,0.0112925,,6
F5,400000,400000,8469,1,2,0.021171533415765165,0.0211725,,5
F6,400000,400000,4557,1,2,0.011392915855432006,0.0113925,,1
F7,400000,400000,2983,1,2,0.007457133878519651,0.0074575,,6
F8,100000,100000,11281,1,2,0.1128122379941836,0.11281,,7
F9,400000,400000,9637,1,2,0.02409335592754469,0.0240925,,6
F10,200000,200000,9568,1,2,0.047841873277731595,0.04784,,2
F11,200000,200000,1734,1,2,0.00867103688688986,0.00867,,1
F12,100000,100000,3569,1,2,0.03569148277428158,0.03569,,7
F13,400000,400000,4218,1,2,0.010544987825434449,0.010545,,4
F14,400000,400000,1064,1,2,0.0026611670721381486,0.00266,,7
F15,50000,50000,3012,1,2,0.060237042613111025,0.06024,,7
F16,50000,50000,5653,1,2,0.11306385637997851,0.11306,,4
F17,100000,100000,3304,1,2,0.03304103805384051,0.03304,,1
F18,50000,50000,8904,1,2,0.17808754384276093,0.17808,,4
F19,400000,400000,2595,1,2,0.006488447291969512,0.0064875,,4
F20,200000,200000,8949,1,2,0.044743800507123344,0.044745,,4
F21,400000,400000,600,1,2,0.0009328698664304858,0.0015,,6
F22,100000,100000,9594,1,2,0.09594014428553127,0.09594,,4
F23,200000,200000,8859,1,2,0.04429732717824236,0.044295,,6
F24,50000,50000,4447,1,2,0.08894329128933187,0.08894,,5
F25,400000,400000,6401,1,2,0.016003413745159775,0.0160025,,7
F26,400000,400000,2707,1,2,0.006767216673761942,0.0067675,,5
F27,400000,400000,2335,1,2,0.005838391418196517,0.0058375,,2
F28,100000,100000,4272,1,2,0.04272110494949827,0.04272,,5
F29,400000,400000,4415,1,2,0.01103725778090428,0.0110375,,3
F30,200000,200000,1195,1,2,0.005974925015198203,0.005975,,3
F31,200000,200000,6534,1,2,0.032671484975242936,0.03267,,2
F32,400000,400000,3717,1,2,0.00929296809463963,0.0092925,,7
