Flow,Period,Deadline,Execution Time,w,h,Target_Utilization,Actual_Utilization,Utilization_Error,Queue
F1,400000,400000,3711,1,2,0.009277844104750965,0.0092775,,7
F2,400000,400000,3915,1,2,0.009787807139881366,0.0097875,,3
F3,400000,400000,5229,1,2,0.01307343972121866,0.0130725,,5
F4,50000,50000,3488,1,2,0.06975999808448896,0.06976,,1
F5,400000,400000,1105,1,2,0.0027624597558395525,0.0027625,,2
F6,100000,100000,3411,1,2,0.03411118372764266,0.03411,,3
F7,100000,100000,3139,1,2,0.03139171156737808,0.03139,,7
F8,400000,400000,2176,1,2,0.005439055583205565,0.00544,,4
F9,400000,400000,2356,1,2,0.005889424058817316,0.00589,,2
F10,400000,400000,6733,1,2,0.016831831046388857,0.0168325,,7
F11,200000,200000,10142,1,2,0.05071095926107827,0.05071,,4
F12,100000,100000,8275,1,2,0.08274730650510076,0.08275,,4
F13,400000,400000,6129,1,2,0.015321390629336462,0.0153225,,3
F14,100000,100000,8860,1,2,0.08860079271767729,0.0886,,3
F15,100000,100000,11161,1,2,0.11161279608644126,0.11161,,4
F16,100000,100000,8153,1,2,0.08152653342723482,0.08153,,1
F17,200000,200000,829,1,2,0.004144130616351882,0.004145,,4
F18,50000,50000,2193,1,2,0.0438613767685041,0.04386,,3
F19,100000,100000,6859,1,2,0.06858582966133414,0.06859,,3
F20,200000,200000,2943,1,2,0.014714776977279131,0.014715,,6
F21,100000,100000,8085,1,2,0.08084547013567633,0.08085,,3
F22,200000,200000,8397,1,2,0.041983015027789394,0.041985,,4
F23,200000,200000,9516,1,2,0.04758127742676188,0.04758,,1
F24,400000,400000,2875,1,2,0.007188282402423446,0.0071875,,1
F25,200000,200000,2980,1,2,0.014900005236633374,0.0149,,4
F26,400000,400000,6385,1,2,0.01596282414503916,0.0159625,,1
F27,200000,200000,8099,1,2,0.04049251014041347,0.040495,,1
F28,400000,400000,9237,1,2,0.023091976826053434,0.0230925,,2
F29,100000,100000,2199,1,2,0.021990569531512377,0.02199,,2
F30,50000,50000,3992,1,2,0.07983918038472643,0.07984,,4
F31,400000,400000,2027,1,2,0.005067265040470656,0.0050675,,6
F32,200000,200000,7553,1,2,0.037762858743735174,0.037765,,4
