Flow,Period,Deadline,Execution Time,w,h,Target_Utilization,Actual_Utilization,Utilization_Error,Queue
F1,200000,200000,9863,1,2,0.04931361076991836,0.049315,,1
F2,50000,50000,5629,1,2,0.11258111242858371,0.11258,,2
F3,100000,100000,6991,1,2,0.06990850513906821,0.06991,,6
F4,200000,200000,2656,1,2,0.013279805433357716,0.01328,,6
F5,100000,100000,661,1,2,0.006611035075955063,0.00661,,4
F6,200000,200000,8653,1,2,0.043265175461604355,0.043265,,7
F7,200000,200000,1914,1,2,0.009569590459510113,0.00957,,2
F8,400000,400000,1739,1,2,0.004348221644181582,0.0043475,,3
F9,400000,400000,600,1,2,0.0007531513486137564,0.0015,,4
F10,100000,100000,4596,1,2,0.04595921040866169,0.04596,,5
F11,400000,400000,11981,1,2,0.029952961492408336,0.0299525,,6
F12,400000,400000,3921,1,2,0.009803135129672125,0.0098025,,7
F13,200000,200000,7839,1,2,0.03919255534185351,0.039195,,3
F14,400000,400000,6434,1,2,0.01608418736671824,0.016085,,4
F15,400000,400000,10891,1,2,0.02722826278385926,0.0272275,,2
F16,400000,400000,6417,1,2,0.01604193343222171,0.0160425,,1
F17,400000,400000,7954,1,2,0.0198843870622758,0.019885,,6
F18,200000,200000,8689,1,2,0.043444939356798606,0.043445,,2
F19,400000,400000,8475,1,2,0.021188579326656853,0.0211875,,3
F20,100000,100000,5116,1,2,0.051161714760384114,0.05116,,7
F21,400000,400000,8872,1,2,0.022179276057282205,0.02218,,1
F22,200000,200000,8059,1,2,0.040293174871309456,0.040295,,1
F23,400000,400000,3832,1,2,0.009579907840336244,0.00958,,3
F24,100000,100000,8509,1,2,0.08508749897535306,0.08509,,7
F25,400000,400000,9563,1,2,0.0239083548932702,0.0239075,,7
F26,200000,200000,1977,1,2,0.009885939779676112,0.009885,,5
F27,200000,200000,9385,1,2,0.046925776281116716,0.046925,,3
F28,100000,100000,4625,1,2,0.04625011333153342,0.04625,,4
F29,400000,400000,10050,1,2,0.025124182285073626,0.025125,,5
F30,100000,100000,11101,1,2,0.1110095472257551,0.11101,,6
F31,100000,100000,7803,1,2,0.07802748158443484,0.07803,,2
F32,400000,400000,11653,1,2,0.029131629374141595,0.0291325,,4
