Flow,Period,Deadline,Execution Time,w,h,Target_Utilization,Actual_Utilization,Utilization_Error,Queue
F1,200000,200000,8994,1,2,0.04497069457267622,0.04497,,3
F2,200000,200000,5243,1,2,0.026213949181026486,0.026215,,1
F3,400000,400000,5609,1,2,0.014023239249140396,0.0140225,,6
F4,100000,100000,11015,1,2,0.11015096283224746,0.11015,,3
F5,100000,100000,6612,1,2,0.06612254886619473,0.06612,,2
F6,400000,400000,11929,1,2,0.029821845803249092,0.0298225,,7
F7,400000,400000,11668,1,2,0.029169168482266805,0.02917,,4
F8,200000,200000,4159,1,2,0.020795862481141958,0.020795,,4
F9,200000,200000,8472,1,2,0.04235842714741711,0.04236,,2
F10,200000,200000,8987,1,2,0.04493748004073117,0.044935,,2
F11,400000,400000,5363,1,2,0.013408027069229944,0.0134075,,3
F12,400000,400000,9766,1,2,0.024415640103155556,0.024415,,7
F13,200000,200000,10716,1,2,0.05358177757374327,0.05358,,3
F14,400000,400000,6841,1,2,0.01710257820772032,0.0171025,,1
F15,200000,200000,6817,1,2,0.034086916712946835,0.034085,,4
F16,400000,400000,11691,1,2,0.02922857534417289,0.0292275,,2
F17,200000,200000,9576,1,2,0.04788069871058809,0.04788,,2
F18,400000,400000,1783,1,2,0.004456832313258774,0.0044575,,4
F19,200000,200000,10931,1,2,0.054654160281903064,0.054655,,3
F20,200000,200000,10751,1,2,0.053753769368500404,0.053755,,2
F21,100000,100000,8101,1,2,0.08100902977529262,0.08101,,3
F22,400000,400000,9740,1,2,0.024350571212955863,0.02435,,2
F23,100000,100000,8416,1,2,0.08416060538924264,0.08416,,2
F24,50000,50000,7240,1,2,0.14480465982579957,0.1448,,2
F25,400000,400000,3417,1,2,0.00854128036067639,0.0085425,,2
F26,100000,100000,4283,1,2,0.042831718851051054,0.04283,,4
F27,200000,200000,8490,1,2,0.04245081495133708,0.04245,,3
F28,50000,50000,1690,1,2,0.03379796258448172,0.0338,,3
F29,400000,400000,600,1,2,0.000806979843680472,0.0015,,6
F30,400000,400000,2435,1,2,0.006088701660160067,0.0060875,,1
F31,100000,100000,1113,1,2,0.011130949759221687,0.01113,,7
F32,400000,400000,10319,1,2,0.02579662155926806,0.0257975,,3
