Flow,Period,Deadline,Execution Time,w,h,Target_Utilization,Actual_Utilization,Utilization_Error,Queue
F1,200000,200000,9064,1,2,0.04531885052852136,0.04532,,3
F2,200000,200000,4103,1,2,0.020515719253958675,0.020515,,1
F3,200000,200000,6237,1,2,0.03118367192721494,0.031185,,3
F4,400000,400000,1555,1,2,0.003886694235324395,0.0038875,,1
F5,200000,200000,8991,1,2,0.04495514065025641,0.044955,,2
F6,400000,400000,10533,1,2,0.026331323303116605,0.0263325,,2
F7,50000,50000,3948,1,2,0.07895632133902897,0.07896,,2
F8,200000,200000,4155,1,2,0.020774533507544768,0.020775,,7
F9,100000,100000,9494,1,2,0.09493938363277221,0.09494,,2
F10,400000,400000,2957,1,2,0.007392371315930957,0.0073925,,7
F11,200000,200000,10827,1,2,0.05413551958390861,0.054135,,4
F12,100000,100000,11166,1,2,0.11166016509562782,0.11166,,3
F13,100000,100000,3863,1,2,0.03863069933739183,0.03863,,3
F14,100000,100000,3298,1,2,0.032981993904763085,0.03298,,4
F15,400000,400000,4435,1,2,0.011087734928595938,0.0110875,,5
F16,100000,100000,5751,1,2,0.05750822386180254,0.05751,,2
F17,200000,200000,8854,1,2,0.044269250287900075,0.04427,,5
F18,400000,400000,4651,1,2,0.011627526363890528,0.0116275,,3
F19,100000,100000,4200,1,2,0.04199864304330281,0.042,,4
F20,200000,200000,1840,1,2,0.009200031002002174,0.0092,,4
F21,400000,400000,10383,1,2,0.02595700509500032,0.0259575,,5
F22,50000,50000,966,1,2,0.019319592340967584,0.01932,,6
F23,100000,100000,3755,1,2,0.0375486695477395,0.03755,,5
F24,400000,400000,5087,1,2,0.012718576583148844,0.0127175,,2
F25,50000,50000,4676,1,2,0.09351603316200341,0.09352,,3
F26,400000,400000,1069,1,2,0.002672546711622259,0.0026725,,1
F27,200000,200000,7545,1,2,0.03772561858195542,0.037725,,2
F28,100000,100000,6056,1,2,0.06056385134490733,0.06056,,3
F29,400000,400000,8674,1,2,0.021684628418862095,0.021685,,4
F30,100000,100000,9614,1,2,0.0961368613424348,0.09614,,2
F31,50000,50000,3057,1,2,0.061139933796317485,0.06114,,3
F32,400000,400000,957,1,2,0.0023931205497506533,0.0023925,,7
