Flow,Period,Deadline,Execution Time,w,h,Target_Utilization,Actual_Utilization,Utilization_Error,Queue
F1,100000,100000,5057,1,2,0.05056816501118733,0.05057,,6
F2,100000,100000,4462,1,2,0.04461966745250523,0.04462,,7
F3,50000,50000,9946,1,2,0.19891198319416892,0.19892,,2
F4,400000,400000,4066,1,2,0.010166017945582473,0.010165,,5
F5,50000,50000,3139,1,2,0.06277707544848032,0.06278,,7
F6,200000,200000,5365,1,2,0.026824928469241893,0.026825,,7
F7,100000,100000,7377,1,2,0.07376541960042371,0.07377,,2
F8,200000,200000,6351,1,2,0.03175633488272911,0.031755,,2
F9,200000,200000,6355,1,2,0.03177540479676555,0.031775,,6
F10,400000,400000,11498,1,2,0.028745378577495928,0.028745,,5
F11,400000,400000,4994,1,2,0.01248456934672959,0.012485,,2
F12,400000,400000,5715,1,2,0.014288081514706508,0.0142875,,4
F13,400000,400000,4133,1,2,0.010333640177430325,0.0103325,,4
F14,200000,200000,10989,1,2,0.05494594564595712,0.054945,,2
F15,400000,400000,647,1,2,0.0016183716333235676,0.0016175,,7
F16,200000,200000,1917,1,2,0.009584081465191185,0.009585,,1
F17,50000,50000,7701,1,2,0.15402733266944008,0.15402,,2
F18,200000,200000,6579,1,2,0.03289685497152611,0.032895,,3
F19,400000,400000,1123,1,2,0.002807426479611075,0.0028075,,7
F20,200000,200000,8895,1,2,0.044473154376708846,0.044475,,2
F21,200000,200000,2914,1,2,0.014570852784467792,0.01457,,2
F22,200000,200000,1913,1,2,0.00956502171359186,0.009565,,6
F23,100000,100000,3577,1,2,0.035771752373496,0.03577,,5
F24,200000,200000,6301,1,2,0.03150564391375438,0.031505,,4
F25,50000,50000,5587,1,2,0.11173672181190977,0.11174,,6
F26,400000,400000,5338,1,2,0.01334610886326057,0.013345,,1
F27,400000,400000,8673,1,2,0.021683247824068247,0.0216825,,3
F28,200000,200000,7232,1,2,0.036161951693130884,0.03616,,6
F29,400000,400000,7414,1,2,0.018534536392076598,0.018535,,6
F30,100000,100000,5548,1,2,0.05547808903669938,0.05548,,7
F31,400000,400000,1813,1,2,0.004531522481622384,0.0045325,,3
F32,200000,200000,6696,1,2,0.03348050754190009,0.03348,,7
