Flow,Period,Deadline,Execution Time,w,h,Target_Utilization,Actual_Utilization,Utilization_Error,Queue
F1,400000,400000,8818,1,2,0.02204491455176627,0.022045,,4
F2,200000,200000,3089,1,2,0.015445491560816205,0.015445,,3
F3,400000,400000,4363,1,2,0.01090737718977941,0.0109075,,3
F4,100000,100000,2043,1,2,0.020430955066636836,0.02043,,2
F5,200000,200000,11509,1,2,0.057543540025254636,0.057545,,7
F6,200000,200000,875,1,2,0.004375414954961299,0.004375,,7
F7,100000,100000,6157,1,2,0.06156600090953934,0.06157,,3
F8,100000,100000,6371,1,2,0.0637124821120384,0.06371,,1
F9,200000,200000,6511,1,2,0.03255653331186348,0.032555,,2
F10,400000,400000,11694,1,2,0.029235216017566623,0.029235,,5
F11,50000,50000,7055,1,2,0.14109117007632932,0.1411,,2
F12,200000,200000,6405,1,2,0.032027337044363224,0.032025,,3
F13,200000,200000,5709,1,2,0.028546123115650524,0.028545,,1
F14,400000,400000,1593,1,2,0.0039836350620070515,0.0039825,,3
F15,200000,200000,8781,1,2,0.0439031534946035,0.043905,,7
F16,400000,400000,2718,1,2,0.006795096606592055,0.006795,,6
F17,100000,100000,9230,1,2,0.09229954866394563,0.0923,,7
F18,50000,50000,2332,1,2,0.04664117441109028,0.04664,,5
F19,400000,400000,614,1,2,0.00153430869557869,0.001535,,1
F20,200000,200000,1850,1,2,0.009249859064802801,0.00925,,5
F21,400000,400000,4267,1,2,0.010666581197328662,0.0106675,,2
F22,400000,400000,4067,1,2,0.010166478686316704,0.0101675,,4
F23,200000,200000,8943,1,2,0.044712525803134784,0.044715,,4
F24,400000,400000,10113,1,2,0.02528300597860722,0.0252825,,6
F25,100000,100000,10243,1,2,0.10243264968074495,0.10243,,5
F26,400000,400000,2044,1,2,0.005109006080389833,0.00511,,1
F27,200000,200000,2769,1,2,0.013844768927074369,0.013845,,7
F28,400000,400000,600,1,2,0.0010683102886602236,0.0015,,7
F29,100000,100000,6233,1,2,0.06232868421939544,0.06233,,5
F30,200000,200000,10355,1,2,0.05177466882898074,0.051775,,2
F31,50000,50000,2555,1,2,0.05110109545745531,0.0511,,1
F32,50000,50000,7141,1,2,0.14282987785921825,0.14282,,3
