Flow,Period,Deadline,Execution Time,w,h,Target_Utilization,Actual_Utilization,Utilization_Error,Queue
F1,200000,200000,9723,1,2,0.048614722606495464,0.048615,,1
F2,200000,200000,2058,1,2,0.010290893307461468,0.01029,,2
F3,50000,50000,6228,1,2,0.12456401076637347,0.12456,,3
F4,100000,100000,9009,1,2,0.09009130527225717,0.09009,,3
F5,200000,200000,7526,1,2,0.03763186748079905,0.03763,,3
F6,400000,400000,600,1,2,0.0006058591755760956,0.0015,,5
F7,400000,400000,6201,1,2,0.01550355543164561,0.0155025,,6
F8,400000,400000,4209,1,2,0.010522877078590565,0.0105225,,6
F9,100000,100000,2154,1,2,0.02154078131739401,0.02154,,3
F10,400000,400000,850,1,2,0.0021261903716921493,0.002125,,1
F11,100000,100000,7279,1,2,0.072793793064579,0.07279,,3
F12,50000,50000,3721,1,2,0.07441903505767156,0.07442,,7
F13,50000,50000,1969,1,2,0.03937948926006096,0.03938,,6
F14,50000,50000,4860,1,2,0.09720009937421648,0.0972,,3
F15,400000,400000,9862,1,2,0.024654157454156445,0.024655,,5
F16,100000,100000,1173,1,2,0.011729724549961795,0.01173,,1
F17,100000,100000,11962,1,2,0.11962232223111796,0.11962,,3
F18,100000,100000,4063,1,2,0.04063202396501031,0.04063,,7
F19,200000,200000,6822,1,2,0.03410949555565079,0.03411,,5
F20,200000,200000,6097,1,2,0.030484949205014045,0.030485,,2
F21,400000,400000,9856,1,2,0.024639265661168308,0.02464,,7
F22,400000,400000,4919,1,2,0.012297071383820246,0.0122975,,4
F23,200000,200000,1108,1,2,0.005539329461779319,0.00554,,4
F24,400000,400000,1605,1,2,0.0040133576733472065,0.0040125,,7
F25,400000,400000,2374,1,2,0.0059345869888624,0.005935,,5
F26,400000,400000,5651,1,2,0.014126484636795111,0.0141275,,2
F27,400000,400000,11226,1,2,0.02806512588262633,0.028065,,1
F28,400000,400000,3802,1,2,0.009505268661025162,0.009505,,3
F29,100000,100000,8035,1,2,0.0803504180759394,0.08035,,2
F30,400000,400000,664,1,2,0.0016599126791970176,0.00166,,6
F31,200000,200000,10165,1,2,0.05082544057765559,0.050825,,2
F32,100000,100000,9521,1,2,0.09521114402120875,0.09521,,7
