Flow,Period,Deadline,Execution Time,w,h,Target_Utilization,Actual_Utilization,Utilization_Error,Queue
F1,200000,200000,1716,1,2,0.008580570688045519,0.00858,,5
F2,200000,200000,5106,1,2,0.025529663842118744,0.02553,,1
F3,200000,200000,11889,1,2,0.059444050961049655,0.059445,,4
F4,200000,200000,959,1,2,0.004795753594967644,0.004795,,4
F5,400000,400000,9317,1,2,0.02329255684658471,0.0232925,,3
F6,400000,400000,2463,1,2,0.0061574725663591234,0.0061575,,6
F7,200000,200000,2609,1,2,0.013045962334215178,0.013045,,5
F8,100000,100000,7633,1,2,0.07633138698735431,0.07633,,5
F9,100000,100000,7851,1,2,0.07851493084144057,0.07851,,3
F10,200000,200000,7159,1,2,0.035793074772325295,0.035795,,3
F11,100000,100000,5643,1,2,0.05643125977314045,0.05643,,1
F12,100000,100000,2716,1,2,0.027159948891157915,0.02716,,4
F13,200000,200000,3566,1,2,0.017829727471488033,0.01783,,3
F14,200000,200000,1648,1,2,0.008241022382453722,0.00824,,3
F15,100000,100000,10559,1,2,0.10559496725873996,0.10559,,1
F16,50000,50000,1071,1,2,0.021419133596774276,0.02142,,1
F17,200000,200000,9663,1,2,0.0483156506393142,0.048315,,5
F18,100000,100000,2262,1,2,0.022618792793003828,0.02262,,6
F19,400000,400000,600,1,2,0.0014605816132903238,0.0015,,1
F20,400000,400000,7765,1,2,0.019412754302489788,0.0194125,,7
F21,200000,200000,6965,1,2,0.0348245021430692,0.034825,,7
F22,200000,200000,11913,1,2,0.05956586849741352,0.059565,,3
F23,50000,50000,6174,1,2,0.12347258938313649,0.12348,,5
F24,400000,400000,5019,1,2,0.01254768104033388,0.0125475,,1
F25,50000,50000,6393,1,2,0.12786614343236075,0.12786,,3
F26,200000,200000,7757,1,2,0.03878562491199958,0.038785,,6
F27,200000,200000,4035,1,2,0.020176036900317273,0.020175,,4
F28,400000,400000,5016,1,2,0.012539175744198688,0.01254,,7
F29,400000,400000,5182,1,2,0.012954632275220396,0.012955,,4
F30,50000,50000,6479,1,2,0.12957445150798477,0.12958,,1
F31,400000,400000,7301,1,2,0.018251882846510775,0.0182525,,6
F32,100000,100000,2227,1,2,0.022269689766830504,0.02227,,5
