Flow,Period,Deadline,Execution Time,w,h,Target_Utilization,Actual_Utilization,Utilization_Error,Queue
F1,400000,400000,6191,1,2,0.01547829631963582,0.0154775,,3
F2,200000,200000,859,1,2,0.004295233683641486,0.004295,,2
F3,200000,200000,6951,1,2,0.034755927853662216,0.034755,,5
F4,100000,100000,11588,1,2,0.11588486509566942,0.11588,,3
F5,50000,50000,6553,1,2,0.13105927272464524,0.13106,,6
F6,400000,400000,5353,1,2,0.01338306575595416,0.0133825,,1
F7,50000,50000,3258,1,2,0.06515754252437833,0.06516,,4
F8,100000,100000,6793,1,2,0.06792556474692679,0.06793,,7
F9,200000,200000,5849,1,2,0.02924611586745418,0.029245,,2
F10,200000,200000,4361,1,2,0.021805933217994733,0.021805,,7
F11,400000,400000,8134,1,2,0.02033552153580276,0.020335,,6
F12,50000,50000,6106,1,2,0.12212310569286555,0.12212,,6
F13,50000,50000,9156,1,2,0.18311784900236022,0.18312,,3
F14,400000,400000,1229,1,2,0.0030718941487694607,0.0030725,,4
F15,100000,100000,3489,1,2,0.03489194110711741,0.03489,,1
F16,400000,400000,3083,1,2,0.007708504135977956,0.0077075,,6
F17,50000,50000,6174,1,2,0.12348707536662659,0.12348,,1
F18,100000,100000,1651,1,2,0.01650983060221492,0.01651,,5
F19,200000,200000,6995,1,2,0.034975803321946525,0.034975,,7
F20,100000,100000,1023,1,2,0.010229321887204601,0.01023,,5
F21,400000,400000,8459,1,2,0.021147331229080857,0.0211475,,1
F22,400000,400000,8491,1,2,0.02122751181433699,0.0212275,,3
F23,400000,400000,7447,1,2,0.018618315988038744,0.0186175,,2
F24,200000,200000,756,1,2,0.0037799424510710777,0.00378,,2
F25,400000,400000,928,1,2,0.0023201249737634794,0.00232,,7
F26,50000,50000,1580,1,2,0.03160185817200034,0.0316,,6
F27,400000,400000,3113,1,2,0.007782114496109847,0.0077825,,3
F28,400000,400000,5555,1,2,0.013888174535469405,0.0138875,,4
F29,400000,400000,725,1,2,0.0018135768886953785,0.0018125,,3
F30,400000,400000,1562,1,2,0.003905576093821299,0.003905,,4
F31,400000,400000,3188,1,2,0.007970613903771476,0.00797,,7
F32,200000,200000,3197,1,2,0.01598606294196152,0.015985,,7
