Flow,Period,Deadline,Execution Time,w,h,Target_Utilization,Actual_Utilization,Utilization_Error,Queue
F1,100000,100000,3950,1,2,0.03949873691439487,0.0395,,6
F2,400000,400000,11571,1,2,0.028927320272032375,0.0289275,,4
F3,100000,100000,3525,1,2,0.03524940332787896,0.03525,,3
F4,400000,400000,1581,1,2,0.003953086614686407,0.0039525,,2
F5,200000,200000,5469,1,2,0.027345755259608584,0.027345,,6
F6,200000,200000,11148,1,2,0.055740287724054705,0.05574,,3
F7,200000,200000,861,1,2,0.004306215636571853,0.004305,,6
F8,400000,400000,5846,1,2,0.014615446259750975,0.014615,,4
F9,100000,100000,6048,1,2,0.060478589167534014,0.06048,,2
F10,400000,400000,5383,1,2,0.013458725024769524,0.0134575,,3
F11,200000,200000,780,1,2,0.003900447339257651,0.0039,,3
F12,100000,100000,3634,1,2,0.036340061121212686,0.03634,,2
F13,200000,200000,8195,1,2,0.04097267837671381,0.040975,,4
F14,100000,100000,11251,1,2,0.11250918735432958,0.11251,,4
F15,50000,50000,1834,1,2,0.03667875512841112,0.03668,,7
F16,100000,100000,9305,1,2,0.0930461919582437,0.09305,,3
F17,50000,50000,8075,1,2,0.16149754933134525,0.1615,,3
F18,400000,400000,3454,1,2,0.00863606932655614,0.008635,,7
F19,400000,400000,600,1,2,0.000649340019716782,0.0015,,2
F20,100000,100000,1220,1,2,0.012200705252706723,0.0122,,5
F21,200000,200000,8489,1,2,0.04244632529188813,0.042445,,3
F22,200000,200000,11103,1,2,0.0555141325117251,0.055515,,4
F23,400000,400000,9457,1,2,0.02364198740399437,0.0236425,,1
F24,400000,400000,600,1,2,9.861604202821006e-05,0.0015,,6
F25,100000,100000,5493,1,2,0.05493119792923157,0.05493,,6
F26,200000,200000,1813,1,2,0.00906559148319025,0.009065,,4
F27,400000,400000,3724,1,2,0.009310372254824228,0.00931,,1
F28,50000,50000,2712,1,2,0.05423849759651134,0.05424,,2
F29,50000,50000,8000,1,2,0.1600016522365129,0.16,,3
F30,200000,200000,2782,1,2,0.013909764760970476,0.01391,,2
F31,400000,400000,1421,1,2,0.003553124594426138,0.0035525,,6
F32,400000,400000,9318,1,2,0.023295360939923796,0.023295,,7
