Flow,Period,Deadline,Execution Time,w,h,Target_Utilization,Actual_Utilization,Utilization_Error,Queue
F1,50000,50000,2950,1,2,0.05900207138248148,0.059,,1
F2,400000,400000,9131,1,2,0.02282806898590617,0.0228275,,5
F3,100000,100000,8255,1,2,0.08254611533303469,0.08255,,6
F4,400000,400000,3127,1,2,0.007817864193373047,0.0078175,,7
F5,50000,50000,8182,1,2,0.163630232600254,0.16364,,3
F6,400000,400000,4831,1,2,0.012076778221892681,0.0120775,,4
F7,100000,100000,8711,1,2,0.08711333530457888,0.08711,,1
F8,400000,400000,10354,1,2,0.025885684431217637,0.025885,,4
F9,200000,200000,1007,1,2,0.005035343585577667,0.005035,,5
F10,100000,100000,3005,1,2,0.03005056340439216,0.03005,,5
F11,400000,400000,8923,1,2,0.022308058625832294,0.0223075,,6
F12,400000,400000,5967,1,2,0.014916873997963043,0.0149175,,2
F13,200000,200000,9724,1,2,0.04861890293724591,0.04862,,7
F14,400000,400000,4714,1,2,0.011785599594387963,0.011785,,2
F15,100000,100000,10831,1,2,0.10831217547373695,0.10831,,3
F16,200000,200000,6466,1,2,0.032328211396076334,0.03233,,3
F17,200000,200000,6937,1,2,0.03468501459494572,0.034685,,6
F18,400000,400000,2603,1,2,0.006508706783944551,0.0065075,,1
F19,400000,400000,2072,1,2,0.0051809352095970596,0.00518,,6
F20,100000,100000,7306,1,2,0.07306392876872636,0.07306,,4
F21,200000,200000,9613,1,2,0.048065777843317226,0.048065,,4
F22,400000,400000,6103,1,2,0.015257462605901606,0.0152575,,3
F23,400000,400000,2675,1,2,0.006687291907249038,0.0066875,,4
F24,50000,50000,3090,1,2,0.06180120269011019,0.0618,,7
F25,200000,200000,9562,1,2,0.047807771479009414,0.04781,,2
F26,400000,400000,3850,1,2,0.009625675487619945,0.009625,,3
F27,400000,400000,11535,1,2,0.028838465648925088,0.0288375,,7
F28,400000,400000,9588,1,2,0.023969566508385665,0.02397,,1
F29,100000,100000,5846,1,2,0.058462067499640544,0.05846,,3
F30,100000,100000,5019,1,2,0.050189816453118374,0.05019,,6
F31,200000,200000,6559,1,2,0.03279559896003666,0.032795,,1
F32,200000,200000,3407,1,2,0.01703621775609998,0.017035,,7
