Flow,Period,Deadline,Execution Time,w,h,Target_Utilization,Actual_Utilization,Utilization_Error,Queue
F1,50000,50000,8736,1,2,0.17472845427912342,0.17472,,1
F2,200000,200000,3374,1,2,0.01686963739773173,0.01687,,7
F3,200000,200000,9004,1,2,0.045019334745321604,0.04502,,5
F4,100000,100000,6524,1,2,0.06523749872205553,0.06524,,7
F5,400000,400000,6537,1,2,0.016342856029642583,0.0163425,,3
F6,400000,400000,6335,1,2,0.015836787218460824,0.0158375,,4
F7,50000,50000,12000,1,2,0.26252637909592913,0.24,,5
F8,100000,100000,3446,1,2,0.03446013282419935,0.03446,,4
F9,400000,400000,4859,1,2,0.012147666247410482,0.0121475,,5
F10,100000,100000,1911,1,2,0.019110139618835675,0.01911,,6
F11,100000,100000,1542,1,2,0.015418807128272816,0.01542,,7
F12,200000,200000,10582,1,2,0.052912463610032434,0.05291,,2
F13,400000,400000,8639,1,2,0.02159647644062862,0.0215975,,1
F14,400000,400000,854,1,2,0.0021355372977976406,0.002135,,5
F15,200000,200000,8218,1,2,0.04108980754074848,0.04109,,1
F16,200000,200000,836,1,2,0.004179566136778667,0.00418,,4
F17,50000,50000,3209,1,2,0.0641761566795031,0.06418,,5
F18,200000,200000,3763,1,2,0.018814145130111815,0.018815,,5
F19,400000,400000,1231,1,2,0.0030784597375699274,0.0030775,,1
F20,400000,400000,6352,1,2,0.01587978404410867,0.01588,,2
F21,400000,400000,600,1,2,0.001073999914089907,0.0015,,6
F22,400000,400000,9883,1,2,0.02470644213083817,0.0247075,,3
F23,400000,400000,3082,1,2,0.007704416720091922,0.007705,,2
F24,400000,400000,4410,1,2,0.011023896327164717,0.011025,,1
F25,200000,200000,10017,1,2,0.050084370142647744,0.050085,,4
F26,200000,200000,7901,1,2,0.03950701229755857,0.039505,,6
F27,200000,200000,7359,1,2,0.03679708357255712,0.036795,,7
F28,400000,400000,3799,1,2,0.009498269959467981,0.0094975,,3
F29,100000,100000,3009,1,2,0.03009070223830186,0.03009,,2
F30,100000,100000,6301,1,2,0.06300815948759031,0.06301,,7
F31,400000,400000,5632,1,2,0.01408019457346258,0.01408,,6
F32,200000,200000,9507,1,2,0.047534129228656394,0.047535,,3
