Flow,Period,Deadline,Execution Time,w,h,Target_Utilization,Actual_Utilization,Utilization_Error,Queue
F1,200000,200000,9592,1,2,0.04795943024875138,0.04796,,1
F2,200000,200000,4815,1,2,0.024075767894631506,0.024075,,1
F3,400000,400000,1863,1,2,0.004656593816389831,0.0046575,,3
F4,200000,200000,1346,1,2,0.00672904666436458,0.00673,,6
F5,400000,400000,9186,1,2,0.02296409327701565,0.022965,,7
F6,200000,200000,8081,1,2,0.04040715380891258,0.040405,,5
F7,400000,400000,8349,1,2,0.020871857668817162,0.0208725,,3
F8,400000,400000,3479,1,2,0.008697119146142906,0.0086975,,4
F9,50000,50000,4593,1,2,0.09185604877130737,0.09186,,4
F10,50000,50000,1545,1,2,0.03090123252506516,0.0309,,3
F11,400000,400000,4839,1,2,0.012097078359745495,0.0120975,,2
F12,100000,100000,7349,1,2,0.07348862900068143,0.07349,,4
F13,100000,100000,2635,1,2,0.0263501994349985,0.02635,,6
F14,400000,400000,6267,1,2,0.015668253267165144,0.0156675,,1
F15,400000,400000,8463,1,2,0.021157326482860173,0.0211575,,4
F16,200000,200000,6432,1,2,0.03216016007403577,0.03216,,4
F17,100000,100000,6519,1,2,0.06518508109739041,0.06519,,5
F18,50000,50000,6228,1,2,0.12455482125878203,0.12456,,4
F19,400000,400000,694,1,2,0.0017341221580383648,0.001735,,7
F20,400000,400000,10951,1,2,0.027378593012596042,0.0273775,,2
F21,100000,100000,7717,1,2,0.0771683284989611,0.07717,,1
F22,200000,200000,11110,1,2,0.05554978114478526,0.05555,,2
F23,200000,200000,7765,1,2,0.03882270885786776,0.038825,,1
F24,100000,100000,4065,1,2,0.04065122827817441,0.04065,,6
F25,100000,100000,6560,1,2,0.06560239666697132,0.0656,,6
F26,200000,200000,9076,1,2,0.04538053584581089,0.04538,,2
F27,400000,400000,9751,1,2,0.02437820488151618,0.0243775,,5
F28,100000,100000,8187,1,2,0.08186788503389655,0.08187,,2
F29,100000,100000,1988,1,2,0.019880648238097418,0.01988,,5
F30,100000,100000,888,1,2,0.008880341602065092,0.00888,,6
F31,200000,200000,9246,1,2,0.046228006555822716,0.04623,,4
F32,400000,400000,3006,1,2,0.007513874154650899,0.007515,,7
