Flow,Period,Deadline,Execution Time,w,h,Target_Utilization,Actual_Utilization,Utilization_Error,Queue
F1,400000,400000,5145,1,2,0.01286225528417595,0.0128625,,6
F2,200000,200000,6607,1,2,0.03303739561996988,0.033035,,4
F3,100000,100000,7242,1,2,0.0724249958073584,0.07242,,2
F4,200000,200000,6995,1,2,0.034973963286666354,0.034975,,5
F5,200000,200000,11195,1,2,0.05597414946215662,0.055975,,1
F6,400000,400000,600,1,2,0.0005001442463923311,0.0015,,7
F7,400000,400000,2409,1,2,0.0060212547686253615,0.0060225,,2
F8,50000,50000,6473,1,2,0.12946344381722663,0.12946,,2
F9,400000,400000,10278,1,2,0.025693926812134338,0.025695,,2
F10,50000,50000,6931,1,2,0.13862405844532488,0.13862,,6
F11,400000,400000,4906,1,2,0.0122649319961875,0.012265,,7
F12,400000,400000,8218,1,2,0.020546173574757076,0.020545,,6
F13,100000,100000,5688,1,2,0.056878143932821534,0.05688,,3
F14,100000,100000,922,1,2,0.009218980712713987,0.00922,,3
F15,400000,400000,1530,1,2,0.0038239033880044238,0.003825,,4
F16,400000,400000,1722,1,2,0.004304871106828312,0.004305,,3
F17,100000,100000,4045,1,2,0.0404510621596712,0.04045,,4
F18,50000,50000,1878,1,2,0.03755774210377494,0.03756,,6
F19,100000,100000,10560,1,2,0.10560429487979545,0.1056,,3
F20,100000,100000,8951,1,2,0.08950874932142072,0.08951,,1
F21,50000,50000,3871,1,2,0.07742188406359146,0.07742,,4
F22,200000,200000,8190,1,2,0.04095191814800003,0.04095,,5
F23,50000,50000,3753,1,2,0.07506039316315852,0.07506,,6
F24,400000,400000,5243,1,2,0.013107139612801882,0.0131075,,1
F25,200000,200000,4861,1,2,0.02430517334044019,0.024305,,3
F26,200000,200000,4684,1,2,0.023420945359356377,0.02342,,7
F27,200000,200000,2227,1,2,0.011134922201048128,0.011135,,4
F28,100000,100000,6709,1,2,0.06709206432758506,0.06709,,7
F29,400000,400000,3123,1,2,0.0078074998400111326,0.0078075,,2
F30,100000,100000,2195,1,2,0.021948785276745927,0.02195,,1
F31,200000,200000,3333,1,2,0.016665121892728285,0.016665,,5
F32,400000,400000,1389,1,2,0.0034717556570774224,0.0034725,,6
