Flow,Period,Deadline,Execution Time,w,h,Target_Utilization,Actual_Utilization,Utilization_Error,Queue
F1,400000,400000,3891,1,2,0.009726253484116487,0.0097275,,6
F2,50000,50000,1443,1,2,0.02886092823773234,0.02886,,6
F3,400000,400000,7710,1,2,0.019274731182918448,0.019275,,2
F4,100000,100000,2905,1,2,0.02905110888311957,0.02905,,4
F5,100000,100000,7065,1,2,0.07065230388257038,0.07065,,4
F6,200000,200000,4275,1,2,0.021373918412044057,0.021375,,5
F7,400000,400000,600,1,2,0.0007353317850384844,0.0015,,4
F8,200000,200000,8343,1,2,0.0417135325019895,0.041715,,7
F9,400000,400000,11977,1,2,0.029942562833872977,0.0299425,,7
F10,100000,100000,1684,1,2,0.016841140388444087,0.01684,,4
F11,50000,50000,11007,1,2,0.2201344421927891,0.22014,,6
F12,200000,200000,6553,1,2,0.03276381318719612,0.032765,,4
F13,400000,400000,8025,1,2,0.020062630325137998,0.0200625,,1
F14,400000,400000,600,1,2,0.001142363587312456,0.0015,,5
F15,200000,200000,11925,1,2,0.05962312175410245,0.059625,,5
F16,200000,200000,1863,1,2,0.00931406551613112,0.009315,,2
F17,50000,50000,4784,1,2,0.09568438805372004,0.09568,,5
F18,400000,400000,669,1,2,0.001672630111120399,0.0016725,,5
F19,200000,200000,2320,1,2,0.011598967704694818,0.0116,,1
F20,200000,200000,6255,1,2,0.03127403957157038,0.031275,,6
F21,400000,400000,9009,1,2,0.022522404589148226,0.0225225,,2
F22,100000,100000,8651,1,2,0.08650743183600407,0.08651,,7
F23,400000,400000,2603,1,2,0.006507360492765013,0.0065075,,7
F24,100000,100000,8777,1,2,0.08776835785157855,0.08777,,2
F25,100000,100000,7133,1,2,0.07133424572531721,0.07133,,2
F26,50000,50000,3208,1,2,0.06416235104707496,0.06416,,6
F27,400000,400000,6772,1,2,0.01693107599041932,0.01693,,7
F28,100000,100000,8709,1,2,0.08709200096263965,0.08709,,5
F29,400000,400000,5142,1,2,0.012855865343861378,0.012855,,5
F30,100000,100000,5017,1,2,0.05016883318689758,0.05017,,2
F31,50000,50000,654,1,2,0.013080837937984103,0.01308,,6
F32,200000,200000,2307,1,2,0.011533938039532067,0.011535,,3
