Flow,Period,Deadline,Execution Time,w,h,Target_Utilization,Actual_Utilization,Utilization_Error,Queue
F1,200000,200000,7303,1,2,0.03651264931367071,0.036515,,2
F2,400000,400000,8172,1,2,0.020428828016322953,0.02043,,1
F3,100000,100000,6854,1,2,0.0685375983222154,0.06854,,5
F4,100000,100000,1266,1,2,0.0126597069173493,0.01266,,7
F5,50000,50000,10529,1,2,0.21058334267383294,0.21058,,6
F6,100000,100000,1441,1,2,0.014409851557929731,0.01441,,4
F7,400000,400000,7145,1,2,0.017862270998709295,0.0178625,,7
F8,100000,100000,5113,1,2,0.051130526859685776,0.05113,,3
F9,100000,100000,10099,1,2,0.1009873618298811,0.10099,,3
F10,200000,200000,6027,1,2,0.030135338752734553,0.030135,,2
F11,50000,50000,6347,1,2,0.12694493885006886,0.12694,,7
F12,400000,400000,5117,1,2,0.012791481544224048,0.0127925,,5
F13,50000,50000,3571,1,2,0.07141633932151148,0.07142,,7
F14,50000,50000,4619,1,2,0.09237775274783572,0.09238,,2
F15,200000,200000,6244,1,2,0.03122121435200531,0.03122,,6
F16,100000,100000,1047,1,2,0.010469328570388292,0.01047,,1
F17,400000,400000,1307,1,2,0.003267300159938702,0.0032675,,6
F18,400000,400000,2208,1,2,0.005519057432476326,0.00552,,1
F19,200000,200000,10273,1,2,0.05136744113608388,0.051365,,4
F20,400000,400000,600,1,2,0.0001795604702021225,0.0015,,3
F21,400000,400000,7167,1,2,0.01791833143666602,0.0179175,,5
F22,400000,400000,2051,1,2,0.005128609567251113,0.0051275,,7
F23,400000,400000,10585,1,2,0.02646331678479147,0.0264625,,4
F24,400000,400000,5767,1,2,0.014417560516152228,0.0144175,,2
F25,400000,400000,5639,1,2,0.014098502991599898,0.0140975,,3
F26,200000,200000,1513,1,2,0.007563943875674689,0.007565,,4
F27,400000,400000,10379,1,2,0.025948733109820488,0.0259475,,6
F28,400000,400000,3669,1,2,0.009171707442141713,0.0091725,,6
F29,100000,100000,11123,1,2,0.11123085073856542,0.11123,,4
F30,400000,400000,2145,1,2,0.005362794059631117,0.0053625,,5
F31,200000,200000,1701,1,2,0.008506026344841967,0.008505,,2
F32,200000,200000,4299,1,2,0.02149573828456032,0.021495,,3
