Flow,Period,Deadline,Execution Time,w,h,Target_Utilization,Actual_Utilization,Utilization_Error,Queue
F1,50000,50000,1229,1,2,0.024579049787554208,0.02458,,6
F2,100000,100000,6301,1,2,0.0630118289259145,0.06301,,7
F3,200000,200000,2633,1,2,0.013165056505141548,0.013165,,5
F4,100000,100000,9326,1,2,0.0932584629799762,0.09326,,2
F5,100000,100000,8446,1,2,0.0844645185415317,0.08446,,3
F6,400000,400000,7111,1,2,0.017778315285236324,0.0177775,,4
F7,400000,400000,611,1,2,0.0015280370066034221,0.0015275,,4
F8,400000,400000,6969,1,2,0.017422895308285113,0.0174225,,3
F9,100000,100000,1360,1,2,0.01359955092451215,0.0136,,1
F10,100000,100000,3444,1,2,0.03443981595394907,0.03444,,5
F11,400000,400000,11180,1,2,0.027948811242191285,0.02795,,3
F12,400000,400000,600,1,2,1.680265773462697e-05,0.0015,,7
F13,100000,100000,8231,1,2,0.08231210317996551,0.08231,,6
F14,100000,100000,10431,1,2,0.10430593652526565,0.10431,,3
F15,200000,200000,8215,1,2,0.0410765734187819,0.041075,,3
F16,400000,400000,600,1,2,0.0014095798630251455,0.0015,,4
F17,200000,200000,3703,1,2,0.018514116499937838,0.018515,,6
F18,50000,50000,10542,1,2,0.2108367592487832,0.21084,,3
F19,400000,400000,5991,1,2,0.014978112859070525,0.0149775,,7
F20,400000,400000,7129,1,2,0.01782237610710813,0.0178225,,5
F21,200000,200000,10667,1,2,0.053334715480551464,0.053335,,2
F22,100000,100000,3056,1,2,0.03055910211131002,0.03056,,2
F23,50000,50000,5427,1,2,0.10853936021973862,0.10854,,6
F24,200000,200000,4148,1,2,0.020739672496661393,0.02074,,5
F25,200000,200000,1689,1,2,0.00844376257373669,0.008445,,6
F26,400000,400000,7457,1,2,0.01864299920057741,0.0186425,,2
F27,400000,400000,2288,1,2,0.005719745328292725,0.00572,,2
F28,100000,100000,2890,1,2,0.028900117196967195,0.0289,,4
F29,100000,100000,4195,1,2,0.04195240957574467,0.04195,,6
F30,100000,100000,4106,1,2,0.041057639432934195,0.04106,,7
F31,400000,400000,8252,1,2,0.020629756525725764,0.02063,,7
F32,400000,400000,965,1,2,0.0024115081994994505,0.0024125,,3
