Flow,Period,Deadline,Execution Time,w,h,Target_Utilization,Actual_Utilization,Utilization_Error,Queue
F1,50000,50000,3257,1,2,0.06514018598409121,0.06514,,1
F2,100000,100000,11593,1,2,0.11592809548419991,0.11593,,7
F3,200000,200000,9303,1,2,0.0465144581339052,0.046515,,4
F4,200000,200000,2425,1,2,0.012125511595660776,0.012125,,4
F5,100000,100000,1259,1,2,0.012590751819881452,0.01259,,6
F6,200000,200000,6470,1,2,0.03235126394313914,0.03235,,5
F7,400000,400000,600,1,2,0.0011364424941894269,0.0015,,3
F8,200000,200000,6928,1,2,0.034638324804618925,0.03464,,2
F9,400000,400000,11373,1,2,0.028431846972959862,0.0284325,,7
F10,400000,400000,600,1,2,0.0006882696957724033,0.0015,,3
F11,200000,200000,6431,1,2,0.03215482732662844,0.032155,,2
F12,100000,100000,3144,1,2,0.03143979932108931,0.03144,,1
F13,400000,400000,3373,1,2,0.008432102365248162,0.0084325,,5
F14,200000,200000,10617,1,2,0.05308626751828105,0.053085,,2
F15,100000,100000,1470,1,2,0.014700935201620413,0.0147,,4
F16,200000,200000,6730,1,2,0.03365104797728713,0.03365,,1
F17,200000,200000,2476,1,2,0.01237927175726028,0.01238,,7
F18,400000,400000,5759,1,2,0.014396513164836144,0.0143975,,7
F19,400000,400000,10456,1,2,0.02614112665103563,0.02614,,5
F20,200000,200000,1009,1,2,0.005045072060710032,0.005045,,2
F21,50000,50000,8813,1,2,0.17626588559161832,0.17626,,2
F22,200000,200000,10935,1,2,0.05467530538529525,0.054675,,7
F23,200000,200000,8910,1,2,0.04455244570934713,0.04455,,7
F24,200000,200000,3440,1,2,0.017200405356309567,0.0172,,1
F25,200000,200000,6575,1,2,0.03287314098708333,0.032875,,4
F26,50000,50000,4962,1,2,0.09923580523196854,0.09924,,1
F27,200000,200000,5246,1,2,0.02622878808318249,0.02623,,6
F28,400000,400000,600,1,2,0.001171073730456107,0.0015,,1
F29,200000,200000,1056,1,2,0.005280452861919027,0.00528,,1
F30,200000,200000,4647,1,2,0.023235361413278866,0.023235,,2
F31,400000,400000,11741,1,2,0.02935234238805945,0.0293525,,4
F32,100000,100000,10969,1,2,0.10968980015772961,0.10969,,2
