Flow,Period,Deadline,Execution Time,w,h,Target_Utilization,Actual_Utilization,Utilization_Error,Queue
F1,200000,200000,7733,1,2,0.03866630785765701,0.038665,,4
F2,100000,100000,7122,1,2,0.07121532002990127,0.07122,,4
F3,200000,200000,10978,1,2,0.05489219930848943,0.05489,,4
F4,50000,50000,6670,1,2,0.13339151727233545,0.1334,,3
F5,200000,200000,600,1,2,0.0029995692870283808,0.003,,3
F6,400000,400000,1992,1,2,0.0049800776863372365,0.00498,,1
F7,400000,400000,11456,1,2,0.028639958519367736,0.02864,,4
F8,200000,200000,8163,1,2,0.04081617773285495,0.040815,,3
F9,50000,50000,2236,1,2,0.04471830789466558,0.04472,,2
F10,50000,50000,5264,1,2,0.10528306044160163,0.10528,,3
F11,400000,400000,7347,1,2,0.018367297620342504,0.0183675,,3
F12,50000,50000,6476,1,2,0.12952602564670457,0.12952,,2
F13,100000,100000,6809,1,2,0.0680934583195677,0.06809,,3
F14,400000,400000,7266,1,2,0.01816532172435248,0.018165,,2
F15,400000,400000,2611,1,2,0.0065269488433511436,0.0065275,,1
F16,400000,400000,600,1,2,6.992379700987428e-05,0.0015,,5
F17,400000,400000,6504,1,2,0.016260567778963175,0.01626,,4
F18,400000,400000,3001,1,2,0.00750363479164784,0.0075025,,7
F19,50000,50000,1437,1,2,0.028740359257081405,0.02874,,3
F20,100000,100000,5802,1,2,0.05802184500003138,0.05802,,2
F21,400000,400000,6003,1,2,0.01500810922062401,0.0150075,,5
F22,100000,100000,3484,1,2,0.034838034260479156,0.03484,,2
F23,200000,200000,939,1,2,0.00469515795625941,0.004695,,2
F24,100000,100000,643,1,2,0.00643123875047924,0.00643,,4
F25,400000,400000,4017,1,2,0.01004127082241113,0.0100425,,6
F26,100000,100000,9964,1,2,0.09964197415830886,0.09964,,3
F27,100000,100000,3774,1,2,0.03773820470658579,0.03774,,7
F28,400000,400000,2057,1,2,0.005142263409302711,0.0051425,,7
F29,400000,400000,11298,1,2,0.02824488263098396,0.028245,,5
F30,400000,400000,9188,1,2,0.022970284029080912,0.02297,,7
F31,200000,200000,5234,1,2,0.026170007262617798,0.02617,,6
F32,100000,100000,10329,1,2,0.10329174280302829,0.10329,,2
