Flow,Period,Deadline,Execution Time,w,h,Target_Utilization,Actual_Utilization,Utilization_Error,Queue
F1,200000,200000,7086,1,2,0.035429859088996096,0.03543,,3
F2,50000,50000,3014,1,2,0.06027757270987055,0.06028,,1
F3,100000,100000,7528,1,2,0.0752767973867563,0.07528,,3
F4,200000,200000,10292,1,2,0.0514581071837692,0.05146,,6
F5,50000,50000,4961,1,2,0.09922475787542184,0.09922,,1
F6,50000,50000,2313,1,2,0.04626054548855063,0.04626,,1
F7,200000,200000,8989,1,2,0.044943788707673904,0.044945,,3
F8,400000,400000,10982,1,2,0.02745479135428175,0.027455,,5
F9,400000,400000,7965,1,2,0.019912436673466205,0.0199125,,5
F10,100000,100000,3389,1,2,0.033887516573513965,0.03389,,6
F11,50000,50000,3007,1,2,0.06013873148772253,0.06014,,3
F12,400000,400000,6675,1,2,0.01668735144487421,0.0166875,,1
F13,200000,200000,7753,1,2,0.03876385083426248,0.038765,,5
F14,400000,400000,3685,1,2,0.00921211941373501,0.0092125,,3
F15,200000,200000,7291,1,2,0.03645466048854262,0.036455,,4
F16,100000,100000,9755,1,2,0.09755023285170605,0.09755,,6
F17,400000,400000,3459,1,2,0.008646931086836174,0.0086475,,4
F18,200000,200000,1026,1,2,0.005129971032702685,0.00513,,7
F19,100000,100000,6397,1,2,0.06397211093659222,0.06397,,4
F20,200000,200000,11282,1,2,0.05641099487872969,0.05641,,4
F21,100000,100000,4703,1,2,0.04702895143340602,0.04703,,5
F22,400000,400000,9597,1,2,0.023993472176118746,0.0239925,,3
F23,100000,100000,2725,1,2,0.027250079189056586,0.02725,,4
F24,400000,400000,8355,1,2,0.02088781775725046,0.0208875,,6
F25,400000,400000,7419,1,2,0.018546818341586058,0.0185475,,6
F26,400000,400000,1355,1,2,0.003388424487681535,0.0033875,,2
F27,200000,200000,4043,1,2,0.020215845781316688,0.020215,,7
F28,200000,200000,4875,1,2,0.024375272943634813,0.024375,,1
F29,200000,200000,8126,1,2,0.04062819393403577,0.04063,,4
F30,200000,200000,8121,1,2,0.04060733141983369,0.040605,,6
F31,100000,100000,6169,1,2,0.06168908062549091,0.06169,,5
F32,200000,200000,7708,1,2,0.038541853368997715,0.03854,,1
