Flow,Period,Deadline,Execution Time,w,h,Target_Utilization,Actual_Utilization,Utilization_Error,Queue
F1,200000,200000,5399,1,2,0.02699584010217504,0.026995,,6
F2,200000,200000,6289,1,2,0.03144657794716044,0.031445,,7
F3,200000,200000,9108,1,2,0.04553797939862614,0.04554,,2
F4,50000,50000,8081,1,2,0.16162202106289958,0.16162,,7
F5,400000,400000,1989,1,2,0.004972824196369019,0.0049725,,4
F6,400000,400000,654,1,2,0.0016346798172826027,0.001635,,6
F7,400000,400000,5487,1,2,0.013717117488718733,0.0137175,,5
F8,200000,200000,708,1,2,0.003538932792513605,0.00354,,2
F9,100000,100000,4437,1,2,0.0443681534524466,0.04437,,5
F10,100000,100000,6009,1,2,0.06009306897040567,0.06009,,2
F11,200000,200000,5363,1,2,0.026816046268207105,0.026815,,3
F12,200000,200000,5426,1,2,0.027129517256400337,0.02713,,3
F13,200000,200000,3657,1,2,0.018284404693472256,0.018285,,6
F14,200000,200000,809,1,2,0.004044415447544081,0.004045,,7
F15,50000,50000,3160,1,2,0.06319860500515817,0.0632,,6
F16,100000,100000,5866,1,2,0.05865928783731367,0.05866,,7
F17,50000,50000,4692,1,2,0.09384127152511301,0.09384,,7
F18,100000,100000,7447,1,2,0.0744666477078158,0.07447,,7
F19,400000,400000,3061,1,2,0.0076537476856062825,0.0076525,,1
F20,400000,400000,5541,1,2,0.013851395785559328,0.0138525,,7
F21,400000,400000,10779,1,2,0.02694853746391307,0.0269475,,4
F22,100000,100000,7930,1,2,0.07930049583131582,0.0793,,7
F23,400000,400000,1487,1,2,0.003716792843305061,0.0037175,,5
F24,50000,50000,1909,1,2,0.03817792724547564,0.03818,,4
F25,400000,400000,6039,1,2,0.015097389865790012,0.0150975,,2
F26,400000,400000,11714,1,2,0.02928556844131744,0.029285,,2
F27,200000,200000,7669,1,2,0.03834649212263758,0.038345,,7
F28,200000,200000,6234,1,2,0.031169090672821004,0.03117,,5
F29,200000,200000,9781,1,2,0.04890564373617598,0.048905,,5
F30,200000,200000,9587,1,2,0.047934489920697085,0.047935,,6
F31,100000,100000,6684,1,2,0.0668405148485342,0.06684,,2
F32,400000,400000,4783,1,2,0.011957302690084144,0.0119575,,4
