Flow,Period,Deadline,Execution Time,w,h,Target_Utilization,Actual_Utilization,Utilization_Error,Queue
F1,200000,200000,7983,1,2,0.03991291258628493,0.039915,,7
F2,50000,50000,4638,1,2,0.09276232762242143,0.09276,,2
F3,100000,100000,4727,1,2,0.04727105654935215,0.04727,,3
F4,100000,100000,6673,1,2,0.06673415493541301,0.06673,,3
F5,200000,200000,6949,1,2,0.03474533362421395,0.034745,,4
F6,400000,400000,600,1,2,0.0014795880229673264,0.0015,,1
F7,400000,400000,9213,1,2,0.02303287410577559,0.0230325,,3
F8,200000,200000,2111,1,2,0.010555588546294903,0.010555,,2
F9,100000,100000,11399,1,2,0.11398979943465459,0.11399,,4
F10,400000,400000,8675,1,2,0.021687346219048775,0.0216875,,1
F11,50000,50000,675,1,2,0.013499813608888078,0.0135,,4
F12,400000,400000,5101,1,2,0.012753589825829081,0.0127525,,2
F13,400000,400000,9221,1,2,0.023053246105005032,0.0230525,,4
F14,100000,100000,9221,1,2,0.09221116591173306,0.09221,,4
F15,400000,400000,8009,1,2,0.020021702864003843,0.0200225,,5
F16,100000,100000,7567,1,2,0.07567201389844014,0.07567,,4
F17,400000,400000,8383,1,2,0.02095713667039112,0.0209575,,7
F18,200000,200000,9621,1,2,0.04810531830537196,0.048105,,7
F19,200000,200000,11126,1,2,0.055629715353909814,0.05563,,4
F20,400000,400000,2317,1,2,0.005793583220192466,0.0057925,,7
F21,100000,100000,1234,1,2,0.012340163501499413,0.01234,,3
F22,200000,200000,7262,1,2,0.03630910570054402,0.03631,,1
F23,200000,200000,2591,1,2,0.012954989793666105,0.012955,,3
F24,200000,200000,9413,1,2,0.0470667878866971,0.047065,,2
F25,100000,100000,6223,1,2,0.06223484744483021,0.06223,,2
F26,400000,400000,2533,1,2,0.006332005350630998,0.0063325,,4
F27,400000,400000,6895,1,2,0.017237853621504484,0.0172375,,7
F28,100000,100000,6793,1,2,0.06793257571097319,0.06793,,7
F29,100000,100000,8231,1,2,0.08231283846512283,0.08231,,2
F30,100000,100000,3158,1,2,0.03158166312843647,0.03158,,2
F31,50000,50000,1821,1,2,0.03642054699734776,0.03642,,3
F32,400000,400000,7281,1,2,0.01820313682160576,0.0182025,,1
