Flow,Period,Deadline,Execution Time,w,h,Target_Utilization,Actual_Utilization,Utilization_Error,Queue
F1,200000,200000,7127,1,2,0.03563323276541697,0.035635,,1
F2,50000,50000,6480,1,2,0.12960477273391824,0.1296,,1
F3,100000,100000,1787,1,2,0.01786968603175576,0.01787,,6
F4,400000,400000,11357,1,2,0.028392504751522996,0.0283925,,7
F5,100000,100000,8221,1,2,0.08220561372870228,0.08221,,1
F6,100000,100000,5254,1,2,0.052538664356573395,0.05254,,6
F7,50000,50000,2546,1,2,0.05091975589966613,0.05092,,4
F8,400000,400000,5497,1,2,0.01374244834579974,0.0137425,,7
F9,400000,400000,6771,1,2,0.016927936942744082,0.0169275,,2
F10,200000,200000,4319,1,2,0.021595372461665874,0.021595,,7
F11,100000,100000,6276,1,2,0.06276160741214998,0.06276,,5
F12,200000,200000,7193,1,2,0.035966257493653564,0.035965,,3
F13,100000,100000,3995,1,2,0.03994783412623071,0.03995,,1
F14,100000,100000,6872,1,2,0.06871840269834684,0.06872,,5
F15,400000,400000,10226,1,2,0.025563907939511576,0.025565,,4
F16,400000,400000,8309,1,2,0.020772725245184698,0.0207725,,4
F17,400000,400000,8335,1,2,0.020838578345594494,0.0208375,,5
F18,400000,400000,3940,1,2,0.009850288940049412,0.00985,,1
F19,400000,400000,1410,1,2,0.0035242464007270158,0.003525,,2
F20,400000,400000,5953,1,2,0.01488227558193056,0.0148825,,3
F21,400000,400000,5126,1,2,0.012814093448507091,0.012815,,6
F22,50000,50000,7664,1,2,0.1532753473054873,0.15328,,1
F23,400000,400000,9407,1,2,0.023517713013939734,0.0235175,,5
F24,100000,100000,8837,1,2,0.0883722961157826,0.08837,,6
F25,100000,100000,1868,1,2,0.018681215187926703,0.01868,,1
F26,400000,400000,10138,1,2,0.02534605176823737,0.025345,,6
F27,100000,100000,10287,1,2,0.10287412412865754,0.10287,,6
F28,400000,400000,2654,1,2,0.00663545360915993,0.006635,,4
F29,200000,200000,1084,1,2,0.005419675936417748,0.00542,,3
F30,400000,400000,860,1,2,0.002148783778726928,0.00215,,4
F31,400000,400000,2903,1,2,0.007258173435170552,0.0072575,,5
F32,400000,400000,9297,1,2,0.023242484782687024,0.0232425,,3
