Flow,Period,Deadline,Execution Time,w,h,Target_Utilization,Actual_Utilization,Utilization_Error,Queue
F1,400000,400000,2967,1,2,0.00741706716232704,0.0074175,,2
F2,400000,400000,5817,1,2,0.014543151529702092,0.0145425,,3
F3,400000,400000,4847,1,2,0.012116640002939993,0.0121175,,7
F4,400000,400000,6201,1,2,0.015502540768977058,0.0155025,,4
F5,100000,100000,3023,1,2,0.030227594695064974,0.03023,,5
F6,200000,200000,8865,1,2,0.044324891430207236,0.044325,,7
F7,50000,50000,3395,1,2,0.06790392324417915,0.0679,,7
F8,400000,400000,10357,1,2,0.02589360144699948,0.0258925,,1
F9,200000,200000,2164,1,2,0.010820665387487383,0.01082,,6
F10,200000,200000,3311,1,2,0.016555533218050034,0.016555,,5
F11,400000,400000,600,1,2,0.0009107679091022725,0.0015,,3
F12,200000,200000,9952,1,2,0.04975913078502481,0.04976,,3
F13,50000,50000,2941,1,2,0.058818373844340965,0.05882,,2
F14,50000,50000,4568,1,2,0.09136145282934849,0.09136,,1
F15,200000,200000,8351,1,2,0.04175302810295545,0.041755,,1
F16,200000,200000,7029,1,2,0.035146713113966666,0.035145,,4
F17,400000,400000,10571,1,2,0.026427187280475106,0.0264275,,6
F18,100000,100000,6217,1,2,0.06217410901606846,0.06217,,6
F19,400000,400000,1729,1,2,0.004321669362935099,0.0043225,,4
F20,50000,50000,8664,1,2,0.17328413537755927,0.17328,,2
F21,400000,400000,600,1,2,0.0002613051209588435,0.0015,,7
F22,100000,100000,974,1,2,0.009741202941682958,0.00974,,1
F23,200000,200000,7701,1,2,0.03850298551950354,0.038505,,6
F24,200000,200000,7188,1,2,0.035938536967034584,0.03594,,2
F25,100000,100000,6430,1,2,0.06430069653498277,0.0643,,1
F26,200000,200000,1402,1,2,0.007009657183479456,0.00701,,5
F27,400000,400000,8047,1,2,0.020117418252683983,0.0201175,,7
F28,100000,100000,7085,1,2,0.07085090437479563,0.07085,,3
F29,200000,200000,10892,1,2,0.05446068686120531,0.05446,,4
F30,400000,400000,11638,1,2,0.029094255494074628,0.029095,,3
F31,200000,200000,3328,1,2,0.0166393018303001,0.01664,,2
F32,100000,100000,7093,1,2,0.07092935261756955,0.07093,,6
