Flow,Period,Deadline,Execution Time,w,h,Target_Utilization,Actual_Utilization,Utilization_Error,Queue
F1,50000,50000,9188,1,2,0.18376472398376853,0.18376,,7
F2,400000,400000,5338,1,2,0.013344975753909027,0.013345,,6
F3,100000,100000,8899,1,2,0.08898989572661264,0.08899,,6
F4,400000,400000,6531,1,2,0.016327478343308055,0.0163275,,2
F5,400000,400000,1715,1,2,0.004286320941601751,0.0042875,,6
F6,100000,100000,5231,1,2,0.05230876428612652,0.05231,,2
F7,200000,200000,1373,1,2,0.00686578264490989,0.006865,,1
F8,400000,400000,600,1,2,0.0008993369323045952,0.0015,,5
F9,400000,400000,2015,1,2,0.005036478302618108,0.0050375,,3
F10,200000,200000,7403,1,2,0.037014079128554256,0.037015,,5
F11,400000,400000,2143,1,2,0.0053583684838560686,0.0053575,,7
F12,400000,400000,9201,1,2,0.023001475439837993,0.0230025,,6
F13,400000,400000,4443,1,2,0.011108678162461194,0.0111075,,7
F14,200000,200000,8103,1,2,0.040517478368009785,0.040515,,6
F15,200000,200000,8127,1,2,0.04063503581910988,0.040635,,7
F16,200000,200000,9019,1,2,0.045095726362645916,0.045095,,5
F17,400000,400000,600,1,2,0.0006681966169754805,0.0015,,1
F18,100000,100000,4476,1,2,0.04476147143408449,0.04476,,3
F19,100000,100000,11455,1,2,0.1145469440503637,0.11455,,7
F20,50000,50000,7342,1,2,0.14684155071583188,0.14684,,6
F21,200000,200000,1274,1,2,0.006371132890366282,0.00637,,5
F22,200000,200000,2016,1,2,0.010080123036236677,0.01008,,2
F23,400000,400000,8287,1,2,0.020717435860279187,0.0207175,,5
F24,400000,400000,6348,1,2,0.01586998681139029,0.01587,,1
F25,400000,400000,4871,1,2,0.012176298900197391,0.0121775,,3
F26,100000,100000,3252,1,2,0.03252194369402156,0.03252,,7
F27,100000,100000,6283,1,2,0.06282747032691416,0.06283,,6
F28,200000,200000,5806,1,2,0.02902991551941214,0.02903,,3
F29,100000,100000,8442,1,2,0.08442331333815367,0.08442,,3
F30,200000,200000,10762,1,2,0.05381045219687981,0.05381,,7
F31,200000,200000,7393,1,2,0.03696490291116298,0.036965,,2
F32,100000,100000,3374,1,2,0.03374008582641453,0.03374,,1
