Flow,Period,Deadline,Execution Time,w,h,Target_Utilization,Actual_Utilization,Utilization_Error,Queue
F1,200000,200000,6409,1,2,0.032047305275773263,0.032045,,4
F2,100000,100000,7369,1,2,0.07369315514433139,0.07369,,2
F3,100000,100000,6554,1,2,0.06554145082686702,0.06554,,4
F4,400000,400000,8397,1,2,0.02099259391025554,0.0209925,,2
F5,200000,200000,11871,1,2,0.05935505973516353,0.059355,,6
F6,50000,50000,5182,1,2,0.10363705095519338,0.10364,,4
F7,400000,400000,600,1,2,0.00133397433725424,0.0015,,3
F8,400000,400000,1139,1,2,0.00284861243739154,0.0028475,,3
F9,50000,50000,5496,1,2,0.1099218049163283,0.10992,,2
F10,100000,100000,7851,1,2,0.07851446621430347,0.07851,,7
F11,400000,400000,10519,1,2,0.0262962972789077,0.0262975,,1
F12,400000,400000,11385,1,2,0.0284619277311825,0.0284625,,6
F13,400000,400000,7679,1,2,0.019197727287858735,0.0191975,,7
F14,100000,100000,10941,1,2,0.10941171607451827,0.10941,,2
F15,400000,400000,2503,1,2,0.006258734358563611,0.0062575,,7
F16,100000,100000,8955,1,2,0.08954855882750185,0.08955,,2
F17,400000,400000,2539,1,2,0.006347463549480459,0.0063475,,1
F18,400000,400000,604,1,2,0.0015106850807296568,0.00151,,1
F19,200000,200000,6007,1,2,0.03003259973899952,0.030035,,7
F20,50000,50000,3812,1,2,0.07623549285712783,0.07624,,4
F21,50000,50000,1382,1,2,0.027639299729143363,0.02764,,5
F22,200000,200000,2600,1,2,0.012998957661061405,0.013,,2
F23,200000,200000,10917,1,2,0.05458711319684276,0.054585,,5
F24,100000,100000,1597,1,2,0.015970808149713578,0.01597,,6
F25,50000,50000,3651,1,2,0.0730166844425297,0.07302,,7
F26,200000,200000,2525,1,2,0.012625299550029986,0.012625,,4
F27,400000,400000,5415,1,2,0.013536565607589812,0.0135375,,5
F28,400000,400000,843,1,2,0.002106742000989592,0.0021075,,3
F29,400000,400000,7149,1,2,0.01787286480194218,0.0178725,,4
F30,50000,50000,2316,1,2,0.04631900087182407,0.04632,,1
F31,400000,400000,600,1,2,0.0012354123468288347,0.0015,,7
F32,200000,200000,6653,1,2,0.033265764275955775,0.033265,,2
