Flow,Period,Deadline,Execution Time,w,h,Target_Utilization,Actual_Utilization,Utilization_Error,Queue
F1,400000,400000,600,1,2,0.0006691135035687967,0.0015,,3
F2,400000,400000,1116,1,2,0.002790191544647991,0.00279,,5
F3,400000,400000,600,1,2,0.0008965219118683976,0.0015,,4
F4,200000,200000,8422,1,2,0.0421083921924561,0.04211,,5
F5,100000,100000,9887,1,2,0.09887202715662258,0.09887,,4
F6,400000,400000,8926,1,2,0.022313939721734455,0.022315,,1
F7,50000,50000,3898,1,2,0.07796448437408277,0.07796,,4
F8,50000,50000,2181,1,2,0.04362140192135233,0.04362,,6
F9,400000,400000,4775,1,2,0.01193802128266186,0.0119375,,1
F10,400000,400000,8471,1,2,0.021178516544662407,0.0211775,,5
F11,400000,400000,600,1,2,0.0013673753118322862,0.0015,,3
F12,400000,400000,11649,1,2,0.029121283540562315,0.0291225,,2
F13,400000,400000,1382,1,2,0.0034546995840204486,0.003455,,3
F14,200000,200000,9452,1,2,0.047261462405727706,0.04726,,3
F15,100000,100000,8544,1,2,0.08543638852922264,0.08544,,6
F16,200000,200000,6060,1,2,0.030298444016276904,0.0303,,7
F17,400000,400000,10477,1,2,0.02619313557617109,0.0261925,,6
F18,400000,400000,4857,1,2,0.012143459120045108,0.0121425,,6
F19,200000,200000,2755,1,2,0.013773920373630011,0.013775,,2
F20,200000,200000,6391,1,2,0.031956943951683026,0.031955,,3
F21,200000,200000,7506,1,2,0.03752795903116957,0.03753,,4
F22,100000,100000,7984,1,2,0.07984133740087807,0.07984,,5
F23,100000,100000,9869,1,2,0.09869441360808279,0.09869,,3
F24,100000,100000,10833,1,2,0.1083319436159692,0.10833,,5
F25,400000,400000,8693,1,2,0.02173166474859306,0.0217325,,4
F26,50000,50000,6102,1,2,0.12204167569328445,0.12204,,7
F27,200000,200000,9247,1,2,0.04623300370363831,0.046235,,7
F28,200000,200000,8577,1,2,0.042883892987359534,0.042885,,1
F29,400000,400000,6961,1,2,0.017402865755480168,0.0174025,,3
F30,50000,50000,2549,1,2,0.050980201928074356,0.05098,,7
F31,400000,400000,2222,1,2,0.005555922150631373,0.005555,,4
F32,100000,100000,1436,1,2,0.014360301292000027,0.01436,,7
