Flow,Period,Deadline,Execution Time,w,h,Target_Utilization,Actual_Utilization,Utilization_Error,Queue
F1,200000,200000,9153,1,2,0.045767274755675214,0.045765,,4
F2,400000,400000,6453,1,2,0.016132280524790543,0.0161325,,6
F3,100000,100000,1039,1,2,0.010390464139902633,0.01039,,7
F4,100000,100000,4336,1,2,0.04335840727598339,0.04336,,7
F5,100000,100000,4209,1,2,0.04209004342371636,0.04209,,4
F6,100000,100000,8753,1,2,0.08752622824582057,0.08753,,7
F7,50000,50000,5266,1,2,0.10531597170207452,0.10532,,7
F8,400000,400000,8685,1,2,0.021713329043590468,0.0217125,,1
F9,50000,50000,6164,1,2,0.12327702124128925,0.12328,,7
F10,200000,200000,8202,1,2,0.04100991973115453,0.04101,,2
F11,100000,100000,10881,1,2,0.10881007007434473,0.10881,,2
F12,400000,400000,1045,1,2,0.002612001591352664,0.0026125,,5
F13,400000,400000,9539,1,2,0.023848106648428846,0.0238475,,2
F14,200000,200000,5443,1,2,0.02721560650423016,0.027215,,7
F15,400000,400000,600,1,2,6.932744024445991e-05,0.0015,,1
F16,100000,100000,10135,1,2,0.10135302623388126,0.10135,,2
F17,400000,400000,1241,1,2,0.003102387172840615,0.0031025,,4
F18,400000,400000,2073,1,2,0.005181817603480854,0.0051825,,4
F19,400000,400000,2870,1,2,0.00717417918129587,0.007175,,1
F20,400000,400000,605,1,2,0.0015115326301571308,0.0015125,,6
F21,400000,400000,9417,1,2,0.023542519936540607,0.0235425,,7
F22,400000,400000,11441,1,2,0.028602813082559353,0.0286025,,4
F23,50000,50000,788,1,2,0.015759507085319535,0.01576,,2
F24,200000,200000,5044,1,2,0.02522091071266147,0.02522,,4
F25,200000,200000,11522,1,2,0.05761006410990416,0.05761,,2
F26,50000,50000,3653,1,2,0.07305880034387166,0.07306,,7
F27,200000,200000,8118,1,2,0.04059046648688669,0.04059,,7
F28,100000,100000,7701,1,2,0.077009563927807,0.07701,,2
F29,200000,200000,7638,1,2,0.038191155926279606,0.03819,,2
F30,400000,400000,5194,1,2,0.01298389744450918,0.012985,,3
F31,400000,400000,5886,1,2,0.014716140649971881,0.014715,,5
F32,400000,400000,6835,1,2,0.017087615304949916,0.0170875,,4
