Flow,Period,Deadline,Execution Time,w,h,Target_Utilization,Actual_Utilization,Utilization_Error,Queue
F1,400000,400000,1601,1,2,0.004002385925103713,0.0040025,,1
F2,100000,100000,4874,1,2,0.04874189551780317,0.04874,,1
F3,100000,100000,9284,1,2,0.09284270517131188,0.09284,,3
F4,400000,400000,953,1,2,0.002381298994196923,0.0023825,,4
F5,50000,50000,5903,1,2,0.11805788531758576,0.11806,,2
F6,400000,400000,5811,1,2,0.014528023686274483,0.0145275,,7
F7,400000,400000,2453,1,2,0.006132269187324346,0.0061325,,4
F8,200000,200000,10827,1,2,0.0541358618407628,0.054135,,7
F9,50000,50000,1603,1,2,0.032059561202844256,0.03206,,2
F10,400000,400000,4732,1,2,0.011830828311532038,0.01183,,2
F11,200000,200000,8395,1,2,0.041975344852140606,0.041975,,7
F12,400000,400000,1722,1,2,0.004304378868674519,0.004305,,5
F13,400000,400000,5515,1,2,0.013787446648773516,0.0137875,,7
F14,400000,400000,600,1,2,0.0006791401197649982,0.0015,,6
F15,100000,100000,11921,1,2,0.11921266952071807,0.11921,,2
F16,400000,400000,10163,1,2,0.02540746966503693,0.0254075,,3
F17,400000,400000,2017,1,2,0.005043030893618239,0.0050425,,1
F18,200000,200000,6941,1,2,0.03470612994430167,0.034705,,4
F19,100000,100000,2317,1,2,0.023170889118216298,0.02317,,1
F20,400000,400000,9152,1,2,0.02287994139927796,0.02288,,4
F21,100000,100000,2565,1,2,0.025650390091410125,0.02565,,6
F22,50000,50000,6139,1,2,0.12277628811797275,0.12278,,2
F23,400000,400000,1815,1,2,0.004538352898118547,0.0045375,,3
F24,400000,400000,1026,1,2,0.002564935056449613,0.002565,,3
F25,100000,100000,3090,1,2,0.03090062082821793,0.0309,,5
F26,200000,200000,1540,1,2,0.007700856485110763,0.0077,,6
F27,100000,100000,10105,1,2,0.10104937714952592,0.10105,,7
F28,200000,200000,3182,1,2,0.015910037606523736,0.01591,,2
F29,200000,200000,7070,1,2,0.03535189460286692,0.03535,,3
F30,200000,200000,10610,1,2,0.05304771477410772,0.05305,,5
F31,100000,100000,7287,1,2,0.07286786912071791,0.07287,,4
F32,100000,100000,6823,1,2,0.06822608098642177,0.06823,,2
