Flow,Period,Deadline,Execution Time,w,h,Target_Utilization,Actual_Utilization,Utilization_Error,Queue
F1,100000,100000,10785,1,2,0.10784783313452762,0.10785,,4
F2,50000,50000,3144,1,2,0.06287677116334467,0.06288,,3
F3,200000,200000,11621,1,2,0.05810272298461494,0.058105,,4
F4,200000,200000,7291,1,2,0.03645654843868851,0.036455,,3
F5,100000,100000,7929,1,2,0.07929292194496806,0.07929,,1
F6,50000,50000,3659,1,2,0.07317619183368418,0.07318,,1
F7,100000,100000,4939,1,2,0.049387695837164514,0.04939,,4
F8,200000,200000,3475,1,2,0.017374337026336728,0.017375,,1
F9,400000,400000,600,1,2,0.0010230875778496351,0.0015,,2
F10,200000,200000,7126,1,2,0.03563039691773218,0.03563,,1
F11,200000,200000,10587,1,2,0.05293309482654529,0.052935,,1
F12,400000,400000,3097,1,2,0.00774211989815321,0.0077425,,1
F13,200000,200000,8785,1,2,0.04392680401560045,0.043925,,7
F14,400000,400000,2817,1,2,0.007043724773140414,0.0070425,,7
F15,400000,400000,600,1,2,0.0008945966548915552,0.0015,,2
F16,400000,400000,5355,1,2,0.013387187427761793,0.0133875,,2
F17,50000,50000,7633,1,2,0.15266353391167242,0.15266,,1
F18,100000,100000,3463,1,2,0.03462937715978831,0.03463,,3
F19,400000,400000,1741,1,2,0.004353321736296656,0.0043525,,3
F20,200000,200000,11694,1,2,0.05847109046755716,0.05847,,1
F21,400000,400000,9896,1,2,0.024740091086830618,0.02474,,4
F22,400000,400000,9634,1,2,0.024084907775729858,0.024085,,7
F23,400000,400000,2109,1,2,0.005272566213932628,0.0052725,,6
F24,200000,200000,10631,1,2,0.053154917033335636,0.053155,,3
F25,50000,50000,825,1,2,0.016501219349414425,0.0165,,3
F26,400000,400000,7015,1,2,0.017536716630669108,0.0175375,,4
F27,400000,400000,4523,1,2,0.011306751996392556,0.0113075,,4
F28,400000,400000,1305,1,2,0.0032620161341736786,0.0032625,,5
F29,400000,400000,9255,1,2,0.023136445392973826,0.0231375,,7
F30,200000,200000,3003,1,2,0.015013959938347837,0.015015,,6
F31,50000,50000,3171,1,2,0.06341637719974878,0.06342,,4
F32,100000,100000,11255,1,2,0.1125492117144649,0.11255,,1
