Flow,Period,Deadline,Execution Time,w,h,Target_Utilization,Actual_Utilization,Utilization_Error,Queue
F1,50000,50000,7765,1,2,0.1553040301636488,0.1553,,6
F2,100000,100000,5896,1,2,0.058960874683373854,0.05896,,3
F3,400000,400000,5323,1,2,0.013306609439628136,0.0133075,,7
F4,50000,50000,6295,1,2,0.12589779053287775,0.1259,,4
F5,200000,200000,1797,1,2,0.008985172163615718,0.008985,,7
F6,200000,200000,2476,1,2,0.012378835772575592,0.01238,,5
F7,200000,200000,8763,1,2,0.04381323672145443,0.043815,,6
F8,400000,400000,11722,1,2,0.029305027292064523,0.029305,,5
F9,200000,200000,10385,1,2,0.051923281562338386,0.051925,,2
F10,50000,50000,1627,1,2,0.03254017374294471,0.03254,,2
F11,400000,400000,6530,1,2,0.016324264824271295,0.016325,,3
F12,400000,400000,2233,1,2,0.0055824687006174045,0.0055825,,4
F13,400000,400000,600,1,2,0.0011132187694661289,0.0015,,6
F14,50000,50000,1838,1,2,0.03676197793609115,0.03676,,4
F15,400000,400000,639,1,2,0.0015985847683864796,0.0015975,,1
F16,50000,50000,5471,1,2,0.10942279269762623,0.10942,,6
F17,400000,400000,5185,1,2,0.012961915506748745,0.0129625,,3
F18,400000,400000,1904,1,2,0.0047601635594271,0.00476,,1
F19,400000,400000,9972,1,2,0.024930346782191082,0.02493,,6
F20,200000,200000,1583,1,2,0.007914570506694307,0.007915,,2
F21,100000,100000,11228,1,2,0.11228223646974428,0.11228,,7
F22,200000,200000,11249,1,2,0.056243713657853966,0.056245,,7
F23,200000,200000,8623,1,2,0.04311390607356713,0.043115,,7
F24,100000,100000,5293,1,2,0.05292947571040524,0.05293,,4
F25,400000,400000,7739,1,2,0.01934696308581224,0.0193475,,2
F26,400000,400000,7671,1,2,0.019177316579240544,0.0191775,,4
F27,200000,200000,3187,1,2,0.015934507657413638,0.015935,,1
F28,400000,400000,614,1,2,0.0015343799223057064,0.001535,,4
F29,200000,200000,7527,1,2,0.03763464395053592,0.037635,,3
F30,400000,400000,2869,1,2,0.007173705714440898,0.0071725,,6
F31,200000,200000,9151,1,2,0.04575336693649702,0.045755,,5
F32,100000,100000,9291,1,2,0.0929130714048247,0.09291,,5
