Flow,Period,Deadline,Execution Time,w,h,Target_Utilization,Actual_Utilization,Utilization_Error,Queue
F1,400000,400000,2557,1,2,0.006391939892186338,0.0063925,,2
F2,200000,200000,1209,1,2,0.006043820394408983,0.006045,,6
F3,200000,200000,1466,1,2,0.007331021936890836,0.00733,,3
F4,200000,200000,3419,1,2,0.01709457962084915,0.017095,,4
F5,100000,100000,3372,1,2,0.03371908680976632,0.03372,,6
F6,200000,200000,1391,1,2,0.0069552658979681325,0.006955,,1
F7,400000,400000,961,1,2,0.0024025426905560643,0.0024025,,2
F8,400000,400000,5009,1,2,0.012522528666781274,0.0125225,,5
F9,200000,200000,9887,1,2,0.04943628923693233,0.049435,,2
F10,400000,400000,6740,1,2,0.016851125363293473,0.01685,,6
F11,200000,200000,7103,1,2,0.035516804400197666,0.035515,,6
F12,400000,400000,1985,1,2,0.004962188491999586,0.0049625,,5
F13,400000,400000,3631,1,2,0.00907651761223871,0.0090775,,7
F14,400000,400000,4481,1,2,0.011203082837997591,0.0112025,,4
F15,200000,200000,2608,1,2,0.01303991288109524,0.01304,,1
F16,100000,100000,6549,1,2,0.06549107874771959,0.06549,,2
F17,200000,200000,11413,1,2,0.057066955239120976,0.057065,,7
F18,400000,400000,1663,1,2,0.004156950533149628,0.0041575,,4
F19,400000,400000,1402,1,2,0.003506091533074185,0.003505,,3
F20,400000,400000,10538,1,2,0.026344326096195303,0.026345,,3
F21,200000,200000,2870,1,2,0.014349490819339006,0.01435,,3
F22,400000,400000,1010,1,2,0.0025253861642700604,0.002525,,7
F23,400000,400000,600,1,2,0.000884916721603124,0.0015,,4
F24,400000,400000,6538,1,2,0.016343985212349088,0.016345,,2
F25,200000,200000,6589,1,2,0.03294502574644004,0.032945,,2
F26,200000,200000,6781,1,2,0.03390348100384849,0.033905,,7
F27,200000,200000,4241,1,2,0.021204106878652956,0.021205,,5
F28,400000,400000,1628,1,2,0.00407014369459649,0.00407,,1
F29,50000,50000,1863,1,2,0.03725781634266212,0.03726,,2
F30,200000,200000,7565,1,2,0.03782652544200141,0.037825,,7
F31,400000,400000,6757,1,2,0.01689292850510883,0.0168925,,7
F32,50000,50000,3986,1,2,0.07971900484732299,0.07972,,2
