Flow,Period,Deadline,Execution Time,w,h,Target_Utilization,Actual_Utilization,Utilization_Error,Queue
F1,200000,200000,10144,1,2,0.05072137598324611,0.05072,,4
F2,50000,50000,4158,1,2,0.08315639792640661,0.08316,,7
F3,200000,200000,2195,1,2,0.010975520501780966,0.010975,,2
F4,100000,100000,1668,1,2,0.016679540281302807,0.01668,,7
F5,400000,400000,869,1,2,0.00217361226278856,0.0021725,,3
F6,400000,400000,606,1,2,0.0015156200026626432,0.001515,,5
F7,100000,100000,3581,1,2,0.03580753801237879,0.03581,,1
F8,400000,400000,600,1,2,0.0013952546045647995,0.0015,,6
F9,200000,200000,7511,1,2,0.03755604083057279,0.037555,,4
F10,400000,400000,6171,1,2,0.015428679039459381,0.0154275,,3
F11,400000,400000,600,1,2,0.0008647576153595349,0.0015,,7
F12,400000,400000,973,1,2,0.0024328946532833906,0.0024325,,5
F13,200000,200000,7369,1,2,0.03684616985882766,0.036845,,5
F14,400000,400000,828,1,2,0.002069071698728886,0.00207,,2
F15,200000,200000,8577,1,2,0.04288744684852158,0.042885,,3
F16,400000,400000,744,1,2,0.0018590566738134195,0.00186,,1
F17,200000,200000,8039,1,2,0.04019484324217781,0.040195,,7
F18,400000,400000,2283,1,2,0.0057068379853003615,0.0057075,,7
F19,200000,200000,8634,1,2,0.04317081431290029,0.04317,,7
F20,400000,400000,600,1,2,0.0011588731486409931,0.0015,,4
F21,400000,400000,9383,1,2,0.02345642442422438,0.0234575,,3
F22,400000,400000,5425,1,2,0.013563534888826584,0.0135625,,5
F23,100000,100000,6509,1,2,0.06508761298886717,0.06509,,4
F24,400000,400000,1725,1,2,0.004311321653138578,0.0043125,,6
F25,400000,400000,600,1,2,0.0010702788357854903,0.0015,,3
F26,200000,200000,10299,1,2,0.05149685254388366,0.051495,,3
F27,400000,400000,2486,1,2,0.006213981461694093,0.006215,,4
F28,400000,400000,974,1,2,0.0024344320759970284,0.002435,,3
F29,200000,200000,3391,1,2,0.016955143904290204,0.016955,,4
F30,400000,400000,4293,1,2,0.01073159927247647,0.0107325,,1
F31,400000,400000,600,1,2,0.00013520390071694935,0.0015,,2
F32,400000,400000,9173,1,2,0.022932619249687675,0.0229325,,2
