Flow,Period,Deadline,Execution Time,w,h,Target_Utilization,Actual_Utilization,Utilization_Error,Queue
F1,400000,400000,794,1,2,0.001986155475697138,0.001985,,3
F2,200000,200000,646,1,2,0.003229112381011423,0.00323,,1
F3,200000,200000,9679,1,2,0.04839444541578386,0.048395,,3
F4,200000,200000,1485,1,2,0.00742379864290954,0.007425,,3
F5,200000,200000,11589,1,2,0.05794330601770947,0.057945,,3
F6,200000,200000,6613,1,2,0.03306265291017518,0.033065,,6
F7,400000,400000,3721,1,2,0.009303192906839841,0.0093025,,6
F8,400000,400000,600,1,2,0.001417131758138901,0.0015,,6
F9,400000,400000,4657,1,2,0.011641851114872759,0.0116425,,4
F10,200000,200000,3716,1,2,0.01858060623382335,0.01858,,6
F11,200000,200000,4817,1,2,0.024084951626990647,0.024085,,6
F12,400000,400000,9494,1,2,0.02373431621736899,0.023735,,4
F13,200000,200000,7577,1,2,0.037884830516919155,0.037885,,1
F14,400000,400000,8485,1,2,0.021211852886474092,0.0212125,,3
F15,400000,400000,11099,1,2,0.027747999286739433,0.0277475,,1
F16,400000,400000,600,1,2,0.0010289121657687805,0.0015,,4
F17,200000,200000,7341,1,2,0.036704914988084925,0.036705,,3
F18,400000,400000,2971,1,2,0.007427428978758699,0.0074275,,5
F19,200000,200000,890,1,2,0.00445109848014269,0.00445,,5
F20,400000,400000,9597,1,2,0.023992169814354702,0.0239925,,7
F21,400000,400000,10553,1,2,0.02638230017984758,0.0263825,,3
F22,400000,400000,3891,1,2,0.009726809146065524,0.0097275,,4
F23,400000,400000,4530,1,2,0.011324219020439424,0.011325,,1
F24,200000,200000,9193,1,2,0.04596279460689981,0.045965,,3
F25,200000,200000,7078,1,2,0.03538803695195486,0.03539,,7
F26,100000,100000,5710,1,2,0.0570980763711067,0.0571,,3
F27,400000,400000,2460,1,2,0.0061507507377460136,0.00615,,1
F28,50000,50000,1086,1,2,0.021720698893195722,0.02172,,1
F29,400000,400000,6330,1,2,0.015825291619737097,0.015825,,7
F30,400000,400000,4925,1,2,0.012312235313716415,0.0123125,,5
F31,400000,400000,4007,1,2,0.01001687918721719,0.0100175,,7
F32,200000,200000,872,1,2,0.004359458899216207,0.00436,,7
