Flow,Period,Deadline,Execution Time,w,h,Target_Utilization,Actual_Utilization,Utilization_Error,Queue
F1,400000,400000,3131,1,2,0.007826816710665874,0.0078275,,5
F2,400000,400000,11777,1,2,0.029443195648672593,0.0294425,,2
F3,100000,100000,1141,1,2,0.011409109278124885,0.01141,,5
F4,200000,200000,7837,1,2,0.039185572861933915,0.039185,,2
F5,400000,400000,4304,1,2,0.010760335309619729,0.01076,,1
F6,400000,400000,7289,1,2,0.018223225169554658,0.0182225,,5
F7,400000,400000,7631,1,2,0.019078328907164432,0.0190775,,4
F8,200000,200000,2029,1,2,0.010145192822989424,0.010145,,2
F9,200000,200000,9035,1,2,0.04517709231052103,0.045175,,2
F10,400000,400000,7101,1,2,0.017751883778811206,0.0177525,,1
F11,400000,400000,8044,1,2,0.02010963295240159,0.02011,,2
F12,400000,400000,4038,1,2,0.010095095127180709,0.010095,,6
F13,400000,400000,3391,1,2,0.008477355516859852,0.0084775,,7
F14,200000,200000,10239,1,2,0.051197058689305186,0.051195,,4
F15,400000,400000,2804,1,2,0.007009571639543133,0.00701,,2
F16,100000,100000,3513,1,2,0.03513110441970946,0.03513,,1
F17,400000,400000,3339,1,2,0.008347707969550366,0.0083475,,1
F18,200000,200000,9255,1,2,0.046274710959202214,0.046275,,4
F19,200000,200000,2972,1,2,0.014859326614260149,0.01486,,4
F20,400000,400000,4901,1,2,0.01225337754900574,0.0122525,,6
F21,400000,400000,622,1,2,0.0015549426249742981,0.001555,,6
F22,400000,400000,9543,1,2,0.02385637084063688,0.0238575,,1
F23,400000,400000,6922,1,2,0.017306130124907892,0.017305,,2
F24,200000,200000,6672,1,2,0.033359374250215845,0.03336,,4
F25,400000,400000,600,1,2,0.0002649219061859054,0.0015,,3
F26,200000,200000,5507,1,2,0.027533828778300656,0.027535,,6
F27,400000,400000,7326,1,2,0.01831577671553436,0.018315,,6
F28,400000,400000,3021,1,2,0.007552126343887106,0.0075525,,4
F29,200000,200000,10186,1,2,0.05092797357850766,0.05093,,4
F30,100000,100000,4239,1,2,0.04238920056686942,0.04239,,4
F31,400000,400000,4189,1,2,0.010471316685540417,0.0104725,,4
F32,200000,200000,4431,1,2,0.022155446528904124,0.022155,,5
