Flow,Period,Deadline,Execution Time,w,h,Target_Utilization,Actual_Utilization,Utilization_Error,Queue
F1,50000,50000,3662,1,2,0.07324494433736362,0.07324,,5
F2,200000,200000,921,1,2,0.004604357507101753,0.004605,,7
F3,400000,400000,5657,1,2,0.014141466647162981,0.0141425,,4
F4,400000,400000,600,1,2,0.0004465924585854708,0.0015,,5
F5,400000,400000,600,1,2,0.0009642998533657687,0.0015,,2
F6,200000,200000,9840,1,2,0.04920160603612855,0.0492,,1
F7,100000,100000,4483,1,2,0.044829324513796454,0.04483,,1
F8,100000,100000,4875,1,2,0.04874754056486319,0.04875,,4
F9,400000,400000,10622,1,2,0.0265543076025051,0.026555,,6
F10,400000,400000,8722,1,2,0.02180444781815999,0.021805,,7
F11,400000,400000,600,1,2,0.00016703691374253538,0.0015,,7
F12,200000,200000,3281,1,2,0.016404753761877167,0.016405,,3
F13,400000,400000,2815,1,2,0.007038748132369765,0.0070375,,7
F14,400000,400000,686,1,2,0.0017153318406368245,0.001715,,2
F15,400000,400000,600,1,2,5.2007299033596244e-05,0.0015,,4
F16,200000,200000,1217,1,2,0.0060845106459894716,0.006085,,6
F17,200000,200000,2211,1,2,0.011055026132770929,0.011055,,5
F18,200000,200000,2094,1,2,0.010469977015370557,0.01047,,2
F19,400000,400000,7218,1,2,0.018045846188861847,0.018045,,5
F20,400000,400000,1365,1,2,0.0034136598956105435,0.0034125,,1
F21,50000,50000,4194,1,2,0.08388130841566666,0.08388,,4
F22,400000,400000,7079,1,2,0.01769866633049924,0.0176975,,2
F23,100000,100000,1707,1,2,0.01706931497214681,0.01707,,6
F24,200000,200000,6733,1,2,0.033666445031033554,0.033665,,3
F25,200000,200000,1375,1,2,0.006873781487068492,0.006875,,6
F26,400000,400000,6040,1,2,0.01509935676875332,0.0151,,1
F27,400000,400000,9168,1,2,0.022918777774940835,0.02292,,5
F28,400000,400000,7994,1,2,0.019984646430465783,0.019985,,2
F29,100000,100000,6083,1,2,0.06082664779461261,0.06083,,6
F30,400000,400000,3859,1,2,0.009648240057138855,0.0096475,,3
F31,400000,400000,6935,1,2,0.017338120316912873,0.0173375,,7
F32,400000,400000,1624,1,2,0.004059502630360209,0.00406,,3
