Flow,Period,Deadline,Execution Time,w,h,Target_Utilization,Actual_Utilization,Utilization_Error,Queue
F1,400000,400000,9678,1,2,0.024196236168331886,0.024195,,3
F2,100000,100000,4081,1,2,0.04081106514681687,0.04081,,3
F3,50000,50000,4278,1,2,0.08556054292384974,0.08556,,6
F4,400000,400000,1265,1,2,0.003162461692279517,0.0031625,,5
F5,400000,400000,7377,1,2,0.018441624586530925,0.0184425,,6
F6,100000,100000,7785,1,2,0.07785154978268527,0.07785,,3
F7,200000,200000,5175,1,2,0.025874204485666574,0.025875,,6
F8,400000,400000,1112,1,2,0.0027788728220441428,0.00278,,6
F9,400000,400000,9287,1,2,0.023218436680211396,0.0232175,,3
F10,100000,100000,6760,1,2,0.06759939708169921,0.0676,,6
F11,400000,400000,9520,1,2,0.023801066485488243,0.0238,,4
F12,200000,200000,4392,1,2,0.021959330118013126,0.02196,,1
F13,400000,400000,8423,1,2,0.021057450423583757,0.0210575,,5
F14,200000,200000,7820,1,2,0.03909767489373556,0.0391,,5
F15,400000,400000,4545,1,2,0.011363510324235937,0.0113625,,1
F16,200000,200000,922,1,2,0.004608944431160639,0.00461,,7
F17,400000,400000,6857,1,2,0.017143114382264873,0.0171425,,3
F18,200000,200000,960,1,2,0.004799415877930618,0.0048,,2
F19,100000,100000,2017,1,2,0.02017076670252574,0.02017,,4
F20,400000,400000,8599,1,2,0.021496799834286012,0.0214975,,6
F21,400000,400000,1077,1,2,0.002692050867176679,0.0026925,,7
F22,400000,400000,4561,1,2,0.01140354095547963,0.0114025,,3
F23,400000,400000,3833,1,2,0.009583423852110529,0.0095825,,6
F24,400000,400000,600,1,2,0.000913723987515741,0.0015,,4
F25,400000,400000,656,1,2,0.0016405728218709253,0.00164,,3
F26,400000,400000,5717,1,2,0.014293470708304584,0.0142925,,4
F27,400000,400000,2711,1,2,0.006778054697926229,0.0067775,,5
F28,400000,400000,600,1,2,0.0008081766051307657,0.0015,,2
F29,400000,400000,6530,1,2,0.016326014428949882,0.016325,,5
F30,400000,400000,7511,1,2,0.018776421115916903,0.0187775,,1
F31,400000,400000,6459,1,2,0.016146360166535673,0.0161475,,2
F32,400000,400000,1379,1,2,0.003446820013723864,0.0034475,,2
