Flow,Period,Deadline,Execution Time,w,h,Target_Utilization,Actual_Utilization,Utilization_Error,Queue
F1,400000,400000,3349,1,2,0.008371885619955277,0.0083725,,4
F2,200000,200000,3269,1,2,0.016345956162396647,0.016345,,5
F3,200000,200000,6246,1,2,0.031228001455379073,0.03123,,2
F4,400000,400000,734,1,2,0.0018353008976962348,0.001835,,5
F5,400000,400000,7113,1,2,0.017782473619916916,0.0177825,,1
F6,400000,400000,9783,1,2,0.02445641334325599,0.0244575,,7
F7,400000,400000,8158,1,2,0.020394712805227866,0.020395,,6
F8,200000,200000,10158,1,2,0.05078887645003055,0.05079,,1
F9,400000,400000,5887,1,2,0.014717542338058442,0.0147175,,4
F10,200000,200000,1848,1,2,0.009240461819712276,0.00924,,7
F11,400000,400000,5269,1,2,0.01317127208200991,0.0131725,,6
F12,400000,400000,600,1,2,0.0008010867545804601,0.0015,,1
F13,400000,400000,3260,1,2,0.008150926464465136,0.00815,,6
F14,200000,200000,2932,1,2,0.014660533030814438,0.01466,,2
F15,50000,50000,4288,1,2,0.08575983798310532,0.08576,,2
F16,400000,400000,1558,1,2,0.0038946442372922996,0.003895,,2
F17,400000,400000,4183,1,2,0.010456999518919374,0.0104575,,1
F18,400000,400000,1403,1,2,0.0035073329664326858,0.0035075,,6
F19,200000,200000,9097,1,2,0.045484204698432895,0.045485,,2
F20,200000,200000,7151,1,2,0.03575731284286693,0.035755,,4
F21,400000,400000,600,1,2,0.00021338193814873785,0.0015,,7
F22,400000,400000,8561,1,2,0.021402107772129975,0.0214025,,2
F23,200000,200000,760,1,2,0.0038007815360004416,0.0038,,4
F24,200000,200000,794,1,2,0.003971156115222585,0.00397,,3
F25,400000,400000,7931,1,2,0.019828290083545252,0.0198275,,7
F26,400000,400000,10457,1,2,0.02614289687864635,0.0261425,,1
F27,400000,400000,3851,1,2,0.009628345467773233,0.0096275,,5
F28,200000,200000,8299,1,2,0.041495996008035926,0.041495,,1
F29,200000,200000,5925,1,2,0.02962546347896176,0.029625,,6
F30,400000,400000,9385,1,2,0.023463195321777562,0.0234625,,4
F31,400000,400000,2542,1,2,0.006355170906217289,0.006355,,2
F32,400000,400000,600,1,2,0.0004851013619361598,0.0015,,3
