Flow,Period,Deadline,Execution Time,w,h,Target_Utilization,Actual_Utilization,Utilization_Error,Queue
F1,400000,400000,8145,1,2,0.020361354413393373,0.0203625,,7
F2,400000,400000,7175,1,2,0.0179373105872056,0.0179375,,5
F3,200000,200000,7468,1,2,0.037339636160726664,0.03734,,7
F4,400000,400000,4733,1,2,0.011832104329060122,0.0118325,,7
F5,400000,400000,4198,1,2,0.010493983985625066,0.010495,,2
F6,400000,400000,600,1,2,0.0008346467262508872,0.0015,,2
F7,100000,100000,2284,1,2,0.022840483648508658,0.02284,,6
F8,200000,200000,3251,1,2,0.01625406226231707,0.016255,,6
F9,100000,100000,6133,1,2,0.0613283776811811,0.06133,,1
F10,400000,400000,1801,1,2,0.004503435919651078,0.0045025,,3
F11,200000,200000,2251,1,2,0.011254799171582397,0.011255,,5
F12,100000,100000,5723,1,2,0.0572314029626978,0.05723,,3
F13,200000,200000,6409,1,2,0.03204742280989331,0.032045,,1
F14,400000,400000,1101,1,2,0.0027531715984041027,0.0027525,,7
F15,400000,400000,3555,1,2,0.00888704229172077,0.0088875,,7
F16,400000,400000,2234,1,2,0.005583797375904254,0.005585,,3
F17,100000,100000,3847,1,2,0.038468974924419475,0.03847,,2
F18,400000,400000,2061,1,2,0.005151400294509112,0.0051525,,6
F19,100000,100000,6542,1,2,0.06542243679534931,0.06542,,2
F20,200000,200000,5887,1,2,0.02943397719114499,0.029435,,3
F21,200000,200000,977,1,2,0.004885434668301353,0.004885,,5
F22,200000,200000,2935,1,2,0.014674248856825195,0.014675,,3
F23,400000,400000,600,1,2,0.0005470434729222262,0.0015,,6
F24,400000,400000,7262,1,2,0.018153884036100465,0.018155,,1
F25,400000,400000,11854,1,2,0.029635371876361283,0.029635,,2
F26,400000,400000,1269,1,2,0.0031727595394768077,0.0031725,,1
F27,400000,400000,868,1,2,0.002169892587926589,0.00217,,5
F28,400000,400000,6688,1,2,0.016718818812804973,0.01672,,2
F29,400000,400000,5413,1,2,0.013531994781643353,0.0135325,,1
F30,100000,100000,6921,1,2,0.06920520969315766,0.06921,,1
F31,400000,400000,3194,1,2,0.007986240827888562,0.007985,,1
F32,200000,200000,863,1,2,0.0043147399523877335,0.004315,,6
