Flow,Period,Deadline,Execution Time,w,h,Target_Utilization,Actual_Utilization,Utilization_Error,Queue
F1,400000,400000,10250,1,2,0.025624141061499905,0.025625,,2
F2,400000,400000,10258,1,2,0.025645714090954286,0.025645,,4
F3,200000,200000,1540,1,2,0.007701080064382637,0.0077,,1
F4,200000,200000,2767,1,2,0.013835283014607236,0.013835,,2
F5,50000,50000,2235,1,2,0.04470093516755391,0.0447,,4
F6,200000,200000,4633,1,2,0.02316400169350674,0.023165,,3
F7,200000,200000,4603,1,2,0.02301476796747648,0.023015,,1
F8,400000,400000,1179,1,2,0.0029479288879767918,0.0029475,,6
F9,200000,200000,8395,1,2,0.04197307526857563,0.041975,,2
F10,400000,400000,2574,1,2,0.006433991281565299,0.006435,,3
F11,100000,100000,3455,1,2,0.03454796176331576,0.03455,,4
F12,200000,200000,1213,1,2,0.0060662432679290945,0.006065,,2
F13,400000,400000,1484,1,2,0.003710245219842534,0.00371,,5
F14,400000,400000,2639,1,2,0.00659764890232617,0.0065975,,7
F15,200000,200000,6231,1,2,0.031156082739898172,0.031155,,3
F16,200000,200000,2243,1,2,0.01121380402969313,0.011215,,3
F17,400000,400000,600,1,2,0.0006318497837237147,0.0015,,5
F18,100000,100000,4264,1,2,0.04263983251808162,0.04264,,4
F19,400000,400000,8287,1,2,0.020716291345128868,0.0207175,,4
F20,200000,200000,647,1,2,0.0032346120150864577,0.003235,,3
F21,400000,400000,8353,1,2,0.020881510098327005,0.0208825,,6
F22,200000,200000,657,1,2,0.003284054275627779,0.003285,,7
F23,200000,200000,6755,1,2,0.03377283455845134,0.033775,,7
F24,200000,200000,1271,1,2,0.00635609086204203,0.006355,,1
F25,200000,200000,1449,1,2,0.00724382191759157,0.007245,,5
F26,400000,400000,10029,1,2,0.025071681021310993,0.0250725,,7
F27,400000,400000,600,1,2,0.0003594846833121501,0.0015,,2
F28,50000,50000,6162,1,2,0.12324885632482875,0.12324,,3
F29,200000,200000,6765,1,2,0.033825799747626235,0.033825,,2
F30,200000,200000,745,1,2,0.003724925896903583,0.003725,,6
F31,50000,50000,1971,1,2,0.03942149470446216,0.03942,,7
F32,400000,400000,3767,1,2,0.00941776734544355,0.0094175,,7
