Flow,Period,Deadline,Execution Time,w,h,Target_Utilization,Actual_Utilization,Utilization_Error,Queue
F1,400000,400000,7877,1,2,0.01969369044789382,0.0196925,,1
F2,200000,200000,1843,1,2,0.00921585556391702,0.009215,,6
F3,200000,200000,5450,1,2,0.02725063939762351,0.02725,,4
F4,400000,400000,9219,1,2,0.023047498234495922,0.0230475,,2
F5,400000,400000,4149,1,2,0.010373369840536717,0.0103725,,2
F6,400000,400000,813,1,2,0.002032407823837179,0.0020325,,2
F7,400000,400000,6772,1,2,0.016929446726438424,0.01693,,5
F8,400000,400000,2086,1,2,0.005215812945798093,0.005215,,4
F9,100000,100000,8427,1,2,0.08427332897480116,0.08427,,6
F10,400000,400000,6290,1,2,0.015725414073883837,0.015725,,1
F11,400000,400000,600,1,2,0.00013122420685657277,0.0015,,3
F12,400000,400000,1189,1,2,0.0029723467843942863,0.0029725,,6
F13,400000,400000,5449,1,2,0.013623645264791262,0.0136225,,3
F14,400000,400000,6800,1,2,0.017001213065137744,0.017,,4
F15,400000,400000,2724,1,2,0.0068091552978770675,0.00681,,3
F16,400000,400000,1271,1,2,0.003176997119848146,0.0031775,,5
F17,200000,200000,3885,1,2,0.01942509922747082,0.019425,,5
F18,400000,400000,4295,1,2,0.010736656704370406,0.0107375,,5
F19,200000,200000,6519,1,2,0.032593947773270515,0.032595,,6
F20,200000,200000,7207,1,2,0.036033195512463645,0.036035,,2
F21,50000,50000,698,1,2,0.013959517198217364,0.01396,,6
F22,200000,200000,1106,1,2,0.005530914330342279,0.00553,,1
F23,200000,200000,11273,1,2,0.056365876648159285,0.056365,,1
F24,400000,400000,6951,1,2,0.017376878579141553,0.0173775,,3
F25,200000,200000,2723,1,2,0.013614791541272236,0.013615,,4
F26,400000,400000,3156,1,2,0.007889457231576719,0.00789,,7
F27,400000,400000,11047,1,2,0.027617275105400588,0.0276175,,1
F28,400000,400000,6075,1,2,0.015186639165674531,0.0151875,,2
F29,400000,400000,4325,1,2,0.01081182457841022,0.0108125,,1
F30,400000,400000,600,1,2,0.000333326877073839,0.0015,,7
F31,400000,400000,9988,1,2,0.024968866754368484,0.02497,,6
F32,200000,200000,10689,1,2,0.053445043123959944,0.053445,,5
