Flow,Period,Deadline,Execution Time,w,h,Target_Utilization,Actual_Utilization,Utilization_Error,Queue
F1,400000,400000,2054,1,2,0.005135425480691125,0.005135,,2
F2,200000,200000,6948,1,2,0.034739236082578784,0.03474,,6
F3,200000,200000,9243,1,2,0.0462138873105683,0.046215,,4
F4,50000,50000,1650,1,2,0.03300052287236288,0.033,,3
F5,200000,200000,10598,1,2,0.052988102914635016,0.05299,,4
F6,400000,400000,9467,1,2,0.023666528088119032,0.0236675,,4
F7,400000,400000,6389,1,2,0.015971612410541958,0.0159725,,5
F8,400000,400000,6299,1,2,0.01574814836036631,0.0157475,,1
F9,200000,200000,4047,1,2,0.020235306574920897,0.020235,,3
F10,100000,100000,1139,1,2,0.011390804077155203,0.01139,,3
F11,400000,400000,951,1,2,0.0023773414116446956,0.0023775,,6
F12,400000,400000,2429,1,2,0.006073042586784427,0.0060725,,7
F13,400000,400000,2602,1,2,0.00650547998412726,0.006505,,1
F14,400000,400000,11551,1,2,0.02887711513979241,0.0288775,,4
F15,200000,200000,5831,1,2,0.02915476699931535,0.029155,,6
F16,200000,200000,2593,1,2,0.012965012372154971,0.012965,,5
F17,400000,400000,2504,1,2,0.006260173521660528,0.00626,,4
F18,200000,200000,8944,1,2,0.044719507018208704,0.04472,,5
F19,400000,400000,9957,1,2,0.024892374274915113,0.0248925,,6
F20,100000,100000,6483,1,2,0.06482682958968364,0.06483,,5
F21,400000,400000,10521,1,2,0.026301801266496283,0.0263025,,5
F22,400000,400000,600,1,2,0.0013393568691284219,0.0015,,6
F23,200000,200000,3117,1,2,0.015585691183212541,0.015585,,7
F24,400000,400000,3218,1,2,0.008044474755717568,0.008045,,4
F25,400000,400000,2455,1,2,0.006137169163002734,0.0061375,,5
F26,400000,400000,1253,1,2,0.0031331065037049494,0.0031325,,3
F27,200000,200000,7252,1,2,0.036260171744686806,0.03626,,3
F28,100000,100000,7191,1,2,0.07191216573715728,0.07191,,6
F29,400000,400000,600,1,2,0.000992105499270781,0.0015,,3
F30,400000,400000,4331,1,2,0.010826738626413417,0.0108275,,6
F31,400000,400000,600,1,2,0.0010200065330713808,0.0015,,6
F32,400000,400000,600,1,2,0.0007453069046497136,0.0015,,1
