Flow,Period,Deadline,Execution Time,w,h,Target_Utilization,Actual_Utilization,Utilization_Error,Queue
F1,400000,400000,9729,1,2,0.024322901099030236,0.0243225,,4
F2,400000,400000,669,1,2,0.001672852976736694,0.0016725,,4
F3,400000,400000,600,1,2,0.0001403220774300884,0.0015,,5
F4,400000,400000,5554,1,2,0.013884273744856901,0.013885,,6
F5,200000,200000,9843,1,2,0.04921417653208193,0.049215,,5
F6,400000,400000,2223,1,2,0.005556298238343249,0.0055575,,1
F7,400000,400000,3483,1,2,0.008706702259877797,0.0087075,,2
F8,400000,400000,6625,1,2,0.016562401829015583,0.0165625,,7
F9,400000,400000,9250,1,2,0.023126026525902066,0.023125,,5
F10,400000,400000,1523,1,2,0.003808409572171323,0.0038075,,5
F11,400000,400000,824,1,2,0.00205940542705102,0.00206,,7
F12,400000,400000,7611,1,2,0.019027582790706543,0.0190275,,2
F13,400000,400000,8966,1,2,0.022414122390658764,0.022415,,3
F14,400000,400000,1639,1,2,0.004097665227235203,0.0040975,,4
F15,400000,400000,8511,1,2,0.021278324172853413,0.0212775,,1
F16,200000,200000,10402,1,2,0.052010848499068396,0.05201,,3
F17,400000,400000,1233,1,2,0.0030824901562973572,0.0030825,,3
F18,400000,400000,10431,1,2,0.02607855308646906,0.0260775,,1
F19,200000,200000,6339,1,2,0.03169486835061697,0.031695,,2
F20,200000,200000,645,1,2,0.0032249661116661166,0.003225,,2
F21,400000,400000,1831,1,2,0.004576821175765133,0.0045775,,1
F22,400000,400000,600,1,2,0.0007949472254520917,0.0015,,1
F23,100000,100000,5565,1,2,0.05564824690792475,0.05565,,3
F24,100000,100000,1072,1,2,0.010720957776281709,0.01072,,5
F25,200000,200000,8423,1,2,0.04211440755537918,0.042115,,4
F26,400000,400000,1795,1,2,0.004488271331307692,0.0044875,,6
F27,400000,400000,600,1,2,0.0002653995312227597,0.0015,,3
F28,50000,50000,6243,1,2,0.12486649392084027,0.12486,,5
F29,400000,400000,2017,1,2,0.005043155380245669,0.0050425,,7
F30,400000,400000,4601,1,2,0.01150373888419351,0.0115025,,4
F31,200000,200000,6694,1,2,0.03347247342510196,0.03347,,3
F32,400000,400000,2965,1,2,0.007411466046998547,0.0074125,,3
