Flow,Period,Deadline,Execution Time,w,h,Target_Utilization,Actual_Utilization,Utilization_Error,Queue
F1,100000,100000,4304,1,2,0.04304105532939373,0.04304,,4
F2,400000,400000,1435,1,2,0.0035875105009627317,0.0035875,,2
F3,200000,200000,8272,1,2,0.04135920919489733,0.04136,,6
F4,400000,400000,5109,1,2,0.012771734629449916,0.0127725,,6
F5,100000,100000,3722,1,2,0.037217557732989626,0.03722,,7
F6,100000,100000,7688,1,2,0.07687619287074371,0.07688,,3
F7,400000,400000,1433,1,2,0.0035837457529939165,0.0035825,,4
F8,400000,400000,1735,1,2,0.004337489465772837,0.0043375,,5
F9,200000,200000,2512,1,2,0.012560702264013623,0.01256,,7
F10,400000,400000,5217,1,2,0.01304165798485113,0.0130425,,4
F11,400000,400000,997,1,2,0.0024918224652905052,0.0024925,,7
F12,400000,400000,2933,1,2,0.0073329783655690095,0.0073325,,7
F13,200000,200000,2507,1,2,0.012535901563745733,0.012535,,5
F14,400000,400000,7513,1,2,0.018783257175127743,0.0187825,,2
F15,400000,400000,600,1,2,0.0014726699443058378,0.0015,,3
F16,400000,400000,1760,1,2,0.004399015236037751,0.0044,,7
F17,100000,100000,2825,1,2,0.02824983654709995,0.02825,,6
F18,400000,400000,1014,1,2,0.0025339000424311475,0.002535,,2
F19,400000,400000,9911,1,2,0.024778516993886723,0.0247775,,7
F20,100000,100000,3143,1,2,0.03142905273760868,0.03143,,4
F21,200000,200000,2193,1,2,0.010965259320991655,0.010965,,4
F22,400000,400000,3387,1,2,0.00846626938852374,0.0084675,,3
F23,200000,200000,6555,1,2,0.03277686066865551,0.032775,,3
F24,400000,400000,1365,1,2,0.0034115977931783725,0.0034125,,1
F25,200000,200000,6286,1,2,0.03142994614016731,0.03143,,5
F26,100000,100000,7921,1,2,0.07920655115367481,0.07921,,4
F27,400000,400000,4547,1,2,0.011366338809793097,0.0113675,,2
F28,400000,400000,2746,1,2,0.006865689561807227,0.006865,,6
F29,200000,200000,983,1,2,0.004915307520347939,0.004915,,6
F30,400000,400000,9297,1,2,0.023242112240818624,0.0232425,,3
F31,400000,400000,2089,1,2,0.005221309457790235,0.0052225,,3
F32,400000,400000,2274,1,2,0.005685461594728703,0.005685,,5
