Flow,Period,Deadline,Execution Time,w,h,Target_Utilization,Actual_Utilization,Utilization_Error,Queue
F1,200000,200000,3722,1,2,0.018610544222406933,0.01861,,1
F2,100000,100000,1917,1,2,0.019170680432598397,0.01917,,4
F3,400000,400000,3738,1,2,0.009344427335624683,0.009345,,6
F4,400000,400000,9647,1,2,0.024116805366342864,0.0241175,,5
F5,200000,200000,8488,1,2,0.042438113980819425,0.04244,,1
F6,400000,400000,1636,1,2,0.004088823674279207,0.00409,,3
F7,400000,400000,9677,1,2,0.024192508924182288,0.0241925,,7
F8,200000,200000,1948,1,2,0.0097402703741023,0.00974,,4
F9,400000,400000,8779,1,2,0.021947402435418095,0.0219475,,2
F10,400000,400000,600,1,2,0.00015800897828910365,0.0015,,4
F11,400000,400000,1074,1,2,0.0026848741038424384,0.002685,,2
F12,400000,400000,9733,1,2,0.02433148184440248,0.0243325,,1
F13,200000,200000,5023,1,2,0.02511580197019153,0.025115,,4
F14,400000,400000,600,1,2,6.427295842387215e-05,0.0015,,1
F15,200000,200000,7000,1,2,0.03499756491867262,0.035,,2
F16,400000,400000,8388,1,2,0.020970407352678744,0.02097,,1
F17,400000,400000,2953,1,2,0.007382386470797642,0.0073825,,1
F18,400000,400000,600,1,2,7.790821532183134e-06,0.0015,,3
F19,400000,400000,8254,1,2,0.02063588572724334,0.020635,,7
F20,400000,400000,1001,1,2,0.0025027722725337043,0.0025025,,5
F21,200000,200000,3559,1,2,0.017794154718984434,0.017795,,3
F22,400000,400000,6937,1,2,0.017342213981348054,0.0173425,,7
F23,400000,400000,694,1,2,0.001735091209538353,0.001735,,3
F24,200000,200000,2782,1,2,0.013910293410524077,0.01391,,5
F25,200000,200000,7063,1,2,0.035317124740600364,0.035315,,4
F26,400000,400000,8033,1,2,0.020083646415874817,0.0200825,,2
F27,200000,200000,5686,1,2,0.02843093810241873,0.02843,,7
F28,50000,50000,3490,1,2,0.06980234521534127,0.0698,,4
F29,400000,400000,7792,1,2,0.019480002790359996,0.01948,,5
F30,400000,400000,5337,1,2,0.013341909455682407,0.0133425,,2
F31,100000,100000,6691,1,2,0.06691042560209595,0.06691,,2
F32,200000,200000,4370,1,2,0.02185058016687383,0.02185,,4
