Flow,Period,Deadline,Execution Time,w,h,Target_Utilization,Actual_Utilization,Utilization_Error,Queue
F1,400000,400000,5835,1,2,0.014588708800242878,0.0145875,,7
F2,400000,400000,5463,1,2,0.013657435684823804,0.0136575,,2
F3,200000,200000,11440,1,2,0.057202243447268986,0.0572,,2
F4,400000,400000,1391,1,2,0.0034766741500282805,0.0034775,,6
F5,200000,200000,7101,1,2,0.0355049908816113,0.035505,,1
F6,400000,400000,7649,1,2,0.019123094237345595,0.0191225,,1
F7,200000,200000,1677,1,2,0.00838592826515483,0.008385,,7
F8,100000,100000,7146,1,2,0.07145941345445017,0.07146,,4
F9,50000,50000,3136,1,2,0.0627189266993779,0.06272,,1
F10,50000,50000,2013,1,2,0.040260048300145845,0.04026,,4
F11,200000,200000,2464,1,2,0.012319634999869988,0.01232,,4
F12,100000,100000,3375,1,2,0.03374949603098493,0.03375,,4
F13,400000,400000,6411,1,2,0.01602730902322752,0.0160275,,3
F14,100000,100000,7331,1,2,0.07330865760800115,0.07331,,1
F15,400000,400000,5989,1,2,0.01497341746618075,0.0149725,,1
F16,200000,200000,868,1,2,0.0043408204974134945,0.00434,,2
F17,400000,400000,3199,1,2,0.007997449624596281,0.0079975,,6
F18,400000,400000,2056,1,2,0.00513952074480839,0.00514,,7
F19,400000,400000,1638,1,2,0.00409557738507782,0.004095,,3
F20,400000,400000,5725,1,2,0.01431299429775007,0.0143125,,6
F21,200000,200000,7398,1,2,0.036988505892808096,0.03699,,6
F22,400000,400000,2385,1,2,0.005962057303247559,0.0059625,,2
F23,400000,400000,2172,1,2,0.005429348093330608,0.00543,,5
F24,400000,400000,8473,1,2,0.02118219429392723,0.0211825,,3
F25,400000,400000,621,1,2,0.001553107793969874,0.0015525,,5
F26,400000,400000,1080,1,2,0.0026990366012308864,0.0027,,4
F27,200000,200000,5465,1,2,0.027323900861497434,0.027325,,6
F28,400000,400000,4918,1,2,0.012295071335942001,0.012295,,1
F29,400000,400000,6859,1,2,0.017147663924052453,0.0171475,,2
F30,400000,400000,4011,1,2,0.010026972906291225,0.0100275,,3
F31,400000,400000,1113,1,2,0.002783658233985402,0.0027825,,1
F32,400000,400000,2213,1,2,0.005533570682945681,0.0055325,,4
