Flow,Period,Deadline,Execution Time,w,h,Target_Utilization,Actual_Utilization,Utilization_Error,Queue
F1,400000,400000,8071,1,2,0.02017871190197651,0.0201775,,1
F2,400000,400000,5667,1,2,0.014168352310408028,0.0141675,,7
F3,200000,200000,8759,1,2,0.043793392135942466,0.043795,,2
F4,400000,400000,8431,1,2,0.021076681895901173,0.0210775,,3
F5,200000,200000,1509,1,2,0.007546008174749486,0.007545,,4
F6,400000,400000,2167,1,2,0.00541654480874687,0.0054175,,7
F7,400000,400000,600,1,2,0.00040634895429669804,0.0015,,2
F8,400000,400000,600,1,2,0.0005432255297556088,0.0015,,5
F9,400000,400000,4422,1,2,0.011055768904097873,0.011055,,2
F10,400000,400000,10157,1,2,0.025393166190030625,0.0253925,,5
F11,50000,50000,1520,1,2,0.030399473719858627,0.0304,,2
F12,400000,400000,6561,1,2,0.016403134884298842,0.0164025,,3
F13,100000,100000,10577,1,2,0.1057749772808041,0.10577,,2
F14,400000,400000,8092,1,2,0.020229257220244656,0.02023,,7
F15,400000,400000,2944,1,2,0.007359505253758891,0.00736,,6
F16,400000,400000,8389,1,2,0.020973365221633844,0.0209725,,2
F17,200000,200000,7530,1,2,0.03765128675834983,0.03765,,2
F18,400000,400000,2195,1,2,0.005486368422365051,0.0054875,,5
F19,400000,400000,4404,1,2,0.011010715449202346,0.01101,,1
F20,400000,400000,1301,1,2,0.0032513590055189834,0.0032525,,1
F21,200000,200000,7465,1,2,0.037323477250114645,0.037325,,2
F22,100000,100000,7611,1,2,0.07611082137332192,0.07611,,2
F23,400000,400000,2447,1,2,0.006117068741150783,0.0061175,,1
F24,200000,200000,11455,1,2,0.05727431817413606,0.057275,,2
F25,400000,400000,1763,1,2,0.004406855718479152,0.0044075,,4
F26,400000,400000,990,1,2,0.0024755061871970796,0.002475,,6
F27,200000,200000,1300,1,2,0.0065005431416848974,0.0065,,2
F28,100000,100000,2774,1,2,0.02774013465034915,0.02774,,1
F29,200000,200000,8256,1,2,0.041280470384675715,0.04128,,2
F30,400000,400000,666,1,2,0.001664341385426607,0.001665,,2
F31,400000,400000,2155,1,2,0.0053870254761685735,0.0053875,,3
F32,400000,400000,4149,1,2,0.010372852612712605,0.0103725,,5
