Flow,Period,Deadline,Execution Time,w,h,Target_Utilization,Actual_Utilization,Utilization_Error,Queue
F1,200000,200000,1846,1,2,0.00923091132528775,0.00923,,6
F2,400000,400000,6517,1,2,0.01629275844933875,0.0162925,,7
F3,200000,200000,10703,1,2,0.05351353337987563,0.053515,,5
F4,400000,400000,10622,1,2,0.026554792932044546,0.026555,,2
F5,400000,400000,600,1,2,0.0011999259460276912,0.0015,,7
F6,400000,400000,9207,1,2,0.023017778361862584,0.0230175,,6
F7,100000,100000,11161,1,2,0.11160890561506248,0.11161,,1
F8,400000,400000,1927,1,2,0.004816551176580974,0.0048175,,4
F9,400000,400000,4819,1,2,0.012048631944543475,0.0120475,,2
F10,400000,400000,1000,1,2,0.002499352286963352,0.0025,,4
F11,200000,200000,8197,1,2,0.04098582723433147,0.040985,,6
F12,400000,400000,1849,1,2,0.004622495901217771,0.0046225,,2
F13,200000,200000,703,1,2,0.003514032351018992,0.003515,,6
F14,200000,200000,10470,1,2,0.052349809998272157,0.05235,,3
F15,200000,200000,6841,1,2,0.03420524240492759,0.034205,,3
F16,200000,200000,985,1,2,0.004925393410840667,0.004925,,3
F17,400000,400000,1812,1,2,0.0045311352368812285,0.00453,,5
F18,100000,100000,3615,1,2,0.03615155302769013,0.03615,,5
F19,400000,400000,2626,1,2,0.006563868531174438,0.006565,,1
F20,400000,400000,5051,1,2,0.012626922063467355,0.0126275,,1
F21,400000,400000,6221,1,2,0.015553180392817889,0.0155525,,3
F22,400000,400000,2923,1,2,0.007308261506266012,0.0073075,,5
F23,200000,200000,6769,1,2,0.033846327191920836,0.033845,,1
F24,400000,400000,2918,1,2,0.0072960324026931506,0.007295,,7
F25,400000,400000,5895,1,2,0.014737340346785435,0.0147375,,4
F26,200000,200000,8457,1,2,0.04228666082029868,0.042285,,1
F27,400000,400000,8409,1,2,0.02102292896048119,0.0210225,,5
F28,400000,400000,11398,1,2,0.02849429986618098,0.028495,,7
F29,400000,400000,600,1,2,0.0014543074724145903,0.0015,,2
F30,400000,400000,1322,1,2,0.00330470433190694,0.003305,,3
F31,400000,400000,600,1,2,0.0002614887044491308,0.0015,,7
F32,400000,400000,751,1,2,0.0018770853833849593,0.0018775,,1
