Flow,Period,Deadline,Execution Time,w,h,Target_Utilization,Actual_Utilization,Utilization_Error,Queue
F1,400000,400000,1817,1,2,0.004543076933435142,0.0045425,,7
F2,400000,400000,1151,1,2,0.0028787298625578828,0.0028775,,3
F3,400000,400000,2893,1,2,0.007232739135420996,0.0072325,,7
F4,200000,200000,5296,1,2,0.026480513711388598,0.02648,,1
F5,400000,400000,6766,1,2,0.016913828953229793,0.016915,,6
F6,200000,200000,10804,1,2,0.05402127657240241,0.05402,,4
F7,100000,100000,9581,1,2,0.09581450130892494,0.09581,,4
F8,200000,200000,659,1,2,0.0032938897619474994,0.003295,,4
F9,400000,400000,11493,1,2,0.028732053321736117,0.0287325,,3
F10,400000,400000,600,1,2,0.0009988287849801991,0.0015,,2
F11,400000,400000,1067,1,2,0.0026672206694360323,0.0026675,,2
F12,400000,400000,11383,1,2,0.028458405527899244,0.0284575,,7
F13,100000,100000,9315,1,2,0.09315024802732685,0.09315,,6
F14,400000,400000,4287,1,2,0.010717836211649623,0.0107175,,7
F15,400000,400000,810,1,2,0.0020255892223128846,0.002025,,6
F16,200000,200000,1413,1,2,0.007064832913949326,0.007065,,3
F17,400000,400000,5665,1,2,0.014162319623497982,0.0141625,,3
F18,200000,200000,7189,1,2,0.035943031984025126,0.035945,,2
F19,400000,400000,600,1,2,0.0006039459229646993,0.0015,,3
F20,200000,200000,2762,1,2,0.013810377115276246,0.01381,,4
F21,400000,400000,2473,1,2,0.0061828419162138215,0.0061825,,2
F22,200000,200000,6168,1,2,0.030840383743121896,0.03084,,4
F23,400000,400000,617,1,2,0.0015413541550934329,0.0015425,,6
F24,200000,200000,7381,1,2,0.03690607919478195,0.036905,,7
F25,400000,400000,3637,1,2,0.009092032255348478,0.0090925,,1
F26,100000,100000,4307,1,2,0.04307143109049948,0.04307,,3
F27,200000,200000,3538,1,2,0.017690263341251226,0.01769,,2
F28,400000,400000,3656,1,2,0.00913964152161172,0.00914,,6
F29,200000,200000,1976,1,2,0.009878821086696913,0.00988,,2
F30,400000,400000,2117,1,2,0.005293713929851741,0.0052925,,1
F31,400000,400000,2844,1,2,0.007110978011766799,0.00711,,4
F32,400000,400000,2452,1,2,0.00613055104393292,0.00613,,6
