Flow,Period,Deadline,Execution Time,w,h,Target_Utilization,Actual_Utilization,Utilization_Error,Queue
F1,400000,400000,6688,1,2,0.016718853081276297,0.01672,,6
F2,400000,400000,4340,1,2,0.010850226554954268,0.01085,,7
F3,50000,50000,3575,1,2,0.07149815553975325,0.0715,,1
F4,200000,200000,1897,1,2,0.009485227228865356,0.009485,,4
F5,400000,400000,7379,1,2,0.01844636766297597,0.0184475,,4
F6,100000,100000,3030,1,2,0.030299743919678546,0.0303,,7
F7,200000,200000,3813,1,2,0.01906589366176986,0.019065,,7
F8,400000,400000,600,1,2,0.00032608758583146935,0.0015,,7
F9,100000,100000,2226,1,2,0.022261169218209753,0.02226,,2
F10,200000,200000,2559,1,2,0.01279422764541921,0.012795,,1
F11,400000,400000,1893,1,2,0.004731837931828631,0.0047325,,5
F12,400000,400000,4438,1,2,0.011095113042065174,0.011095,,3
F13,100000,100000,4115,1,2,0.04114854289819836,0.04115,,4
F14,400000,400000,6475,1,2,0.016188539873316088,0.0161875,,5
F15,200000,200000,1545,1,2,0.007725953729727897,0.007725,,6
F16,400000,400000,1619,1,2,0.004047319289873563,0.0040475,,4
F17,50000,50000,2952,1,2,0.05904126176347346,0.05904,,1
F18,400000,400000,1166,1,2,0.0029153328754554786,0.002915,,1
F19,400000,400000,600,1,2,0.0005887569900602796,0.0015,,6
F20,400000,400000,600,1,2,0.0009884090314569438,0.0015,,7
F21,200000,200000,4233,1,2,0.02116547707453975,0.021165,,3
F22,400000,400000,7730,1,2,0.019325160522397744,0.019325,,1
F23,400000,400000,777,1,2,0.0019417922567822599,0.0019425,,2
F24,400000,400000,2381,1,2,0.0059525281104274574,0.0059525,,3
F25,400000,400000,600,1,2,0.001221141277531923,0.0015,,6
F26,100000,100000,1423,1,2,0.014229385054022992,0.01423,,2
F27,400000,400000,10914,1,2,0.027285800681025568,0.027285,,4
F28,400000,400000,11075,1,2,0.027688285381437555,0.0276875,,1
F29,200000,200000,7149,1,2,0.035744076888660395,0.035745,,3
F30,400000,400000,9450,1,2,0.02362490810417231,0.023625,,6
F31,100000,100000,4827,1,2,0.04827199911945755,0.04827,,7
F32,400000,400000,9409,1,2,0.023521898660065543,0.0235225,,5
