Flow,Period,Deadline,Execution Time,w,h,Target_Utilization,Actual_Utilization,Utilization_Error,Queue
F1,200000,200000,6528,1,2,0.03263774767524685,0.03264,,3
F2,200000,200000,3382,1,2,0.016910685358206612,0.01691,,3
F3,200000,200000,1408,1,2,0.00704120865013369,0.00704,,7
F4,200000,200000,3670,1,2,0.018350566790170664,0.01835,,1
F5,100000,100000,850,1,2,0.008500645662254613,0.0085,,5
F6,400000,400000,6042,1,2,0.015104702208016296,0.015105,,5
F7,400000,400000,600,1,2,0.00026449697961028473,0.0015,,5
F8,100000,100000,1415,1,2,0.014149847450847686,0.01415,,1
F9,400000,400000,3175,1,2,0.007937749174957154,0.0079375,,2
F10,200000,200000,5317,1,2,0.026583979796256707,0.026585,,3
F11,200000,200000,10020,1,2,0.05010094102821305,0.0501,,6
F12,400000,400000,2507,1,2,0.006267883106136296,0.0062675,,4
F13,400000,400000,5903,1,2,0.014757105486488675,0.0147575,,2
F14,200000,200000,1381,1,2,0.006905929603030381,0.006905,,3
F15,400000,400000,11414,1,2,0.028535749569117252,0.028535,,2
F16,100000,100000,4375,1,2,0.043749560007626476,0.04375,,1
F17,400000,400000,1519,1,2,0.003797319742872951,0.0037975,,3
F18,200000,200000,3856,1,2,0.019278832248113942,0.01928,,6
F19,400000,400000,1306,1,2,0.0032658701928967027,0.003265,,7
F20,200000,200000,5278,1,2,0.02639040434908846,0.02639,,2
F21,200000,200000,3153,1,2,0.01576395690532595,0.015765,,6
F22,400000,400000,1886,1,2,0.004713756442994155,0.004715,,6
F23,400000,400000,2981,1,2,0.007452393619881148,0.0074525,,6
F24,200000,200000,10990,1,2,0.054948683720475316,0.05495,,5
F25,400000,400000,3976,1,2,0.009940599666007771,0.00994,,7
F26,400000,400000,4671,1,2,0.011678659246645351,0.0116775,,4
F27,400000,400000,9117,1,2,0.02279208989426676,0.0227925,,4
F28,400000,400000,8604,1,2,0.021510460553760935,0.02151,,5
F29,50000,50000,6254,1,2,0.1250771393827842,0.12508,,2
F30,100000,100000,902,1,2,0.009021241306753499,0.00902,,4
F31,100000,100000,879,1,2,0.008790514813443867,0.00879,,1
F32,400000,400000,2049,1,2,0.005123403340166171,0.0051225,,2
