Flow,Period,Deadline,Execution Time,w,h,Target_Utilization,Actual_Utilization,Utilization_Error,Queue
F1,100000,100000,7875,1,2,0.07874866736095432,0.07875,,1
F2,400000,400000,4319,1,2,0.01079835776236815,0.0107975,,3
F3,200000,200000,9437,1,2,0.04718603591198478,0.047185,,7
F4,400000,400000,8368,1,2,0.020919296649593466,0.02092,,4
F5,400000,400000,5730,1,2,0.01432517634389463,0.014325,,1
F6,50000,50000,1423,1,2,0.02846038824471042,0.02846,,5
F7,200000,200000,8819,1,2,0.044094236780980345,0.044095,,6
F8,400000,400000,11689,1,2,0.029221595621577334,0.0292225,,2
F9,200000,200000,11011,1,2,0.055055821639852676,0.055055,,1
F10,400000,400000,2583,1,2,0.0064569494260138804,0.0064575,,1
F11,400000,400000,2013,1,2,0.005031268632724184,0.0050325,,7
F12,100000,100000,5525,1,2,0.05525151066547496,0.05525,,5
F13,400000,400000,6559,1,2,0.01639701636991986,0.0163975,,7
F14,400000,400000,695,1,2,0.0017381962549948837,0.0017375,,5
F15,400000,400000,3793,1,2,0.009482730626104274,0.0094825,,3
F16,100000,100000,1086,1,2,0.010860713981473535,0.01086,,4
F17,400000,400000,755,1,2,0.0018887071402818312,0.0018875,,2
F18,200000,200000,2141,1,2,0.010704375305212566,0.010705,,6
F19,200000,200000,1132,1,2,0.005660511710219307,0.00566,,2
F20,400000,400000,1261,1,2,0.003152745884841157,0.0031525,,1
F21,50000,50000,4095,1,2,0.08190338202069528,0.0819,,5
F22,400000,400000,5584,1,2,0.01395919688393421,0.01396,,2
F23,400000,400000,4306,1,2,0.010766238415082369,0.010765,,4
F24,200000,200000,6480,1,2,0.03239796009638263,0.0324,,1
F25,400000,400000,600,1,2,0.00017731345513366525,0.0015,,5
F26,100000,100000,5122,1,2,0.0512220793647678,0.05122,,2
F27,200000,200000,2838,1,2,0.014188776921182839,0.01419,,5
F28,400000,400000,2434,1,2,0.0060855034713452605,0.006085,,5
F29,200000,200000,9802,1,2,0.049011889802333286,0.04901,,5
F30,400000,400000,5909,1,2,0.014771913075242907,0.0147725,,6
F31,200000,200000,7197,1,2,0.035985256135486386,0.035985,,3
F32,200000,200000,2156,1,2,0.010780815279062626,0.01078,,7
