Flow,Period,Deadline,Execution Time,w,h,Target_Utilization,Actual_Utilization,Utilization_Error,Queue
F1,400000,400000,600,1,2,7.341620052003783e-06,0.0015,,3
F2,400000,400000,2035,1,2,0.005086905763408089,0.0050875,,3
F3,400000,400000,9305,1,2,0.023261947140067574,0.0232625,,4
F4,200000,200000,5399,1,2,0.026995940577263955,0.026995,,2
F5,400000,400000,1026,1,2,0.0025651367073816767,0.002565,,1
F6,100000,100000,9823,1,2,0.09822747523661934,0.09823,,4
F7,400000,400000,7718,1,2,0.01929581704978156,0.019295,,7
F8,400000,400000,3531,1,2,0.008827629996266406,0.0088275,,1
F9,400000,400000,2978,1,2,0.0074447470267258176,0.007445,,5
F10,200000,200000,6603,1,2,0.033014253130072446,0.033015,,6
F11,50000,50000,4780,1,2,0.09560352319831739,0.0956,,4
F12,200000,200000,7426,1,2,0.03713218056848433,0.03713,,4
F13,200000,200000,705,1,2,0.003525468506721474,0.003525,,4
F14,400000,400000,873,1,2,0.002183527298538601,0.0021825,,4
F15,400000,400000,3164,1,2,0.007909415500857886,0.00791,,7
F16,400000,400000,5119,1,2,0.01279805219621416,0.0127975,,3
F17,400000,400000,4202,1,2,0.010504714562088735,0.010505,,2
F18,400000,400000,7795,1,2,0.019487351948031473,0.0194875,,1
F19,400000,400000,3182,1,2,0.007954990548417973,0.007955,,2
F20,400000,400000,9599,1,2,0.023997648627158474,0.0239975,,6
F21,50000,50000,930,1,2,0.018599133260000844,0.0186,,6
F22,200000,200000,10927,1,2,0.05463560673630069,0.054635,,4
F23,400000,400000,2409,1,2,0.006023192652946874,0.0060225,,1
F24,100000,100000,2592,1,2,0.02592111370189873,0.02592,,1
F25,200000,200000,3117,1,2,0.015586185787317741,0.015585,,4
F26,400000,400000,8302,1,2,0.020755967165059314,0.020755,,2
F27,200000,200000,6747,1,2,0.03373455134846806,0.033735,,2
F28,200000,200000,7555,1,2,0.03777441433507189,0.037775,,6
F29,400000,400000,4046,1,2,0.010116069160223798,0.010115,,5
F30,50000,50000,4426,1,2,0.088519058613063,0.08852,,2
F31,400000,400000,10814,1,2,0.027034193931133297,0.027035,,4
F32,400000,400000,1103,1,2,0.002758331403164463,0.0027575,,6
