Flow,Period,Deadline,Execution Time,w,h,Target_Utilization,Actual_Utilization,Utilization_Error,Queue
F1,100000,100000,1593,1,2,0.01593067912449564,0.01593,,2
F2,400000,400000,11612,1,2,0.029030668371284984,0.02903,,4
F3,400000,400000,4053,1,2,0.010133200862460834,0.0101325,,5
F4,400000,400000,3297,1,2,0.008242197827043163,0.0082425,,4
F5,400000,400000,8847,1,2,0.022116330337183077,0.0221175,,7
F6,200000,200000,6425,1,2,0.03212625252166801,0.032125,,1
F7,100000,100000,2357,1,2,0.023570978739998916,0.02357,,5
F8,400000,400000,6039,1,2,0.015097482450666222,0.0150975,,5
F9,400000,400000,8701,1,2,0.021751685146852995,0.0217525,,6
F10,400000,400000,1767,1,2,0.004417704103726661,0.0044175,,3
F11,400000,400000,600,1,2,0.0013856038565727147,0.0015,,6
F12,400000,400000,5145,1,2,0.012862142144552724,0.0128625,,1
F13,200000,200000,11210,1,2,0.05605006017790848,0.05605,,5
F14,200000,200000,9746,1,2,0.048731205078464235,0.04873,,5
F15,400000,400000,9525,1,2,0.023813572017424067,0.0238125,,2
F16,400000,400000,862,1,2,0.0021554350801678,0.002155,,6
F17,200000,200000,7039,1,2,0.035195848050779965,0.035195,,2
F18,400000,400000,10407,1,2,0.026018228247210562,0.0260175,,7
F19,100000,100000,2288,1,2,0.02287879617562305,0.02288,,4
F20,400000,400000,9818,1,2,0.02454437088221678,0.024545,,3
F21,400000,400000,2783,1,2,0.006957992738396868,0.0069575,,7
F22,400000,400000,9271,1,2,0.02317752309467558,0.0231775,,1
F23,100000,100000,4117,1,2,0.04116767257371823,0.04117,,7
F24,100000,100000,3320,1,2,0.03319990018704744,0.0332,,5
F25,50000,50000,1888,1,2,0.03775946301535829,0.03776,,3
F26,100000,100000,954,1,2,0.009540888572632023,0.00954,,1
F27,200000,200000,9799,1,2,0.04899368045076105,0.048995,,3
F28,400000,400000,4135,1,2,0.010336876609691681,0.0103375,,7
F29,100000,100000,1279,1,2,0.012789295546287563,0.01279,,4
F30,50000,50000,2079,1,2,0.041577617923824146,0.04158,,2
F31,400000,400000,4075,1,2,0.010188354103618645,0.0101875,,2
F32,400000,400000,8597,1,2,0.021492695306795165,0.0214925,,3
