Flow,Period,Deadline,Execution Time,w,h,Target_Utilization,Actual_Utilization,Utilization_Error,Queue
F1,100000,100000,6056,1,2,0.06055613509071045,0.06056,,5
F2,100000,100000,11965,1,2,0.11965363462469392,0.11965,,2
F3,100000,100000,3861,1,2,0.038608171029028804,0.03861,,5
F4,100000,100000,1932,1,2,0.019319605730113154,0.01932,,1
F5,200000,200000,2007,1,2,0.010035436987047452,0.010035,,3
F6,200000,200000,4983,1,2,0.024914355487317574,0.024915,,6
F7,100000,100000,6438,1,2,0.0643838165963766,0.06438,,4
F8,400000,400000,9377,1,2,0.02344142691747353,0.0234425,,5
F9,100000,100000,2670,1,2,0.0267005231719199,0.0267,,2
F10,400000,400000,3409,1,2,0.008522684954350157,0.0085225,,6
F11,400000,400000,2039,1,2,0.0050966610082043284,0.0050975,,2
F12,200000,200000,8047,1,2,0.040235299473589115,0.040235,,2
F13,400000,400000,4024,1,2,0.010061143374100023,0.01006,,1
F14,200000,200000,1749,1,2,0.008744025607308248,0.008745,,7
F15,400000,400000,600,1,2,0.0004792716446297418,0.0015,,3
F16,400000,400000,600,1,2,0.0006260536260689342,0.0015,,6
F17,100000,100000,6765,1,2,0.06765315800426325,0.06765,,2
F18,100000,100000,6411,1,2,0.0641143894025607,0.06411,,2
F19,200000,200000,8596,1,2,0.0429786628255428,0.04298,,4
F20,400000,400000,4686,1,2,0.011715404782814437,0.011715,,2
F21,400000,400000,600,1,2,0.0002846408753704732,0.0015,,7
F22,400000,400000,7177,1,2,0.017943483513958025,0.0179425,,4
F23,400000,400000,1597,1,2,0.00399144776557131,0.0039925,,2
F24,400000,400000,1980,1,2,0.00495048683581345,0.00495,,4
F25,400000,400000,2245,1,2,0.005613032077351837,0.0056125,,4
F26,400000,400000,1076,1,2,0.002689887482005243,0.00269,,1
F27,100000,100000,2845,1,2,0.0284510115297798,0.02845,,4
F28,400000,400000,1877,1,2,0.004691978651199573,0.0046925,,5
F29,400000,400000,5225,1,2,0.01306172761068812,0.0130625,,7
F30,200000,200000,1195,1,2,0.0059746582912752685,0.005975,,5
F31,200000,200000,4068,1,2,0.02034064532576079,0.02034,,3
F32,400000,400000,600,1,2,0.0007989637163961004,0.0015,,3
