Flow,Period,Deadline,Execution Time,w,h,Target_Utilization,Actual_Utilization,Utilization_Error,Queue
F1,200000,200000,9803,1,2,0.049013069853873326,0.049015,,4
F2,400000,400000,600,1,2,0.0004819533646792662,0.0015,,1
F3,200000,200000,2325,1,2,0.011625634862798662,0.011625,,4
F4,400000,400000,600,1,2,0.0004936140569867797,0.0015,,4
F5,100000,100000,10530,1,2,0.10529889663783198,0.1053,,5
F6,200000,200000,6823,1,2,0.03411480657121402,0.034115,,3
F7,400000,400000,605,1,2,0.001511506518101613,0.0015125,,3
F8,400000,400000,6685,1,2,0.016713243458266636,0.0167125,,6
F9,400000,400000,7565,1,2,0.018911977282810966,0.0189125,,4
F10,400000,400000,3865,1,2,0.009662692530268857,0.0096625,,1
F11,200000,200000,10923,1,2,0.05461298747044724,0.054615,,3
F12,200000,200000,8142,1,2,0.04070754965545592,0.04071,,6
F13,200000,200000,1436,1,2,0.00717892612057669,0.00718,,7
F14,100000,100000,681,1,2,0.006810274614349854,0.00681,,6
F15,400000,400000,939,1,2,0.0023474522057859715,0.0023475,,3
F16,400000,400000,10944,1,2,0.027358876548191968,0.02736,,6
F17,400000,400000,600,1,2,0.0009650167517927244,0.0015,,5
F18,400000,400000,1947,1,2,0.004867651985840937,0.0048675,,2
F19,400000,400000,6487,1,2,0.016218374090725796,0.0162175,,5
F20,400000,400000,672,1,2,0.0016803474176180222,0.00168,,7
F21,400000,400000,669,1,2,0.0016718943219822813,0.0016725,,7
F22,400000,400000,11093,1,2,0.02773208185680559,0.0277325,,4
F23,200000,200000,6796,1,2,0.033979664375966556,0.03398,,1
F24,400000,400000,5943,1,2,0.014857307884098642,0.0148575,,3
F25,400000,400000,10841,1,2,0.02710262008806466,0.0271025,,5
F26,400000,400000,7457,1,2,0.018641702397950294,0.0186425,,7
F27,200000,200000,6573,1,2,0.0328636557365006,0.032865,,7
F28,200000,200000,9670,1,2,0.04835130711355336,0.04835,,5
F29,100000,100000,7365,1,2,0.07365459281103984,0.07365,,7
F30,400000,400000,7039,1,2,0.01759788341138647,0.0175975,,1
F31,400000,400000,1735,1,2,0.004337863952002887,0.0043375,,5
F32,400000,400000,8549,1,2,0.021371989359556955,0.0213725,,3
