Flow,Period,Deadline,Execution Time,w,h,Target_Utilization,Actual_Utilization,Utilization_Error,Queue
F1,200000,200000,1619,1,2,0.008094844184490912,0.008095,,6
F2,200000,200000,6722,1,2,0.03361034334746693,0.03361,,6
F3,400000,400000,4334,1,2,0.010836117829733927,0.010835,,2
F4,200000,200000,6393,1,2,0.0319629910937238,0.031965,,4
F5,50000,50000,823,1,2,0.016459528938662538,0.01646,,7
F6,200000,200000,732,1,2,0.003659330270155081,0.00366,,5
F7,400000,400000,3981,1,2,0.009951542040160577,0.0099525,,5
F8,400000,400000,8094,1,2,0.02023430377947244,0.020235,,7
F9,400000,400000,9348,1,2,0.023368831898839204,0.02337,,6
F10,100000,100000,6261,1,2,0.06260626515470213,0.06261,,4
F11,200000,200000,1065,1,2,0.005325902755883238,0.005325,,2
F12,400000,400000,600,1,2,0.00012762404069205369,0.0015,,1
F13,400000,400000,4473,1,2,0.011181262776521705,0.0111825,,5
F14,200000,200000,2676,1,2,0.013379477653778393,0.01338,,4
F15,100000,100000,8943,1,2,0.08942908202033012,0.08943,,7
F16,400000,400000,600,1,2,7.489556162487698e-05,0.0015,,7
F17,400000,400000,2832,1,2,0.007080563968366205,0.00708,,7
F18,400000,400000,8024,1,2,0.02005956434585665,0.02006,,4
F19,100000,100000,7850,1,2,0.07849882650234363,0.0785,,7
F20,400000,400000,6015,1,2,0.015037498875508343,0.0150375,,6
F21,400000,400000,2957,1,2,0.0073914910826972935,0.0073925,,3
F22,200000,200000,968,1,2,0.00483954514667953,0.00484,,4
F23,400000,400000,600,1,2,0.001413208425639273,0.0015,,3
F24,400000,400000,7074,1,2,0.017685515824905046,0.017685,,1
F25,50000,50000,1158,1,2,0.02316055665718708,0.02316,,5
F26,400000,400000,10583,1,2,0.02645706752753349,0.0264575,,2
F27,100000,100000,6206,1,2,0.06205535583777411,0.06206,,2
F28,400000,400000,7116,1,2,0.017789720499345782,0.01779,,2
F29,400000,400000,3266,1,2,0.00816402930287817,0.008165,,4
F30,50000,50000,2384,1,2,0.04767810220597999,0.04768,,7
F31,400000,400000,6373,1,2,0.01593152615437325,0.0159325,,3
F32,400000,400000,3945,1,2,0.009862429130278023,0.0098625,,1
