Flow,Period,Deadline,Execution Time,w,h,Target_Utilization,Actual_Utilization,Utilization_Error,Queue
F1,400000,400000,11495,1,2,0.028736555266846486,0.0287375,,6
F2,400000,400000,5671,1,2,0.014178395161668855,0.0141775,,7
F3,50000,50000,4094,1,2,0.08187548391055277,0.08188,,2
F4,200000,200000,8051,1,2,0.040253069893584126,0.040255,,6
F5,400000,400000,7570,1,2,0.018924112421750072,0.018925,,6
F6,200000,200000,1323,1,2,0.0066157754868316765,0.006615,,6
F7,200000,200000,1377,1,2,0.006884639382196189,0.006885,,7
F8,100000,100000,6175,1,2,0.06175426045884913,0.06175,,6
F9,200000,200000,8769,1,2,0.04384639255599765,0.043845,,2
F10,400000,400000,5693,1,2,0.014232901598937586,0.0142325,,5
F11,400000,400000,2197,1,2,0.005493178030965995,0.0054925,,2
F12,50000,50000,3276,1,2,0.06552427148771722,0.06552,,2
F13,400000,400000,3679,1,2,0.009197332127846791,0.0091975,,3
F14,400000,400000,1193,1,2,0.0029833859705533095,0.0029825,,3
F15,200000,200000,6499,1,2,0.03249315950310838,0.032495,,7
F16,200000,200000,8773,1,2,0.04386481961438282,0.043865,,2
F17,400000,400000,7325,1,2,0.018312188145182928,0.0183125,,1
F18,200000,200000,8197,1,2,0.04098596451115144,0.040985,,7
F19,400000,400000,5838,1,2,0.014594095199535556,0.014595,,3
F20,200000,200000,8491,1,2,0.04245307940696394,0.042455,,6
F21,400000,400000,11229,1,2,0.02807208411086426,0.0280725,,1
F22,400000,400000,10694,1,2,0.02673488786494399,0.026735,,7
F23,400000,400000,5423,1,2,0.013557188623545241,0.0135575,,2
F24,400000,400000,4142,1,2,0.010355398001515664,0.010355,,6
F25,200000,200000,6169,1,2,0.030844534557879014,0.030845,,2
F26,400000,400000,1141,1,2,0.002853328393595464,0.0028525,,4
F27,200000,200000,649,1,2,0.003245398452183121,0.003245,,5
F28,200000,200000,8175,1,2,0.04087476899692337,0.040875,,2
F29,400000,400000,7722,1,2,0.01930497284001623,0.019305,,2
F30,400000,400000,3131,1,2,0.007828358592579243,0.0078275,,5
F31,400000,400000,3711,1,2,0.00927853759359094,0.0092775,,1
F32,400000,400000,1342,1,2,0.003354919303438162,0.003355,,1
