Flow,Period,Deadline,Execution Time,w,h,Target_Utilization,Actual_Utilization,Utilization_Error,Queue
F1,400000,400000,4762,1,2,0.011906150659106274,0.011905,,2
F2,400000,400000,1603,1,2,0.004008219457170337,0.0040075,,6
F3,200000,200000,6857,1,2,0.03428615858160278,0.034285,,4
F4,100000,100000,5126,1,2,0.051259564004477065,0.05126,,2
F5,100000,100000,3624,1,2,0.03623795267260399,0.03624,,2
F6,100000,100000,3893,1,2,0.03893219919342028,0.03893,,1
F7,400000,400000,5235,1,2,0.01308625490689952,0.0130875,,6
F8,400000,400000,6376,1,2,0.015941090985127415,0.01594,,2
F9,400000,400000,600,1,2,0.0006754602153453693,0.0015,,7
F10,50000,50000,4359,1,2,0.08718401267757214,0.08718,,4
F11,400000,400000,6596,1,2,0.016489593243938838,0.01649,,3
F12,400000,400000,5368,1,2,0.013420237619824582,0.01342,,5
F13,200000,200000,7749,1,2,0.03874272602528034,0.038745,,5
F14,400000,400000,1338,1,2,0.0033460523492359062,0.003345,,2
F15,100000,100000,10175,1,2,0.10175192522824617,0.10175,,6
F16,100000,100000,920,1,2,0.009199165923926389,0.0092,,1
F17,200000,200000,9697,1,2,0.04848336969889727,0.048485,,6
F18,200000,200000,4537,1,2,0.022683802417543864,0.022685,,6
F19,400000,400000,3563,1,2,0.008907877660314534,0.0089075,,4
F20,100000,100000,3029,1,2,0.030290429001251284,0.03029,,1
F21,400000,400000,1494,1,2,0.0037360593026156685,0.003735,,4
F22,200000,200000,7373,1,2,0.03686566191929724,0.036865,,3
F23,400000,400000,2989,1,2,0.007471334354331102,0.0074725,,7
F24,400000,400000,1041,1,2,0.002602495249283396,0.0026025,,6
F25,400000,400000,5350,1,2,0.013374209650154983,0.013375,,3
F26,100000,100000,1923,1,2,0.019230744608701014,0.01923,,5
F27,400000,400000,5575,1,2,0.013937171200175999,0.0139375,,7
F28,400000,400000,600,1,2,0.0005524355855327165,0.0015,,5
F29,100000,100000,721,1,2,0.007211207533408523,0.00721,,5
F30,400000,400000,2673,1,2,0.006682251856706158,0.0066825,,3
F31,200000,200000,6949,1,2,0.034744882670456306,0.034745,,7
F32,400000,400000,2223,1,2,0.0055582134241426865,0.0055575,,1
