Flow,Period,Deadline,Execution Time,w,h,Target_Utilization,Actual_Utilization,Utilization_Error,Queue
F1,200000,200000,10134,1,2,0.05067240927964223,0.05067,,2
F2,400000,400000,11149,1,2,0.027872942420700042,0.0278725,,5
F3,400000,400000,1036,1,2,0.0025901776988804803,0.00259,,7
F4,400000,400000,600,1,2,0.00017449836757688075,0.0015,,5
F5,100000,100000,3988,1,2,0.03988225973449566,0.03988,,4
F6,400000,400000,4931,1,2,0.012327105382178738,0.0123275,,6
F7,400000,400000,10201,1,2,0.025502123014561562,0.0255025,,4
F8,200000,200000,8223,1,2,0.04111715253051251,0.041115,,3
F9,200000,200000,1095,1,2,0.005474209616246117,0.005475,,1
F10,50000,50000,2178,1,2,0.04355781957265831,0.04356,,7
F11,400000,400000,896,1,2,0.0022404793958048508,0.00224,,2
F12,400000,400000,4079,1,2,0.010196950734976618,0.0101975,,4
F13,50000,50000,1292,1,2,0.02584088099072701,0.02584,,7
F14,200000,200000,4595,1,2,0.02297543873011132,0.022975,,2
F15,400000,400000,9948,1,2,0.024869191753011888,0.02487,,3
F16,100000,100000,3948,1,2,0.03947765573606754,0.03948,,6
F17,200000,200000,11235,1,2,0.05617503793177819,0.056175,,3
F18,400000,400000,7267,1,2,0.0181670791840704,0.0181675,,6
F19,400000,400000,600,1,2,0.0006605987281474435,0.0015,,4
F20,400000,400000,2348,1,2,0.005868759402859414,0.00587,,7
F21,400000,400000,6276,1,2,0.015688805570812814,0.01569,,5
F22,400000,400000,4291,1,2,0.010728393293575084,0.0107275,,2
F23,400000,400000,6066,1,2,0.015165549032305325,0.015165,,7
F24,400000,400000,3897,1,2,0.009742563165303086,0.0097425,,3
F25,400000,400000,600,1,2,0.00030163474473282603,0.0015,,3
F26,100000,100000,4839,1,2,0.048390475804286376,0.04839,,5
F27,400000,400000,2023,1,2,0.005056965381191297,0.0050575,,6
F28,200000,200000,11261,1,2,0.056305640508372626,0.056305,,4
F29,100000,100000,6217,1,2,0.06217011733990962,0.06217,,3
F30,100000,100000,3551,1,2,0.03550836014374967,0.03551,,2
F31,200000,200000,1239,1,2,0.006195549070700579,0.006195,,1
F32,400000,400000,4162,1,2,0.010405621902847991,0.010405,,5
