Flow,Period,Deadline,Execution Time,w,h,Target_Utilization,Actual_Utilization,Utilization_Error,Queue
F1,100000,100000,7061,1,2,0.07060682184418332,0.07061,,5
F2,400000,400000,11714,1,2,0.02928413321171819,0.029285,,4
F3,50000,50000,858,1,2,0.017160874724887587,0.01716,,2
F4,200000,200000,2605,1,2,0.013025219869138516,0.013025,,4
F5,200000,200000,6360,1,2,0.03179853286315781,0.0318,,5
F6,400000,400000,1697,1,2,0.004243382661771378,0.0042425,,1
F7,200000,200000,3041,1,2,0.015205865339618319,0.015205,,7
F8,400000,400000,8745,1,2,0.021861927108241308,0.0218625,,7
F9,400000,400000,812,1,2,0.002031237341205472,0.00203,,2
F10,400000,400000,600,1,2,6.100247741214204e-05,0.0015,,6
F11,400000,400000,3643,1,2,0.009107496973929319,0.0091075,,7
F12,400000,400000,968,1,2,0.0024208515125263563,0.00242,,6
F13,50000,50000,2031,1,2,0.04062197118558336,0.04062,,4
F14,200000,200000,9975,1,2,0.049875089635059044,0.049875,,5
F15,400000,400000,600,1,2,0.00015281828867641511,0.0015,,3
F16,200000,200000,4892,1,2,0.024460838599325962,0.02446,,3
F17,400000,400000,3607,1,2,0.009016272010667237,0.0090175,,4
F18,200000,200000,7178,1,2,0.03588814804264928,0.03589,,7
F19,200000,200000,4347,1,2,0.021733980608311276,0.021735,,1
F20,50000,50000,6464,1,2,0.1292811010376104,0.12928,,7
F21,400000,400000,2630,1,2,0.0065758804360045164,0.006575,,3
F22,400000,400000,600,1,2,0.0004007297163799439,0.0015,,2
F23,200000,200000,10076,1,2,0.05038000928914488,0.05038,,7
F24,100000,100000,987,1,2,0.00987094520902343,0.00987,,6
F25,200000,200000,6617,1,2,0.033085702485787294,0.033085,,3
F26,100000,100000,809,1,2,0.008091243726922867,0.00809,,5
F27,200000,200000,5188,1,2,0.02593977983260526,0.02594,,2
F28,400000,400000,3715,1,2,0.009286600423442933,0.0092875,,1
F29,400000,400000,4594,1,2,0.011484700781927787,0.011485,,5
F30,400000,400000,5863,1,2,0.01465754003220943,0.0146575,,3
F31,400000,400000,7032,1,2,0.01758013386400648,0.01758,,6
F32,400000,400000,2093,1,2,0.005231304750093618,0.0052325,,2
