Flow,Period,Deadline,Execution Time,w,h,Target_Utilization,Actual_Utilization,Utilization_Error,Queue
F1,400000,400000,600,1,2,7.458159271389597e-06,0.0015,,4
F2,400000,400000,1626,1,2,0.004063996095212241,0.004065,,2
F3,200000,200000,4066,1,2,0.020329069177356884,0.02033,,7
F4,200000,200000,9830,1,2,0.04915176165753732,0.04915,,2
F5,200000,200000,9572,1,2,0.047859296534739304,0.04786,,1
F6,400000,400000,5805,1,2,0.01451224488165992,0.0145125,,4
F7,200000,200000,9063,1,2,0.045315443179929527,0.045315,,2
F8,400000,400000,9261,1,2,0.023152950917733617,0.0231525,,6
F9,400000,400000,10716,1,2,0.02678897769364219,0.02679,,4
F10,400000,400000,1186,1,2,0.002964745270471414,0.002965,,2
F11,400000,400000,600,1,2,0.0010390393618924243,0.0015,,5
F12,200000,200000,817,1,2,0.00408446828779685,0.004085,,6
F13,200000,200000,7717,1,2,0.038582841139271795,0.038585,,1
F14,100000,100000,4471,1,2,0.044709458914583666,0.04471,,4
F15,400000,400000,3566,1,2,0.008915183959687989,0.008915,,1
F16,200000,200000,6115,1,2,0.030573305889478486,0.030575,,7
F17,50000,50000,693,1,2,0.01386014507246297,0.01386,,6
F18,200000,200000,3574,1,2,0.017870378393574027,0.01787,,2
F19,400000,400000,4581,1,2,0.011452744684279925,0.0114525,,3
F20,200000,200000,8345,1,2,0.04172510421870157,0.041725,,5
F21,100000,100000,1461,1,2,0.014610634558375246,0.01461,,1
F22,100000,100000,8449,1,2,0.08448502269348238,0.08449,,6
F23,400000,400000,4714,1,2,0.011784649532835006,0.011785,,5
F24,400000,400000,8654,1,2,0.021634439009362932,0.021635,,5
F25,400000,400000,1947,1,2,0.004867745153391501,0.0048675,,4
F26,200000,200000,7777,1,2,0.0388860685188057,0.038885,,2
F27,400000,400000,600,1,2,0.0005167568523195137,0.0015,,4
F28,400000,400000,4572,1,2,0.011429793918445064,0.01143,,7
F29,100000,100000,5795,1,2,0.05794765855351577,0.05795,,1
F30,400000,400000,1461,1,2,0.0036520145194637796,0.0036525,,6
F31,50000,50000,2137,1,2,0.04274187036673754,0.04274,,6
F32,400000,400000,600,1,2,0.0003898854049250934,0.0015,,5
