Flow,Period,Deadline,Execution Time,w,h,Target_Utilization,Actual_Utilization,Utilization_Error,Queue
F1,200000,200000,11145,1,2,0.05572634512771002,0.055725,,6
F2,200000,200000,926,1,2,0.004629024093120826,0.00463,,7
F3,400000,400000,6431,1,2,0.016076906606136032,0.0160775,,1
F4,100000,100000,2836,1,2,0.028360202451634953,0.02836,,6
F5,200000,200000,6464,1,2,0.0323212407176553,0.03232,,1
F6,400000,400000,801,1,2,0.0020017872352324773,0.0020025,,5
F7,50000,50000,2602,1,2,0.05203944356852053,0.05204,,7
F8,400000,400000,3353,1,2,0.008383366102510115,0.0083825,,2
F9,400000,400000,3949,1,2,0.009872330208341884,0.0098725,,6
F10,400000,400000,774,1,2,0.0019342688797899799,0.001935,,7
F11,200000,200000,4908,1,2,0.024540169452597627,0.02454,,4
F12,200000,200000,6515,1,2,0.032573182077102025,0.032575,,2
F13,200000,200000,3077,1,2,0.015385722502612886,0.015385,,3
F14,400000,400000,973,1,2,0.002432663309638594,0.0024325,,3
F15,200000,200000,7782,1,2,0.038910688561922424,0.03891,,5
F16,50000,50000,3961,1,2,0.07922115231532512,0.07922,,5
F17,200000,200000,8979,1,2,0.044897249358422875,0.044895,,6
F18,100000,100000,2671,1,2,0.026709229636924237,0.02671,,5
F19,400000,400000,2885,1,2,0.007213371296046045,0.0072125,,5
F20,200000,200000,779,1,2,0.0038956150499772635,0.003895,,5
F21,400000,400000,600,1,2,0.00016630604135814409,0.0015,,4
F22,200000,200000,1190,1,2,0.005950751216173139,0.00595,,2
F23,200000,200000,6022,1,2,0.030109238891647294,0.03011,,3
F24,400000,400000,1992,1,2,0.004980931286923201,0.00498,,6
F25,400000,400000,11284,1,2,0.02821117971275791,0.02821,,2
F26,400000,400000,2233,1,2,0.00558205608990342,0.0055825,,4
F27,50000,50000,6233,1,2,0.12465818177349489,0.12466,,5
F28,100000,100000,2925,1,2,0.029250851656257324,0.02925,,7
F29,400000,400000,5435,1,2,0.013588392161283639,0.0135875,,7
F30,400000,400000,1034,1,2,0.002585862553375515,0.002585,,3
F31,200000,200000,1035,1,2,0.005174211547874309,0.005175,,1
F32,400000,400000,600,1,2,0.0011723441560482814,0.0015,,6
