Flow,Period,Deadline,Execution Time,w,h,Target_Utilization,Actual_Utilization,Utilization_Error,Queue
F1,400000,400000,8156,1,2,0.020388915482420833,0.02039,,4
F2,400000,400000,1244,1,2,0.0031106021340909784,0.00311,,4
F3,400000,400000,4887,1,2,0.012216337502573893,0.0122175,,4
F4,400000,400000,4491,1,2,0.011227406399563655,0.0112275,,6
F5,200000,200000,11525,1,2,0.05762585644646401,0.057625,,1
F6,400000,400000,600,1,2,0.0004435828641602413,0.0015,,7
F7,100000,100000,3503,1,2,0.035029363437507954,0.03503,,5
F8,400000,400000,600,1,2,0.0014955553116065001,0.0015,,4
F9,400000,400000,7947,1,2,0.019868162735894868,0.0198675,,6
F10,200000,200000,6184,1,2,0.03091945993763001,0.03092,,6
F11,100000,100000,4101,1,2,0.041008564772107514,0.04101,,6
F12,100000,100000,3393,1,2,0.033931276426218515,0.03393,,1
F13,400000,400000,600,1,2,0.0011506899890965094,0.0015,,2
F14,400000,400000,5145,1,2,0.012863120409703555,0.0128625,,1
F15,50000,50000,1628,1,2,0.03256032153458682,0.03256,,5
F16,400000,400000,4648,1,2,0.011619539986104155,0.01162,,2
F17,200000,200000,6552,1,2,0.032758978088133384,0.03276,,1
F18,200000,200000,3089,1,2,0.015446195072996216,0.015445,,5
F19,200000,200000,2125,1,2,0.01062496771089283,0.010625,,5
F20,400000,400000,1086,1,2,0.0027157806097021786,0.002715,,2
F21,400000,400000,9262,1,2,0.023155999737648758,0.023155,,5
F22,400000,400000,1433,1,2,0.0035817780582678704,0.0035825,,3
F23,400000,400000,2593,1,2,0.006481445704661248,0.0064825,,1
F24,100000,100000,1969,1,2,0.01969100674480634,0.01969,,3
F25,200000,200000,11318,1,2,0.056588634679071714,0.05659,,1
F26,400000,400000,976,1,2,0.002439096360487364,0.00244,,6
F27,400000,400000,11331,1,2,0.02832772509823797,0.0283275,,1
F28,200000,200000,8967,1,2,0.044835802525195145,0.044835,,5
F29,200000,200000,11899,1,2,0.059492589349859556,0.059495,,1
F30,200000,200000,9627,1,2,0.04813520843963987,0.048135,,1
F31,400000,400000,1054,1,2,0.0026353858885498904,0.002635,,3
F32,200000,200000,6673,1,2,0.03336384308562274,0.033365,,6
