Flow,Period,Deadline,Execution Time,w,h,Target_Utilization,Actual_Utilization,Utilization_Error,Queue
F1,400000,400000,7867,1,2,0.01966712302721796,0.0196675,,4
F2,400000,400000,2285,1,2,0.005713145856100166,0.0057125,,6
F3,50000,50000,3189,1,2,0.06377579650590381,0.06378,,4
F4,400000,400000,9441,1,2,0.023603241626042992,0.0236025,,2
F5,100000,100000,4844,1,2,0.04844041640508312,0.04844,,3
F6,400000,400000,600,1,2,0.001482984821122968,0.0015,,1
F7,400000,400000,3423,1,2,0.008557393960608506,0.0085575,,3
F8,400000,400000,600,1,2,0.00013509924722598932,0.0015,,7
F9,400000,400000,9208,1,2,0.023018768343031737,0.02302,,1
F10,200000,200000,1172,1,2,0.005859039086741014,0.00586,,5
F11,200000,200000,2587,1,2,0.012934299694514872,0.012935,,2
F12,100000,100000,4301,1,2,0.04301220670196754,0.04301,,4
F13,100000,100000,3724,1,2,0.037240069140265564,0.03724,,4
F14,200000,200000,7562,1,2,0.03780886016496454,0.03781,,3
F15,400000,400000,1387,1,2,0.003466480754729384,0.0034675,,3
F16,100000,100000,6335,1,2,0.06334881746017706,0.06335,,4
F17,200000,200000,8494,1,2,0.04247029349848219,0.04247,,1
F18,400000,400000,7763,1,2,0.019407086366240833,0.0194075,,6
F19,100000,100000,1472,1,2,0.0147210730687245,0.01472,,5
F20,400000,400000,10015,1,2,0.02503809591861339,0.0250375,,1
F21,400000,400000,2389,1,2,0.005971863054793969,0.0059725,,4
F22,100000,100000,6309,1,2,0.06308657015324479,0.06309,,4
F23,400000,400000,9413,1,2,0.023533605809816283,0.0235325,,7
F24,400000,400000,600,1,2,0.0006459371587122231,0.0015,,2
F25,400000,400000,600,1,2,0.0007937163854999651,0.0015,,3
F26,400000,400000,600,1,2,0.0012730040901313133,0.0015,,1
F27,200000,200000,10753,1,2,0.05376716353177914,0.053765,,4
F28,400000,400000,4879,1,2,0.012197380684636758,0.0121975,,7
F29,400000,400000,8041,1,2,0.020102433701707098,0.0201025,,3
F30,50000,50000,1936,1,2,0.038718182609758026,0.03872,,2
F31,400000,400000,3221,1,2,0.008052329970910984,0.0080525,,1
F32,400000,400000,9870,1,2,0.024674186639086552,0.024675,,6
