Flow,Period,Deadline,Execution Time,w,h,Target_Utilization,Actual_Utilization,Utilization_Error,Queue
F1,400000,400000,1434,1,2,0.003585638720110307,0.003585,,4
F2,200000,200000,2995,1,2,0.014975095838707042,0.014975,,1
F3,50000,50000,1454,1,2,0.02908033083501438,0.02908,,5
F4,400000,400000,1269,1,2,0.003173693378901832,0.0031725,,1
F5,400000,400000,7220,1,2,0.018049225788571377,0.01805,,4
F6,400000,400000,10039,1,2,0.025097778455929087,0.0250975,,3
F7,400000,400000,1637,1,2,0.004093106464083007,0.0040925,,5
F8,400000,400000,3293,1,2,0.00823230110364881,0.0082325,,4
F9,200000,200000,2705,1,2,0.013525868612599079,0.013525,,2
F10,400000,400000,9573,1,2,0.023932578693638518,0.0239325,,6
F11,200000,200000,6272,1,2,0.031362206102407364,0.03136,,6
F12,400000,400000,9083,1,2,0.022707189158585384,0.0227075,,2
F13,200000,200000,3052,1,2,0.015260762285616458,0.01526,,6
F14,100000,100000,7252,1,2,0.07251916834914068,0.07252,,4
F15,400000,400000,1059,1,2,0.0026479446664497974,0.0026475,,7
F16,200000,200000,11967,1,2,0.05983677528665976,0.059835,,5
F17,200000,200000,7929,1,2,0.0396464324927972,0.039645,,1
F18,400000,400000,3750,1,2,0.009373791871425563,0.009375,,6
F19,400000,400000,3735,1,2,0.009337248441916357,0.0093375,,1
F20,400000,400000,5099,1,2,0.012748392896864691,0.0127475,,3
F21,400000,400000,9495,1,2,0.02373856581972128,0.0237375,,1
F22,100000,100000,11283,1,2,0.11283250213326207,0.11283,,1
F23,400000,400000,2931,1,2,0.007328169388316402,0.0073275,,2
F24,200000,200000,4071,1,2,0.020354186465283558,0.020355,,5
F25,400000,400000,1935,1,2,0.004836812183048905,0.0048375,,6
F26,400000,400000,2153,1,2,0.005383116781351005,0.0053825,,3
F27,400000,400000,4777,1,2,0.011943626869037521,0.0119425,,5
F28,400000,400000,10003,1,2,0.025006337040856974,0.0250075,,4
F29,400000,400000,600,1,2,0.0009629154069704521,0.0015,,4
F30,200000,200000,4121,1,2,0.020605097813895842,0.020605,,3
F31,200000,200000,10577,1,2,0.05288730699442477,0.052885,,3
F32,200000,200000,8758,1,2,0.04378988318546911,0.04379,,4
