Flow,Period,Deadline,Execution Time,w,h,Target_Utilization,Actual_Utilization,Utilization_Error,Queue
F1,200000,200000,5697,1,2,0.028484075020270838,0.028485,,6
F2,400000,400000,837,1,2,0.0020931547885976176,0.0020925,,1
F3,400000,400000,1699,1,2,0.004247722137086685,0.0042475,,1
F4,400000,400000,1809,1,2,0.004522282423426782,0.0045225,,7
F5,200000,200000,9395,1,2,0.04697359441188009,0.046975,,5
F6,400000,400000,902,1,2,0.002255135453125501,0.002255,,4
F7,400000,400000,1665,1,2,0.004162526957216528,0.0041625,,5
F8,400000,400000,9239,1,2,0.023097165656141838,0.0230975,,3
F9,200000,200000,6719,1,2,0.03359325771244215,0.033595,,6
F10,400000,400000,11545,1,2,0.028862733731607304,0.0288625,,1
F11,50000,50000,3271,1,2,0.06541969916529222,0.06542,,4
F12,400000,400000,1031,1,2,0.002578294205691334,0.0025775,,7
F13,400000,400000,2190,1,2,0.005475944843592373,0.005475,,4
F14,200000,200000,11305,1,2,0.05652615446939541,0.056525,,6
F15,400000,400000,3163,1,2,0.007908340830323324,0.0079075,,1
F16,200000,200000,2351,1,2,0.011753885487925664,0.011755,,3
F17,100000,100000,2239,1,2,0.02239101167320795,0.02239,,1
F18,400000,400000,830,1,2,0.002074014944214997,0.002075,,5
F19,400000,400000,11418,1,2,0.02854622374275695,0.028545,,4
F20,400000,400000,4727,1,2,0.011818663926531803,0.0118175,,6
F21,400000,400000,1660,1,2,0.0041499929449255735,0.00415,,6
F22,400000,400000,1096,1,2,0.0027393442904211085,0.00274,,2
F23,400000,400000,3151,1,2,0.007876477764103385,0.0078775,,5
F24,400000,400000,600,1,2,0.0007214785017652936,0.0015,,6
F25,100000,100000,5345,1,2,0.05345050594901207,0.05345,,4
F26,400000,400000,8863,1,2,0.02215840910207237,0.0221575,,4
F27,200000,200000,760,1,2,0.003801100231305171,0.0038,,3
F28,100000,100000,11187,1,2,0.11186909854717084,0.11187,,5
F29,400000,400000,600,1,2,0.000455768151507302,0.0015,,2
F30,100000,100000,9241,1,2,0.09240654291297096,0.09241,,5
F31,200000,200000,5120,1,2,0.02559941983513074,0.0256,,5
F32,400000,400000,2803,1,2,0.007008711195136371,0.0070075,,2
