Flow,Period,Deadline,Execution Time,w,h,Target_Utilization,Actual_Utilization,Utilization_Error,Queue
F1,400000,400000,2941,1,2,0.007351724544643723,0.0073525,,2
F2,200000,200000,7458,1,2,0.037288255666115155,0.03729,,6
F3,400000,400000,944,1,2,0.0023589499220320054,0.00236,,7
F4,200000,200000,7659,1,2,0.03829687453765385,0.038295,,1
F5,200000,200000,6978,1,2,0.03489161979798705,0.03489,,4
F6,400000,400000,2284,1,2,0.005711204664552105,0.00571,,4
F7,200000,200000,11887,1,2,0.05943398501203401,0.059435,,3
F8,400000,400000,10019,1,2,0.025047803572752603,0.0250475,,6
F9,200000,200000,7617,1,2,0.03808429474503239,0.038085,,3
F10,50000,50000,3117,1,2,0.062335738243623595,0.06234,,7
F11,400000,400000,4995,1,2,0.012487783885401782,0.0124875,,7
F12,400000,400000,6065,1,2,0.015162525097036306,0.0151625,,6
F13,50000,50000,1014,1,2,0.020279426699582603,0.02028,,1
F14,400000,400000,10163,1,2,0.025407723652924097,0.0254075,,3
F15,400000,400000,2805,1,2,0.007011440363110688,0.0070125,,6
F16,400000,400000,600,1,2,0.00014755434602065076,0.0015,,2
F17,100000,100000,4335,1,2,0.04334806986228673,0.04335,,7
F18,400000,400000,7521,1,2,0.01880221357493722,0.0188025,,3
F19,400000,400000,9099,1,2,0.02274707499434575,0.0227475,,7
F20,400000,400000,11891,1,2,0.029727109368112625,0.0297275,,1
F21,400000,400000,8019,1,2,0.020047463696156564,0.0200475,,5
F22,400000,400000,10000,1,2,0.025000479969497696,0.025,,2
F23,200000,200000,7357,1,2,0.03678700778296645,0.036785,,7
F24,400000,400000,1626,1,2,0.0040646230129806615,0.004065,,1
F25,400000,400000,5019,1,2,0.012546882457803304,0.0125475,,1
F26,400000,400000,8264,1,2,0.020659981144709738,0.02066,,4
F27,400000,400000,4362,1,2,0.010905165269831596,0.010905,,5
F28,200000,200000,9322,1,2,0.04660896234038785,0.04661,,1
F29,100000,100000,1264,1,2,0.012640924255148983,0.01264,,4
F30,400000,400000,5581,1,2,0.013951771280137915,0.0139525,,2
F31,400000,400000,3953,1,2,0.009881461175968928,0.0098825,,3
F32,50000,50000,2288,1,2,0.0457595919469172,0.04576,,4
