Flow,Period,Deadline,Execution Time,w,h,Target_Utilization,Actual_Utilization,Utilization_Error,Queue
F1,400000,400000,1900,1,2,0.004750364359153436,0.00475,,5
F2,200000,200000,9595,1,2,0.04797639408112464,0.047975,,1
F3,400000,400000,10577,1,2,0.02644230567555217,0.0264425,,7
F4,200000,200000,1207,1,2,0.006033987046303535,0.006035,,7
F5,400000,400000,1775,1,2,0.004436949186112482,0.0044375,,6
F6,200000,200000,11048,1,2,0.055241378325624035,0.05524,,7
F7,200000,200000,6091,1,2,0.030455986896839704,0.030455,,5
F8,400000,400000,8474,1,2,0.021184676188171214,0.021185,,2
F9,400000,400000,835,1,2,0.0020882197860360163,0.0020875,,4
F10,400000,400000,4503,1,2,0.011256649282503806,0.0112575,,2
F11,100000,100000,9699,1,2,0.09699241357964422,0.09699,,7
F12,400000,400000,5291,1,2,0.013227141128241526,0.0132275,,5
F13,200000,200000,981,1,2,0.004904911862886718,0.004905,,3
F14,200000,200000,6863,1,2,0.034317196348322865,0.034315,,3
F15,200000,200000,1504,1,2,0.007520921562321092,0.00752,,4
F16,200000,200000,1539,1,2,0.007695903492681289,0.007695,,5
F17,100000,100000,3836,1,2,0.03835779681786855,0.03836,,7
F18,400000,400000,3320,1,2,0.008300905232908551,0.0083,,6
F19,400000,400000,1127,1,2,0.0028172862987825287,0.0028175,,7
F20,400000,400000,7353,1,2,0.018382405978066174,0.0183825,,7
F21,200000,200000,2185,1,2,0.010924957099287702,0.010925,,1
F22,400000,400000,5738,1,2,0.01434512194516463,0.014345,,1
F23,400000,400000,10467,1,2,0.026166894968859156,0.0261675,,1
F24,100000,100000,7682,1,2,0.07682220392834258,0.07682,,7
F25,400000,400000,2148,1,2,0.005371111910381282,0.00537,,2
F26,400000,400000,4678,1,2,0.011693778357705936,0.011695,,3
F27,400000,400000,4699,1,2,0.011746473748044245,0.0117475,,4
F28,200000,200000,7450,1,2,0.037250849336393915,0.03725,,1
F29,400000,400000,2435,1,2,0.006088699254555449,0.0060875,,3
F30,200000,200000,7022,1,2,0.03510764582435899,0.03511,,2
F31,400000,400000,4795,1,2,0.011987515347916186,0.0119875,,6
F32,100000,100000,4826,1,2,0.04826061732463088,0.04826,,7
