Flow,Period,Deadline,Execution Time,w,h,Target_Utilization,Actual_Utilization,Utilization_Error,Queue
F1,200000,200000,1570,1,2,0.007850138369709492,0.00785,,4
F2,50000,50000,6550,1,2,0.13099613816193,0.131,,4
F3,400000,400000,1405,1,2,0.0035135329092587098,0.0035125,,5
F4,400000,400000,2483,1,2,0.0062078557846376725,0.0062075,,1
F5,400000,400000,7504,1,2,0.01875992621539624,0.01876,,3
F6,100000,100000,1729,1,2,0.017289095678178157,0.01729,,2
F7,400000,400000,600,1,2,0.0014971051641942124,0.0015,,1
F8,200000,200000,9277,1,2,0.04638544418792834,0.046385,,4
F9,200000,200000,6113,1,2,0.03056487063347535,0.030565,,2
F10,400000,400000,3248,1,2,0.008119176732298783,0.00812,,3
F11,200000,200000,5615,1,2,0.028073767854346177,0.028075,,5
F12,400000,400000,7478,1,2,0.018693811782314995,0.018695,,1
F13,400000,400000,10687,1,2,0.026718480921092413,0.0267175,,1
F14,400000,400000,9014,1,2,0.022535330208770354,0.022535,,5
F15,200000,200000,4056,1,2,0.020280950629280203,0.02028,,2
F16,100000,100000,4848,1,2,0.04848163592055954,0.04848,,3
F17,400000,400000,1145,1,2,0.002863375200552798,0.0028625,,2
F18,400000,400000,5661,1,2,0.01415234678298069,0.0141525,,4
F19,200000,200000,9757,1,2,0.048784286446743236,0.048785,,1
F20,400000,400000,4430,1,2,0.011075435168028142,0.011075,,6
F21,400000,400000,600,1,2,0.0007507694182193603,0.0015,,1
F22,200000,200000,5189,1,2,0.02594496506098737,0.025945,,3
F23,400000,400000,1447,1,2,0.003617214386044121,0.0036175,,6
F24,200000,200000,4030,1,2,0.02015031188694713,0.02015,,4
F25,50000,50000,2601,1,2,0.05201871530564339,0.05202,,3
F26,400000,400000,2007,1,2,0.005016377543590772,0.0050175,,2
F27,400000,400000,1600,1,2,0.003999978208978683,0.004,,5
F28,400000,400000,4115,1,2,0.010286311705790502,0.0102875,,7
F29,400000,400000,995,1,2,0.0024866794356852018,0.0024875,,7
F30,200000,200000,9508,1,2,0.047540401983523196,0.04754,,1
F31,400000,400000,6224,1,2,0.015559258012680065,0.01556,,5
F32,400000,400000,781,1,2,0.001953436377100465,0.0019525,,6
