Flow,Period,Deadline,Execution Time,w,h,Target_Utilization,Actual_Utilization,Utilization_Error,Queue
F1,200000,200000,6207,1,2,0.031036900645468157,0.031035,,7
F2,100000,100000,2991,1,2,0.029910810607543192,0.02991,,6
F3,400000,400000,707,1,2,0.0017673021411402923,0.0017675,,1
F4,200000,200000,7475,1,2,0.03737689065230132,0.037375,,5
F5,100000,100000,7717,1,2,0.07716511451906038,0.07717,,5
F6,100000,100000,4893,1,2,0.04893200388656371,0.04893,,4
F7,400000,400000,3599,1,2,0.008997423472115185,0.0089975,,4
F8,400000,400000,933,1,2,0.0023320141257573423,0.0023325,,3
F9,200000,200000,711,1,2,0.0035546618149486786,0.003555,,3
F10,200000,200000,10553,1,2,0.05276424567375648,0.052765,,1
F11,400000,400000,4915,1,2,0.012287742859311612,0.0122875,,5
F12,400000,400000,3109,1,2,0.007773017003741334,0.0077725,,6
F13,400000,400000,6541,1,2,0.016351344917618138,0.0163525,,1
F14,200000,200000,4147,1,2,0.02073598001746141,0.020735,,4
F15,400000,400000,1068,1,2,0.0026689561895567593,0.00267,,1
F16,100000,100000,11743,1,2,0.11742961514980071,0.11743,,4
F17,400000,400000,1993,1,2,0.004981492322744252,0.0049825,,2
F18,200000,200000,5039,1,2,0.025194839406485425,0.025195,,2
F19,200000,200000,5150,1,2,0.025750022645468773,0.02575,,5
F20,400000,400000,600,1,2,0.0014249667234383923,0.0015,,5
F21,400000,400000,4214,1,2,0.01053429190133151,0.010535,,2
F22,400000,400000,6094,1,2,0.015235153560085618,0.015235,,3
F23,100000,100000,4831,1,2,0.04830783250591339,0.04831,,7
F24,400000,400000,3025,1,2,0.007563269532939398,0.0075625,,5
F25,200000,200000,8522,1,2,0.042608330262533856,0.04261,,1
F26,400000,400000,6117,1,2,0.015292097401861174,0.0152925,,6
F27,400000,400000,1695,1,2,0.004238017752249482,0.0042375,,1
F28,400000,400000,10663,1,2,0.02665632996602786,0.0266575,,1
F29,400000,400000,3673,1,2,0.009183172282291485,0.0091825,,7
F30,400000,400000,1014,1,2,0.0025340022710783547,0.002535,,2
F31,200000,200000,7359,1,2,0.03679397789537247,0.036795,,4
F32,400000,400000,9568,1,2,0.02391877495680156,0.02392,,7
