Flow,Period,Deadline,Execution Time,w,h,Target_Utilization,Actual_Utilization,Utilization_Error,Queue
F1,400000,400000,3273,1,2,0.008181342951152026,0.0081825,,3
F2,400000,400000,10973,1,2,0.027433506165786548,0.0274325,,2
F3,200000,200000,11909,1,2,0.059544288567861314,0.059545,,3
F4,200000,200000,7496,1,2,0.03748220950607484,0.03748,,2
F5,400000,400000,3897,1,2,0.0097423117424138,0.0097425,,1
F6,400000,400000,710,1,2,0.0017745428538076258,0.001775,,4
F7,400000,400000,1833,1,2,0.00458190204879505,0.0045825,,3
F8,200000,200000,1244,1,2,0.006218752428986063,0.00622,,4
F9,400000,400000,5279,1,2,0.01319633170120904,0.0131975,,6
F10,400000,400000,5629,1,2,0.014072894493778798,0.0140725,,6
F11,100000,100000,689,1,2,0.006890509450198867,0.00689,,2
F12,400000,400000,1562,1,2,0.0039054671051376166,0.003905,,6
F13,400000,400000,2363,1,2,0.005908395544545919,0.0059075,,1
F14,400000,400000,5425,1,2,0.013562356450476543,0.0135625,,4
F15,50000,50000,2044,1,2,0.040880720159538586,0.04088,,3
F16,400000,400000,600,1,2,0.0009645449404732664,0.0015,,5
F17,200000,200000,6816,1,2,0.034081854517985954,0.03408,,6
F18,100000,100000,6387,1,2,0.06386813547272585,0.06387,,4
F19,200000,200000,6990,1,2,0.03494816767575143,0.03495,,2
F20,100000,100000,5066,1,2,0.050661384423014655,0.05066,,4
F21,200000,200000,7190,1,2,0.03594945638695307,0.03595,,4
F22,200000,200000,5514,1,2,0.027568962668943042,0.02757,,3
F23,100000,100000,6868,1,2,0.0686803659940938,0.06868,,3
F24,400000,400000,6476,1,2,0.0161900780613021,0.01619,,1
F25,400000,400000,1303,1,2,0.003258278909617468,0.0032575,,7
F26,100000,100000,6597,1,2,0.06596855324741338,0.06597,,2
F27,400000,400000,2093,1,2,0.0052327315515234285,0.0052325,,2
F28,400000,400000,600,1,2,0.0013487842071850942,0.0015,,4
F29,400000,400000,2379,1,2,0.005946929245289431,0.0059475,,7
F30,200000,200000,10833,1,2,0.054167085121143155,0.054165,,2
F31,200000,200000,6999,1,2,0.034997391670754704,0.034995,,3
F32,200000,200000,6365,1,2,0.03182548252034864,0.031825,,4
