Flow,Period,Deadline,Execution Time,w,h,Target_Utilization,Actual_Utilization,Utilization_Error,Queue
F1,400000,400000,2348,1,2,0.005869947266222031,0.00587,,3
F2,400000,400000,2607,1,2,0.006516441674457973,0.0065175,,7
F3,400000,400000,7625,1,2,0.01906211230649668,0.0190625,,2
F4,100000,100000,6176,1,2,0.061763357928037665,0.06176,,2
F5,200000,200000,8742,1,2,0.04370883799738712,0.04371,,7
F6,200000,200000,7032,1,2,0.03515763945048267,0.03516,,3
F7,400000,400000,7471,1,2,0.018678364846359208,0.0186775,,6
F8,400000,400000,11408,1,2,0.02851996326512718,0.02852,,1
F9,200000,200000,4391,1,2,0.021955943426157143,0.021955,,7
F10,400000,400000,8117,1,2,0.02029368476194504,0.0202925,,3
F11,400000,400000,600,1,2,0.0007597208658990939,0.0015,,1
F12,400000,400000,2280,1,2,0.005699038530196654,0.0057,,5
F13,50000,50000,2248,1,2,0.044962068946876765,0.04496,,1
F14,100000,100000,5348,1,2,0.05348038683893119,0.05348,,1
F15,400000,400000,1177,1,2,0.0029431848836583008,0.0029425,,6
F16,200000,200000,1187,1,2,0.005934459792847624,0.005935,,7
F17,400000,400000,2262,1,2,0.005655031192855042,0.005655,,2
F18,100000,100000,631,1,2,0.006311037888489912,0.00631,,5
F19,400000,400000,10607,1,2,0.026516475167987386,0.0265175,,4
F20,200000,200000,7863,1,2,0.039314953377703576,0.039315,,2
F21,100000,100000,1037,1,2,0.010371163987288212,0.01037,,6
F22,400000,400000,3047,1,2,0.007617201591929135,0.0076175,,2
F23,400000,400000,2489,1,2,0.006221713492750525,0.0062225,,4
F24,200000,200000,1022,1,2,0.005109453194464986,0.00511,,4
F25,50000,50000,7275,1,2,0.14550784569146036,0.1455,,3
F26,400000,400000,5453,1,2,0.013633573818356753,0.0136325,,1
F27,100000,100000,5063,1,2,0.05062807093331049,0.05063,,2
F28,200000,200000,2742,1,2,0.01371036027518438,0.01371,,4
F29,400000,400000,600,1,2,0.0003555484525346042,0.0015,,3
F30,400000,400000,9645,1,2,0.024113408394405525,0.0241125,,1
F31,400000,400000,2686,1,2,0.00671444562066149,0.006715,,3
F32,400000,400000,600,1,2,0.0007550810955584519,0.0015,,7
