Flow,Period,Deadline,Execution Time,w,h,Target_Utilization,Actual_Utilization,Utilization_Error,Queue
F1,400000,400000,3374,1,2,0.008435644645524487,0.008435,,2
F2,400000,400000,10481,1,2,0.026201612206562253,0.0262025,,3
F3,100000,100000,4829,1,2,0.04829131091055783,0.04829,,2
F4,400000,400000,3900,1,2,0.009749119979004517,0.00975,,4
F5,50000,50000,6421,1,2,0.12842011837158873,0.12842,,6
F6,50000,50000,9183,1,2,0.1836668382658978,0.18366,,3
F7,50000,50000,9643,1,2,0.1928656644907114,0.19286,,3
F8,400000,400000,1016,1,2,0.0025395101056808755,0.00254,,6
F9,400000,400000,3791,1,2,0.009476949174337057,0.0094775,,4
F10,50000,50000,4536,1,2,0.09071951590629745,0.09072,,5
F11,50000,50000,7514,1,2,0.15027942564401953,0.15028,,4
F12,100000,100000,9485,1,2,0.09485304218388102,0.09485,,7
F13,400000,400000,600,1,2,0.0003226144128830044,0.0015,,3
F14,100000,100000,11590,1,2,0.11589858776421716,0.1159,,1
F15,400000,400000,6483,1,2,0.016207531505089884,0.0162075,,6
F16,50000,50000,8108,1,2,0.16215854060526597,0.16216,,3
