Flow,Period,Deadline,Execution Time,w,h,Target_Utilization,Actual_Utilization,Utilization_Error,Queue
F1,50000,50000,3586,1,2,0.07172119600572668,0.07172,,3
F2,100000,100000,7251,1,2,0.07250848134377175,0.07251,,5
F3,50000,50000,7347,1,2,0.14694413695495567,0.14694,,2
F4,400000,400000,601,1,2,0.0015018297073119413,0.0015025,,6
F5,50000,50000,6018,1,2,0.12035971944585533,0.12036,,7
F6,200000,200000,10464,1,2,0.05232163460977901,0.05232,,4
F7,400000,400000,8094,1,2,0.020234948242327966,0.020235,,6
F8,100000,100000,7493,1,2,0.07492533380359756,0.07493,,1
F9,50000,50000,9383,1,2,0.187661948050018,0.18766,,4
F10,50000,50000,6023,1,2,0.12046503682245213,0.12046,,6
F11,200000,200000,2433,1,2,0.012164995311450766,0.012165,,1
F12,400000,400000,893,1,2,0.002232567902571314,0.0022325,,6
F13,50000,50000,7968,1,2,0.15935415823959073,0.15936,,4
F14,100000,100000,10234,1,2,0.10234466433060105,0.10234,,2
F15,50000,50000,6932,1,2,0.13864307294534925,0.13864,,4
F16,400000,400000,1091,1,2,0.0027262764567916476,0.0027275,,6
