Flow,Period,Deadline,Execution Time,w,h,Target_Utilization,Actual_Utilization,Utilization_Error,Queue
F1,200000,200000,7547,1,2,0.03773644166345225,0.037735,,1
F2,50000,50000,7248,1,2,0.1449507410885742,0.14496,,3
F3,400000,400000,628,1,2,0.0015699349107332061,0.00157,,4
F4,100000,100000,6140,1,2,0.0614036240687027,0.0614,,5
F5,400000,400000,4919,1,2,0.012298431153302536,0.0122975,,7
F6,100000,100000,3851,1,2,0.03851036506573147,0.03851,,4
F7,50000,50000,4385,1,2,0.08770031234167319,0.0877,,4
F8,400000,400000,9139,1,2,0.022848053279605707,0.0228475,,7
F9,100000,100000,7090,1,2,0.07089891191080033,0.0709,,2
F10,400000,400000,4393,1,2,0.010983172031518995,0.0109825,,6
F11,50000,50000,9117,1,2,0.18234356135635676,0.18234,,7
F12,400000,400000,1161,1,2,0.0029024856630193163,0.0029025,,4
F13,100000,100000,9971,1,2,0.09970826125124965,0.09971,,7
F14,100000,100000,7681,1,2,0.07680984364413501,0.07681,,3
F15,50000,50000,9788,1,2,0.19575461136376435,0.19576,,7
F16,50000,50000,8545,1,2,0.17090999429590628,0.1709,,5
