Flow,Period,Deadline,Execution Time,w,h,Target_Utilization,Actual_Utilization,Utilization_Error,Queue
F1,100000,100000,9883,1,2,0.09882549583961908,0.09883,,2
F2,50000,50000,2671,1,2,0.05341846291963437,0.05342,,6
F3,100000,100000,731,1,2,0.007309227220965164,0.00731,,5
F4,50000,50000,4465,1,2,0.08930478178227319,0.0893,,7
F5,50000,50000,10587,1,2,0.21173834164780359,0.21174,,7
F6,400000,400000,1391,1,2,0.003477844377831496,0.0034775,,7
F7,400000,400000,8378,1,2,0.02094435716610643,0.020945,,4
F8,200000,200000,6673,1,2,0.033362927619338345,0.033365,,2
F9,50000,50000,9039,1,2,0.18078920528652842,0.18078,,5
F10,400000,400000,9550,1,2,0.02387558811107182,0.023875,,3
F11,100000,100000,6459,1,2,0.06458933888874402,0.06459,,1
F12,50000,50000,6578,1,2,0.1315680871859951,0.13156,,4
F13,50000,50000,7601,1,2,0.15202600471587796,0.15202,,2
F14,200000,200000,7787,1,2,0.03893263686985077,0.038935,,3
F15,100000,100000,9624,1,2,0.09624275296344323,0.09624,,5
F16,100000,100000,6651,1,2,0.06650951515692763,0.06651,,4
