Flow,Period,Deadline,Execution Time,w,h,Target_Utilization,Actual_Utilization,Utilization_Error,Queue
F1,100000,100000,1176,1,2,0.011760414444968337,0.01176,,4
F2,400000,400000,5855,1,2,0.014636990547974849,0.0146375,,5
F3,100000,100000,7080,1,2,0.07079859473259997,0.0708,,3
F4,100000,100000,3939,1,2,0.03938808472631061,0.03939,,1
F5,100000,100000,6641,1,2,0.06640508528022737,0.06641,,1
F6,100000,100000,2570,1,2,0.025699417340487307,0.0257,,6
F7,400000,400000,11214,1,2,0.028035062333568894,0.028035,,2
F8,200000,200000,8153,1,2,0.040766659539347105,0.040765,,3
F9,50000,50000,9581,1,2,0.1916213001495971,0.19162,,5
F10,50000,50000,11443,1,2,0.2288655356288874,0.22886,,7
F11,50000,50000,7124,1,2,0.1424817746031078,0.14248,,2
F12,100000,100000,6027,1,2,0.06026690743242813,0.06027,,6
F13,100000,100000,11537,1,2,0.11537483443855076,0.11537,,4
F14,400000,400000,3901,1,2,0.009751676155814931,0.0097525,,7
F15,100000,100000,4275,1,2,0.04275196587590242,0.04275,,2
F16,50000,50000,6003,1,2,0.12005476016675141,0.12006,,6
