Flow,Period,Deadline,Execution Time,w,h,Target_Utilization,Actual_Utilization,Utilization_Error,Queue
F1,400000,400000,9129,1,2,0.02282155708897049,0.0228225,,3
F2,50000,50000,8762,1,2,0.175246917334696,0.17524,,2
F3,50000,50000,6465,1,2,0.129308146494296,0.1293,,6
F4,400000,400000,11485,1,2,0.02871300959753209,0.0287125,,2
F5,100000,100000,11176,1,2,0.1117636813139562,0.11176,,7
F6,50000,50000,2380,1,2,0.04759948156681393,0.0476,,5
F7,200000,200000,2223,1,2,0.011115004518859606,0.011115,,1
F8,400000,400000,2429,1,2,0.006072522057602336,0.0060725,,4
F9,50000,50000,6343,1,2,0.12685463188191815,0.12686,,1
F10,400000,400000,2639,1,2,0.006598002791267432,0.0065975,,1
F11,400000,400000,9603,1,2,0.02400641853659058,0.0240075,,5
F12,400000,400000,9931,1,2,0.02482821174270433,0.0248275,,6
F13,50000,50000,6020,1,2,0.1203924762367527,0.1204,,4
F14,50000,50000,6701,1,2,0.13402527636095135,0.13402,,5
F15,200000,200000,10066,1,2,0.050328162289712514,0.05033,,3
F16,50000,50000,10755,1,2,0.21510332428125042,0.2151,,2
