Flow,Period,Deadline,Execution Time,w,h,Target_Utilization,Actual_Utilization,Utilization_Error,Queue
F1,200000,200000,6453,1,2,0.03226501992915898,0.032265,,4
F2,50000,50000,8184,1,2,0.16367104586559922,0.16368,,4
F3,200000,200000,6691,1,2,0.03345639320293392,0.033455,,3
F4,100000,100000,2728,1,2,0.02728094235380718,0.02728,,7
F5,100000,100000,7071,1,2,0.07071364907728517,0.07071,,7
F6,200000,200000,7714,1,2,0.03856999026835839,0.03857,,1
F7,400000,400000,4949,1,2,0.012371667543036202,0.0123725,,2
F8,100000,100000,9251,1,2,0.0925064112009728,0.09251,,7
F9,200000,200000,10453,1,2,0.052262770661924196,0.052265,,4
F10,50000,50000,11304,1,2,0.22608862945729807,0.22608,,4
F11,50000,50000,7924,1,2,0.15847314512936828,0.15848,,3
F12,400000,400000,4378,1,2,0.010944016953314872,0.010945,,1
F13,400000,400000,2622,1,2,0.006555225460644298,0.006555,,6
F14,50000,50000,2609,1,2,0.052180256431383465,0.05218,,2
F15,200000,200000,7250,1,2,0.03625122288423993,0.03625,,5
F16,50000,50000,10144,1,2,0.20287126069647754,0.20288,,7
