Flow,Period,Deadline,Execution Time,w,h,Target_Utilization,Actual_Utilization,Utilization_Error,Queue
F1,100000,100000,8005,1,2,0.08005228972305933,0.08005,,5
F2,400000,400000,1035,1,2,0.00258669549849877,0.0025875,,6
F3,50000,50000,9130,1,2,0.18260269818508923,0.1826,,3
F4,100000,100000,11012,1,2,0.11012155550763647,0.11012,,1
F5,100000,100000,1846,1,2,0.018460463708151797,0.01846,,7
F6,200000,200000,6213,1,2,0.03106692439924008,0.031065,,6
F7,200000,200000,7168,1,2,0.035837568769867434,0.03584,,2
F8,50000,50000,6499,1,2,0.1299759082501608,0.12998,,7
F9,400000,400000,5153,1,2,0.01288360158099111,0.0128825,,5
F10,100000,100000,7670,1,2,0.0766986609670175,0.0767,,3
F11,50000,50000,12000,1,2,0.28961977305895786,0.24,,2
F12,400000,400000,10812,1,2,0.027030565565391906,0.02703,,1
F13,200000,200000,2147,1,2,0.010736217821264965,0.010735,,1
F14,100000,100000,9002,1,2,0.0900203342719299,0.09002,,7
F15,100000,100000,10134,1,2,0.10134045303479741,0.10134,,2
F16,100000,100000,5595,1,2,0.05595030283587716,0.05595,,4
