Flow,Period,Deadline,Execution Time,w,h,Target_Utilization,Actual_Utilization,Utilization_Error,Queue
F1,100000,100000,3896,1,2,0.03896095697557911,0.03896,,5
F2,100000,100000,966,1,2,0.009659238295133932,0.00966,,7
F3,50000,50000,12000,1,2,0.27148394286943345,0.24,,2
F4,100000,100000,4543,1,2,0.04542859415604228,0.04543,,7
F5,400000,400000,2399,1,2,0.005997764593954069,0.0059975,,6
F6,400000,400000,5914,1,2,0.014784967165085372,0.014785,,3
F7,50000,50000,12000,1,2,0.2569650727040297,0.24,,1
F8,200000,200000,6127,1,2,0.0306365256897555,0.030635,,6
F9,100000,100000,7550,1,2,0.07549835459963083,0.0755,,7
F10,100000,100000,10219,1,2,0.10218598434844567,0.10219,,4
F11,50000,50000,7843,1,2,0.15685516341394856,0.15686,,3
F12,400000,400000,9690,1,2,0.02422453823218676,0.024225,,4
F13,50000,50000,1582,1,2,0.03163764716233036,0.03164,,4
F14,200000,200000,4705,1,2,0.023524856097430186,0.023525,,5
F15,50000,50000,7868,1,2,0.15736303819122208,0.15736,,2
F16,100000,100000,1565,1,2,0.015649191041767967,0.01565,,2
