Flow,Period,Deadline,Execution Time,w,h,Target_Utilization,Actual_Utilization,Utilization_Error,Queue
F1,400000,400000,1355,1,2,0.003388608462311815,0.0033875,,3
F2,400000,400000,6381,1,2,0.015953017023884186,0.0159525,,2
F3,400000,400000,7194,1,2,0.01798555718456729,0.017985,,3
F4,50000,50000,11585,1,2,0.23170253965836496,0.2317,,1
F5,200000,200000,5055,1,2,0.02527421705433397,0.025275,,1
F6,100000,100000,4841,1,2,0.048408443897054676,0.04841,,4
F7,100000,100000,8560,1,2,0.08560416526277492,0.0856,,6
F8,200000,200000,1288,1,2,0.006438936622089164,0.00644,,3
F9,50000,50000,4919,1,2,0.0983789825646646,0.09838,,5
F10,400000,400000,1427,1,2,0.0035681132135838567,0.0035675,,1
F11,100000,100000,8683,1,2,0.08683244225370512,0.08683,,6
F12,50000,50000,7431,1,2,0.1486197253572522,0.14862,,4
F13,50000,50000,7345,1,2,0.14689862047436425,0.1469,,3
F14,100000,100000,6803,1,2,0.06803096310847406,0.06803,,5
F15,50000,50000,10564,1,2,0.21127774005949157,0.21128,,2
F16,200000,200000,2771,1,2,0.01385402726358159,0.013855,,7
