Flow,Period,Deadline,Execution Time,w,h,Target_Utilization,Actual_Utilization,Utilization_Error,Queue
F1,50000,50000,9935,1,2,0.19870756901982678,0.1987,,6
F2,100000,100000,10918,1,2,0.10917543775827687,0.10918,,1
F3,400000,400000,2959,1,2,0.007396715720485503,0.0073975,,5
F4,100000,100000,11532,1,2,0.11532159435266465,0.11532,,7
F5,400000,400000,9348,1,2,0.02337027817772508,0.02337,,7
F6,50000,50000,3806,1,2,0.07612289432544028,0.07612,,2
F7,200000,200000,5901,1,2,0.02950410861674413,0.029505,,3
F8,100000,100000,10200,1,2,0.10199648252651261,0.102,,2
F9,50000,50000,11247,1,2,0.22493288095866815,0.22494,,3
F10,400000,400000,6495,1,2,0.01623671561059009,0.0162375,,3
F11,100000,100000,8899,1,2,0.08898885481976465,0.08899,,1
F12,200000,200000,10197,1,2,0.05098702995301446,0.050985,,6
F13,400000,400000,9013,1,2,0.02253328972786986,0.0225325,,1
F14,50000,50000,4282,1,2,0.08564397436210242,0.08564,,7
F15,50000,50000,3048,1,2,0.06095690129650686,0.06096,,4
F16,400000,400000,9707,1,2,0.0242663033412479,0.0242675,,5
