Flow,Period,Deadline,Execution Time,w,h,Target_Utilization,Actual_Utilization,Utilization_Error,Queue
F1,200000,200000,10152,1,2,0.05075821787363566,0.05076,,4
F2,100000,100000,5851,1,2,0.0585080989298814,0.05851,,6
F3,100000,100000,9779,1,2,0.09779436597819458,0.09779,,6
F4,100000,100000,11392,1,2,0.11391502072495796,0.11392,,7
F5,50000,50000,4823,1,2,0.09646405106287881,0.09646,,2
F6,400000,400000,4177,1,2,0.010441371627695761,0.0104425,,3
F7,100000,100000,10330,1,2,0.1033039106950332,0.1033,,4
F8,50000,50000,9290,1,2,0.18580470474195598,0.1858,,7
F9,50000,50000,6085,1,2,0.12170722390471433,0.1217,,1
F10,400000,400000,699,1,2,0.0017483554692495074,0.0017475,,2
F11,100000,100000,4023,1,2,0.04022924775281783,0.04023,,5
F12,400000,400000,6173,1,2,0.01543287800923454,0.0154325,,2
F13,200000,200000,5789,1,2,0.02894377879210497,0.028945,,3
F14,50000,50000,7011,1,2,0.1402182777744484,0.14022,,4
F15,100000,100000,9593,1,2,0.09592864851200458,0.09593,,1
F16,100000,100000,7865,1,2,0.07865310873110129,0.07865,,7
