Flow,Period,Deadline,Execution Time,w,h,Target_Utilization,Actual_Utilization,Utilization_Error,Queue
F1,200000,200000,7007,1,2,0.03503336855178851,0.035035,,4
F2,50000,50000,4856,1,2,0.09711590335573517,0.09712,,6
F3,50000,50000,12000,1,2,0.2572409560342712,0.24,,4
F4,50000,50000,12000,1,2,0.2551145794527101,0.24,,2
F5,100000,100000,11897,1,2,0.11897495064725405,0.11897,,4
F6,200000,200000,7483,1,2,0.03741689682929383,0.037415,,5
F7,400000,400000,3531,1,2,0.008828696460638108,0.0088275,,7
F8,200000,200000,9197,1,2,0.04598480737218641,0.045985,,6
F9,400000,400000,2169,1,2,0.005423467348734445,0.0054225,,1
F10,400000,400000,1295,1,2,0.0032378206975268164,0.0032375,,7
F11,100000,100000,8604,1,2,0.08604399773466825,0.08604,,2
F12,200000,200000,11270,1,2,0.056347770035593686,0.05635,,1
F13,50000,50000,7371,1,2,0.14742900282463534,0.14742,,7
F14,400000,400000,2279,1,2,0.005698703270429845,0.0056975,,1
F15,400000,400000,9810,1,2,0.024525364300015777,0.024525,,2
F16,200000,200000,11988,1,2,0.05994209586814472,0.05994,,7
