Flow,Period,Deadline,Execution Time,w,h,Target_Utilization,Actual_Utilization,Utilization_Error,Queue
F1,100000,100000,8575,1,2,0.08575210965382052,0.08575,,5
F2,400000,400000,1173,1,2,0.002931640763613519,0.0029325,,6
F3,400000,400000,9883,1,2,0.024708227407296723,0.0247075,,7
F4,400000,400000,600,1,2,0.000259319641523037,0.0015,,7
F5,400000,400000,9942,1,2,0.024855051876134793,0.024855,,6
F6,100000,100000,11532,1,2,0.11532273049508257,0.11532,,4
F7,400000,400000,7069,1,2,0.017671570875850584,0.0176725,,1
F8,100000,100000,9287,1,2,0.09286677086819406,0.09287,,3
F9,50000,50000,8235,1,2,0.1646922258933743,0.1647,,7
F10,50000,50000,6269,1,2,0.12537044934515718,0.12538,,1
F11,200000,200000,2438,1,2,0.012190876616906099,0.01219,,4
F12,50000,50000,11692,1,2,0.2338386988478915,0.23384,,2
F13,100000,100000,8515,1,2,0.0851479122049229,0.08515,,2
F14,200000,200000,1189,1,2,0.005945926602366508,0.005945,,4
F15,50000,50000,10126,1,2,0.20252145267118932,0.20252,,5
F16,400000,400000,7839,1,2,0.019597250754036143,0.0195975,,6
