Flow,Period,Deadline,Execution Time,w,h,Target_Utilization,Actual_Utilization,Utilization_Error,Queue
F1,100000,100000,3079,1,2,0.03078886313566276,0.03079,,5
F2,100000,100000,6348,1,2,0.06347560520361806,0.06348,,2
F3,400000,400000,5979,1,2,0.01494644456785732,0.0149475,,3
F4,50000,50000,9530,1,2,0.19060384702949262,0.1906,,6
F5,400000,400000,1874,1,2,0.004685525693594705,0.004685,,7
F6,100000,100000,7418,1,2,0.0741812025952141,0.07418,,3
F7,100000,100000,10946,1,2,0.10946109312529873,0.10946,,6
F8,400000,400000,600,1,2,0.00048338758464794296,0.0015,,3
F9,50000,50000,8102,1,2,0.1620415020261331,0.16204,,6
F10,100000,100000,10595,1,2,0.10594664687750177,0.10595,,4
F11,100000,100000,11285,1,2,0.11285167379659883,0.11285,,7
F12,400000,400000,1965,1,2,0.004911713471403845,0.0049125,,6
F13,400000,400000,5680,1,2,0.01419999082797968,0.0142,,7
F14,100000,100000,2823,1,2,0.02822994030894377,0.02823,,1
F15,50000,50000,7196,1,2,0.14392512684797484,0.14392,,5
F16,50000,50000,9256,1,2,0.18511953866113431,0.18512,,4
