Flow,Period,Deadline,Execution Time,w,h,Target_Utilization,Actual_Utilization,Utilization_Error,Queue
F1,200000,200000,6695,1,2,0.033473869144833746,0.033475,,1
F2,100000,100000,7499,1,2,0.07499039616326875,0.07499,,2
F3,50000,50000,3629,1,2,0.07257508072265995,0.07258,,2
F4,400000,400000,5803,1,2,0.014507420780894176,0.0145075,,3
F5,400000,400000,11679,1,2,0.029197579359886983,0.0291975,,7
F6,200000,200000,2991,1,2,0.014953837399701686,0.014955,,6
F7,100000,100000,3923,1,2,0.03923085854535313,0.03923,,6
F8,100000,100000,6459,1,2,0.06459314278190842,0.06459,,2
F9,400000,400000,3358,1,2,0.008396028810431888,0.008395,,5
F10,200000,200000,2731,1,2,0.013654932608440418,0.013655,,2
F11,400000,400000,2485,1,2,0.006211846362948581,0.0062125,,6
F12,400000,400000,6810,1,2,0.01702607278882129,0.017025,,7
F13,200000,200000,8387,1,2,0.04193482948359517,0.041935,,2
F14,200000,200000,8023,1,2,0.04011645062102298,0.040115,,4
F15,200000,200000,11685,1,2,0.05842665140914416,0.058425,,2
F16,400000,400000,991,1,2,0.002476517589986016,0.0024775,,3
F17,100000,100000,5493,1,2,0.054928776603037854,0.05493,,6
F18,400000,400000,8419,1,2,0.02104861129820229,0.0210475,,2
F19,200000,200000,10145,1,2,0.05072316264027499,0.050725,,3
F20,400000,400000,5418,1,2,0.01354469743536768,0.013545,,4
F21,200000,200000,11383,1,2,0.05691488618697016,0.056915,,7
F22,200000,200000,11347,1,2,0.056734333217040245,0.056735,,2
F23,400000,400000,6993,1,2,0.017482812095034994,0.0174825,,4
F24,200000,200000,10862,1,2,0.05431115829882549,0.05431,,7
F25,400000,400000,9243,1,2,0.023106985327938423,0.0231075,,5
F26,100000,100000,7677,1,2,0.07676870412487163,0.07677,,2
F27,400000,400000,5391,1,2,0.013478640933454272,0.0134775,,7
F28,400000,400000,6053,1,2,0.015133710450457458,0.0151325,,5
F29,100000,100000,6758,1,2,0.06758173614468116,0.06758,,2
F30,200000,200000,1747,1,2,0.00873426363111375,0.008735,,1
F31,200000,200000,4293,1,2,0.021464621567825626,0.021465,,3
F32,400000,400000,6511,1,2,0.016277385472006727,0.0162775,,1
