Flow,Period,Deadline,Execution Time,w,h,Target_Utilization,Actual_Utilization,Utilization_Error,Queue
F1,400000,400000,11635,1,2,0.02908707489766771,0.0290875,,3
F2,200000,200000,6333,1,2,0.03166250434520279,0.031665,,6
F3,50000,50000,1851,1,2,0.037020536091102896,0.03702,,7
F4,200000,200000,8286,1,2,0.041428203475287306,0.04143,,2
F5,400000,400000,600,1,2,0.00024643861362005914,0.0015,,4
F6,100000,100000,11977,1,2,0.11976941233092409,0.11977,,2
F7,100000,100000,714,1,2,0.007140227581914238,0.00714,,5
F8,400000,400000,8394,1,2,0.02098391596772131,0.020985,,7
F9,200000,200000,10350,1,2,0.05174766423740618,0.05175,,1
F10,50000,50000,10683,1,2,0.2136549083535486,0.21366,,2
F11,400000,400000,1028,1,2,0.002569150631189121,0.00257,,2
F12,400000,400000,2855,1,2,0.007136350145316217,0.0071375,,3
F13,50000,50000,6001,1,2,0.12001434610810291,0.12002,,3
F14,200000,200000,3070,1,2,0.015348983251994519,0.01535,,4
F15,400000,400000,6767,1,2,0.01691867183054735,0.0169175,,6
F16,400000,400000,7189,1,2,0.017971886427795014,0.0179725,,3
F17,400000,400000,8591,1,2,0.021477202027047393,0.0214775,,2
F18,100000,100000,1510,1,2,0.015099953705611291,0.0151,,7
F19,400000,400000,9877,1,2,0.02469188450849158,0.0246925,,5
F20,100000,100000,5691,1,2,0.05690794056336085,0.05691,,6
F21,200000,200000,2209,1,2,0.011044015502305493,0.011045,,1
F22,50000,50000,2290,1,2,0.04580077644117381,0.0458,,4
F23,200000,200000,7020,1,2,0.03510112767583484,0.0351,,4
F24,400000,400000,820,1,2,0.002049678770046831,0.00205,,4
F25,400000,400000,7875,1,2,0.01968627593760905,0.0196875,,2
F26,50000,50000,4414,1,2,0.08828424373674813,0.08828,,4
F27,400000,400000,600,1,2,0.0009437638383486546,0.0015,,2
F28,100000,100000,1923,1,2,0.01923043859252742,0.01923,,1
F29,400000,400000,10561,1,2,0.0264024226565958,0.0264025,,1
F30,200000,200000,2316,1,2,0.011578757364516454,0.01158,,6
F31,200000,200000,3355,1,2,0.01677566568743602,0.016775,,5
F32,100000,100000,4311,1,2,0.043109316512080914,0.04311,,3
