Flow,Period,Deadline,Execution Time,w,h,Target_Utilization,Actual_Utilization,Utilization_Error,Queue
F1,400000,400000,612,1,2,0.0015289534666347304,0.00153,,6
F2,100000,100000,11765,1,2,0.11764995376105802,0.11765,,3
F3,200000,200000,7323,1,2,0.036617391545504696,0.036615,,6
F4,200000,200000,8679,1,2,0.04339593886886872,0.043395,,3
F5,100000,100000,5237,1,2,0.05236794740148021,0.05237,,1
F6,100000,100000,2905,1,2,0.029049961221162657,0.02905,,3
F7,200000,200000,7611,1,2,0.03805640849295144,0.038055,,4
F8,400000,400000,1070,1,2,0.002673959170504947,0.002675,,7
F9,400000,400000,2609,1,2,0.0065214524330406975,0.0065225,,3
F10,400000,400000,3345,1,2,0.008362601576377693,0.0083625,,2
F11,50000,50000,3186,1,2,0.06371996327136009,0.06372,,7
F12,400000,400000,670,1,2,0.0016755043317279172,0.001675,,4
F13,100000,100000,7557,1,2,0.07557081457345927,0.07557,,3
F14,400000,400000,8393,1,2,0.020982266507666547,0.0209825,,1
F15,400000,400000,4238,1,2,0.010594568500753021,0.010595,,7
F16,100000,100000,7193,1,2,0.0719302706938646,0.07193,,6
F17,100000,100000,2283,1,2,0.02283093514445511,0.02283,,4
F18,400000,400000,2462,1,2,0.006154523984996829,0.006155,,5
F19,400000,400000,5651,1,2,0.014126623679657446,0.0141275,,4
F20,400000,400000,3348,1,2,0.008369912193824325,0.00837,,3
F21,100000,100000,6847,1,2,0.06847124653607733,0.06847,,1
F22,50000,50000,1943,1,2,0.03885774778114531,0.03886,,7
F23,100000,100000,7519,1,2,0.07518826793048222,0.07519,,3
F24,50000,50000,2655,1,2,0.05310159893297556,0.0531,,6
F25,100000,100000,6596,1,2,0.06595565976202894,0.06596,,3
F26,200000,200000,11999,1,2,0.05999711699471205,0.059995,,5
F27,400000,400000,3914,1,2,0.009785070769015095,0.009785,,5
F28,100000,100000,3062,1,2,0.03062123852880924,0.03062,,7
F29,400000,400000,4856,1,2,0.012140192966154532,0.01214,,6
F30,200000,200000,6873,1,2,0.03436601570411692,0.034365,,5
F31,400000,400000,7054,1,2,0.01763464873016895,0.017635,,1
F32,400000,400000,680,1,2,0.0017012445449649642,0.0017,,6
