Flow,Period,Deadline,Execution Time,w,h,Target_Utilization,Actual_Utilization,Utilization_Error,Queue
F1,50000,50000,7672,1,2,0.15344226985019482,0.15344,,5
F2,100000,100000,11798,1,2,0.11797806430474844,0.11798,,1
F3,200000,200000,763,1,2,0.0038156953489232315,0.003815,,6
F4,50000,50000,7110,1,2,0.14220602760303847,0.1422,,5
F5,200000,200000,6170,1,2,0.03085080067358381,0.03085,,5
F6,50000,50000,1620,1,2,0.03239976622574381,0.0324,,4
F7,200000,200000,728,1,2,0.0036400896561052942,0.00364,,7
F8,400000,400000,1095,1,2,0.0027378170154412906,0.0027375,,3
F9,400000,400000,4041,1,2,0.010103466008997142,0.0101025,,6
F10,400000,400000,5361,1,2,0.013401758089609972,0.0134025,,4
F11,400000,400000,6907,1,2,0.01726722838894612,0.0172675,,2
F12,200000,200000,654,1,2,0.003269803608527022,0.00327,,2
F13,400000,400000,3134,1,2,0.007835706044082236,0.007835,,1
F14,400000,400000,7737,1,2,0.01934181681154068,0.0193425,,1
F15,400000,400000,8019,1,2,0.020047104045873065,0.0200475,,5
F16,200000,200000,6073,1,2,0.03036512814213954,0.030365,,1
F17,400000,400000,11707,1,2,0.02926786214455468,0.0292675,,3
F18,400000,400000,4530,1,2,0.01132423600354071,0.011325,,5
F19,400000,400000,2669,1,2,0.006673245200387423,0.0066725,,5
F20,400000,400000,11649,1,2,0.02912186268615541,0.0291225,,6
F21,200000,200000,7433,1,2,0.037164773352838465,0.037165,,3
F22,400000,400000,9633,1,2,0.024081356208214277,0.0240825,,4
F23,400000,400000,8565,1,2,0.021413283190786447,0.0214125,,2
F24,200000,200000,10885,1,2,0.0544242426032564,0.054425,,3
F25,200000,200000,9965,1,2,0.04982254247514123,0.049825,,6
F26,200000,200000,10578,1,2,0.05289086598524809,0.05289,,5
F27,400000,400000,7279,1,2,0.018198408115238957,0.0181975,,3
F28,200000,200000,6571,1,2,0.03285286683403814,0.032855,,6
F29,400000,400000,1812,1,2,0.0045295156291721705,0.00453,,4
F30,100000,100000,4849,1,2,0.04848873609566605,0.04849,,4
F31,200000,200000,6937,1,2,0.034684254448724985,0.034685,,3
F32,200000,200000,7272,1,2,0.036359407209541714,0.03636,,5
