Flow,Period,Deadline,Execution Time,w,h,Target_Utilization,Actual_Utilization,Utilization_Error,Queue
F1,100000,100000,8147,1,2,0.08146819243837355,0.08147,,6
F2,100000,100000,7069,1,2,0.07068513651755837,0.07069,,6
F3,100000,100000,6395,1,2,0.0639506981883653,0.06395,,2
F4,100000,100000,6042,1,2,0.0604236731601997,0.06042,,3
F5,400000,400000,4481,1,2,0.011202274598231088,0.0112025,,1
F6,400000,400000,3699,1,2,0.009247238811028291,0.0092475,,3
F7,200000,200000,9096,1,2,0.045479087328166856,0.04548,,3
F8,100000,100000,9457,1,2,0.0945691970820044,0.09457,,6
F9,50000,50000,3252,1,2,0.06504370837173257,0.06504,,6
F10,200000,200000,3749,1,2,0.01874418022564761,0.018745,,2
F11,100000,100000,3002,1,2,0.030019097888075663,0.03002,,6
F12,400000,400000,5609,1,2,0.014023636283545526,0.0140225,,4
F13,200000,200000,3547,1,2,0.017735140120363813,0.017735,,6
F14,200000,200000,11887,1,2,0.05943452865734172,0.059435,,6
F15,400000,400000,3899,1,2,0.009746696234896213,0.0097475,,2
F16,200000,200000,6203,1,2,0.03101404558837162,0.031015,,4
F17,200000,200000,9177,1,2,0.045887296808176214,0.045885,,2
F18,100000,100000,4303,1,2,0.0430321859075648,0.04303,,1
F19,200000,200000,979,1,2,0.004893852996785852,0.004895,,4
F20,400000,400000,3803,1,2,0.009506859109118193,0.0095075,,5
F21,400000,400000,2511,1,2,0.0062780448342895645,0.0062775,,2
F22,100000,100000,7521,1,2,0.07521270322153051,0.07521,,3
F23,200000,200000,3935,1,2,0.019673875537228325,0.019675,,3
F24,100000,100000,6914,1,2,0.06914487583254406,0.06914,,3
F25,200000,200000,2665,1,2,0.013325314484954803,0.013325,,4
F26,400000,400000,4367,1,2,0.010917823414504174,0.0109175,,6
F27,100000,100000,3617,1,2,0.03616877915642658,0.03617,,2
F28,200000,200000,2349,1,2,0.011746073077602129,0.011745,,3
F29,400000,400000,7263,1,2,0.018158010786436724,0.0181575,,1
F30,400000,400000,10015,1,2,0.025038506690710255,0.0250375,,1
F31,200000,200000,6261,1,2,0.031307123119155254,0.031305,,3
F32,400000,400000,1044,1,2,0.0026088513310659105,0.00261,,6
