Flow,Period,Deadline,Execution Time,w,h,Target_Utilization,Actual_Utilization,Utilization_Error,Queue
F1,400000,400000,6685,1,2,0.01671176084728465,0.0167125,,4
F2,400000,400000,3165,1,2,0.007913274034220485,0.0079125,,1
F3,100000,100000,9890,1,2,0.09890395645104988,0.0989,,4
F4,100000,100000,4274,1,2,0.04273769347772449,0.04274,,5
F5,400000,400000,3281,1,2,0.008203509215273908,0.0082025,,6
F6,50000,50000,6439,1,2,0.12877767177100852,0.12878,,4
F7,100000,100000,8675,1,2,0.08674605859249107,0.08675,,4
F8,200000,200000,6131,1,2,0.030656696572394337,0.030655,,4
F9,400000,400000,600,1,2,0.0009324077073353809,0.0015,,2
F10,200000,200000,4201,1,2,0.02100559364524235,0.021005,,2
F11,400000,400000,600,1,2,0.0009204735073767845,0.0015,,2
F12,400000,400000,6759,1,2,0.01689826136757855,0.0168975,,1
F13,400000,400000,4169,1,2,0.010423610881223344,0.0104225,,2
F14,50000,50000,2272,1,2,0.04544028808339451,0.04544,,5
F15,200000,200000,6637,1,2,0.0331833542567922,0.033185,,4
F16,100000,100000,3716,1,2,0.03716025953336022,0.03716,,7
F17,50000,50000,4621,1,2,0.09241928124374627,0.09242,,4
F18,400000,400000,7936,1,2,0.019840826067130612,0.01984,,3
F19,50000,50000,3298,1,2,0.06596418576505719,0.06596,,7
F20,400000,400000,600,1,2,0.0009141248593911855,0.0015,,6
F21,400000,400000,6267,1,2,0.01566731009521377,0.0156675,,7
F22,400000,400000,1519,1,2,0.003797685765594583,0.0037975,,5
F23,400000,400000,7074,1,2,0.01768500224241043,0.017685,,6
F24,200000,200000,8579,1,2,0.04289402428268868,0.042895,,7
F25,100000,100000,6224,1,2,0.062236315323750624,0.06224,,4
F26,400000,400000,8473,1,2,0.021182974092328527,0.0211825,,1
F27,200000,200000,1851,1,2,0.009254307245690097,0.009255,,3
F28,50000,50000,3382,1,2,0.067641910742303,0.06764,,5
F29,400000,400000,4639,1,2,0.011597215260015115,0.0115975,,5
F30,100000,100000,8625,1,2,0.08624568401732527,0.08625,,4
F31,400000,400000,11787,1,2,0.029468556079925726,0.0294675,,5
F32,400000,400000,11999,1,2,0.02999775603218336,0.0299975,,7
