Flow,Period,Deadline,Execution Time,w,h,Target_Utilization,Actual_Utilization,Utilization_Error,Queue
F1,400000,400000,8023,1,2,0.020058701945813384,0.0200575,,6
F2,100000,100000,8626,1,2,0.08625621359692359,0.08626,,3
F3,200000,200000,8435,1,2,0.042176104013798454,0.042175,,3
F4,400000,400000,3585,1,2,0.008961270678940148,0.0089625,,4
F5,400000,400000,7051,1,2,0.017628711485617843,0.0176275,,4
F6,100000,100000,6500,1,2,0.06500121092185329,0.065,,3
F7,200000,200000,9595,1,2,0.0479772498868436,0.047975,,5
F8,100000,100000,6880,1,2,0.06879709284760027,0.0688,,3
F9,400000,400000,11313,1,2,0.028282833279870467,0.0282825,,6
F10,100000,100000,6225,1,2,0.062247259787633125,0.06225,,6
F11,200000,200000,1526,1,2,0.0076300658726276005,0.00763,,3
F12,400000,400000,6439,1,2,0.016097511889939242,0.0160975,,2
F13,400000,400000,4255,1,2,0.01063658518830568,0.0106375,,7
F14,200000,200000,2738,1,2,0.013689679641614827,0.01369,,5
F15,200000,200000,2085,1,2,0.010425811750815583,0.010425,,6
F16,400000,400000,10154,1,2,0.025386140007021885,0.025385,,4
F17,400000,400000,4407,1,2,0.011016470053935024,0.0110175,,1
F18,200000,200000,998,1,2,0.004989435116960261,0.00499,,1
F19,400000,400000,3309,1,2,0.008272592323609107,0.0082725,,5
F20,100000,100000,9898,1,2,0.09897982448573306,0.09898,,6
F21,400000,400000,1367,1,2,0.0034177202039731847,0.0034175,,7
F22,400000,400000,3847,1,2,0.009618727942162564,0.0096175,,2
F23,200000,200000,7987,1,2,0.039933423536233414,0.039935,,5
F24,50000,50000,7360,1,2,0.14720041809091045,0.1472,,3
F25,200000,200000,3869,1,2,0.0193446506770297,0.019345,,3
F26,200000,200000,10458,1,2,0.052290274298617045,0.05229,,5
F27,100000,100000,7074,1,2,0.07073501315045755,0.07074,,6
F28,200000,200000,9401,1,2,0.0470066396314075,0.047005,,6
F29,400000,400000,1058,1,2,0.002645993700580211,0.002645,,7
F30,400000,400000,600,1,2,0.0011533534640369159,0.0015,,1
F31,200000,200000,6993,1,2,0.034966290083360926,0.034965,,3
F32,400000,400000,8975,1,2,0.02243633651475087,0.0224375,,7
