Flow,Period,Deadline,Execution Time,w,h,Target_Utilization,Actual_Utilization,Utilization_Error,Queue
F1,100000,100000,3296,1,2,0.03296126712629466,0.03296,,1
F2,50000,50000,6143,1,2,0.12285223043974536,0.12286,,5
F3,200000,200000,9446,1,2,0.047232016312473535,0.04723,,3
F4,100000,100000,1383,1,2,0.013830324949970496,0.01383,,1
F5,400000,400000,9539,1,2,0.0238481783847887,0.0238475,,6
F6,200000,200000,1179,1,2,0.00589488118913728,0.005895,,1
F7,400000,400000,10629,1,2,0.026573050852120472,0.0265725,,7
F8,400000,400000,1141,1,2,0.0028513685199265115,0.0028525,,3
F9,200000,200000,6865,1,2,0.03432279329277832,0.034325,,7
F10,50000,50000,3187,1,2,0.06374392698597808,0.06374,,5
F11,400000,400000,2123,1,2,0.005306877568779345,0.0053075,,5
F12,400000,400000,10178,1,2,0.02544551886747215,0.025445,,5
F13,200000,200000,2375,1,2,0.011875695103171324,0.011875,,6
F14,100000,100000,10593,1,2,0.10593365121340736,0.10593,,5
F15,100000,100000,10570,1,2,0.10570116457128215,0.1057,,4
F16,100000,100000,2357,1,2,0.02356936147011629,0.02357,,4
F17,200000,200000,9692,1,2,0.048460531837074605,0.04846,,4
F18,100000,100000,1059,1,2,0.010590818195971852,0.01059,,2
F19,200000,200000,9029,1,2,0.04514598935369463,0.045145,,5
F20,200000,200000,700,1,2,0.0034991023456953374,0.0035,,2
F21,400000,400000,10713,1,2,0.026782109975863277,0.0267825,,3
F22,100000,100000,7414,1,2,0.0741416200298178,0.07414,,4
F23,200000,200000,1213,1,2,0.006064229844949504,0.006065,,7
F24,400000,400000,7487,1,2,0.01871737702520959,0.0187175,,3
F25,400000,400000,7373,1,2,0.018432083116951353,0.0184325,,7
F26,100000,100000,10296,1,2,0.10295545850239843,0.10296,,5
F27,400000,400000,1544,1,2,0.003859789091172003,0.00386,,6
F28,400000,400000,4857,1,2,0.012143491927367925,0.0121425,,5
F29,400000,400000,4119,1,2,0.01029770378244474,0.0102975,,4
F30,200000,200000,6498,1,2,0.032489834701038195,0.03249,,4
F31,100000,100000,2650,1,2,0.026499997947848256,0.0265,,1
F32,400000,400000,3191,1,2,0.00797755547506056,0.0079775,,3
