Flow,Period,Deadline,Execution Time,w,h,Target_Utilization,Actual_Utilization,Utilization_Error,Queue
F1,100000,100000,10193,1,2,0.10192861412519383,0.10193,,3
F2,100000,100000,7185,1,2,0.07184836914914994,0.07185,,1
F3,400000,400000,600,1,2,0.00012942684808625593,0.0015,,4
F4,400000,400000,9363,1,2,0.023408134310627493,0.0234075,,7
F5,400000,400000,1114,1,2,0.0027844209797444064,0.002785,,4
F6,400000,400000,1166,1,2,0.002915102257732727,0.002915,,7
F7,200000,200000,2649,1,2,0.0132460362292387,0.013245,,5
F8,200000,200000,2999,1,2,0.01499535954041653,0.014995,,6
F9,100000,100000,11222,1,2,0.1122204574764718,0.11222,,2
F10,400000,400000,4223,1,2,0.010558083093357262,0.0105575,,1
F11,50000,50000,6338,1,2,0.12675885837677459,0.12676,,3
F12,200000,200000,1019,1,2,0.005094637801292823,0.005095,,7
F13,200000,200000,6408,1,2,0.032041659910942544,0.03204,,5
F14,200000,200000,4117,1,2,0.020585584089372944,0.020585,,1
F15,200000,200000,10101,1,2,0.05050366333630374,0.050505,,3
F16,400000,400000,600,1,2,0.000694773395211401,0.0015,,5
F17,50000,50000,3153,1,2,0.0630626546611811,0.06306,,2
F18,400000,400000,4439,1,2,0.01109706965110624,0.0110975,,6
F19,400000,400000,6844,1,2,0.01711007552861571,0.01711,,2
F20,200000,200000,2998,1,2,0.01498936577087201,0.01499,,2
F21,200000,200000,5842,1,2,0.02921036026429652,0.02921,,5
F22,50000,50000,6105,1,2,0.12209729307135891,0.1221,,7
F23,400000,400000,9962,1,2,0.024904117529725822,0.024905,,3
F24,100000,100000,6826,1,2,0.06825673266504981,0.06826,,7
F25,400000,400000,1488,1,2,0.003721081714544966,0.00372,,3
F26,400000,400000,1460,1,2,0.003650481980158382,0.00365,,4
F27,400000,400000,638,1,2,0.0015940525635777802,0.001595,,7
F28,100000,100000,9880,1,2,0.09880346423636266,0.0988,,4
F29,400000,400000,11039,1,2,0.027596456426911567,0.0275975,,4
F30,400000,400000,1074,1,2,0.00268461600437514,0.002685,,3
F31,100000,100000,6057,1,2,0.060571753977266045,0.06057,,6
F32,400000,400000,1198,1,2,0.0029947058996174997,0.002995,,3
