Flow,Period,Deadline,Execution Time,w,h,Target_Utilization,Actual_Utilization,Utilization_Error,Queue
F1,200000,200000,6936,1,2,0.03467921556114528,0.03468,,5
F2,200000,200000,4277,1,2,0.021385706979552666,0.021385,,3
F3,400000,400000,10719,1,2,0.026798219698111803,0.0267975,,4
F4,200000,200000,8429,1,2,0.04214727845802635,0.042145,,4
F5,200000,200000,8453,1,2,0.04226742556344232,0.042265,,2
F6,400000,400000,600,1,2,0.0004888060052146148,0.0015,,7
F7,100000,100000,7509,1,2,0.07508808516348597,0.07509,,1
F8,200000,200000,10699,1,2,0.05349703368484893,0.053495,,2
F9,200000,200000,7950,1,2,0.03975146182235978,0.03975,,1
F10,200000,200000,11633,1,2,0.058166822215819036,0.058165,,3
F11,400000,400000,3273,1,2,0.008182116852071042,0.0081825,,1
F12,100000,100000,6071,1,2,0.06071137243178759,0.06071,,1
F13,400000,400000,8877,1,2,0.0221925361504699,0.0221925,,1
F14,100000,100000,4286,1,2,0.0428624961343006,0.04286,,3
F15,400000,400000,791,1,2,0.001976604086329492,0.0019775,,1
F16,400000,400000,4349,1,2,0.010872529573817458,0.0108725,,6
F17,200000,200000,3787,1,2,0.01893448220846705,0.018935,,4
F18,400000,400000,5177,1,2,0.01294368405141011,0.0129425,,4
F19,400000,400000,5603,1,2,0.01400707640108556,0.0140075,,2
F20,200000,200000,6899,1,2,0.03449258794041621,0.034495,,3
F21,400000,400000,3960,1,2,0.009899392297887333,0.0099,,3
F22,200000,200000,9942,1,2,0.04970938662453789,0.04971,,1
F23,400000,400000,9527,1,2,0.02381770796371202,0.0238175,,2
F24,100000,100000,6541,1,2,0.06540601616246061,0.06541,,1
F25,400000,400000,9110,1,2,0.022774976408306613,0.022775,,5
F26,400000,400000,1662,1,2,0.004154137106118561,0.004155,,7
F27,400000,400000,6649,1,2,0.01662286530870133,0.0166225,,6
F28,100000,100000,3025,1,2,0.03025131901153627,0.03025,,2
F29,100000,100000,11091,1,2,0.11091478347364178,0.11091,,1
F30,400000,400000,5675,1,2,0.014188113575732964,0.0141875,,5
F31,50000,50000,6996,1,2,0.13991492958434756,0.13992,,1
F32,400000,400000,1071,1,2,0.0026779088628554534,0.0026775,,7
