Flow,Period,Deadline,Execution Time,w,h,Target_Utilization,Actual_Utilization,Utilization_Error,Queue
F1,200000,200000,9291,1,2,0.04645338138045907,0.046455,,5
F2,200000,200000,7943,1,2,0.03971741926670713,0.039715,,6
F3,400000,400000,600,1,2,0.0006778553929389641,0.0015,,4
F4,200000,200000,2361,1,2,0.011803900811944601,0.011805,,2
F5,50000,50000,3463,1,2,0.06926245386599061,0.06926,,5
F6,200000,200000,4674,1,2,0.023370314774626477,0.02337,,7
F7,100000,100000,4837,1,2,0.04836758136211938,0.04837,,3
F8,400000,400000,2197,1,2,0.005491261254219948,0.0054925,,4
F9,200000,200000,4623,1,2,0.02311463936828939,0.023115,,4
F10,50000,50000,1025,1,2,0.02049951002367212,0.0205,,1
F11,200000,200000,7537,1,2,0.03768672030682263,0.037685,,2
F12,50000,50000,3046,1,2,0.06091540756590397,0.06092,,6
F13,200000,200000,1157,1,2,0.005784420067870721,0.005785,,7
F14,400000,400000,4996,1,2,0.012490054486602786,0.01249,,7
F15,400000,400000,9643,1,2,0.02410641305334993,0.0241075,,5
F16,400000,400000,1166,1,2,0.002915219133195479,0.002915,,2
F17,400000,400000,1746,1,2,0.004365916071444764,0.004365,,2
F18,100000,100000,9820,1,2,0.09819765631893884,0.0982,,3
F19,100000,100000,6200,1,2,0.06199954457043866,0.062,,7
F20,200000,200000,2041,1,2,0.010205189590153929,0.010205,,4
F21,400000,400000,3951,1,2,0.00987686405275534,0.0098775,,5
F22,100000,100000,9215,1,2,0.09215377575601863,0.09215,,7
F23,50000,50000,6517,1,2,0.13033549408512074,0.13034,,7
F24,200000,200000,9188,1,2,0.04593869335215414,0.04594,,3
F25,200000,200000,8753,1,2,0.04376614040394383,0.043765,,1
F26,100000,100000,8257,1,2,0.08257411945117762,0.08257,,3
F27,200000,200000,9269,1,2,0.04634265597103483,0.046345,,7
F28,400000,400000,8823,1,2,0.022058295183339488,0.0220575,,3
F29,400000,400000,8093,1,2,0.020231918245004244,0.0202325,,6
F30,400000,400000,1268,1,2,0.0031692500529255686,0.00317,,1
F31,400000,400000,9218,1,2,0.023046130574349823,0.023045,,5
F32,400000,400000,693,1,2,0.0017335907550431325,0.0017325,,3
