Flow,Period,Deadline,Execution Time,w,h,Target_Utilization,Actual_Utilization,Utilization_Error,Queue
F1,400000,400000,2549,1,2,0.006372334809668478,0.0063725,,2
F2,100000,100000,3695,1,2,0.03695009838102559,0.03695,,3
F3,50000,50000,3013,1,2,0.06025737978577994,0.06026,,5
F4,400000,400000,11701,1,2,0.02925255770655122,0.0292525,,1
F5,200000,200000,2123,1,2,0.010614203686992507,0.010615,,1
F6,100000,100000,6306,1,2,0.06306212366421693,0.06306,,5
F7,200000,200000,4548,1,2,0.02273881107505571,0.02274,,3
F8,400000,400000,6469,1,2,0.016171758880557774,0.0161725,,2
F9,200000,200000,8805,1,2,0.044026207266382955,0.044025,,1
F10,200000,200000,3165,1,2,0.01582485865627581,0.015825,,4
F11,400000,400000,2838,1,2,0.007094982573351949,0.007095,,1
F12,400000,400000,1525,1,2,0.0038132015687978305,0.0038125,,5
F13,200000,200000,2133,1,2,0.010666130714243938,0.010665,,5
F14,400000,400000,3858,1,2,0.009645538085994887,0.009645,,4
F15,200000,200000,6355,1,2,0.0317761738675314,0.031775,,6
F16,200000,200000,8817,1,2,0.04408514559417798,0.044085,,2
F17,100000,100000,11251,1,2,0.11251446039488677,0.11251,,5
F18,200000,200000,11697,1,2,0.05848384698324116,0.058485,,1
F19,200000,200000,7604,1,2,0.038021379240194,0.03802,,5
F20,100000,100000,3150,1,2,0.03149972355465941,0.0315,,2
F21,400000,400000,10381,1,2,0.02595142839933895,0.0259525,,5
F22,400000,400000,3299,1,2,0.008246707664623654,0.0082475,,6
F23,100000,100000,10852,1,2,0.10852473056567513,0.10852,,5
F24,200000,200000,9929,1,2,0.04964473318276574,0.049645,,3
F25,100000,100000,1312,1,2,0.013120303381842058,0.01312,,7
F26,200000,200000,9967,1,2,0.04983448881963881,0.049835,,5
F27,100000,100000,984,1,2,0.00984061088411095,0.00984,,2
F28,100000,100000,8360,1,2,0.08359505454014036,0.0836,,5
F29,100000,100000,4912,1,2,0.04911934820461951,0.04912,,4
F30,400000,400000,8267,1,2,0.02066664636765074,0.0206675,,6
F31,200000,200000,7320,1,2,0.0365988209793774,0.0366,,4
F32,400000,400000,6128,1,2,0.01532031621013855,0.01532,,3
