Flow,Period,Deadline,Execution Time,w,h,Target_Utilization,Actual_Utilization,Utilization_Error,Queue
F1,200000,200000,7809,1,2,0.039044016853811314,0.039045,,5
F2,400000,400000,4422,1,2,0.011054655711269623,0.011055,,2
F3,100000,100000,8417,1,2,0.08416789916800616,0.08417,,2
F4,400000,400000,10417,1,2,0.026042034864696584,0.0260425,,4
F5,100000,100000,6556,1,2,0.0655629971257411,0.06556,,1
F6,200000,200000,8157,1,2,0.040786057870857095,0.040785,,1
F7,400000,400000,1018,1,2,0.0025449680942042363,0.002545,,1
F8,400000,400000,5673,1,2,0.014182539063154143,0.0141825,,7
F9,100000,100000,4020,1,2,0.04020145784294271,0.0402,,4
F10,100000,100000,1012,1,2,0.01011912179727481,0.01012,,7
F11,400000,400000,11206,1,2,0.028014465115727916,0.028015,,7
F12,400000,400000,4796,1,2,0.011990347088209563,0.01199,,5
F13,100000,100000,6509,1,2,0.06508660723051396,0.06509,,2
F14,200000,200000,7804,1,2,0.03902054301323321,0.03902,,2
F15,400000,400000,10217,1,2,0.025543553852643064,0.0255425,,5
F16,50000,50000,2690,1,2,0.05380146113969675,0.0538,,7
F17,50000,50000,10512,1,2,0.210247184261811,0.21024,,1
F18,400000,400000,10457,1,2,0.026142438579358662,0.0261425,,1
F19,100000,100000,7187,1,2,0.07187346152242668,0.07187,,7
F20,100000,100000,7922,1,2,0.07921775485236904,0.07922,,6
F21,400000,400000,3369,1,2,0.008423467070899887,0.0084225,,6
F22,200000,200000,6683,1,2,0.03341550672992025,0.033415,,3
F23,400000,400000,600,1,2,0.0012931381331105773,0.0015,,4
F24,400000,400000,7621,1,2,0.019051650328439668,0.0190525,,3
F25,100000,100000,1259,1,2,0.012590480211951915,0.01259,,4
F26,400000,400000,7621,1,2,0.0190534786946443,0.0190525,,6
F27,200000,200000,1694,1,2,0.008470037836449479,0.00847,,3
F28,200000,200000,3607,1,2,0.018034160342029718,0.018035,,1
F29,400000,400000,8465,1,2,0.021162869930923436,0.0211625,,2
F30,400000,400000,717,1,2,0.001793064373438083,0.0017925,,1
F31,200000,200000,11223,1,2,0.05611391796360452,0.056115,,6
F32,200000,200000,6879,1,2,0.03439348332890808,0.034395,,6
