Flow,Period,Deadline,Execution Time,w,h,Target_Utilization,Actual_Utilization,Utilization_Error,Queue
F1,400000,400000,6701,1,2,0.01675212625239042,0.0167525,,1
F2,400000,400000,10193,1,2,0.025483637467183184,0.0254825,,7
F3,100000,100000,3764,1,2,0.037638792928958775,0.03764,,6
F4,100000,100000,6429,1,2,0.06428789695803017,0.06429,,6
F5,400000,400000,2147,1,2,0.005367737993063781,0.0053675,,3
F6,400000,400000,9931,1,2,0.02482717941676582,0.0248275,,2
F7,200000,200000,11738,1,2,0.058689516498289906,0.05869,,3
F8,400000,400000,789,1,2,0.001973180848118039,0.0019725,,5
F9,100000,100000,10970,1,2,0.10969766140926629,0.1097,,3
F10,200000,200000,3968,1,2,0.019839724014002025,0.01984,,4
F11,400000,400000,7290,1,2,0.018225177829648498,0.018225,,7
F12,50000,50000,3980,1,2,0.07960071618269704,0.0796,,7
F13,400000,400000,2066,1,2,0.00516377501211529,0.005165,,6
F14,100000,100000,4298,1,2,0.04298123988289537,0.04298,,1
F15,200000,200000,1668,1,2,0.008338854492023984,0.00834,,5
F16,400000,400000,7225,1,2,0.018063251756205934,0.0180625,,6
F17,50000,50000,6839,1,2,0.13678110568719848,0.13678,,3
F18,400000,400000,600,1,2,0.00010785501403243192,0.0015,,2
F19,200000,200000,5122,1,2,0.025610556258753636,0.02561,,4
F20,200000,200000,787,1,2,0.003934930977979867,0.003935,,1
F21,50000,50000,3660,1,2,0.07319624945950676,0.0732,,4
F22,100000,100000,1321,1,2,0.013211176092989385,0.01321,,2
F23,400000,400000,5339,1,2,0.013346585236969244,0.0133475,,3
F24,400000,400000,5203,1,2,0.01300848915144287,0.0130075,,7
F25,100000,100000,9287,1,2,0.09286760584356812,0.09287,,4
F26,400000,400000,4387,1,2,0.010966645779533546,0.0109675,,4
F27,200000,200000,8397,1,2,0.04198597631264864,0.041985,,3
F28,400000,400000,616,1,2,0.0015398968760702014,0.00154,,1
F29,100000,100000,11865,1,2,0.11865280726580107,0.11865,,4
F30,400000,400000,10945,1,2,0.027362797811382896,0.0273625,,5
F31,400000,400000,9046,1,2,0.022615065425342668,0.022615,,5
F32,400000,400000,1140,1,2,0.0028506211036049603,0.00285,,3
