Flow,Period,Deadline,Execution Time,w,h,Target_Utilization,Actual_Utilization,Utilization_Error,Queue
F1,400000,400000,600,1,2,0.0007858519267831543,0.0015,,2
F2,50000,50000,7256,1,2,0.14512097292239168,0.14512,,3
F3,200000,200000,6555,1,2,0.03277342252555793,0.032775,,4
F4,50000,50000,8635,1,2,0.1727052161645043,0.1727,,6
F5,100000,100000,5269,1,2,0.052691187999700295,0.05269,,6
F6,400000,400000,839,1,2,0.0020977405426966245,0.0020975,,3
F7,200000,200000,2621,1,2,0.01310621912931631,0.013105,,2
F8,200000,200000,2380,1,2,0.011898839596462318,0.0119,,1
F9,400000,400000,2147,1,2,0.005367399574901954,0.0053675,,3
F10,50000,50000,1592,1,2,0.03183889388698802,0.03184,,6
F11,200000,200000,1287,1,2,0.006434595754095551,0.006435,,2
F12,400000,400000,7380,1,2,0.018450317281782702,0.01845,,5
F13,50000,50000,7337,1,2,0.14674593159811133,0.14674,,5
F14,400000,400000,6565,1,2,0.016413069328704233,0.0164125,,3
F15,200000,200000,2814,1,2,0.014068967865696447,0.01407,,6
F16,100000,100000,4612,1,2,0.04612015976855499,0.04612,,7
F17,400000,400000,10889,1,2,0.02722335739316728,0.0272225,,5
F18,400000,400000,9108,1,2,0.022769143335947428,0.02277,,7
F19,400000,400000,1118,1,2,0.0027953503249290024,0.002795,,4
F20,400000,400000,1585,1,2,0.003961690016089869,0.0039625,,4
F21,200000,200000,3763,1,2,0.018816005573792982,0.018815,,7
F22,200000,200000,9421,1,2,0.04710353837664999,0.047105,,5
F23,50000,50000,2167,1,2,0.043341007617183736,0.04334,,3
F24,400000,400000,3150,1,2,0.007873807701350821,0.007875,,5
F25,50000,50000,872,1,2,0.01743930337067237,0.01744,,4
F26,400000,400000,8837,1,2,0.022092760990265192,0.0220925,,3
F27,400000,400000,3182,1,2,0.007954693996073736,0.007955,,6
F28,100000,100000,6057,1,2,0.06057209566319696,0.06057,,1
F29,200000,200000,8594,1,2,0.042971293989667425,0.04297,,1
F30,400000,400000,867,1,2,0.002166725292255159,0.0021675,,1
F31,100000,100000,8846,1,2,0.08846204886977524,0.08846,,6
F32,200000,200000,2144,1,2,0.010719082033029584,0.01072,,7
