Flow,Period,Deadline,Execution Time,w,h,Target_Utilization,Actual_Utilization,Utilization_Error,Queue
F1,400000,400000,4133,1,2,0.010332588956018185,0.0103325,,4
F2,200000,200000,1549,1,2,0.007744286396568656,0.007745,,6
F3,50000,50000,7321,1,2,0.1464229846084142,0.14642,,6
F4,200000,200000,2121,1,2,0.010604549336966085,0.010605,,3
F5,400000,400000,4901,1,2,0.012253655391470941,0.0122525,,6
F6,400000,400000,2493,1,2,0.00623253857252104,0.0062325,,3
F7,50000,50000,3142,1,2,0.06284232638705978,0.06284,,5
F8,400000,400000,2671,1,2,0.006678459420475957,0.0066775,,1
F9,400000,400000,4183,1,2,0.010458395336366166,0.0104575,,2
F10,400000,400000,3611,1,2,0.009027207775799684,0.0090275,,5
F11,100000,100000,9893,1,2,0.09893473847445677,0.09893,,6
F12,400000,400000,8031,1,2,0.020077406316812985,0.0200775,,3
F13,200000,200000,11959,1,2,0.05979551164157382,0.059795,,7
F14,200000,200000,3042,1,2,0.01521007294878407,0.01521,,5
F15,100000,100000,8160,1,2,0.08160345512838663,0.0816,,5
F16,100000,100000,5912,1,2,0.05911764828674715,0.05912,,2
F17,100000,100000,8976,1,2,0.08975889066395959,0.08976,,7
F18,100000,100000,7567,1,2,0.07567473183067153,0.07567,,6
F19,200000,200000,7206,1,2,0.03602973019907174,0.03603,,5
F20,200000,200000,6967,1,2,0.03483452352378774,0.034835,,7
F21,200000,200000,11601,1,2,0.05800679299004863,0.058005,,1
F22,400000,400000,6207,1,2,0.015517062740743187,0.0155175,,2
F23,200000,200000,2705,1,2,0.013524870849381088,0.013525,,7
F24,200000,200000,3774,1,2,0.01887099203968645,0.01887,,4
F25,200000,200000,8921,1,2,0.044605833364454645,0.044605,,6
F26,200000,200000,1741,1,2,0.008705234056045605,0.008705,,7
F27,400000,400000,9577,1,2,0.023943391645434978,0.0239425,,2
F28,400000,400000,1209,1,2,0.0030225570101662103,0.0030225,,4
F29,400000,400000,9233,1,2,0.023082991171906153,0.0230825,,1
F30,400000,400000,5339,1,2,0.01334645600429852,0.0133475,,1
F31,400000,400000,1939,1,2,0.004847452538930215,0.0048475,,2
F32,200000,200000,9777,1,2,0.04888653082692669,0.048885,,4
