Flow,Period,Deadline,Execution Time,w,h,Target_Utilization,Actual_Utilization,Utilization_Error,Queue
F1,400000,400000,2849,1,2,0.007122598615252551,0.0071225,,7
F2,400000,400000,5429,1,2,0.013572646523363652,0.0135725,,1
F3,200000,200000,9101,1,2,0.04550413968787148,0.045505,,4
F4,200000,200000,8928,1,2,0.0446379072424361,0.04464,,5
F5,100000,100000,7941,1,2,0.07941057908353111,0.07941,,1
F6,200000,200000,9181,1,2,0.045903103153996705,0.045905,,2
F7,100000,100000,11629,1,2,0.11629117611226802,0.11629,,4
F8,400000,400000,11305,1,2,0.028263451828070885,0.0282625,,4
F9,400000,400000,600,1,2,0.0005990727128899476,0.0015,,5
F10,400000,400000,2611,1,2,0.006527679869867353,0.0065275,,4
F11,100000,100000,2324,1,2,0.023239876667388915,0.02324,,1
F12,400000,400000,600,1,2,0.000536634519244128,0.0015,,3
F13,400000,400000,4626,1,2,0.011564298086859881,0.011565,,4
F14,100000,100000,6821,1,2,0.06820500514448158,0.06821,,5
F15,200000,200000,3466,1,2,0.017328982473728605,0.01733,,7
F16,400000,400000,9195,1,2,0.02298730738122856,0.0229875,,3
F17,200000,200000,702,1,2,0.003510625300117143,0.00351,,6
F18,200000,200000,2222,1,2,0.011109808052921943,0.01111,,5
F19,400000,400000,4095,1,2,0.010236329513388376,0.0102375,,3
F20,200000,200000,10502,1,2,0.052508494246700566,0.05251,,7
F21,200000,200000,11125,1,2,0.055625589937591036,0.055625,,4
F22,200000,200000,7618,1,2,0.03809084051510758,0.03809,,7
F23,100000,100000,4461,1,2,0.04460875765051753,0.04461,,2
F24,400000,400000,5891,1,2,0.01472791809017604,0.0147275,,2
F25,50000,50000,8473,1,2,0.16946290128851915,0.16946,,7
F26,100000,100000,6851,1,2,0.06850653487870417,0.06851,,1
F27,400000,400000,2644,1,2,0.006610064667081195,0.00661,,1
F28,100000,100000,6886,1,2,0.06885565651348162,0.06886,,7
F29,100000,100000,4483,1,2,0.04483158440372199,0.04483,,1
F30,400000,400000,912,1,2,0.0022804543724857518,0.00228,,7
F31,200000,200000,1941,1,2,0.00970452546419276,0.009705,,2
F32,200000,200000,4222,1,2,0.021111190123845887,0.02111,,5
