Flow,Period,Deadline,Execution Time,w,h,Target_Utilization,Actual_Utilization,Utilization_Error,Queue
F1,200000,200000,7153,1,2,0.03576585511187935,0.035765,,3
F2,100000,100000,4149,1,2,0.04148823401078405,0.04149,,3
F3,400000,400000,10866,1,2,0.02716602396300316,0.027165,,5
F4,400000,400000,5905,1,2,0.014763440178295673,0.0147625,,3
F5,400000,400000,8087,1,2,0.020217614152336694,0.0202175,,6
F6,200000,200000,9593,1,2,0.047964620270653624,0.047965,,3
F7,100000,100000,11341,1,2,0.11341037562666645,0.11341,,5
F8,200000,200000,1214,1,2,0.00607112738193083,0.00607,,6
F9,50000,50000,6875,1,2,0.1374925284499524,0.1375,,3
F10,50000,50000,3041,1,2,0.06081826688714942,0.06082,,3
F11,200000,200000,6817,1,2,0.03408425967952555,0.034085,,2
F12,400000,400000,4090,1,2,0.010225619667261321,0.010225,,2
F13,200000,200000,1233,1,2,0.006164810979811253,0.006165,,1
F14,400000,400000,3655,1,2,0.009137921750418387,0.0091375,,4
F15,400000,400000,2447,1,2,0.00611740420116802,0.0061175,,3
F16,400000,400000,5540,1,2,0.013851236388791266,0.01385,,5
F17,400000,400000,11195,1,2,0.027986463325376132,0.0279875,,6
F18,400000,400000,10315,1,2,0.025788094883111734,0.0257875,,3
F19,400000,400000,9837,1,2,0.024591415985800946,0.0245925,,1
F20,200000,200000,8294,1,2,0.04147249374656459,0.04147,,1
F21,400000,400000,4959,1,2,0.01239674004434882,0.0123975,,1
F22,200000,200000,7093,1,2,0.03546476263471393,0.035465,,1
F23,200000,200000,11621,1,2,0.05810680372107363,0.058105,,5
F24,200000,200000,8080,1,2,0.040401004435173415,0.0404,,5
F25,50000,50000,2585,1,2,0.05169901712353747,0.0517,,1
F26,200000,200000,9401,1,2,0.0470039729328075,0.047005,,5
F27,200000,200000,1035,1,2,0.0051747017623511304,0.005175,,5
F28,100000,100000,6961,1,2,0.06960616015622631,0.06961,,3
F29,400000,400000,3195,1,2,0.00798717869808463,0.0079875,,2
F30,50000,50000,6616,1,2,0.13231265895717556,0.13232,,5
F31,400000,400000,9173,1,2,0.022932976633724938,0.0229325,,2
F32,400000,400000,732,1,2,0.0018311537222745675,0.00183,,4
