Flow,Period,Deadline,Execution Time,w,h,Target_Utilization,Actual_Utilization,Utilization_Error,Queue
F1,200000,200000,9049,1,2,0.045242617841020794,0.045245,,6
F2,50000,50000,3096,1,2,0.06192167439814722,0.06192,,7
F3,400000,400000,8569,1,2,0.021421607146903332,0.0214225,,3
F4,400000,400000,3412,1,2,0.008531112377430428,0.00853,,1
F5,400000,400000,2351,1,2,0.0058765906582154415,0.0058775,,2
F6,200000,200000,2876,1,2,0.01437894490425451,0.01438,,7
F7,200000,200000,9069,1,2,0.04534516539807554,0.045345,,7
F8,200000,200000,6477,1,2,0.03238438339159844,0.032385,,7
F9,400000,400000,1137,1,2,0.002843211325639139,0.0028425,,2
F10,400000,400000,4000,1,2,0.010000398668751354,0.01,,4
F11,200000,200000,8705,1,2,0.043525795329844685,0.043525,,1
F12,400000,400000,600,1,2,0.00029654542991264243,0.0015,,1
F13,200000,200000,11801,1,2,0.059004216702459145,0.059005,,7
F14,100000,100000,5320,1,2,0.05319763077819917,0.0532,,4
F15,50000,50000,4840,1,2,0.09679512614204233,0.0968,,7
F16,200000,200000,4775,1,2,0.02387553970061329,0.023875,,1
F17,100000,100000,8642,1,2,0.08641793184879709,0.08642,,6
F18,50000,50000,2706,1,2,0.054121556707836915,0.05412,,6
F19,50000,50000,3041,1,2,0.060824038965461014,0.06082,,7
F20,400000,400000,10113,1,2,0.02528236654361532,0.0252825,,2
F21,400000,400000,734,1,2,0.0018342328843452549,0.001835,,6
F22,400000,400000,5214,1,2,0.013034107442202014,0.013035,,6
F23,50000,50000,6120,1,2,0.12239305294933708,0.1224,,7
F24,400000,400000,8482,1,2,0.02120533823853671,0.021205,,5
F25,400000,400000,1564,1,2,0.003910345587899655,0.00391,,7
F26,100000,100000,4149,1,2,0.041490177022516506,0.04149,,4
F27,100000,100000,3081,1,2,0.03080808866825946,0.03081,,6
F28,400000,400000,3885,1,2,0.009713114599895406,0.0097125,,3
F29,200000,200000,11930,1,2,0.05965168920115864,0.05965,,6
F30,100000,100000,7549,1,2,0.07549419651648184,0.07549,,6
F31,400000,400000,1968,1,2,0.004918859501190939,0.00492,,5
F32,400000,400000,600,1,2,0.0009458101373475924,0.0015,,5
