Flow,Period,Deadline,Execution Time,w,h,Target_Utilization,Actual_Utilization,Utilization_Error,Queue
F1,100000,100000,8008,1,2,0.08007697805667058,0.08008,,3
F2,400000,400000,7999,1,2,0.01999682411723347,0.0199975,,7
F3,100000,100000,1103,1,2,0.011030196969051942,0.01103,,7
F4,50000,50000,4211,1,2,0.08421735346538184,0.08422,,1
F5,200000,200000,7812,1,2,0.03905857542114333,0.03906,,1
F6,200000,200000,1825,1,2,0.009124983781287566,0.009125,,4
F7,400000,400000,5619,1,2,0.014047866281056032,0.0140475,,6
F8,400000,400000,641,1,2,0.0016036236173391227,0.0016025,,4
F9,200000,200000,10125,1,2,0.050624734024722895,0.050625,,7
F10,200000,200000,5358,1,2,0.026790333393928778,0.02679,,2
F11,400000,400000,7039,1,2,0.01759787539790192,0.0175975,,3
F12,200000,200000,10365,1,2,0.0518257506933012,0.051825,,3
F13,200000,200000,11757,1,2,0.0587848817797163,0.058785,,7
F14,400000,400000,4125,1,2,0.010312008304474651,0.0103125,,1
F15,200000,200000,11508,1,2,0.05754015400840706,0.05754,,4
F16,50000,50000,6831,1,2,0.13662926223065225,0.13662,,1
F17,400000,400000,2531,1,2,0.0063285524083411815,0.0063275,,5
F18,100000,100000,8808,1,2,0.08807742888533754,0.08808,,7
F19,100000,100000,2888,1,2,0.02887931939627747,0.02888,,1
F20,400000,400000,1821,1,2,0.004552363366197243,0.0045525,,7
F21,100000,100000,3465,1,2,0.034650708824394305,0.03465,,5
F22,400000,400000,11051,1,2,0.02762752856961606,0.0276275,,4
F23,400000,400000,2787,1,2,0.006968293829643896,0.0069675,,6
F24,400000,400000,1075,1,2,0.0026867140177949944,0.0026875,,3
F25,400000,400000,4417,1,2,0.011042575305315772,0.0110425,,5
F26,200000,200000,7641,1,2,0.03820489987620315,0.038205,,4
F27,100000,100000,4865,1,2,0.04864924612615601,0.04865,,2
F28,400000,400000,3491,1,2,0.00872740458511874,0.0087275,,2
F29,400000,400000,7507,1,2,0.018768536923965226,0.0187675,,5
F30,400000,400000,5053,1,2,0.012633038567134769,0.0126325,,3
F31,400000,400000,2426,1,2,0.0060648059700763035,0.006065,,1
F32,100000,100000,8688,1,2,0.0868771818061585,0.08688,,2
