Flow,Period,Deadline,Execution Time,w,h,Target_Utilization,Actual_Utilization,Utilization_Error,Queue
F1,200000,200000,7109,1,2,0.035545500636475325,0.035545,,4
F2,200000,200000,6999,1,2,0.034997431001759116,0.034995,,5
F3,200000,200000,3234,1,2,0.016169154836660926,0.01617,,7
F4,400000,400000,4101,1,2,0.010251944955415704,0.0102525,,6
F5,400000,400000,8969,1,2,0.022421647999938288,0.0224225,,5
F6,100000,100000,11799,1,2,0.11798780716921586,0.11799,,2
F7,200000,200000,6641,1,2,0.03320515426702164,0.033205,,2
F8,400000,400000,4219,1,2,0.010548526326631502,0.0105475,,2
F9,400000,400000,7086,1,2,0.017714378831877764,0.017715,,5
F10,200000,200000,9319,1,2,0.04659585867350968,0.046595,,5
F11,400000,400000,7581,1,2,0.018951257530602117,0.0189525,,4
F12,100000,100000,1566,1,2,0.01565920814387345,0.01566,,4
F13,100000,100000,6995,1,2,0.06995217872975024,0.06995,,5
F14,200000,200000,7453,1,2,0.03726445880035156,0.037265,,6
F15,100000,100000,4412,1,2,0.04412189979610437,0.04412,,2
F16,400000,400000,6070,1,2,0.015174384874203195,0.015175,,5
F17,400000,400000,9461,1,2,0.023651816292837635,0.0236525,,4
F18,400000,400000,737,1,2,0.0018414251417263605,0.0018425,,1
F19,100000,100000,8860,1,2,0.08860309312604764,0.0886,,2
F20,200000,200000,6021,1,2,0.030103031314586914,0.030105,,6
F21,400000,400000,6645,1,2,0.0166130158118879,0.0166125,,6
F22,100000,100000,1935,1,2,0.01935029428552798,0.01935,,7
F23,400000,400000,6384,1,2,0.015961247789505695,0.01596,,1
F24,100000,100000,7857,1,2,0.07856686571053345,0.07857,,5
F25,200000,200000,9175,1,2,0.045876248217936566,0.045875,,5
F26,100000,100000,5407,1,2,0.05406823702781552,0.05407,,2
F27,400000,400000,2357,1,2,0.005892904746758354,0.0058925,,3
F28,200000,200000,3400,1,2,0.016999098329716716,0.017,,2
F29,400000,400000,8807,1,2,0.022017480351153723,0.0220175,,2
F30,100000,100000,7809,1,2,0.07808991022576475,0.07809,,2
F31,200000,200000,9293,1,2,0.046466542923831664,0.046465,,2
F32,400000,400000,3735,1,2,0.009337996130978472,0.0093375,,7
