Flow,Period,Deadline,Execution Time,w,h,Target_Utilization,Actual_Utilization,Utilization_Error,Queue
F1,200000,200000,7825,1,2,0.039124019450866854,0.039125,,7
F2,400000,400000,3129,1,2,0.007823069146478012,0.0078225,,4
F3,400000,400000,3537,1,2,0.008841707139350508,0.0088425,,3
F4,200000,200000,10853,1,2,0.05426269748905044,0.054265,,7
F5,400000,400000,7296,1,2,0.01824071597971133,0.01824,,5
F6,200000,200000,4166,1,2,0.020829940249461498,0.02083,,6
F7,200000,200000,7176,1,2,0.03587911073108596,0.03588,,3
F8,400000,400000,1443,1,2,0.003606669370250004,0.0036075,,4
F9,100000,100000,4364,1,2,0.04364212655884725,0.04364,,1
F10,50000,50000,2769,1,2,0.05537997583401277,0.05538,,5
F11,400000,400000,8729,1,2,0.021821327475160412,0.0218225,,2
F12,400000,400000,10873,1,2,0.02718333224943037,0.0271825,,1
F13,400000,400000,10678,1,2,0.02669599335775652,0.026695,,6
F14,400000,400000,2672,1,2,0.006679135526920343,0.00668,,7
F15,400000,400000,8395,1,2,0.02098626639332757,0.0209875,,1
F16,200000,200000,1090,1,2,0.0054506894103488746,0.00545,,2
F17,400000,400000,3094,1,2,0.007735521761638164,0.007735,,3
F18,400000,400000,10090,1,2,0.025224088617455953,0.025225,,4
F19,400000,400000,2258,1,2,0.00564583222627002,0.005645,,5
F20,100000,100000,7443,1,2,0.07442883520760535,0.07443,,1
F21,400000,400000,5954,1,2,0.014885750562636857,0.014885,,7
F22,400000,400000,3321,1,2,0.00830190390139851,0.0083025,,2
F23,200000,200000,1770,1,2,0.008849457274916372,0.00885,,4
F24,100000,100000,6911,1,2,0.06910677711275265,0.06911,,6
F25,200000,200000,7255,1,2,0.036276354343099004,0.036275,,4
F26,100000,100000,3251,1,2,0.03250962163488513,0.03251,,7
F27,400000,400000,10617,1,2,0.02654140197443755,0.0265425,,5
F28,200000,200000,9462,1,2,0.0473104564129771,0.04731,,5
F29,200000,200000,1249,1,2,0.006244328712764646,0.006245,,1
F30,50000,50000,9877,1,2,0.19754447116746854,0.19754,,5
F31,100000,100000,9239,1,2,0.0923937255921449,0.09239,,7
F32,200000,200000,10111,1,2,0.05055469713549063,0.050555,,6
