Flow,Period,Deadline,Execution Time,w,h,Target_Utilization,Actual_Utilization,Utilization_Error,Queue
F1,100000,100000,7059,1,2,0.07059170492178324,0.07059,,7
F2,100000,100000,3991,1,2,0.03991142493886235,0.03991,,5
F3,400000,400000,11747,1,2,0.029367460763639608,0.0293675,,5
F4,100000,100000,10462,1,2,0.10461910872883096,0.10462,,7
F5,200000,200000,6601,1,2,0.03300500123912464,0.033005,,7
F6,100000,100000,2479,1,2,0.024789822781483117,0.02479,,6
F7,100000,100000,3199,1,2,0.03198882159091554,0.03199,,5
F8,200000,200000,6143,1,2,0.030716857632111738,0.030715,,5
F9,200000,200000,7241,1,2,0.03620553958214057,0.036205,,5
F10,200000,200000,6183,1,2,0.030913235088785296,0.030915,,7
F11,400000,400000,8232,1,2,0.020580943435582255,0.02058,,2
F12,200000,200000,11927,1,2,0.059637054209453644,0.059635,,7
F13,100000,100000,3035,1,2,0.03034831239033109,0.03035,,7
F14,400000,400000,9958,1,2,0.024896125156057103,0.024895,,7
F15,200000,200000,3931,1,2,0.019654148935870808,0.019655,,7
F16,100000,100000,11341,1,2,0.11340902314829293,0.11341,,7
F17,200000,200000,10717,1,2,0.05358720067278555,0.053585,,7
F18,400000,400000,6693,1,2,0.01673293313211255,0.0167325,,5
F19,100000,100000,7463,1,2,0.07462750629692172,0.07463,,7
F20,200000,200000,3858,1,2,0.01929034502451385,0.01929,,6
F21,400000,400000,3070,1,2,0.007674858927077033,0.007675,,2
F22,400000,400000,10509,1,2,0.026273539569017623,0.0262725,,5
F23,400000,400000,1613,1,2,0.004031582209332224,0.0040325,,5
F24,400000,400000,4432,1,2,0.011079795024608124,0.01108,,2
F25,400000,400000,3297,1,2,0.008241981773906282,0.0082425,,1
F26,400000,400000,1971,1,2,0.004928420579823595,0.0049275,,1
F27,400000,400000,6340,1,2,0.015849058786397835,0.01585,,4
F28,100000,100000,3732,1,2,0.03731888146557044,0.03732,,7
F29,400000,400000,1636,1,2,0.004089892866554021,0.00409,,3
F30,400000,400000,10935,1,2,0.0273380014340157,0.0273375,,7
F31,400000,400000,9057,1,2,0.022642977938965664,0.0226425,,5
F32,100000,100000,6566,1,2,0.065658439755133,0.06566,,7
