Flow,Period,Deadline,Execution Time,w,h,Target_Utilization,Actual_Utilization,Utilization_Error,Queue
F1,100000,100000,9638,1,2,0.09638482012518912,0.09638,,4
F2,400000,400000,9943,1,2,0.024857303051653012,0.0248575,,5
F3,400000,400000,2916,1,2,0.007290920073434792,0.00729,,7
F4,50000,50000,3759,1,2,0.07517936432793237,0.07518,,5
F5,400000,400000,2824,1,2,0.007060429658693246,0.00706,,6
F6,100000,100000,11259,1,2,0.11258921121707377,0.11259,,4
F7,400000,400000,9196,1,2,0.02298914853599221,0.02299,,6
F8,100000,100000,7313,1,2,0.07312616779351588,0.07313,,7
F9,200000,200000,4595,1,2,0.02297389438363351,0.022975,,5
F10,400000,400000,2215,1,2,0.00553804841207528,0.0055375,,1
F11,200000,200000,720,1,2,0.0036010108958995923,0.0036,,2
F12,400000,400000,4971,1,2,0.012427742084340276,0.0124275,,7
F13,400000,400000,3340,1,2,0.008350303404097259,0.00835,,3
F14,400000,400000,2073,1,2,0.005182280059708111,0.0051825,,3
F15,100000,100000,5099,1,2,0.05098854006079456,0.05099,,7
F16,200000,200000,1536,1,2,0.00767911030985402,0.00768,,3
F17,50000,50000,3834,1,2,0.07668185760775303,0.07668,,7
F18,50000,50000,5693,1,2,0.1138625329547226,0.11386,,4
F19,100000,100000,6560,1,2,0.06559899469538821,0.0656,,4
F20,100000,100000,3352,1,2,0.0335208327874173,0.03352,,4
F21,100000,100000,6557,1,2,0.06557096791606881,0.06557,,5
F22,400000,400000,1887,1,2,0.004716730392036128,0.0047175,,4
F23,100000,100000,4394,1,2,0.04394228223239166,0.04394,,4
F24,50000,50000,3181,1,2,0.06361901613002421,0.06362,,2
F25,200000,200000,5565,1,2,0.027825234844382957,0.027825,,2
F26,200000,200000,7094,1,2,0.03546897192398775,0.03547,,5
F27,200000,200000,4923,1,2,0.024615283161875334,0.024615,,3
F28,400000,400000,4036,1,2,0.01008921456963572,0.01009,,4
F29,200000,200000,2821,1,2,0.014104171193206096,0.014105,,2
F30,400000,400000,2499,1,2,0.006246435414810805,0.0062475,,2
F31,400000,400000,3047,1,2,0.00761645057447418,0.0076175,,4
F32,200000,200000,6725,1,2,0.033624402393669615,0.033625,,7
