Flow,Period,Deadline,Execution Time,w,h,Target_Utilization,Actual_Utilization,Utilization_Error,Queue
F1,200000,200000,10183,1,2,0.0509159795442109,0.050915,,2
F2,200000,200000,10470,1,2,0.05235144614982845,0.05235,,1
F3,100000,100000,5792,1,2,0.05791982243246574,0.05792,,2
F4,50000,50000,8392,1,2,0.167835804569193,0.16784,,2
F5,50000,50000,3123,1,2,0.062459910234759275,0.06246,,6
F6,100000,100000,1494,1,2,0.01494088604192878,0.01494,,7
F7,200000,200000,6927,1,2,0.03463394224985139,0.034635,,4
F8,100000,100000,8363,1,2,0.08362731571378856,0.08363,,2
F9,50000,50000,9319,1,2,0.18638396424649933,0.18638,,6
F10,200000,200000,10332,1,2,0.05166195762040554,0.05166,,5
F11,50000,50000,6431,1,2,0.128620338416144,0.12862,,1
F12,400000,400000,7552,1,2,0.01887915997482209,0.01888,,3
F13,100000,100000,5503,1,2,0.05503093977068632,0.05503,,3
F14,100000,100000,8799,1,2,0.08798679760951018,0.08799,,6
F15,50000,50000,3564,1,2,0.0712808407289923,0.07128,,1
F16,100000,100000,4489,1,2,0.04489222855206503,0.04489,,6
