Flow,Period,Deadline,Execution Time,w,h,Target_Utilization,Actual_Utilization,Utilization_Error,Queue
F1,200000,200000,11556,1,2,0.057782472871473534,0.05778,,5
F2,400000,400000,9814,1,2,0.024535201678152152,0.024535,,1
F3,50000,50000,6970,1,2,0.13939998059472203,0.1394,,1
F4,100000,100000,3673,1,2,0.03673020858202747,0.03673,,6
F5,400000,400000,4603,1,2,0.011508374075530403,0.0115075,,6
F6,200000,200000,10401,1,2,0.05200365705303145,0.052005,,7
F7,200000,200000,11151,1,2,0.05575513509155172,0.055755,,2
F8,200000,200000,767,1,2,0.0038342531055113316,0.003835,,7
F9,50000,50000,10940,1,2,0.21880700423368016,0.2188,,4
F10,100000,100000,10935,1,2,0.10935341582126151,0.10935,,5
F11,400000,400000,4359,1,2,0.010897127564155673,0.0108975,,4
F12,400000,400000,2997,1,2,0.0074913548612504655,0.0074925,,5
F13,50000,50000,12000,1,2,0.2570211878181423,0.24,,6
F14,400000,400000,10179,1,2,0.025446434971105603,0.0254475,,4
F15,400000,400000,11582,1,2,0.028955061275810948,0.028955,,1
F16,50000,50000,4212,1,2,0.08424109074716953,0.08424,,3
