Flow,Period,Deadline,Execution Time,w,h,Target_Utilization,Actual_Utilization,Utilization_Error,Queue
F1,100000,100000,6611,1,2,0.06610889286295207,0.06611,,4
F2,100000,100000,6937,1,2,0.06937160291160915,0.06937,,3
F3,100000,100000,3990,1,2,0.03990060676768159,0.0399,,6
F4,100000,100000,8937,1,2,0.0893711430411056,0.08937,,2
F5,50000,50000,7255,1,2,0.14510735243563266,0.1451,,5
F6,200000,200000,11291,1,2,0.056453627147295404,0.056455,,1
F7,50000,50000,7206,1,2,0.1441138110982606,0.14412,,6
F8,200000,200000,7707,1,2,0.038532729648080744,0.038535,,7
F9,100000,100000,6135,1,2,0.06135455515391808,0.06135,,2
F10,400000,400000,4607,1,2,0.011517273707903397,0.0115175,,6
F11,200000,200000,2141,1,2,0.010705540904300481,0.010705,,2
F12,100000,100000,7035,1,2,0.07035121672677824,0.07035,,5
F13,400000,400000,9791,1,2,0.024478529717210595,0.0244775,,5
F14,50000,50000,10922,1,2,0.2184375403345893,0.21844,,7
F15,400000,400000,600,1,2,0.0007717629724494635,0.0015,,3
F16,100000,100000,11633,1,2,0.11632606795414967,0.11633,,1
