Flow,Period,Deadline,Execution Time,w,h,Target_Utilization,Actual_Utilization,Utilization_Error,Queue
F1,100000,100000,10547,1,2,0.10546588237949317,0.10547,,3
F2,200000,200000,9391,1,2,0.04695734030243681,0.046955,,2
F3,400000,400000,5701,1,2,0.01425232933477294,0.0142525,,7
F4,100000,100000,3873,1,2,0.0387305822872297,0.03873,,3
F5,400000,400000,2475,1,2,0.006187936427658691,0.0061875,,2
F6,50000,50000,3411,1,2,0.06822220685818359,0.06822,,6
F7,400000,400000,3785,1,2,0.009463207759955461,0.0094625,,6
F8,400000,400000,11421,1,2,0.028551408152568403,0.0285525,,5
F9,50000,50000,8996,1,2,0.1799108687035802,0.17992,,6
F10,200000,200000,6450,1,2,0.03225131131781356,0.03225,,4
F11,50000,50000,11668,1,2,0.2333699388417002,0.23336,,1
F12,400000,400000,8428,1,2,0.021068849094025455,0.02107,,2
F13,100000,100000,4556,1,2,0.04555926751428352,0.04556,,6
F14,100000,100000,1955,1,2,0.019550407739022835,0.01955,,1
F15,100000,100000,10454,1,2,0.10453900919251544,0.10454,,5
F16,50000,50000,7296,1,2,0.14591945409476012,0.14592,,1
