Flow,Period,Deadline,Execution Time,w,h,Target_Utilization,Actual_Utilization,Utilization_Error,Queue
F1,400000,400000,11797,1,2,0.029491839784516527,0.0294925,,5
F2,400000,400000,10497,1,2,0.02624286461257941,0.0262425,,1
F3,50000,50000,6678,1,2,0.13356099094523222,0.13356,,7
F4,100000,100000,3537,1,2,0.03537190487774644,0.03537,,3
F5,50000,50000,7024,1,2,0.14047872144421103,0.14048,,2
F6,100000,100000,8443,1,2,0.08442764194782182,0.08443,,4
F7,400000,400000,2071,1,2,0.0051785994577148164,0.0051775,,2
F8,400000,400000,9529,1,2,0.023822369508446184,0.0238225,,4
F9,100000,100000,9183,1,2,0.09182540733788869,0.09183,,3
F10,200000,200000,6245,1,2,0.031225097898168352,0.031225,,7
F11,200000,200000,8265,1,2,0.041323635276258264,0.041325,,6
F12,400000,400000,1280,1,2,0.0032005219024073828,0.0032,,3
F13,50000,50000,10831,1,2,0.21661961852412767,0.21662,,2
F14,100000,100000,3917,1,2,0.03916947745962146,0.03917,,2
F15,50000,50000,9626,1,2,0.19252660119926007,0.19252,,2
F16,400000,400000,2214,1,2,0.005534707823999743,0.005535,,6
