Flow,Period,Deadline,Execution Time,w,h,Target_Utilization,Actual_Utilization,Utilization_Error,Queue
F1,50000,50000,10358,1,2,0.2071620323670359,0.20716,,3
F2,100000,100000,6848,1,2,0.0684819578228163,0.06848,,1
F3,200000,200000,6329,1,2,0.0316465204042824,0.031645,,3
F4,100000,100000,827,1,2,0.008270009830150027,0.00827,,4
F5,50000,50000,8969,1,2,0.1793723978135593,0.17938,,4
F6,400000,400000,1675,1,2,0.0041879972243159536,0.0041875,,3
F7,100000,100000,1035,1,2,0.01034968480365217,0.01035,,2
F8,200000,200000,10477,1,2,0.052386377986265775,0.052385,,1
F9,100000,100000,10594,1,2,0.10593826920177823,0.10594,,5
F10,100000,100000,6317,1,2,0.06317422993168159,0.06317,,4
F11,200000,200000,4329,1,2,0.021645334787626813,0.021645,,7
F12,100000,100000,9007,1,2,0.09006622136472581,0.09007,,3
F13,100000,100000,6293,1,2,0.06292720151690828,0.06293,,5
F14,400000,400000,3527,1,2,0.008816912282932216,0.0088175,,7
F15,50000,50000,7041,1,2,0.14082255062012117,0.14082,,6
F16,100000,100000,4475,1,2,0.04475230204214816,0.04475,,6
