Flow,Period,Deadline,Execution Time,w,h,Target_Utilization,Actual_Utilization,Utilization_Error,Queue
F1,100000,100000,3971,1,2,0.03971216588156201,0.03971,,2
F2,50000,50000,4270,1,2,0.08539728876032482,0.0854,,5
F3,100000,100000,4993,1,2,0.04992797879557276,0.04993,,5
F4,100000,100000,4021,1,2,0.04021062213886428,0.04021,,6
F5,100000,100000,11585,1,2,0.11585167910315863,0.11585,,4
F6,100000,100000,6775,1,2,0.0677490393741963,0.06775,,3
F7,50000,50000,6278,1,2,0.12556452342700852,0.12556,,3
F8,50000,50000,4881,1,2,0.09761685943035264,0.09762,,3
F9,400000,400000,2801,1,2,0.007003681172379372,0.0070025,,3
F10,100000,100000,8939,1,2,0.08938818806602739,0.08939,,4
F11,400000,400000,2809,1,2,0.007022980346728824,0.0070225,,4
F12,100000,100000,8454,1,2,0.08454202817620282,0.08454,,2
F13,100000,100000,1312,1,2,0.013119118993304535,0.01312,,6
F14,100000,100000,6290,1,2,0.06289971804863895,0.0629,,4
F15,50000,50000,9525,1,2,0.19049065778385504,0.1905,,2
F16,100000,100000,3118,1,2,0.031180997418989474,0.03118,,5
