Flow,Period,Deadline,Execution Time,w,h,Target_Utilization,Actual_Utilization,Utilization_Error,Queue
F1,400000,400000,600,1,2,0.00022133754706743503,0.0015,,7
F2,400000,400000,7593,1,2,0.018983640470596086,0.0189825,,4
F3,400000,400000,8177,1,2,0.02044178907010119,0.0204425,,7
F4,400000,400000,11561,1,2,0.0289023693639634,0.0289025,,3
F5,200000,200000,6249,1,2,0.031246351336347233,0.031245,,7
F6,50000,50000,12000,1,2,0.2712363265593358,0.24,,2
F7,400000,400000,5927,1,2,0.014817611403479591,0.0148175,,2
F8,50000,50000,11844,1,2,0.2368776231755475,0.23688,,6
F9,100000,100000,9116,1,2,0.09116029772097922,0.09116,,1
F10,100000,100000,6035,1,2,0.06034780549244034,0.06035,,4
F11,50000,50000,7956,1,2,0.15911172698168127,0.15912,,3
F12,400000,400000,892,1,2,0.0022290585070473545,0.00223,,1
F13,100000,100000,7627,1,2,0.0762749661082304,0.07627,,2
F14,100000,100000,7778,1,2,0.07778251400132163,0.07778,,5
F15,200000,200000,7571,1,2,0.03785440208056618,0.037855,,3
F16,200000,200000,3918,1,2,0.019589748757298846,0.01959,,5
