Flow,Period,Deadline,Execution Time,w,h,Target_Utilization,Actual_Utilization,Utilization_Error,Queue
F1,100000,100000,3158,1,2,0.031578713487387944,0.03158,,3
F2,400000,400000,1169,1,2,0.002923346629380541,0.0029225,,1
F3,400000,400000,4155,1,2,0.010386757542521607,0.0103875,,3
F4,50000,50000,6080,1,2,0.12159424383633732,0.1216,,3
F5,400000,400000,1449,1,2,0.0036223554373457922,0.0036225,,5
F6,50000,50000,7331,1,2,0.14661451907807976,0.14662,,2
F7,50000,50000,9627,1,2,0.19253447478161267,0.19254,,5
F8,200000,200000,4638,1,2,0.023189863630178387,0.02319,,5
F9,400000,400000,757,1,2,0.0018916270921796041,0.0018925,,7
F10,200000,200000,5730,1,2,0.028650888523187756,0.02865,,7
F11,100000,100000,9184,1,2,0.0918361182270313,0.09184,,6
F12,200000,200000,6583,1,2,0.03291267865026065,0.032915,,4
F13,50000,50000,5376,1,2,0.10752077531275556,0.10752,,2
F14,50000,50000,12000,1,2,0.31465678964109056,0.24,,5
F15,200000,200000,4062,1,2,0.020310522486067017,0.02031,,4
F16,100000,100000,5424,1,2,0.05424167756227728,0.05424,,5
