Flow,Period,Deadline,Execution Time,w,h,Target_Utilization,Actual_Utilization,Utilization_Error,Queue
F1,50000,50000,9378,1,2,0.18756432834818648,0.18756,,5
F2,100000,100000,10577,1,2,0.10576782540591834,0.10577,,4
F3,400000,400000,2577,1,2,0.006442850472353823,0.0064425,,5
F4,400000,400000,2974,1,2,0.007434705605956826,0.007435,,7
F5,100000,100000,6793,1,2,0.06792636908643102,0.06793,,2
F6,400000,400000,1959,1,2,0.004897884011062392,0.0048975,,3
F7,100000,100000,10374,1,2,0.10373939497110296,0.10374,,5
F8,200000,200000,6560,1,2,0.0327993730269589,0.0328,,7
F9,200000,200000,4350,1,2,0.02175079371301314,0.02175,,3
F10,50000,50000,7914,1,2,0.15827001002438795,0.15828,,4
F11,200000,200000,2153,1,2,0.010765473193648345,0.010765,,5
F12,50000,50000,7555,1,2,0.151099427355247,0.1511,,6
F13,200000,200000,4005,1,2,0.020025816231733995,0.020025,,4
F14,100000,100000,11642,1,2,0.11642248262272561,0.11642,,3
F15,100000,100000,5357,1,2,0.05357075466882508,0.05357,,6
F16,100000,100000,9887,1,2,0.09887033898231046,0.09887,,1
