Flow,Period,Deadline,Execution Time,w,h,Target_Utilization,Actual_Utilization,Utilization_Error,Queue
F1,200000,200000,7941,1,2,0.039702881568228765,0.039705,,6
F2,50000,50000,3105,1,2,0.062103215698516845,0.0621,,7
F3,400000,400000,5111,1,2,0.012776957750053164,0.0127775,,7
F4,50000,50000,6833,1,2,0.1366596599454979,0.13666,,1
F5,50000,50000,10211,1,2,0.20422193628899665,0.20422,,2
F6,50000,50000,2313,1,2,0.04626225220521252,0.04626,,3
F7,400000,400000,2097,1,2,0.005242278778297305,0.0052425,,5
F8,100000,100000,8377,1,2,0.08376705148374008,0.08377,,5
F9,400000,400000,600,1,2,0.0007728060972987949,0.0015,,2
F10,50000,50000,3025,1,2,0.06050214120158892,0.0605,,2
F11,50000,50000,3389,1,2,0.06778027099782746,0.06778,,1
F12,50000,50000,7067,1,2,0.14134919625054077,0.14134,,4
F13,50000,50000,2501,1,2,0.05001903060519791,0.05002,,4
F14,100000,100000,10084,1,2,0.10084491321677487,0.10084,,2
F15,400000,400000,9676,1,2,0.02418895521804744,0.02419,,1
F16,50000,50000,4835,1,2,0.09670109417381542,0.0967,,4
