Flow,Period,Deadline,Execution Time,w,h,Target_Utilization,Actual_Utilization,Utilization_Error,Queue
F1,200000,200000,5330,1,2,0.02665065640088282,0.02665,,3
F2,50000,50000,6239,1,2,0.12478629487740456,0.12478,,2
F3,50000,50000,11750,1,2,0.23499532863889394,0.235,,1
F4,50000,50000,10019,1,2,0.20037636900026223,0.20038,,3
F5,200000,200000,6185,1,2,0.030924881726536402,0.030925,,4
F6,100000,100000,3252,1,2,0.03252184001500735,0.03252,,2
F7,50000,50000,4984,1,2,0.09968410302689601,0.09968,,3
F8,100000,100000,3796,1,2,0.03795794079269482,0.03796,,5
F9,400000,400000,9289,1,2,0.023223177761827307,0.0232225,,2
F10,400000,400000,7377,1,2,0.018443530775735406,0.0184425,,6
F11,50000,50000,8519,1,2,0.17037682477567978,0.17038,,1
F12,100000,100000,9005,1,2,0.09005167953250712,0.09005,,1
F13,200000,200000,5972,1,2,0.029859189767785455,0.02986,,6
F14,400000,400000,6149,1,2,0.015371270037588668,0.0153725,,5
F15,400000,400000,10005,1,2,0.02501297500741005,0.0250125,,4
F16,400000,400000,10841,1,2,0.027102235127678197,0.0271025,,5
