Flow,Period,Deadline,Execution Time,w,h,Target_Utilization,Actual_Utilization,Utilization_Error,Queue
F1,200000,200000,2931,1,2,0.014653819895815934,0.014655,,2
F2,400000,400000,3167,1,2,0.007918386711597725,0.0079175,,1
F3,200000,200000,8701,1,2,0.04350337717023156,0.043505,,1
F4,50000,50000,6499,1,2,0.12998649194993583,0.12998,,4
F5,50000,50000,8150,1,2,0.16299269883779488,0.163,,7
F6,200000,200000,7573,1,2,0.03786658030740497,0.037865,,6
F7,200000,200000,10085,1,2,0.05042560055134304,0.050425,,3
F8,200000,200000,9479,1,2,0.04739456841647305,0.047395,,2
F9,100000,100000,11417,1,2,0.11417303640146315,0.11417,,7
F10,200000,200000,6545,1,2,0.03272274434130401,0.032725,,5
F11,400000,400000,1062,1,2,0.002655026499700841,0.002655,,3
F12,50000,50000,5411,1,2,0.1082197322254217,0.10822,,5
F13,50000,50000,9924,1,2,0.19848266344927934,0.19848,,4
F14,100000,100000,8401,1,2,0.08400689667590638,0.08401,,6
F15,200000,200000,7699,1,2,0.0384952822349832,0.038495,,4
F16,400000,400000,10601,1,2,0.026503094331344478,0.0265025,,7
