Flow,Period,Deadline,Execution Time,w,h,Target_Utilization,Actual_Utilization,Utilization_Error,Queue
F1,200000,200000,8396,1,2,0.04198198571753187,0.04198,,6
F2,200000,200000,6229,1,2,0.03114605705513429,0.031145,,5
F3,100000,100000,9203,1,2,0.09203222447534465,0.09203,,6
F4,100000,100000,5324,1,2,0.05323852418648578,0.05324,,7
F5,50000,50000,8765,1,2,0.17529744757250754,0.1753,,5
F6,50000,50000,6953,1,2,0.1390595385367528,0.13906,,3
F7,400000,400000,5611,1,2,0.014026566449984457,0.0140275,,4
F8,50000,50000,8110,1,2,0.1621941304204894,0.1622,,5
F9,400000,400000,9303,1,2,0.023258601596500172,0.0232575,,3
F10,400000,400000,742,1,2,0.0018559973692518494,0.001855,,1
F11,200000,200000,8185,1,2,0.04092532132972543,0.040925,,2
F12,200000,200000,8843,1,2,0.04421606031397779,0.044215,,1
F13,100000,100000,11910,1,2,0.11910304927701287,0.1191,,1
F14,200000,200000,11478,1,2,0.05738795473567179,0.05739,,5
F15,200000,200000,9717,1,2,0.04858747122909576,0.048585,,3
F16,200000,200000,11138,1,2,0.055689069734533636,0.05569,,4
