Flow,Period,Deadline,Execution Time,w,h,Target_Utilization,Actual_Utilization,Utilization_Error,Queue
F1,100000,100000,5575,1,2,0.05574954318857639,0.05575,,4
F2,100000,100000,9986,1,2,0.09986020306118637,0.09986,,3
F3,100000,100000,3468,1,2,0.03467845628114774,0.03468,,6
F4,200000,200000,3920,1,2,0.019600364216013078,0.0196,,2
F5,200000,200000,11402,1,2,0.057011479483730865,0.05701,,5
F6,400000,400000,9753,1,2,0.024383715144619567,0.0243825,,3
F7,100000,100000,1450,1,2,0.014500858394645877,0.0145,,6
F8,400000,400000,5037,1,2,0.0125932722006864,0.0125925,,7
F9,50000,50000,6539,1,2,0.13078529708991216,0.13078,,4
F10,200000,200000,9124,1,2,0.045619532399102325,0.04562,,1
F11,50000,50000,9521,1,2,0.19042114499626606,0.19042,,4
F12,50000,50000,8812,1,2,0.17623361381043587,0.17624,,4
F13,200000,200000,1854,1,2,0.009268792900051587,0.00927,,4
F14,200000,200000,9125,1,2,0.045625822545286965,0.045625,,5
F15,100000,100000,7124,1,2,0.07123984490381285,0.07124,,6
F16,100000,100000,11243,1,2,0.11242805938452599,0.11243,,1
