Flow,Period,Deadline,Execution Time,w,h,Target_Utilization,Actual_Utilization,Utilization_Error,Queue
F1,100000,100000,4057,1,2,0.04057188942196022,0.04057,,6
F2,400000,400000,9859,1,2,0.02464742146261445,0.0246475,,1
F3,50000,50000,7639,1,2,0.15277052712838002,0.15278,,7
F4,200000,200000,6179,1,2,0.030893902134637163,0.030895,,3
F5,100000,100000,7977,1,2,0.07977403587013143,0.07977,,4
F6,200000,200000,11993,1,2,0.059967175310808196,0.059965,,1
F7,400000,400000,1170,1,2,0.0029240398217558194,0.002925,,4
F8,400000,400000,5222,1,2,0.013054052211321943,0.013055,,6
F9,50000,50000,11326,1,2,0.226527783885122,0.22652,,5
F10,400000,400000,1869,1,2,0.00467284253972905,0.0046725,,2
F11,100000,100000,7731,1,2,0.07730689362862558,0.07731,,3
F12,400000,400000,2122,1,2,0.0053059738408891555,0.005305,,2
F13,200000,200000,11145,1,2,0.055723183564296674,0.055725,,4
F14,100000,100000,7771,1,2,0.07770832219468943,0.07771,,6
F15,100000,100000,2835,1,2,0.028348866889947588,0.02835,,7
F16,50000,50000,10990,1,2,0.21980309009509136,0.2198,,5
