Flow,Period,Deadline,Execution Time,w,h,Target_Utilization,Actual_Utilization,Utilization_Error,Queue
F1,50000,50000,8328,1,2,0.16656691676392776,0.16656,,3
F2,200000,200000,5038,1,2,0.025190003164607844,0.02519,,6
F3,100000,100000,9416,1,2,0.09416436105375858,0.09416,,1
F4,100000,100000,10405,1,2,0.10404514981068014,0.10405,,3
F5,400000,400000,1671,1,2,0.004177844768805117,0.0041775,,4
F6,50000,50000,2145,1,2,0.0429022241116781,0.0429,,3
F7,100000,100000,7033,1,2,0.07032947543109336,0.07033,,7
F8,50000,50000,8796,1,2,0.17592918413557562,0.17592,,3
F9,200000,200000,2099,1,2,0.010494998053181104,0.010495,,2
F10,50000,50000,7069,1,2,0.1413742837093639,0.14138,,3
F11,200000,200000,10145,1,2,0.050727213062243315,0.050725,,1
F12,50000,50000,5061,1,2,0.10122288128748305,0.10122,,3
F13,50000,50000,3710,1,2,0.07419713455304988,0.0742,,3
F14,400000,400000,7661,1,2,0.019153199442906783,0.0191525,,7
F15,200000,200000,8708,1,2,0.04353981785618217,0.04354,,2
F16,400000,400000,7545,1,2,0.018863029618005414,0.0188625,,1
