Flow,Period,Deadline,Execution Time,w,h,Target_Utilization,Actual_Utilization,Utilization_Error,Queue
F1,100000,100000,10230,1,2,0.10229801193879251,0.1023,,2
F2,50000,50000,1995,1,2,0.039897699931684794,0.0399,,1
F3,50000,50000,1753,1,2,0.035060726606376824,0.03506,,7
F4,400000,400000,4670,1,2,0.011675239727243492,0.011675,,7
F5,100000,100000,5847,1,2,0.058469139736554654,0.05847,,7
F6,50000,50000,8299,1,2,0.16598184993293685,0.16598,,7
F7,400000,400000,3340,1,2,0.008351171361808962,0.00835,,1
F8,50000,50000,1369,1,2,0.027379274780575114,0.02738,,3
F9,200000,200000,815,1,2,0.004075329814058892,0.004075,,5
F10,100000,100000,5334,1,2,0.053339762745405195,0.05334,,5
F11,50000,50000,8417,1,2,0.16834259081814607,0.16834,,7
F12,200000,200000,6130,1,2,0.03064785213346205,0.03065,,4
F13,200000,200000,11182,1,2,0.05591105545705455,0.05591,,2
F14,50000,50000,7570,1,2,0.15139738087298327,0.1514,,7
F15,50000,50000,6100,1,2,0.1219987684308187,0.122,,5
F16,100000,100000,6517,1,2,0.06517414571209817,0.06517,,5
