Flow,Period,Deadline,Execution Time,w,h,Target_Utilization,Actual_Utilization,Utilization_Error,Queue
F1,400000,400000,4431,1,2,0.011077034294526111,0.0110775,,3
F2,200000,200000,10727,1,2,0.053635098701720896,0.053635,,2
F3,50000,50000,11732,1,2,0.23464554128184567,0.23464,,6
F4,400000,400000,7592,1,2,0.01898019394285555,0.01898,,2
F5,100000,100000,9508,1,2,0.09508011593511612,0.09508,,2
F6,400000,400000,2769,1,2,0.006923630378929846,0.0069225,,4
F7,50000,50000,10946,1,2,0.21891675073398226,0.21892,,4
F8,200000,200000,1308,1,2,0.006540964246302239,0.00654,,7
F9,100000,100000,6813,1,2,0.06812576046964897,0.06813,,3
F10,200000,200000,10387,1,2,0.05193425873573887,0.051935,,6
F11,50000,50000,7342,1,2,0.1468395822868508,0.14684,,1
F12,400000,400000,8486,1,2,0.021214363840084127,0.021215,,7
F13,100000,100000,7787,1,2,0.0778728218085922,0.07787,,3
F14,50000,50000,2503,1,2,0.05005842341912024,0.05006,,1
F15,400000,400000,10885,1,2,0.02721223637798338,0.0272125,,4
F16,400000,400000,4377,1,2,0.010943223546702826,0.0109425,,2
