Flow,Period,Deadline,Execution Time,w,h,Target_Utilization,Actual_Utilization,Utilization_Error,Queue
F1,50000,50000,11605,1,2,0.2320923692921466,0.2321,,2
F2,50000,50000,4433,1,2,0.08866113349020188,0.08866,,1
F3,100000,100000,3638,1,2,0.03637962064893763,0.03638,,4
F4,100000,100000,8069,1,2,0.0806880826299452,0.08069,,4
F5,50000,50000,7294,1,2,0.14587281693860044,0.14588,,7
F6,400000,400000,4029,1,2,0.010073282364855718,0.0100725,,2
F7,400000,400000,11276,1,2,0.028191105947230732,0.02819,,1
F8,400000,400000,8031,1,2,0.020076517028152496,0.0200775,,2
F9,100000,100000,5589,1,2,0.055892403605728,0.05589,,2
F10,200000,200000,9869,1,2,0.04934448216497661,0.049345,,7
F11,100000,100000,7897,1,2,0.07896982659368618,0.07897,,6
F12,400000,400000,600,1,2,0.00014513815857780665,0.0015,,3
F13,200000,200000,6728,1,2,0.03364009349115471,0.03364,,5
F14,100000,100000,11838,1,2,0.11837768103142662,0.11838,,3
F15,50000,50000,7462,1,2,0.14924311750121405,0.14924,,2
F16,200000,200000,3276,1,2,0.016380968524754385,0.01638,,6
