Flow,Period,Deadline,Execution Time,w,h,Target_Utilization,Actual_Utilization,Utilization_Error,Queue
F1,50000,50000,7128,1,2,0.14256239048412933,0.14256,,3
F2,100000,100000,9848,1,2,0.09847963325316689,0.09848,,4
F3,100000,100000,2064,1,2,0.020640608958460094,0.02064,,4
F4,400000,400000,8585,1,2,0.021461567659356584,0.0214625,,6
F5,50000,50000,7533,1,2,0.1506677603543667,0.15066,,6
F6,400000,400000,10062,1,2,0.025156125396008755,0.025155,,7
F7,100000,100000,8029,1,2,0.08028913785984759,0.08029,,5
F8,100000,100000,10993,1,2,0.10993089328415812,0.10993,,7
F9,400000,400000,600,1,2,0.0001213402883671888,0.0015,,2
F10,50000,50000,8352,1,2,0.16703773661995736,0.16704,,4
F11,400000,400000,9473,1,2,0.023682424636927102,0.0236825,,2
F12,400000,400000,7185,1,2,0.017962716810664303,0.0179625,,3
F13,50000,50000,4057,1,2,0.08114178941731451,0.08114,,6
F14,400000,400000,6929,1,2,0.01732200285242469,0.0173225,,7
F15,50000,50000,5465,1,2,0.109301503197965,0.1093,,2
F16,100000,100000,6705,1,2,0.06705088184481553,0.06705,,1
