Flow,Period,Deadline,Execution Time,w,h,Target_Utilization,Actual_Utilization,Utilization_Error,Queue
F1,50000,50000,6739,1,2,0.13478004413636446,0.13478,,2
F2,50000,50000,9030,1,2,0.18059762009573,0.1806,,2
F3,50000,50000,6699,1,2,0.13397591182545754,0.13398,,4
F4,200000,200000,8326,1,2,0.041629818408252306,0.04163,,4
F5,100000,100000,6607,1,2,0.06606910779649089,0.06607,,2
F6,400000,400000,600,1,2,0.0003751116413630573,0.0015,,7
F7,50000,50000,5171,1,2,0.10341948484023128,0.10342,,1
F8,400000,400000,2559,1,2,0.006397482284950573,0.0063975,,5
F9,100000,100000,8986,1,2,0.08985814967054234,0.08986,,3
F10,100000,100000,6857,1,2,0.06856841611244086,0.06857,,1
F11,50000,50000,6403,1,2,0.12805429983033847,0.12806,,2
F12,200000,200000,2141,1,2,0.010703916753976195,0.010705,,1
F13,200000,200000,3946,1,2,0.019730976645661452,0.01973,,4
F14,400000,400000,10038,1,2,0.025095059802968972,0.025095,,6
F15,100000,100000,2798,1,2,0.027978828799244015,0.02798,,3
F16,100000,100000,7017,1,2,0.07017044399082725,0.07017,,6
