Flow,Period,Deadline,Execution Time,w,h,Target_Utilization,Actual_Utilization,Utilization_Error,Queue
F1,100000,100000,10639,1,2,0.10638861566166202,0.10639,,1
F2,50000,50000,3176,1,2,0.06351869091173545,0.06352,,5
F3,50000,50000,2583,1,2,0.051662417224244916,0.05166,,7
F4,100000,100000,11463,1,2,0.11463006315056667,0.11463,,5
F5,200000,200000,7093,1,2,0.03546339886283256,0.035465,,4
F6,100000,100000,7469,1,2,0.07468618826556417,0.07469,,3
F7,200000,200000,1631,1,2,0.008153824377711394,0.008155,,7
F8,100000,100000,8369,1,2,0.08368544375469944,0.08369,,7
F9,200000,200000,6893,1,2,0.03446623206849064,0.034465,,5
F10,100000,100000,11938,1,2,0.11938151640284883,0.11938,,5
F11,200000,200000,6228,1,2,0.03114221308555698,0.03114,,6
F12,200000,200000,7064,1,2,0.03532187345600657,0.03532,,1
F13,100000,100000,5181,1,2,0.0518121199456692,0.05181,,6
F14,50000,50000,8483,1,2,0.16965842082447508,0.16966,,5
F15,200000,200000,7733,1,2,0.03866403028715702,0.038665,,1
F16,100000,100000,8136,1,2,0.08136495172077914,0.08136,,2
