Flow,Period,Deadline,Execution Time,w,h,Target_Utilization,Actual_Utilization,Utilization_Error,Queue
F1,100000,100000,7802,1,2,0.07802294981306024,0.07802,,5
F2,50000,50000,6722,1,2,0.13443763568425227,0.13444,,2
F3,200000,200000,11089,1,2,0.05544742614588516,0.055445,,1
F4,200000,200000,9753,1,2,0.04876711474257245,0.048765,,7
F5,100000,100000,3667,1,2,0.03667219280152523,0.03667,,6
F6,100000,100000,6331,1,2,0.06331130281618358,0.06331,,4
F7,100000,100000,6222,1,2,0.0622233128286096,0.06222,,2
F8,400000,400000,10664,1,2,0.0266609155901516,0.02666,,1
F9,400000,400000,1755,1,2,0.004387781750831099,0.0043875,,2
F10,100000,100000,11342,1,2,0.1134228873348978,0.11342,,7
F11,200000,200000,7874,1,2,0.039367902569516666,0.03937,,3
F12,50000,50000,8195,1,2,0.1638963150739874,0.1639,,4
F13,50000,50000,10191,1,2,0.20381336603203742,0.20382,,2
F14,400000,400000,4698,1,2,0.011745923070208414,0.011745,,5
F15,100000,100000,7896,1,2,0.07895872610200479,0.07896,,3
F16,400000,400000,2992,1,2,0.007481035363098542,0.00748,,4
