Flow,Period,Deadline,Execution Time,w,h,Target_Utilization,Actual_Utilization,Utilization_Error,Queue
F1,400000,400000,11903,1,2,0.029758704873086073,0.0297575,,3
F2,50000,50000,6592,1,2,0.13184948470553592,0.13184,,6
F3,100000,100000,1861,1,2,0.018609176663722637,0.01861,,6
F4,200000,200000,2301,1,2,0.011504889878978575,0.011505,,5
F5,50000,50000,11292,1,2,0.2258369710786866,0.22584,,2
F6,100000,100000,4667,1,2,0.04667073116384257,0.04667,,6
F7,50000,50000,4234,1,2,0.08467892496269636,0.08468,,1
F8,50000,50000,9832,1,2,0.19664254475083826,0.19664,,1
F9,100000,100000,6980,1,2,0.06980045564710852,0.0698,,7
F10,400000,400000,9523,1,2,0.023808104349188175,0.0238075,,7
F11,50000,50000,9375,1,2,0.18749914925987293,0.1875,,2
F12,50000,50000,990,1,2,0.019799983203238863,0.0198,,4
F13,400000,400000,7429,1,2,0.018572615382281416,0.0185725,,2
F14,400000,400000,9053,1,2,0.022633265549925764,0.0226325,,3
F15,400000,400000,10839,1,2,0.02709819543426057,0.0270975,,1
F16,200000,200000,2590,1,2,0.012950117054090604,0.01295,,7
