Flow,Period,Deadline,Execution Time,w,h,Target_Utilization,Actual_Utilization,Utilization_Error,Queue
F1,200000,200000,7527,1,2,0.03763485132360378,0.037635,,2
F2,400000,400000,4267,1,2,0.010668042684234047,0.0106675,,4
F3,100000,100000,6681,1,2,0.06681433478708731,0.06681,,1
F4,200000,200000,10226,1,2,0.05112978395302603,0.05113,,3
F5,100000,100000,9239,1,2,0.09239274541674469,0.09239,,3
F6,100000,100000,10909,1,2,0.10909356552672222,0.10909,,2
F7,400000,400000,6727,1,2,0.016817372698770594,0.0168175,,7
F8,100000,100000,10180,1,2,0.10180473897453823,0.1018,,1
F9,50000,50000,3733,1,2,0.07466199532458417,0.07466,,7
F10,100000,100000,11910,1,2,0.11909684809656296,0.1191,,3
F11,50000,50000,6299,1,2,0.12598454145996518,0.12598,,2
F12,200000,200000,3522,1,2,0.017609508844590283,0.01761,,2
F13,400000,400000,11703,1,2,0.029258302333970865,0.0292575,,5
F14,100000,100000,10591,1,2,0.10591141897584133,0.10591,,7
F15,100000,100000,9647,1,2,0.09647099552425847,0.09647,,2
F16,50000,50000,3846,1,2,0.07691565081198204,0.07692,,5
