Flow,Period,Deadline,Execution Time,w,h,Target_Utilization,Actual_Utilization,Utilization_Error,Queue
F1,100000,100000,9568,1,2,0.0956797165024148,0.09568,,5
F2,200000,200000,11949,1,2,0.05974301201759891,0.059745,,1
F3,100000,100000,8978,1,2,0.0897830243069121,0.08978,,6
F4,100000,100000,7557,1,2,0.07557444579921346,0.07557,,5
F5,50000,50000,5865,1,2,0.1172970390012884,0.1173,,2
F6,100000,100000,6747,1,2,0.06746598312961294,0.06747,,2
F7,50000,50000,6738,1,2,0.1347688581935435,0.13476,,4
F8,400000,400000,1112,1,2,0.0027797706753238116,0.00278,,4
F9,400000,400000,2894,1,2,0.0072347601748646295,0.007235,,3
F10,400000,400000,5189,1,2,0.012971771662215026,0.0129725,,2
F11,50000,50000,10596,1,2,0.2119142672790384,0.21192,,3
F12,200000,200000,9948,1,2,0.049738869157520293,0.04974,,6
F13,100000,100000,6071,1,2,0.06071289175215938,0.06071,,3
F14,50000,50000,4572,1,2,0.0914366032901124,0.09144,,4
F15,400000,400000,5269,1,2,0.013172871337341057,0.0131725,,4
F16,200000,200000,1945,1,2,0.009726115720840981,0.009725,,7
