Flow,Period,Deadline,Execution Time,w,h,Target_Utilization,Actual_Utilization,Utilization_Error,Queue
F1,200000,200000,7193,1,2,0.0359650113651937,0.035965,,3
F2,400000,400000,10198,1,2,0.02549520038849673,0.025495,,6
F3,400000,400000,7326,1,2,0.01831464245292569,0.018315,,4
F4,100000,100000,8426,1,2,0.08426183793123854,0.08426,,5
F5,100000,100000,10745,1,2,0.10744800962004053,0.10745,,3
F6,50000,50000,5376,1,2,0.1075211402369377,0.10752,,1
F7,50000,50000,6574,1,2,0.13147293800235016,0.13148,,6
F8,50000,50000,1419,1,2,0.028380730078431338,0.02838,,7
F9,200000,200000,6641,1,2,0.03320647245636765,0.033205,,1
F10,100000,100000,9861,1,2,0.09860572078811108,0.09861,,6
F11,200000,200000,9175,1,2,0.045876727750215895,0.045875,,6
F12,200000,200000,7981,1,2,0.03990666785283681,0.039905,,4
F13,50000,50000,9595,1,2,0.19190402948155405,0.1919,,3
F14,100000,100000,5818,1,2,0.058181480382827916,0.05818,,3
F15,100000,100000,9475,1,2,0.09474930204087285,0.09475,,1
F16,200000,200000,6546,1,2,0.032729675437576114,0.03273,,5
