Flow,Period,Deadline,Execution Time,w,h,Target_Utilization,Actual_Utilization,Utilization_Error,Queue
F1,100000,100000,807,1,2,0.00807081786038566,0.00807,,1
F2,100000,100000,8950,1,2,0.08950143504456154,0.0895,,3
F3,200000,200000,8800,1,2,0.044001437564290535,0.044,,1
F4,50000,50000,9267,1,2,0.18534003060532578,0.18534,,5
F5,200000,200000,1527,1,2,0.0076347984666272906,0.007635,,5
F6,50000,50000,7058,1,2,0.141153748694143,0.14116,,5
F7,200000,200000,6951,1,2,0.0347527335510055,0.034755,,4
F8,100000,100000,10012,1,2,0.10012219371282721,0.10012,,2
F9,100000,100000,997,1,2,0.009969288853265479,0.00997,,2
F10,200000,200000,9517,1,2,0.0475860371379776,0.047585,,2
F11,50000,50000,6411,1,2,0.12822183987801405,0.12822,,3
F12,100000,100000,6097,1,2,0.06097218330731563,0.06097,,5
F13,400000,400000,5260,1,2,0.013149411438020842,0.01315,,6
F14,200000,200000,8387,1,2,0.041937478513359105,0.041935,,6
F15,200000,200000,6630,1,2,0.033147570639965956,0.03315,,7
F16,50000,50000,7722,1,2,0.15443899473291492,0.15444,,6
