Flow,Period,Deadline,Execution Time,w,h,Target_Utilization,Actual_Utilization,Utilization_Error,Queue
F1,200000,200000,6981,1,2,0.03490293195399152,0.034905,,7
F2,200000,200000,1327,1,2,0.006634616900307089,0.006635,,4
F3,400000,400000,600,1,2,4.955333488321223e-05,0.0015,,6
F4,400000,400000,10162,1,2,0.02540569878258614,0.025405,,6
F5,100000,100000,10925,1,2,0.10925053230706938,0.10925,,4
F6,50000,50000,6337,1,2,0.12674220064946728,0.12674,,4
F7,200000,200000,8131,1,2,0.0406531185513358,0.040655,,3
F8,200000,200000,10101,1,2,0.05050582489371247,0.050505,,7
F9,100000,100000,4880,1,2,0.048799035715435424,0.0488,,4
F10,400000,400000,10151,1,2,0.025377354208347302,0.0253775,,2
F11,400000,400000,4855,1,2,0.012137819021053042,0.0121375,,5
F12,200000,200000,7454,1,2,0.03726945247909452,0.03727,,1
F13,100000,100000,11887,1,2,0.11887402392512147,0.11887,,5
F14,100000,100000,8817,1,2,0.08816527043090022,0.08817,,5
F15,50000,50000,9937,1,2,0.19873947884518398,0.19874,,4
F16,50000,50000,12000,1,2,0.24945381778588274,0.24,,4
