Flow,Period,Deadline,Execution Time,w,h,Target_Utilization,Actual_Utilization,Utilization_Error,Queue
F1,50000,50000,2256,1,2,0.04511765053504313,0.04512,,3
F2,50000,50000,8569,1,2,0.171388313348957,0.17138,,5
F3,400000,400000,7893,1,2,0.01973173932733585,0.0197325,,2
F4,400000,400000,6727,1,2,0.016817557290039975,0.0168175,,3
F5,400000,400000,1706,1,2,0.004263937899001147,0.004265,,6
F6,400000,400000,4139,1,2,0.01034680945439903,0.0103475,,3
F7,400000,400000,6719,1,2,0.016797738633545722,0.0167975,,6
F8,400000,400000,5748,1,2,0.01436938966733925,0.01437,,4
F9,200000,200000,3567,1,2,0.01783421553205078,0.017835,,2
F10,400000,400000,7713,1,2,0.01928187724224517,0.0192825,,1
F11,400000,400000,2367,1,2,0.005917965879987497,0.0059175,,7
F12,200000,200000,1244,1,2,0.006220258653090949,0.00622,,2
F13,200000,200000,7874,1,2,0.03937157990877116,0.03937,,3
F14,200000,200000,2141,1,2,0.0107046205513881,0.010705,,2
F15,200000,200000,11754,1,2,0.058771891470699555,0.05877,,1
F16,200000,200000,4978,1,2,0.024890841325507007,0.02489,,7
F17,200000,200000,7475,1,2,0.03737352011779238,0.037375,,6
F18,400000,400000,7658,1,2,0.019145834790624205,0.019145,,7
F19,50000,50000,1301,1,2,0.026020070405573137,0.02602,,1
F20,400000,400000,1015,1,2,0.0025386835916334505,0.0025375,,4
F21,400000,400000,2599,1,2,0.006497505307432816,0.0064975,,6
F22,400000,400000,1852,1,2,0.0046310142820018,0.00463,,1
F23,400000,400000,5041,1,2,0.012602142442017294,0.0126025,,1
F24,400000,400000,7177,1,2,0.017943039389513915,0.0179425,,4
F25,100000,100000,4215,1,2,0.042149244303270994,0.04215,,2
F26,100000,100000,9867,1,2,0.09866518023449594,0.09867,,4
F27,200000,200000,8509,1,2,0.04254734605563085,0.042545,,6
F28,400000,400000,4712,1,2,0.011779885048090508,0.01178,,7
F29,100000,100000,2811,1,2,0.028110073450486495,0.02811,,4
F30,400000,400000,870,1,2,0.0021741338567644874,0.002175,,4
F31,400000,400000,676,1,2,0.0016903563640069397,0.00169,,3
F32,100000,100000,6431,1,2,0.0643055836412635,0.06431,,7
