Flow,Period,Deadline,Execution Time,w,h,Target_Utilization,Actual_Utilization,Utilization_Error,Queue
F1,400000,400000,7323,1,2,0.018306296923993437,0.0183075,,1
F2,100000,100000,5905,1,2,0.059047911394523034,0.05905,,4
F3,400000,400000,4527,1,2,0.01131689467150443,0.0113175,,6
F4,200000,200000,1626,1,2,0.008131235163015504,0.00813,,1
F5,200000,200000,7112,1,2,0.03555919989675915,0.03556,,4
F6,200000,200000,11069,1,2,0.05534267849572905,0.055345,,3
F7,400000,400000,7237,1,2,0.01809315505774134,0.0180925,,2
F8,400000,400000,8591,1,2,0.02147642145572537,0.0214775,,6
F9,50000,50000,4419,1,2,0.08837773239446012,0.08838,,3
F10,200000,200000,1241,1,2,0.006205877601820786,0.006205,,7
F11,200000,200000,3114,1,2,0.015571186619744104,0.01557,,4
F12,200000,200000,7877,1,2,0.03938362570677667,0.039385,,7
F13,400000,400000,600,1,2,0.0013294823497259634,0.0015,,3
F14,100000,100000,6683,1,2,0.06683220393695688,0.06683,,2
F15,400000,400000,1487,1,2,0.0037186442555843247,0.0037175,,5
F16,200000,200000,6007,1,2,0.030033412459329667,0.030035,,2
F17,400000,400000,4951,1,2,0.0123768340410913,0.0123775,,7
F18,400000,400000,1096,1,2,0.0027409474952743706,0.00274,,4
F19,200000,200000,6067,1,2,0.03033599668230713,0.030335,,3
F20,400000,400000,839,1,2,0.0020969202369708895,0.0020975,,5
F21,200000,200000,10965,1,2,0.054823929084440504,0.054825,,6
F22,100000,100000,11140,1,2,0.11139566323644351,0.1114,,3
F23,400000,400000,4703,1,2,0.011756584087317973,0.0117575,,3
F24,100000,100000,2690,1,2,0.02689926584669211,0.0269,,1
F25,100000,100000,6935,1,2,0.06934863030804655,0.06935,,7
F26,100000,100000,2056,1,2,0.020560181434830044,0.02056,,7
F27,100000,100000,8223,1,2,0.08223091981814065,0.08223,,3
F28,200000,200000,2675,1,2,0.0133761981187384,0.013375,,3
F29,400000,400000,3522,1,2,0.008803890965951962,0.008805,,4
F30,400000,400000,600,1,2,0.0003789810298514343,0.0015,,6
F31,200000,200000,3741,1,2,0.018705282206254607,0.018705,,6
F32,400000,400000,3128,1,2,0.007819787304779297,0.00782,,2
