Flow,Period,Deadline,Execution Time,w,h,Target_Utilization,Actual_Utilization,Utilization_Error,Queue
F1,400000,400000,3951,1,2,0.009878136642976987,0.0098775,,2
F2,200000,200000,11027,1,2,0.055134244868871085,0.055135,,4
F3,200000,200000,2296,1,2,0.011479469248908858,0.01148,,3
F4,100000,100000,4936,1,2,0.04935859939015208,0.04936,,5
F5,100000,100000,1654,1,2,0.016540917121714238,0.01654,,4
F6,400000,400000,4339,1,2,0.010846802669990052,0.0108475,,7
F7,400000,400000,5307,1,2,0.013267092850107298,0.0132675,,6
F8,400000,400000,3593,1,2,0.00898136940159766,0.0089825,,1
F9,100000,100000,5616,1,2,0.05616151669465075,0.05616,,3
F10,400000,400000,8245,1,2,0.020613519791569224,0.0206125,,2
F11,400000,400000,9317,1,2,0.02329372575849853,0.0232925,,6
F12,400000,400000,4437,1,2,0.01109159351690514,0.0110925,,4
F13,400000,400000,1303,1,2,0.0032573563134027372,0.0032575,,5
F14,400000,400000,2942,1,2,0.0073548106618813724,0.007355,,6
F15,400000,400000,4781,1,2,0.011952842758584437,0.0119525,,5
F16,200000,200000,10111,1,2,0.0505550242481253,0.050555,,7
F17,400000,400000,1136,1,2,0.002839451075355437,0.00284,,4
F18,200000,200000,7987,1,2,0.039934882149181394,0.039935,,4
F19,200000,200000,6152,1,2,0.030762176536422547,0.03076,,6
F20,100000,100000,2631,1,2,0.026309082280285112,0.02631,,7
F21,400000,400000,1756,1,2,0.004389954610912239,0.00439,,3
F22,400000,400000,5403,1,2,0.013508723026581848,0.0135075,,7
F23,100000,100000,6649,1,2,0.06649318227788942,0.06649,,7
F24,100000,100000,6462,1,2,0.06461671782654915,0.06462,,5
F25,50000,50000,3596,1,2,0.0719161749986485,0.07192,,3
F26,400000,400000,8758,1,2,0.021893950085969338,0.021895,,5
F27,200000,200000,9402,1,2,0.04701168122374627,0.04701,,3
F28,400000,400000,11530,1,2,0.02882622034185281,0.028825,,3
F29,200000,200000,6994,1,2,0.03497157222493698,0.03497,,5
F30,400000,400000,9037,1,2,0.022592920863257177,0.0225925,,3
F31,400000,400000,10553,1,2,0.02638158907663165,0.0263825,,4
F32,200000,200000,7557,1,2,0.037784699463844405,0.037785,,7
