Flow,Period,Deadline,Execution Time,w,h,Target_Utilization,Actual_Utilization,Utilization_Error,Queue
F1,100000,100000,8647,1,2,0.08647374601926383,0.08647,,4
F2,400000,400000,3515,1,2,0.00878744703834311,0.0087875,,7
F3,200000,200000,8217,1,2,0.04108421577195209,0.041085,,5
F4,200000,200000,4083,1,2,0.020414246366428745,0.020415,,7
F5,200000,200000,2805,1,2,0.014024677866875779,0.014025,,3
F6,100000,100000,8333,1,2,0.0833307245131717,0.08333,,2
F7,100000,100000,9668,1,2,0.0966776334489492,0.09668,,4
F8,400000,400000,8007,1,2,0.02001650181358461,0.0200175,,3
F9,400000,400000,5286,1,2,0.013214088499066468,0.013215,,4
F10,400000,400000,2619,1,2,0.006547883531192289,0.0065475,,2
F11,200000,200000,7765,1,2,0.03882325594497421,0.038825,,3
F12,200000,200000,3181,1,2,0.0159042544440125,0.015905,,2
F13,400000,400000,600,1,2,0.0013616514330183072,0.0015,,2
F14,400000,400000,4376,1,2,0.01093893159262993,0.01094,,6
F15,100000,100000,6227,1,2,0.06227342955799425,0.06227,,7
F16,100000,100000,7581,1,2,0.07581136198331395,0.07581,,4
F17,100000,100000,4293,1,2,0.04293232454182738,0.04293,,3
F18,200000,200000,11243,1,2,0.05621284517099073,0.056215,,2
F19,400000,400000,681,1,2,0.001703631398738692,0.0017025,,3
F20,200000,200000,6193,1,2,0.030964689102784743,0.030965,,4
F21,200000,200000,7769,1,2,0.03884586782210747,0.038845,,2
F22,400000,400000,8048,1,2,0.02012041440207893,0.02012,,2
F23,400000,400000,7977,1,2,0.019942239888669208,0.0199425,,4
F24,400000,400000,600,1,2,0.0005218889913896074,0.0015,,1
F25,100000,100000,1043,1,2,0.010430093940758445,0.01043,,5
F26,200000,200000,859,1,2,0.004293913496549423,0.004295,,3
F27,200000,200000,6799,1,2,0.03399662869906486,0.033995,,7
F28,400000,400000,707,1,2,0.0017673752883650001,0.0017675,,3
F29,400000,400000,1394,1,2,0.0034841436536458825,0.003485,,4
F30,400000,400000,7017,1,2,0.01754207397878818,0.0175425,,5
F31,200000,200000,5225,1,2,0.026126008078524672,0.026125,,5
F32,400000,400000,6368,1,2,0.015919234510641554,0.01592,,7
