Flow,Period,Deadline,Execution Time,w,h,Target_Utilization,Actual_Utilization,Utilization_Error,Queue
F1,400000,400000,600,1,2,0.0005791674239006284,0.0015,,4
F2,400000,400000,2941,1,2,0.007351806004972872,0.0073525,,3
F3,200000,200000,6330,1,2,0.031649277488511984,0.03165,,3
F4,400000,400000,7125,1,2,0.0178128524765786,0.0178125,,4
F5,200000,200000,6710,1,2,0.033551384838759524,0.03355,,6
F6,100000,100000,3872,1,2,0.03872055789863438,0.03872,,2
F7,400000,400000,1001,1,2,0.002502346265374933,0.0025025,,6
F8,400000,400000,3887,1,2,0.009718556860602856,0.0097175,,6
F9,200000,200000,8023,1,2,0.040114041176420256,0.040115,,7
F10,400000,400000,2984,1,2,0.007459948743183897,0.00746,,5
F11,100000,100000,7781,1,2,0.07780801410683624,0.07781,,7
F12,400000,400000,5557,1,2,0.01389184885935657,0.0138925,,1
F13,50000,50000,4398,1,2,0.08796245865177876,0.08796,,7
F14,400000,400000,4765,1,2,0.01191244745639719,0.0119125,,2
F15,400000,400000,8708,1,2,0.021770610022208814,0.02177,,3
F16,50000,50000,2853,1,2,0.05706196425750709,0.05706,,7
F17,400000,400000,4843,1,2,0.0121063370448794,0.0121075,,3
F18,400000,400000,2641,1,2,0.00660241087769925,0.0066025,,1
F19,100000,100000,6433,1,2,0.06432944344335106,0.06433,,2
F20,200000,200000,9159,1,2,0.04579464608097322,0.045795,,3
F21,400000,400000,2559,1,2,0.006396489923171211,0.0063975,,5
F22,400000,400000,2055,1,2,0.005138394501252641,0.0051375,,7
F23,400000,400000,10282,1,2,0.02570406151097676,0.025705,,6
F24,400000,400000,7471,1,2,0.0186767984237885,0.0186775,,2
F25,100000,100000,7827,1,2,0.07826520027643535,0.07827,,6
F26,100000,100000,8499,1,2,0.08498938026726452,0.08499,,7
F27,400000,400000,8251,1,2,0.02062817757597643,0.0206275,,7
F28,400000,400000,7337,1,2,0.018341725985736565,0.0183425,,5
F29,200000,200000,8759,1,2,0.04379303843737527,0.043795,,6
F30,200000,200000,2129,1,2,0.010644326980524019,0.010645,,7
F31,100000,100000,6597,1,2,0.06597464762115311,0.06597,,6
F32,400000,400000,1259,1,2,0.0031472767610657188,0.0031475,,2
