Flow,Period,Deadline,Execution Time,w,h,Target_Utilization,Actual_Utilization,Utilization_Error,Queue
F1,400000,400000,6619,1,2,0.016547114977405464,0.0165475,,6
F2,200000,200000,9739,1,2,0.048696554331596587,0.048695,,3
F3,100000,100000,3095,1,2,0.030948914248686732,0.03095,,3
F4,100000,100000,6011,1,2,0.06011055938909382,0.06011,,4
F5,100000,100000,8534,1,2,0.08533781198873525,0.08534,,5
F6,400000,400000,2879,1,2,0.007197330873724983,0.0071975,,4
F7,100000,100000,4008,1,2,0.04008037135891307,0.04008,,4
F8,400000,400000,6511,1,2,0.01627672987869766,0.0162775,,1
F9,400000,400000,2793,1,2,0.006983044141996131,0.0069825,,7
F10,100000,100000,3824,1,2,0.038238479853860086,0.03824,,2
F11,400000,400000,854,1,2,0.0021346721219116516,0.002135,,5
F12,50000,50000,1728,1,2,0.03456194245062105,0.03456,,7
F13,100000,100000,4418,1,2,0.04418238205180308,0.04418,,1
F14,400000,400000,8360,1,2,0.020900448117586734,0.0209,,4
F15,400000,400000,4415,1,2,0.011038066992008544,0.0110375,,7
F16,200000,200000,9975,1,2,0.04987444501037741,0.049875,,1
F17,400000,400000,4477,1,2,0.011192452411097897,0.0111925,,4
F18,200000,200000,2115,1,2,0.010574997637072092,0.010575,,5
F19,400000,400000,899,1,2,0.0022480720195257042,0.0022475,,5
F20,400000,400000,2995,1,2,0.007487901406743436,0.0074875,,3
F21,400000,400000,4567,1,2,0.011417905758189795,0.0114175,,3
F22,200000,200000,9273,1,2,0.046367056166030096,0.046365,,5
F23,400000,400000,3940,1,2,0.009850101165621405,0.00985,,6
F24,200000,200000,7241,1,2,0.036203202956113734,0.036205,,6
F25,400000,400000,2114,1,2,0.005285927146741892,0.005285,,1
F26,400000,400000,6974,1,2,0.01743467451048958,0.017435,,2
F27,200000,200000,4790,1,2,0.02394960393622153,0.02395,,1
F28,50000,50000,3568,1,2,0.07135697016398576,0.07136,,5
F29,400000,400000,3074,1,2,0.00768533186953313,0.007685,,2
F30,200000,200000,6049,1,2,0.03024392991568854,0.030245,,5
F31,100000,100000,8289,1,2,0.08289165310710432,0.08289,,4
F32,400000,400000,5081,1,2,0.012701352042822855,0.0127025,,2
