Flow,Period,Deadline,Execution Time,w,h,Target_Utilization,Actual_Utilization,Utilization_Error,Queue
F1,400000,400000,4049,1,2,0.010121760396781143,0.0101225,,2
F2,100000,100000,11203,1,2,0.1120276255057302,0.11203,,3
F3,400000,400000,3124,1,2,0.0078090586131072115,0.00781,,5
F4,400000,400000,2425,1,2,0.006063740608340917,0.0060625,,2
F5,100000,100000,8357,1,2,0.0835720864430316,0.08357,,7
F6,400000,400000,4347,1,2,0.01086741914096967,0.0108675,,1
F7,400000,400000,3297,1,2,0.00824170362167298,0.0082425,,4
F8,200000,200000,1963,1,2,0.009816224986552435,0.009815,,6
F9,400000,400000,5625,1,2,0.014063269962015124,0.0140625,,3
F10,400000,400000,7355,1,2,0.01838867599512195,0.0183875,,2
F11,400000,400000,1797,1,2,0.004493617612224998,0.0044925,,1
F12,400000,400000,3755,1,2,0.009387003705639052,0.0093875,,3
F13,200000,200000,6611,1,2,0.033053909102269685,0.033055,,1
F14,200000,200000,7379,1,2,0.03689263875445814,0.036895,,2
F15,50000,50000,3266,1,2,0.0653171978979965,0.06532,,3
F16,400000,400000,4818,1,2,0.012044629213922242,0.012045,,5
F17,100000,100000,6981,1,2,0.06980779782346086,0.06981,,2
F18,400000,400000,4864,1,2,0.012159170072979952,0.01216,,7
F19,200000,200000,7919,1,2,0.039597142308839595,0.039595,,5
F20,200000,200000,4111,1,2,0.020555249121822716,0.020555,,4
F21,400000,400000,3147,1,2,0.007867983766911446,0.0078675,,1
F22,200000,200000,7032,1,2,0.035161063747705834,0.03516,,5
F23,100000,100000,3737,1,2,0.0373691118224867,0.03737,,1
F24,400000,400000,3809,1,2,0.009523503988347504,0.0095225,,7
F25,400000,400000,9675,1,2,0.024187288370934923,0.0241875,,6
F26,100000,100000,2576,1,2,0.025759468060062213,0.02576,,7
F27,50000,50000,6502,1,2,0.130033603666092,0.13004,,7
F28,100000,100000,5734,1,2,0.057337704036404806,0.05734,,7
F29,400000,400000,5227,1,2,0.013068436190882458,0.0130675,,6
F30,200000,200000,4723,1,2,0.023614120146758663,0.023615,,3
F31,200000,200000,2309,1,2,0.011545724396843439,0.011545,,4
F32,400000,400000,600,1,2,0.000546617442941269,0.0015,,4
