Flow,Period,Deadline,Execution Time,w,h,Target_Utilization,Actual_Utilization,Utilization_Error,Queue
F1,400000,400000,7413,1,2,0.018533051700776793,0.0185325,,5
F2,100000,100000,9545,1,2,0.09544807846109316,0.09545,,3
F3,200000,200000,5159,1,2,0.0257942593786471,0.025795,,5
F4,100000,100000,1367,1,2,0.013670900862427726,0.01367,,7
F5,400000,400000,5383,1,2,0.013458501619002972,0.0134575,,3
F6,400000,400000,5557,1,2,0.013891492213067957,0.0138925,,6
F7,100000,100000,6820,1,2,0.06819574240299486,0.0682,,3
F8,400000,400000,4883,1,2,0.012206957713678745,0.0122075,,5
F9,200000,200000,1781,1,2,0.008906073234528744,0.008905,,1
F10,400000,400000,2659,1,2,0.006647150541172486,0.0066475,,2
F11,200000,200000,6647,1,2,0.033235460738142986,0.033235,,3
F12,200000,200000,6307,1,2,0.0315341579950037,0.031535,,5
F13,200000,200000,773,1,2,0.003865710696080993,0.003865,,4
F14,400000,400000,754,1,2,0.0018853643979244161,0.001885,,1
F15,400000,400000,7204,1,2,0.018010438955467833,0.01801,,1
F16,400000,400000,10539,1,2,0.026348734062397128,0.0263475,,3
F17,100000,100000,6656,1,2,0.06656176436416894,0.06656,,3
F18,200000,200000,10572,1,2,0.052862174581490506,0.05286,,3
F19,200000,200000,5655,1,2,0.028275894995821282,0.028275,,1
F20,200000,200000,3677,1,2,0.01838378123900508,0.018385,,4
F21,400000,400000,3730,1,2,0.009326158638670534,0.009325,,4
F22,50000,50000,3486,1,2,0.06971616197427882,0.06972,,3
F23,400000,400000,9096,1,2,0.02273973427465703,0.02274,,4
F24,200000,200000,11687,1,2,0.058436453247529774,0.058435,,1
F25,200000,200000,4139,1,2,0.020694239413798443,0.020695,,1
F26,400000,400000,2481,1,2,0.00620142349964628,0.0062025,,6
F27,400000,400000,1817,1,2,0.00454348482415412,0.0045425,,7
F28,400000,400000,6686,1,2,0.016716151539121926,0.016715,,2
F29,400000,400000,7609,1,2,0.019021888793494382,0.0190225,,3
F30,50000,50000,3065,1,2,0.06130282036016505,0.0613,,3
F31,400000,400000,925,1,2,0.0023117047371131183,0.0023125,,3
F32,200000,200000,10255,1,2,0.05127408854447713,0.051275,,1
