Flow,Period,Deadline,Execution Time,w,h,Target_Utilization,Actual_Utilization,Utilization_Error,Queue
F1,200000,200000,7017,1,2,0.0350862062029218,0.035085,,7
F2,400000,400000,11061,1,2,0.027651934979471604,0.0276525,,7
F3,400000,400000,11755,1,2,0.029387359193793983,0.0293875,,2
F4,200000,200000,6601,1,2,0.03300592056388596,0.033005,,3
F5,400000,400000,8933,1,2,0.022332167585019547,0.0223325,,4
F6,400000,400000,8039,1,2,0.020098128327789677,0.0200975,,6
F7,100000,100000,8147,1,2,0.08146650912554243,0.08147,,3
F8,200000,200000,10091,1,2,0.05045446150220789,0.050455,,3
F9,100000,100000,2683,1,2,0.02683015814797962,0.02683,,5
F10,200000,200000,7249,1,2,0.03624494997046512,0.036245,,5
F11,400000,400000,2197,1,2,0.005493508880629827,0.0054925,,5
F12,200000,200000,888,1,2,0.004439394235432603,0.00444,,6
F13,200000,200000,9053,1,2,0.045262783366910475,0.045265,,1
F14,100000,100000,1647,1,2,0.016471149515704275,0.01647,,1
F15,200000,200000,1511,1,2,0.0075540689557346274,0.007555,,7
F16,400000,400000,4643,1,2,0.011606445917354657,0.0116075,,1
F17,200000,200000,3041,1,2,0.01520538769140567,0.015205,,2
F18,400000,400000,3140,1,2,0.00785114737724174,0.00785,,6
F19,200000,200000,6957,1,2,0.03478482694569762,0.034785,,5
F20,400000,400000,4307,1,2,0.010768714893153009,0.0107675,,2
F21,200000,200000,4967,1,2,0.02483558212723669,0.024835,,3
F22,100000,100000,7186,1,2,0.07186198070294797,0.07186,,5
F23,400000,400000,2583,1,2,0.006458051347795146,0.0064575,,4
F24,200000,200000,9253,1,2,0.04626286566277679,0.046265,,3
F25,400000,400000,903,1,2,0.0022583168796644626,0.0022575,,2
F26,100000,100000,1343,1,2,0.0134294458863643,0.01343,,7
F27,200000,200000,761,1,2,0.0038058253227795935,0.003805,,4
F28,100000,100000,6184,1,2,0.06184332791075717,0.06184,,1
F29,400000,400000,2028,1,2,0.005069765752780786,0.00507,,3
F30,50000,50000,5188,1,2,0.10375579502671034,0.10376,,1
F31,400000,400000,2211,1,2,0.00552646539165598,0.0055275,,3
F32,200000,200000,6579,1,2,0.03289735461018865,0.032895,,1
