Flow,Period,Deadline,Execution Time,w,h,Target_Utilization,Actual_Utilization,Utilization_Error,Queue
F1,400000,400000,600,1,2,0.0014020415468787295,0.0015,,7
F2,400000,400000,1177,1,2,0.0029430813461072125,0.0029425,,3
F3,200000,200000,2932,1,2,0.014659518655043002,0.01466,,1
F4,400000,400000,2589,1,2,0.006472054644640179,0.0064725,,7
F5,400000,400000,2748,1,2,0.006870022657963104,0.00687,,6
F6,100000,100000,8237,1,2,0.08237038380318806,0.08237,,6
F7,400000,400000,2213,1,2,0.005531585197578237,0.0055325,,2
F8,100000,100000,4819,1,2,0.048191907703799886,0.04819,,5
F9,50000,50000,6366,1,2,0.12731754757317892,0.12732,,3
F10,200000,200000,7129,1,2,0.035646445471147925,0.035645,,6
F11,400000,400000,7778,1,2,0.019445561157183544,0.019445,,3
F12,200000,200000,2159,1,2,0.010795846206916981,0.010795,,4
F13,200000,200000,3711,1,2,0.01855398168389022,0.018555,,2
F14,400000,400000,739,1,2,0.0018478789514914107,0.0018475,,6
F15,100000,100000,1722,1,2,0.017220093449030416,0.01722,,7
F16,200000,200000,5563,1,2,0.027815424542788403,0.027815,,5
F17,400000,400000,4866,1,2,0.012164229359559076,0.012165,,5
F18,100000,100000,7490,1,2,0.07489551638469866,0.0749,,3
F19,400000,400000,11885,1,2,0.02971137286989395,0.0297125,,4
F20,100000,100000,1652,1,2,0.016520197139844206,0.01652,,6
F21,100000,100000,5019,1,2,0.05018975817864546,0.05019,,3
F22,200000,200000,6888,1,2,0.03444218583083147,0.03444,,7
F23,400000,400000,9482,1,2,0.023706073698760266,0.023705,,6
F24,400000,400000,11130,1,2,0.02782452457682011,0.027825,,2
F25,200000,200000,9204,1,2,0.04601946388836056,0.04602,,3
F26,100000,100000,7761,1,2,0.07760779968826645,0.07761,,6
F27,200000,200000,7819,1,2,0.039094005793501835,0.039095,,5
F28,200000,200000,4154,1,2,0.02077062237560917,0.02077,,3
F29,400000,400000,6143,1,2,0.01535665439957773,0.0153575,,5
F30,400000,400000,8039,1,2,0.020096690085070965,0.0200975,,4
F31,400000,400000,1526,1,2,0.0038146052695968435,0.003815,,3
F32,100000,100000,6069,1,2,0.06069382923335827,0.06069,,6
