Flow,Period,Deadline,Execution Time,w,h,Target_Utilization,Actual_Utilization,Utilization_Error,Queue
F1,200000,200000,4816,1,2,0.024079320717834585,0.02408,,6
F2,200000,200000,11077,1,2,0.05538419076477141,0.055385,,1
F3,200000,200000,6821,1,2,0.034103572168937,0.034105,,3
F4,200000,200000,10089,1,2,0.05044531283872644,0.050445,,7
F5,400000,400000,10745,1,2,0.026862497089578996,0.0268625,,1
F6,400000,400000,6633,1,2,0.016583552166070548,0.0165825,,6
F7,50000,50000,1911,1,2,0.038218924914394936,0.03822,,6
F8,100000,100000,3841,1,2,0.03840854099989066,0.03841,,3
F9,200000,200000,6928,1,2,0.034640867336277026,0.03464,,1
F10,400000,400000,2090,1,2,0.005225945928269526,0.005225,,1
F11,200000,200000,8655,1,2,0.04327329002308322,0.043275,,1
F12,400000,400000,5626,1,2,0.014065640396490164,0.014065,,3
F13,50000,50000,1813,1,2,0.03626155782936097,0.03626,,7
F14,400000,400000,8472,1,2,0.02118019146298672,0.02118,,2
F15,400000,400000,796,1,2,0.001989590703564026,0.00199,,5
F16,400000,400000,3508,1,2,0.00876881205702762,0.00877,,4
F17,100000,100000,2140,1,2,0.021400711123856553,0.0214,,3
F18,400000,400000,2322,1,2,0.005806119826886447,0.005805,,7
F19,400000,400000,600,1,2,0.0008228840810142191,0.0015,,2
F20,100000,100000,5271,1,2,0.05271034100721905,0.05271,,6
F21,400000,400000,5203,1,2,0.01300846614081036,0.0130075,,1
F22,400000,400000,1171,1,2,0.0029276559931006862,0.0029275,,6
F23,200000,200000,2466,1,2,0.012330804353442304,0.01233,,2
F24,50000,50000,3389,1,2,0.06778065092866198,0.06778,,1
F25,400000,400000,3630,1,2,0.009073932190825917,0.009075,,5
F26,200000,200000,2710,1,2,0.013548897428695084,0.01355,,4
F27,100000,100000,6549,1,2,0.06549364742956676,0.06549,,7
F28,200000,200000,1052,1,2,0.0052603326078208,0.00526,,3
F29,100000,100000,11231,1,2,0.11230906991408081,0.11231,,1
F30,200000,200000,6029,1,2,0.030143781447426923,0.030145,,6
F31,400000,400000,10986,1,2,0.027466134307964362,0.027465,,7
F32,400000,400000,7237,1,2,0.018093156754241158,0.0180925,,7
