Flow,Period,Deadline,Execution Time,w,h,Target_Utilization,Actual_Utilization,Utilization_Error,Queue
F1,400000,400000,600,1,2,0.0008782958091846371,0.0015,,4
F2,100000,100000,5813,1,2,0.05812991273599377,0.05813,,4
F3,200000,200000,2199,1,2,0.010994534207344087,0.010995,,2
F4,400000,400000,1209,1,2,0.0030213699464541888,0.0030225,,3
F5,400000,400000,8775,1,2,0.021937163720533337,0.0219375,,1
F6,200000,200000,7767,1,2,0.03883324167192348,0.038835,,4
F7,200000,200000,10859,1,2,0.054294581964030475,0.054295,,6
F8,400000,400000,1507,1,2,0.0037668688339346224,0.0037675,,6
F9,100000,100000,4585,1,2,0.045847823496659834,0.04585,,5
F10,100000,100000,9145,1,2,0.09145102344905298,0.09145,,7
F11,400000,400000,2818,1,2,0.007043903130669826,0.007045,,2
F12,200000,200000,9663,1,2,0.04831333820445538,0.048315,,7
F13,400000,400000,1736,1,2,0.004340908577213698,0.00434,,5
F14,400000,400000,7069,1,2,0.0176737433287264,0.0176725,,3
F15,200000,200000,3876,1,2,0.019381198223378915,0.01938,,1
F16,400000,400000,9447,1,2,0.02361688350080704,0.0236175,,5
F17,200000,200000,10992,1,2,0.054960450206439415,0.05496,,2
F18,200000,200000,10765,1,2,0.053824606379029805,0.053825,,1
F19,400000,400000,6225,1,2,0.015561981113306422,0.0155625,,5
F20,100000,100000,6548,1,2,0.06547849567797542,0.06548,,5
F21,200000,200000,5187,1,2,0.025934286883286972,0.025935,,7
F22,200000,200000,2841,1,2,0.014204372932438203,0.014205,,7
F23,400000,400000,600,1,2,0.000649764590454488,0.0015,,6
F24,400000,400000,695,1,2,0.0017371281800709348,0.0017375,,1
F25,200000,200000,6906,1,2,0.03453076073134895,0.03453,,3
F26,200000,200000,1765,1,2,0.008826171425727752,0.008825,,4
F27,200000,200000,7757,1,2,0.038784994152201935,0.038785,,2
F28,100000,100000,3187,1,2,0.031869554774498515,0.03187,,6
F29,400000,400000,7911,1,2,0.019778007197463754,0.0197775,,4
F30,100000,100000,9248,1,2,0.0924774889920637,0.09248,,5
F31,400000,400000,2159,1,2,0.00539828875934608,0.0053975,,7
F32,400000,400000,6613,1,2,0.016533059265732272,0.0165325,,6
