Flow,Period,Deadline,Execution Time,w,h,Target_Utilization,Actual_Utilization,Utilization_Error,Queue
F1,400000,400000,1091,1,2,0.0027281773888467864,0.0027275,,1
F2,200000,200000,7839,1,2,0.03919647712230179,0.039195,,6
F3,100000,100000,11087,1,2,0.11087174824808732,0.11087,,6
F4,400000,400000,5949,1,2,0.014871628229555345,0.0148725,,3
F5,200000,200000,8747,1,2,0.04373419631808062,0.043735,,5
F6,400000,400000,8462,1,2,0.021154180042256,0.021155,,4
F7,400000,400000,9759,1,2,0.024398139756456327,0.0243975,,4
F8,200000,200000,3229,1,2,0.016145519627508764,0.016145,,5
F9,400000,400000,2015,1,2,0.00503675688650751,0.0050375,,3
F10,100000,100000,6831,1,2,0.06830847775061433,0.06831,,5
F11,400000,400000,5879,1,2,0.014697714125230465,0.0146975,,2
F12,400000,400000,3697,1,2,0.00924281690365647,0.0092425,,5
F13,400000,400000,600,1,2,0.0013940873109682395,0.0015,,4
F14,400000,400000,2647,1,2,0.006618574408564171,0.0066175,,7
F15,200000,200000,680,1,2,0.0033996721173095157,0.0034,,2
F16,400000,400000,8126,1,2,0.0203160680909672,0.020315,,7
F17,400000,400000,4030,1,2,0.010075028120242746,0.010075,,4
F18,400000,400000,975,1,2,0.0024362792402973232,0.0024375,,2
F19,400000,400000,1408,1,2,0.003519337626984864,0.00352,,1
F20,400000,400000,812,1,2,0.002029957311713515,0.00203,,7
F21,100000,100000,9331,1,2,0.09331236843253371,0.09331,,7
F22,400000,400000,3070,1,2,0.007674356196395837,0.007675,,6
F23,400000,400000,978,1,2,0.0024444114659984972,0.002445,,3
F24,100000,100000,7597,1,2,0.07597043906416245,0.07597,,7
F25,50000,50000,4285,1,2,0.08570465772949615,0.0857,,6
F26,100000,100000,6601,1,2,0.06601237509337723,0.06601,,6
F27,200000,200000,9815,1,2,0.04907726044030075,0.049075,,7
F28,200000,200000,2081,1,2,0.010403808892896271,0.010405,,1
F29,100000,100000,3305,1,2,0.03305229252241068,0.03305,,7
F30,100000,100000,4076,1,2,0.04076148957379905,0.04076,,3
F31,100000,100000,6509,1,2,0.06508600829102917,0.06509,,3
F32,400000,400000,6282,1,2,0.01570491536422608,0.015705,,6
