Flow,Period,Deadline,Execution Time,w,h,Target_Utilization,Actual_Utilization,Utilization_Error,Queue
F1,400000,400000,10439,1,2,0.026098704840138542,0.0260975,,2
F2,400000,400000,7919,1,2,0.019797983802347874,0.0197975,,1
F3,400000,400000,3141,1,2,0.007853312884825936,0.0078525,,3
F4,400000,400000,7992,1,2,0.01998124770036669,0.01998,,7
F5,400000,400000,600,1,2,0.001185330938844431,0.0015,,1
F6,100000,100000,6008,1,2,0.060083083687972993,0.06008,,7
F7,100000,100000,7453,1,2,0.07453259257400469,0.07453,,3
F8,400000,400000,2412,1,2,0.006028773296396839,0.00603,,6
F9,200000,200000,9751,1,2,0.048755799892665985,0.048755,,5
F10,400000,400000,6814,1,2,0.01703410703982644,0.017035,,3
F11,200000,200000,7453,1,2,0.037264780379523965,0.037265,,3
F12,100000,100000,6324,1,2,0.0632418029104288,0.06324,,6
F13,100000,100000,6701,1,2,0.06700934864271241,0.06701,,3
F14,400000,400000,6459,1,2,0.016147229523215012,0.0161475,,7
F15,200000,200000,6013,1,2,0.03006342288355346,0.030065,,4
F16,400000,400000,11854,1,2,0.029634500502387195,0.029635,,6
F17,400000,400000,9739,1,2,0.02434734045944753,0.0243475,,4
F18,200000,200000,757,1,2,0.0037861479154244204,0.003785,,3
F19,400000,400000,2510,1,2,0.0062744377240092075,0.006275,,4
F20,400000,400000,2058,1,2,0.005144313802231348,0.005145,,5
F21,400000,400000,2222,1,2,0.005553791956480036,0.005555,,1
F22,400000,400000,1971,1,2,0.0049267642496810815,0.0049275,,4
F23,400000,400000,4561,1,2,0.011402188157696835,0.0114025,,2
F24,200000,200000,4624,1,2,0.023119096793415894,0.02312,,5
F25,400000,400000,711,1,2,0.0017762861611504421,0.0017775,,1
F26,200000,200000,7560,1,2,0.037801361727971994,0.0378,,5
F27,200000,200000,1142,1,2,0.005708831803246828,0.00571,,5
F28,100000,100000,2706,1,2,0.02705978177824453,0.02706,,7
F29,400000,400000,1575,1,2,0.003936293806454438,0.0039375,,6
F30,400000,400000,10056,1,2,0.02514094249427909,0.02514,,6
F31,400000,400000,10670,1,2,0.026673798571637958,0.026675,,1
F32,50000,50000,8985,1,2,0.17970939419138232,0.1797,,7
