Flow,Period,Deadline,Execution Time,w,h,Target_Utilization,Actual_Utilization,Utilization_Error,Queue
F1,200000,200000,7921,1,2,0.03960269607177236,0.039605,,7
F2,400000,400000,6803,1,2,0.017006865898338996,0.0170075,,5
F3,400000,400000,4506,1,2,0.011265984827264375,0.011265,,1
F4,200000,200000,10985,1,2,0.05492580158569016,0.054925,,1
F5,200000,200000,5534,1,2,0.0276702713449819,0.02767,,3
F6,400000,400000,9042,1,2,0.02260497521257443,0.022605,,1
F7,400000,400000,3456,1,2,0.008640139254791235,0.00864,,7
F8,400000,400000,8905,1,2,0.022261663598945658,0.0222625,,2
F9,50000,50000,2432,1,2,0.04864230576311257,0.04864,,5
F10,200000,200000,811,1,2,0.004054970779552414,0.004055,,6
F11,200000,200000,10319,1,2,0.051594411439789045,0.051595,,7
F12,400000,400000,8330,1,2,0.0208242873612976,0.020825,,3
F13,100000,100000,4809,1,2,0.04809092201729859,0.04809,,3
F14,400000,400000,11581,1,2,0.02895136018526201,0.0289525,,5
F15,400000,400000,3769,1,2,0.009422442575445833,0.0094225,,4
F16,200000,200000,4503,1,2,0.022514922391960124,0.022515,,6
F17,400000,400000,1370,1,2,0.0034252247225721733,0.003425,,3
F18,400000,400000,5396,1,2,0.013488963983114777,0.01349,,4
F19,200000,200000,2563,1,2,0.01281507401535964,0.012815,,6
F20,200000,200000,2371,1,2,0.011854935126458521,0.011855,,2
F21,200000,200000,10607,1,2,0.053037183007627664,0.053035,,1
F22,400000,400000,8435,1,2,0.021088712977427482,0.0210875,,1
F23,400000,400000,9027,1,2,0.022567050265608513,0.0225675,,4
F24,400000,400000,8335,1,2,0.02083819450583263,0.0208375,,7
F25,400000,400000,1995,1,2,0.00498641421706425,0.0049875,,3
F26,200000,200000,2366,1,2,0.011829538333855805,0.01183,,5
F27,100000,100000,11680,1,2,0.11680181970360384,0.1168,,7
F28,400000,400000,673,1,2,0.001683515276288322,0.0016825,,2
F29,200000,200000,8692,1,2,0.04346223252141586,0.04346,,1
F30,100000,100000,6571,1,2,0.06570744906857798,0.06571,,7
F31,400000,400000,11319,1,2,0.02829632735859536,0.0282975,,7
F32,200000,200000,6009,1,2,0.030043344608519904,0.030045,,5
