Flow,Period,Deadline,Execution Time,w,h,Target_Utilization,Actual_Utilization,Utilization_Error,Queue
F1,400000,400000,6239,1,2,0.015597948129986383,0.0155975,,3
F2,100000,100000,8347,1,2,0.08346685063620385,0.08347,,2
F3,100000,100000,3809,1,2,0.03808862987300354,0.03809,,2
F4,400000,400000,10203,1,2,0.025506262350831532,0.0255075,,5
F5,400000,400000,1260,1,2,0.003149428962266332,0.00315,,2
F6,400000,400000,3735,1,2,0.00933667111571812,0.0093375,,2
F7,200000,200000,1760,1,2,0.008800780164561206,0.0088,,5
F8,100000,100000,7574,1,2,0.07573678640929637,0.07574,,6
F9,200000,200000,3918,1,2,0.01958891781954386,0.01959,,4
F10,50000,50000,3307,1,2,0.06613633751397885,0.06614,,6
F11,400000,400000,2573,1,2,0.006431674394687947,0.0064325,,3
F12,400000,400000,4614,1,2,0.011536036753032053,0.011535,,4
F13,100000,100000,7957,1,2,0.07957371922364492,0.07957,,2
F14,400000,400000,600,1,2,0.00017065884978872958,0.0015,,4
F15,400000,400000,4635,1,2,0.011587673851770786,0.0115875,,5
F16,400000,400000,6840,1,2,0.01710101155421384,0.0171,,3
F17,400000,400000,955,1,2,0.002388620811108577,0.0023875,,6
F18,400000,400000,4021,1,2,0.01005181104123809,0.0100525,,6
F19,200000,200000,5062,1,2,0.02531093771621562,0.02531,,2
F20,200000,200000,10087,1,2,0.05043329632800775,0.050435,,5
F21,400000,400000,9833,1,2,0.0245825615762017,0.0245825,,6
F22,400000,400000,2403,1,2,0.006006349882845152,0.0060075,,6
F23,200000,200000,10405,1,2,0.05202361760249319,0.052025,,3
F24,200000,200000,986,1,2,0.004930187953686438,0.00493,,1
F25,400000,400000,11465,1,2,0.02866371704195969,0.0286625,,6
F26,200000,200000,4100,1,2,0.020499931653853415,0.0205,,5
F27,200000,200000,6111,1,2,0.030557277766501384,0.030555,,3
F28,400000,400000,6506,1,2,0.016263897357890855,0.016265,,2
F29,50000,50000,4499,1,2,0.08997900354477638,0.08998,,2
F30,400000,400000,600,1,2,0.0012462043385770005,0.0015,,3
F31,50000,50000,3540,1,2,0.07080331512399847,0.0708,,2
F32,400000,400000,3209,1,2,0.008023252994187293,0.0080225,,4
