Flow,Period,Deadline,Execution Time,w,h,Target_Utilization,Actual_Utilization,Utilization_Error,Queue
F1,400000,400000,5824,1,2,0.014558826637892541,0.01456,,3
F2,200000,200000,5433,1,2,0.02716474410573333,0.027165,,7
F3,400000,400000,11179,1,2,0.027948528757007818,0.0279475,,1
F4,200000,200000,10753,1,2,0.05376737345783844,0.053765,,7
F5,100000,100000,11153,1,2,0.11152773700671736,0.11153,,4
F6,400000,400000,8889,1,2,0.022222082536620946,0.0222225,,2
F7,100000,100000,7411,1,2,0.07410994974620133,0.07411,,2
F8,400000,400000,600,1,2,0.0007732289164396056,0.0015,,1
F9,200000,200000,1686,1,2,0.008428943954461698,0.00843,,2
F10,400000,400000,3177,1,2,0.00794235915154684,0.0079425,,2
F11,400000,400000,8424,1,2,0.02105918321319067,0.02106,,7
F12,200000,200000,9565,1,2,0.04782496438137829,0.047825,,1
F13,400000,400000,4937,1,2,0.012342301697993607,0.0123425,,1
F14,400000,400000,3949,1,2,0.009873301657512712,0.0098725,,7
F15,50000,50000,823,1,2,0.01646052136739784,0.01646,,5
F16,100000,100000,6973,1,2,0.0697339658364528,0.06973,,4
F17,200000,200000,3940,1,2,0.019700445622976293,0.0197,,1
F18,200000,200000,3793,1,2,0.018965886734602422,0.018965,,4
F19,400000,400000,5635,1,2,0.01408765054574157,0.0140875,,5
F20,400000,400000,9020,1,2,0.02255116177744737,0.02255,,3
F21,100000,100000,6111,1,2,0.06110521485669029,0.06111,,2
F22,400000,400000,600,1,2,1.3130927941196191e-05,0.0015,,6
F23,200000,200000,4539,1,2,0.022695412594254782,0.022695,,2
F24,200000,200000,778,1,2,0.003891101398159652,0.00389,,4
F25,400000,400000,2399,1,2,0.005996831681278431,0.0059975,,7
F26,100000,100000,10389,1,2,0.10389075969641197,0.10389,,1
F27,400000,400000,701,1,2,0.0017532987665043603,0.0017525,,5
F28,200000,200000,2179,1,2,0.010896194877911436,0.010895,,4
F29,200000,200000,8297,1,2,0.04148615014873269,0.041485,,5
F30,100000,100000,2681,1,2,0.026808904963520237,0.02681,,5
F31,400000,400000,3247,1,2,0.008118440733183269,0.0081175,,3
F32,200000,200000,6796,1,2,0.03397778812939011,0.03398,,4
