Flow,Period,Deadline,Execution Time,w,h,Target_Utilization,Actual_Utilization,Utilization_Error,Queue
F1,200000,200000,4497,1,2,0.02248380369408487,0.022485,,2
F2,400000,400000,3697,1,2,0.009243103517489248,0.0092425,,4
F3,200000,200000,1651,1,2,0.008253982733652299,0.008255,,6
F4,400000,400000,9694,1,2,0.02423563038158294,0.024235,,6
F5,400000,400000,4715,1,2,0.011786376365311768,0.0117875,,3
F6,400000,400000,5845,1,2,0.014613189212650535,0.0146125,,4
F7,400000,400000,2910,1,2,0.007273891517103337,0.007275,,2
F8,400000,400000,11357,1,2,0.028392321970227674,0.0283925,,4
F9,200000,200000,7621,1,2,0.03810684243850504,0.038105,,6
F10,200000,200000,5781,1,2,0.02890397153040236,0.028905,,2
F11,100000,100000,9857,1,2,0.09856857775863459,0.09857,,3
F12,100000,100000,8069,1,2,0.08068985507436677,0.08069,,3
F13,100000,100000,6107,1,2,0.061069346054849705,0.06107,,6
F14,400000,400000,5743,1,2,0.01435794704554949,0.0143575,,6
F15,100000,100000,5432,1,2,0.054318414970970896,0.05432,,2
F16,400000,400000,2585,1,2,0.006463743795189436,0.0064625,,3
F17,200000,200000,1433,1,2,0.007164896518455088,0.007165,,1
F18,200000,200000,11894,1,2,0.059468268547852976,0.05947,,4
F19,400000,400000,1020,1,2,0.0025494864146773377,0.00255,,5
F20,400000,400000,1624,1,2,0.004059318894482189,0.00406,,4
F21,400000,400000,7801,1,2,0.019503288485866355,0.0195025,,5
F22,100000,100000,1070,1,2,0.010699406562729108,0.0107,,2
F23,400000,400000,1787,1,2,0.0044677451667889945,0.0044675,,5
F24,200000,200000,6273,1,2,0.03136730150238409,0.031365,,4
F25,100000,100000,9122,1,2,0.09122125147698265,0.09122,,3
F26,400000,400000,8265,1,2,0.02066358356963674,0.0206625,,3
F27,200000,200000,6190,1,2,0.030948201668965683,0.03095,,6
F28,200000,200000,6028,1,2,0.030141862069008124,0.03014,,3
F29,100000,100000,875,1,2,0.008751167381078881,0.00875,,7
F30,400000,400000,10124,1,2,0.02530914725744033,0.02531,,5
F31,200000,200000,6487,1,2,0.03243722978120395,0.032435,,3
F32,400000,400000,4995,1,2,0.01248684664187657,0.0124875,,1
