Flow,Period,Deadline,Execution Time,w,h,Target_Utilization,Actual_Utilization,Utilization_Error,Queue
F1,400000,400000,823,1,2,0.0020582154370428762,0.0020575,,3
F2,100000,100000,7073,1,2,0.07072644280646878,0.07073,,2
F3,200000,200000,1228,1,2,0.006140510793115728,0.00614,,6
F4,50000,50000,1623,1,2,0.03246004881119935,0.03246,,1
F5,200000,200000,6811,1,2,0.03405476177165023,0.034055,,6
F6,200000,200000,719,1,2,0.0035949134115557113,0.003595,,5
F7,200000,200000,1489,1,2,0.0074444707974409274,0.007445,,1
F8,400000,400000,4756,1,2,0.011889862712939125,0.01189,,4
F9,400000,400000,4831,1,2,0.012078658046822843,0.0120775,,2
F10,100000,100000,7037,1,2,0.07036793183190992,0.07037,,3
F11,400000,400000,11608,1,2,0.02901885059668674,0.02902,,2
F12,200000,200000,6468,1,2,0.03234153867754008,0.03234,,4
F13,200000,200000,6229,1,2,0.031145226894945477,0.031145,,6
F14,400000,400000,9723,1,2,0.024306602818516376,0.0243075,,5
F15,100000,100000,6829,1,2,0.06828825432084429,0.06829,,5
F16,50000,50000,3584,1,2,0.07167809701711275,0.07168,,6
F17,400000,400000,3383,1,2,0.008456375110260761,0.0084575,,7
F18,100000,100000,11020,1,2,0.1102017027999107,0.1102,,4
F19,200000,200000,6353,1,2,0.03176588449306689,0.031765,,1
F20,200000,200000,2593,1,2,0.012965823798950338,0.012965,,6
F21,400000,400000,5285,1,2,0.013212375147132138,0.0132125,,1
F22,400000,400000,986,1,2,0.002464520537757753,0.002465,,7
F23,50000,50000,1366,1,2,0.027320164191319163,0.02732,,3
F24,200000,200000,946,1,2,0.004730691328610814,0.00473,,2
F25,400000,400000,1077,1,2,0.0026936391608602395,0.0026925,,6
F26,200000,200000,7061,1,2,0.03530361684234698,0.035305,,4
F27,400000,400000,1595,1,2,0.003987633506972621,0.0039875,,4
F28,400000,400000,6647,1,2,0.01661714071021811,0.0166175,,4
F29,100000,100000,9457,1,2,0.09457055616060789,0.09457,,4
F30,400000,400000,1957,1,2,0.004892782729467124,0.0048925,,5
F31,400000,400000,3993,1,2,0.009983593530211304,0.0099825,,3
F32,100000,100000,9928,1,2,0.09927856219664215,0.09928,,2
