Flow,Period,Deadline,Execution Time,w,h,Target_Utilization,Actual_Utilization,Utilization_Error,Queue
F1,100000,100000,4591,1,2,0.045911291486944616,0.04591,,7
F2,200000,200000,4034,1,2,0.020170493454344407,0.02017,,2
F3,200000,200000,3175,1,2,0.015873793797952507,0.015875,,3
F4,50000,50000,6352,1,2,0.12704219552704943,0.12704,,7
F5,50000,50000,1954,1,2,0.03907757095863085,0.03908,,6
F6,400000,400000,4503,1,2,0.011258583927076349,0.0112575,,6
F7,200000,200000,4529,1,2,0.02264398483269492,0.022645,,5
F8,400000,400000,4876,1,2,0.01218955327722715,0.01219,,2
F9,400000,400000,4910,1,2,0.012274371290279529,0.012275,,4
F10,50000,50000,6699,1,2,0.1339744666455916,0.13398,,7
F11,400000,400000,600,1,2,0.0006260752703051153,0.0015,,4
F12,400000,400000,2599,1,2,0.006498073128157755,0.0064975,,1
F13,400000,400000,7203,1,2,0.01800748667304719,0.0180075,,1
F14,400000,400000,5922,1,2,0.014803811579894688,0.014805,,6
F15,200000,200000,7909,1,2,0.03954296575014721,0.039545,,5
F16,200000,200000,3981,1,2,0.019904894330286638,0.019905,,5
F17,200000,200000,8018,1,2,0.04008766312221712,0.04009,,3
F18,200000,200000,7292,1,2,0.03646002944379384,0.03646,,7
F19,400000,400000,8693,1,2,0.02173248269501632,0.0217325,,4
F20,100000,100000,2638,1,2,0.02637935205802175,0.02638,,3
F21,200000,200000,8390,1,2,0.04194754987988261,0.04195,,6
F22,400000,400000,3086,1,2,0.007714266807656162,0.007715,,5
F23,400000,400000,600,1,2,0.001087300903168359,0.0015,,3
F24,400000,400000,2248,1,2,0.00561922104102236,0.00562,,5
F25,50000,50000,2619,1,2,0.052379056988154454,0.05238,,6
F26,400000,400000,1284,1,2,0.0032088099174535922,0.00321,,1
F27,200000,200000,2686,1,2,0.013430989717555866,0.01343,,7
F28,400000,400000,4696,1,2,0.011738757842632036,0.01174,,7
F29,100000,100000,8535,1,2,0.08535438501303497,0.08535,,5
F30,400000,400000,3794,1,2,0.009485983533176036,0.009485,,4
F31,200000,200000,1963,1,2,0.009814598992630593,0.009815,,3
F32,400000,400000,636,1,2,0.0015899876306759337,0.00159,,2
