Flow,Period,Deadline,Execution Time,w,h,Target_Utilization,Actual_Utilization,Utilization_Error,Queue
F1,200000,200000,7354,1,2,0.03677045580015059,0.03677,,2
F2,400000,400000,1233,1,2,0.0030827850197195916,0.0030825,,2
F3,400000,400000,9063,1,2,0.0226581015602767,0.0226575,,5
F4,400000,400000,11543,1,2,0.028856714040382703,0.0288575,,3
F5,100000,100000,6383,1,2,0.06383466067314814,0.06383,,2
F6,400000,400000,5113,1,2,0.012782763948282372,0.0127825,,3
F7,100000,100000,6006,1,2,0.0600624889662047,0.06006,,3
F8,100000,100000,3103,1,2,0.03103200191993838,0.03103,,1
F9,400000,400000,3958,1,2,0.009895849665167655,0.009895,,6
F10,400000,400000,1178,1,2,0.0029448339817231828,0.002945,,5
F11,200000,200000,7895,1,2,0.039476740675934874,0.039475,,5
F12,100000,100000,6662,1,2,0.06662456847717568,0.06662,,1
F13,400000,400000,6331,1,2,0.015827737670635278,0.0158275,,2
F14,400000,400000,5369,1,2,0.013423003616319207,0.0134225,,7
F15,400000,400000,2579,1,2,0.00644629776755179,0.0064475,,1
F16,400000,400000,6113,1,2,0.015282559457083789,0.0152825,,5
F17,400000,400000,8103,1,2,0.02025806818106457,0.0202575,,1
F18,400000,400000,2306,1,2,0.005765671909950587,0.005765,,2
F19,200000,200000,8038,1,2,0.04018879701453992,0.04019,,7
F20,200000,200000,8216,1,2,0.04108248863547237,0.04108,,3
F21,50000,50000,2707,1,2,0.05413991653255995,0.05414,,5
F22,50000,50000,3527,1,2,0.0705440134461156,0.07054,,1
F23,200000,200000,1020,1,2,0.00510095803795152,0.0051,,5
F24,100000,100000,7592,1,2,0.07591854982763566,0.07592,,1
F25,400000,400000,1623,1,2,0.0040581390876747725,0.0040575,,4
F26,50000,50000,3373,1,2,0.06745612510305343,0.06746,,1
F27,400000,400000,3107,1,2,0.00776829853032332,0.0077675,,7
F28,100000,100000,4295,1,2,0.0429517460609487,0.04295,,2
F29,200000,200000,4994,1,2,0.024969178348000692,0.02497,,7
F30,200000,200000,3327,1,2,0.016635360702199162,0.016635,,6
F31,200000,200000,1383,1,2,0.0069151910396256025,0.006915,,3
F32,200000,200000,9823,1,2,0.04911516712453968,0.049115,,1
