Flow,Period,Deadline,Execution Time,w,h,Target_Utilization,Actual_Utilization,Utilization_Error,Queue
F1,50000,50000,3298,1,2,0.06595596974993334,0.06596,,2
F2,400000,400000,3929,1,2,0.009822947902736967,0.0098225,,7
F3,400000,400000,1662,1,2,0.0041541092659294065,0.004155,,5
F4,200000,200000,2330,1,2,0.011650047524932816,0.01165,,2
F5,200000,200000,2735,1,2,0.01367424698341213,0.013675,,7
F6,100000,100000,1574,1,2,0.015741066193588504,0.01574,,1
F7,200000,200000,8417,1,2,0.04208596578413726,0.042085,,6
F8,100000,100000,3373,1,2,0.03372949884316534,0.03373,,7
F9,50000,50000,2906,1,2,0.05811915321951755,0.05812,,7
F10,200000,200000,2993,1,2,0.014965515127892237,0.014965,,5
F11,200000,200000,1841,1,2,0.009205779250721968,0.009205,,3
F12,400000,400000,4483,1,2,0.011207172685159583,0.0112075,,6
F13,100000,100000,11112,1,2,0.1111227782896721,0.11112,,3
F14,200000,200000,11715,1,2,0.058573756438007885,0.058575,,1
F15,200000,200000,4723,1,2,0.02361538622655901,0.023615,,3
F16,200000,200000,2280,1,2,0.011400629411177476,0.0114,,1
F17,200000,200000,2846,1,2,0.014230661787924481,0.01423,,6
F18,400000,400000,2561,1,2,0.006402800257077734,0.0064025,,6
F19,200000,200000,1511,1,2,0.007554742336942422,0.007555,,1
F20,400000,400000,5510,1,2,0.013775053551538574,0.013775,,4
F21,400000,400000,3191,1,2,0.007978110827684903,0.0079775,,2
F22,50000,50000,3702,1,2,0.07403990647524578,0.07404,,3
F23,200000,200000,11371,1,2,0.05685615033614,0.056855,,3
F24,400000,400000,600,1,2,0.001043166542344709,0.0015,,4
F25,400000,400000,4739,1,2,0.01184628039293556,0.0118475,,3
F26,200000,200000,9267,1,2,0.04633322557545283,0.046335,,1
F27,400000,400000,7466,1,2,0.018665584719778,0.018665,,2
F28,100000,100000,1067,1,2,0.010670292155345346,0.01067,,4
F29,200000,200000,10989,1,2,0.05494622136209909,0.054945,,2
F30,400000,400000,4477,1,2,0.011191438869520454,0.0111925,,5
F31,100000,100000,10665,1,2,0.10664877902737119,0.10665,,3
F32,50000,50000,1751,1,2,0.035018169055445365,0.03502,,4
