Flow,Period,Deadline,Execution Time,w,h,Target_Utilization,Actual_Utilization,Utilization_Error,Queue
F1,400000,400000,858,1,2,0.0021448147758930114,0.002145,,2
F2,200000,200000,7489,1,2,0.03744378630354439,0.037445,,4
F3,50000,50000,1468,1,2,0.029360006214137258,0.02936,,3
F4,200000,200000,697,1,2,0.003484655098999867,0.003485,,5
F5,400000,400000,8283,1,2,0.020708161063270558,0.0207075,,2
F6,50000,50000,908,1,2,0.018160383197012187,0.01816,,6
F7,400000,400000,2189,1,2,0.005471834593983482,0.0054725,,3
F8,200000,200000,8319,1,2,0.0415943407238919,0.041595,,7
F9,200000,200000,6459,1,2,0.03229608915646143,0.032295,,2
F10,200000,200000,8229,1,2,0.04114359996770112,0.041145,,2
F11,200000,200000,5178,1,2,0.025889481631946154,0.02589,,1
F12,400000,400000,4716,1,2,0.011790233090097302,0.01179,,6
F13,400000,400000,11689,1,2,0.029222558889277883,0.0292225,,7
F14,200000,200000,8215,1,2,0.04107701585617718,0.041075,,7
F15,200000,200000,755,1,2,0.003774052615057588,0.003775,,5
F16,400000,400000,600,1,2,0.00045319136937288507,0.0015,,4
F17,400000,400000,6485,1,2,0.016211324965336282,0.0162125,,7
F18,400000,400000,883,1,2,0.0022076885581745476,0.0022075,,4
F19,100000,100000,2520,1,2,0.025200237362754785,0.0252,,4
F20,100000,100000,2283,1,2,0.02282987958197208,0.02283,,3
F21,200000,200000,699,1,2,0.003495917993410258,0.003495,,3
F22,100000,100000,6441,1,2,0.06440813016778679,0.06441,,2
F23,400000,400000,600,1,2,0.0006767091696621153,0.0015,,3
F24,400000,400000,600,1,2,0.0011544456462922459,0.0015,,5
F25,200000,200000,10041,1,2,0.05020667150660474,0.050205,,7
F26,400000,400000,4522,1,2,0.01130488005226371,0.011305,,1
F27,200000,200000,9874,1,2,0.04937220409704099,0.04937,,2
F28,400000,400000,3689,1,2,0.009221436612339956,0.0092225,,2
F29,400000,400000,2183,1,2,0.0054584573109604795,0.0054575,,4
F30,100000,100000,6665,1,2,0.06664809536759045,0.06665,,2
F31,200000,200000,11392,1,2,0.05695876512479254,0.05696,,7
F32,100000,100000,5242,1,2,0.05242208771478834,0.05242,,2
