Flow,Period,Deadline,Execution Time,w,h,Target_Utilization,Actual_Utilization,Utilization_Error,Queue
F1,400000,400000,1671,1,2,0.004178274203637811,0.0041775,,7
F2,400000,400000,969,1,2,0.0024230056610367035,0.0024225,,1
F3,400000,400000,6882,1,2,0.01720613610393973,0.017205,,4
F4,400000,400000,4325,1,2,0.010812236211856674,0.0108125,,3
F5,400000,400000,1202,1,2,0.003004392735726391,0.003005,,4
F6,400000,400000,3061,1,2,0.007651357575611084,0.0076525,,4
F7,400000,400000,5251,1,2,0.013127903864666113,0.0131275,,7
F8,200000,200000,11591,1,2,0.05795649232235334,0.057955,,1
F9,400000,400000,3339,1,2,0.008347024566963235,0.0083475,,1
F10,100000,100000,766,1,2,0.007660269202072745,0.00766,,2
F11,200000,200000,8046,1,2,0.04022895355852829,0.04023,,3
F12,400000,400000,1373,1,2,0.0034330064058775145,0.0034325,,2
F13,200000,200000,8870,1,2,0.04434781138025312,0.04435,,5
F14,400000,400000,2079,1,2,0.005196763313939368,0.0051975,,3
F15,50000,50000,3625,1,2,0.07249810994659434,0.0725,,3
F16,100000,100000,2025,1,2,0.020250490367681617,0.02025,,2
F17,50000,50000,3453,1,2,0.06906241474074293,0.06906,,3
F18,200000,200000,2088,1,2,0.010439478203312591,0.01044,,1
F19,400000,400000,7357,1,2,0.018391711235696107,0.0183925,,1
F20,50000,50000,7005,1,2,0.14010598077067885,0.1401,,5
F21,400000,400000,3393,1,2,0.008482717529971123,0.0084825,,7
F22,200000,200000,2051,1,2,0.010255432039630419,0.010255,,5
F23,400000,400000,649,1,2,0.0016234107600168746,0.0016225,,5
F24,400000,400000,8007,1,2,0.020018140042845967,0.0200175,,7
F25,400000,400000,2400,1,2,0.006000283132775314,0.006,,3
F26,400000,400000,8363,1,2,0.020907790881325675,0.0209075,,4
F27,400000,400000,10029,1,2,0.025071451028047198,0.0250725,,5
F28,400000,400000,7419,1,2,0.018548164333634418,0.0185475,,3
F29,200000,200000,6229,1,2,0.031146772449323616,0.031145,,2
F30,400000,400000,6217,1,2,0.015542711411903956,0.0155425,,2
F31,200000,200000,1153,1,2,0.005765221516843859,0.005765,,6
F32,400000,400000,4847,1,2,0.012118717803479223,0.0121175,,5
