Flow,Period,Deadline,Execution Time,w,h,Target_Utilization,Actual_Utilization,Utilization_Error,Queue
F1,400000,400000,6405,1,2,0.016011304851918262,0.0160125,,2
F2,100000,100000,6295,1,2,0.06295175501321282,0.06295,,4
F3,400000,400000,1788,1,2,0.0044703240109966735,0.00447,,7
F4,200000,200000,9281,1,2,0.04640716764330588,0.046405,,5
F5,400000,400000,4037,1,2,0.010092340085146256,0.0100925,,2
F6,100000,100000,7149,1,2,0.07149101995366502,0.07149,,4
F7,400000,400000,5873,1,2,0.014681683170136406,0.0146825,,1
F8,400000,400000,4837,1,2,0.012091412767439746,0.0120925,,6
F9,400000,400000,849,1,2,0.002121633796824618,0.0021225,,7
F10,100000,100000,663,1,2,0.006631065970509553,0.00663,,1
F11,400000,400000,11015,1,2,0.027538639967921108,0.0275375,,5
F12,400000,400000,2187,1,2,0.005467537555335855,0.0054675,,4
F13,400000,400000,1693,1,2,0.004232275763106974,0.0042325,,6
F14,50000,50000,629,1,2,0.01257902334413502,0.01258,,7
F15,200000,200000,6295,1,2,0.03147552732465725,0.031475,,3
F16,100000,100000,4458,1,2,0.04458139102879283,0.04458,,4
F17,200000,200000,2946,1,2,0.014730979266628641,0.01473,,2
F18,200000,200000,11993,1,2,0.059962618679032076,0.059965,,3
F19,400000,400000,5606,1,2,0.014016185808414572,0.014015,,3
F20,200000,200000,6101,1,2,0.030506709152152534,0.030505,,4
F21,100000,100000,6887,1,2,0.06887062646350911,0.06887,,4
F22,400000,400000,600,1,2,0.0011555171922322804,0.0015,,1
F23,200000,200000,6363,1,2,0.03181648565141837,0.031815,,2
F24,400000,400000,3261,1,2,0.008151947259534609,0.0081525,,3
F25,400000,400000,6336,1,2,0.015839700049062794,0.01584,,6
F26,400000,400000,7917,1,2,0.019792560895607533,0.0197925,,1
F27,400000,400000,3135,1,2,0.007836342960140463,0.0078375,,5
F28,400000,400000,5406,1,2,0.01351461389463278,0.013515,,5
F29,200000,200000,7909,1,2,0.03954649903076785,0.039545,,3
F30,50000,50000,2376,1,2,0.04751771652971204,0.04752,,2
F31,400000,400000,783,1,2,0.001956894497809546,0.0019575,,4
F32,400000,400000,5160,1,2,0.012901078352166837,0.0129,,4
