Flow,Period,Deadline,Execution Time,w,h,Target_Utilization,Actual_Utilization,Utilization_Error,Queue
F1,400000,400000,6425,1,2,0.016061399663126363,0.0160625,,2
F2,400000,400000,1463,1,2,0.003657998394754225,0.0036575,,3
F3,200000,200000,3867,1,2,0.019335746784931218,0.019335,,7
F4,50000,50000,6335,1,2,0.12669487382305034,0.1267,,1
F5,400000,400000,4437,1,2,0.011091357045220573,0.0110925,,6
F6,200000,200000,1388,1,2,0.0069408229133752775,0.00694,,7
F7,400000,400000,600,1,2,0.0004012435412159565,0.0015,,6
F8,50000,50000,8848,1,2,0.17696310238866736,0.17696,,1
F9,100000,100000,3214,1,2,0.03214208699522014,0.03214,,2
F10,200000,200000,2635,1,2,0.013175785220492564,0.013175,,7
F11,100000,100000,8872,1,2,0.08872428302352192,0.08872,,5
F12,100000,100000,2551,1,2,0.02550941163311149,0.02551,,6
F13,400000,400000,600,1,2,0.0014000162034853991,0.0015,,3
F14,400000,400000,2191,1,2,0.0054775115267589325,0.0054775,,6
F15,400000,400000,6210,1,2,0.015525389201679285,0.015525,,3
F16,400000,400000,2367,1,2,0.005918333586006602,0.0059175,,4
F17,400000,400000,5042,1,2,0.012604478238717909,0.012605,,2
F18,400000,400000,600,1,2,0.00017604426656134264,0.0015,,2
F19,400000,400000,4217,1,2,0.010541938693013814,0.0105425,,5
F20,400000,400000,1719,1,2,0.004296853573961562,0.0042975,,2
F21,400000,400000,5069,1,2,0.012672342177230456,0.0126725,,4
F22,400000,400000,7487,1,2,0.018716388117353433,0.0187175,,6
F23,100000,100000,3513,1,2,0.03512797295271994,0.03513,,3
F24,200000,200000,6703,1,2,0.03351680711096096,0.033515,,7
F25,400000,400000,1900,1,2,0.00475060180559278,0.00475,,7
F26,400000,400000,600,1,2,0.0014928760381867356,0.0015,,7
F27,400000,400000,600,1,2,0.0009053331798782732,0.0015,,4
F28,200000,200000,8423,1,2,0.04211476962191657,0.042115,,2
F29,200000,200000,2817,1,2,0.01408545727793354,0.014085,,5
F30,400000,400000,8249,1,2,0.020622583825257338,0.0206225,,3
F31,200000,200000,728,1,2,0.003639060740520025,0.00364,,5
F32,400000,400000,3484,1,2,0.008709049472190254,0.00871,,3
