Flow,Period,Deadline,Execution Time,w,h,Target_Utilization,Actual_Utilization,Utilization_Error,Queue
F1,400000,400000,7263,1,2,0.01815841211387037,0.0181575,,7
F2,100000,100000,6901,1,2,0.0690078941745812,0.06901,,3
F3,400000,400000,7305,1,2,0.018262434047680576,0.0182625,,5
F4,400000,400000,10314,1,2,0.025785793365027176,0.025785,,3
F5,400000,400000,4343,1,2,0.010856545822488739,0.0108575,,2
F6,400000,400000,5259,1,2,0.01314669119824552,0.0131475,,7
F7,400000,400000,843,1,2,0.002106984377432952,0.0021075,,2
F8,200000,200000,3351,1,2,0.016754796653701165,0.016755,,2
F9,400000,400000,9355,1,2,0.023386920650841914,0.0233875,,6
F10,100000,100000,6589,1,2,0.06588980926133275,0.06589,,4
F11,400000,400000,824,1,2,0.0020601878319064792,0.00206,,4
F12,400000,400000,600,1,2,0.0013805054801332983,0.0015,,6
F13,200000,200000,8904,1,2,0.044519386451321474,0.04452,,7
F14,400000,400000,6578,1,2,0.016443920367886666,0.016445,,3
F15,100000,100000,3002,1,2,0.03001880539462809,0.03002,,4
F16,400000,400000,1237,1,2,0.003093130911950903,0.0030925,,5
F17,400000,400000,6486,1,2,0.016213809946221625,0.016215,,1
F18,400000,400000,6809,1,2,0.017022395624164577,0.0170225,,4
F19,400000,400000,10398,1,2,0.025995572227517805,0.025995,,7
F20,400000,400000,4234,1,2,0.010585749356341878,0.010585,,3
F21,400000,400000,600,1,2,0.0005693734653455795,0.0015,,5
F22,200000,200000,3201,1,2,0.016006109838928084,0.016005,,6
F23,200000,200000,2823,1,2,0.014114728542610477,0.014115,,5
F24,100000,100000,7418,1,2,0.07418320978378748,0.07418,,3
F25,400000,400000,600,1,2,0.0004246833156147378,0.0015,,7
F26,400000,400000,675,1,2,0.0016865089732886474,0.0016875,,7
F27,400000,400000,7625,1,2,0.01906136841074285,0.0190625,,1
F28,100000,100000,7241,1,2,0.07240988772455584,0.07241,,4
F29,400000,400000,4369,1,2,0.010921920937031523,0.0109225,,4
F30,400000,400000,1509,1,2,0.0037722831602039347,0.0037725,,6
F31,400000,400000,3813,1,2,0.009533414313131733,0.0095325,,1
F32,50000,50000,3222,1,2,0.06443692439170695,0.06444,,3
