Flow,Period,Deadline,Execution Time,w,h,Target_Utilization,Actual_Utilization,Utilization_Error,Queue
F1,400000,400000,5961,1,2,0.014901879109492144,0.0149025,,5
F2,200000,200000,7563,1,2,0.03781722823494904,0.037815,,1
F3,400000,400000,5479,1,2,0.013697813945806492,0.0136975,,6
F4,400000,400000,3127,1,2,0.007816466670355626,0.0078175,,5
F5,400000,400000,6869,1,2,0.017173278271141235,0.0171725,,6
F6,400000,400000,1119,1,2,0.0027972180526352197,0.0027975,,2
F7,400000,400000,1484,1,2,0.003709423502390785,0.00371,,6
F8,100000,100000,9290,1,2,0.09289797071809625,0.0929,,1
F9,400000,400000,2193,1,2,0.005482407628887853,0.0054825,,1
F10,400000,400000,2734,1,2,0.006833830640078142,0.006835,,5
F11,200000,200000,8243,1,2,0.04121326131424263,0.041215,,2
F12,400000,400000,1607,1,2,0.004017470234885856,0.0040175,,4
F13,200000,200000,2048,1,2,0.010240323613671554,0.01024,,7
F14,400000,400000,8611,1,2,0.02152663275792477,0.0215275,,3
F15,400000,400000,11635,1,2,0.02908664449403847,0.0290875,,5
F16,400000,400000,5189,1,2,0.012973615146632367,0.0129725,,3
F17,200000,200000,9052,1,2,0.04526187047068403,0.04526,,5
F18,400000,400000,9225,1,2,0.023061937095767038,0.0230625,,2
F19,400000,400000,5781,1,2,0.014451616975082682,0.0144525,,2
F20,200000,200000,9088,1,2,0.04543895470180942,0.04544,,7
F21,100000,100000,6427,1,2,0.06427051745793746,0.06427,,5
F22,400000,400000,3978,1,2,0.009946244393664039,0.009945,,1
F23,400000,400000,1587,1,2,0.003967236704565419,0.0039675,,3
F24,100000,100000,6253,1,2,0.06252597673149349,0.06253,,2
F25,200000,200000,7086,1,2,0.035428781747799315,0.03543,,3
F26,400000,400000,2504,1,2,0.006261047258573377,0.00626,,7
F27,400000,400000,600,1,2,0.0003729811202830835,0.0015,,2
F28,400000,400000,7375,1,2,0.01843655412210571,0.0184375,,7
F29,400000,400000,11701,1,2,0.029251421209531586,0.0292525,,7
F30,400000,400000,600,1,2,0.00047943291141053224,0.0015,,4
F31,400000,400000,10589,1,2,0.026473539980663263,0.0264725,,1
F32,50000,50000,2465,1,2,0.04930158900296333,0.0493,,1
