Flow,Period,Deadline,Execution Time,w,h,Target_Utilization,Actual_Utilization,Utilization_Error,Queue
F1,400000,400000,600,1,2,0.0011026157044220497,0.0015,,6
F2,200000,200000,7741,1,2,0.03870676527890082,0.038705,,7
F3,200000,200000,6813,1,2,0.03406681991983174,0.034065,,3
F4,100000,100000,6953,1,2,0.06953306253541858,0.06953,,7
F5,400000,400000,1197,1,2,0.002993096199709222,0.0029925,,5
F6,400000,400000,2185,1,2,0.005462246644090896,0.0054625,,6
F7,400000,400000,7793,1,2,0.01948344035721683,0.0194825,,7
F8,400000,400000,634,1,2,0.0015856683572799124,0.001585,,3
F9,200000,200000,872,1,2,0.004359317569056165,0.00436,,4
F10,200000,200000,1734,1,2,0.008670124888621511,0.00867,,1
F11,200000,200000,2356,1,2,0.011779470732612096,0.01178,,4
F12,100000,100000,7811,1,2,0.07810544732742969,0.07811,,7
F13,400000,400000,2345,1,2,0.0058633559680522085,0.0058625,,2
F14,400000,400000,2043,1,2,0.005108729003217183,0.0051075,,7
F15,400000,400000,10933,1,2,0.027332824277707557,0.0273325,,6
F16,400000,400000,3070,1,2,0.0076755596554572425,0.007675,,3
F17,400000,400000,8745,1,2,0.021862888964562455,0.0218625,,4
F18,400000,400000,10270,1,2,0.025674345192058967,0.025675,,5
F19,200000,200000,3391,1,2,0.016955956731199318,0.016955,,2
F20,400000,400000,3556,1,2,0.008890465629468769,0.00889,,5
F21,200000,200000,1117,1,2,0.005583990263522798,0.005585,,4
F22,50000,50000,1894,1,2,0.037881659519902966,0.03788,,2
F23,400000,400000,2485,1,2,0.006211782968989499,0.0062125,,5
F24,400000,400000,3827,1,2,0.009568160395977687,0.0095675,,3
F25,100000,100000,5153,1,2,0.05153221281644571,0.05153,,1
F26,200000,200000,9046,1,2,0.04522827745751953,0.04523,,6
F27,200000,200000,10035,1,2,0.05017317540907762,0.050175,,1
F28,200000,200000,692,1,2,0.003460038638742391,0.00346,,2
F29,400000,400000,7958,1,2,0.019895153869299104,0.019895,,1
F30,200000,200000,3330,1,2,0.016648786706091143,0.01665,,6
F31,200000,200000,9058,1,2,0.045289837781501585,0.04529,,7
F32,200000,200000,7966,1,2,0.039830932412765876,0.03983,,1
