Flow,Period,Deadline,Execution Time,w,h,Target_Utilization,Actual_Utilization,Utilization_Error,Queue
F1,400000,400000,5007,1,2,0.012517199990095151,0.0125175,,4
F2,400000,400000,3865,1,2,0.009661979434030799,0.0096625,,5
F3,400000,400000,2152,1,2,0.005379951130195071,0.00538,,7
F4,400000,400000,4633,1,2,0.01158192296959748,0.0115825,,2
F5,100000,100000,1276,1,2,0.012759381912998191,0.01276,,1
F6,400000,400000,7315,1,2,0.01828713595452225,0.0182875,,4
F7,400000,400000,4216,1,2,0.010540684738705508,0.01054,,7
F8,400000,400000,1876,1,2,0.004691225078319761,0.00469,,4
F9,200000,200000,10695,1,2,0.05347697373894289,0.053475,,2
F10,400000,400000,6870,1,2,0.017174451083790565,0.017175,,2
F11,100000,100000,4707,1,2,0.04706765387646117,0.04707,,7
F12,400000,400000,935,1,2,0.002337544691338733,0.0023375,,4
F13,100000,100000,1793,1,2,0.017931205883513268,0.01793,,3
F14,200000,200000,5283,1,2,0.026414640516932986,0.026415,,3
F15,400000,400000,600,1,2,0.0013098668617114173,0.0015,,3
F16,200000,200000,9014,1,2,0.045067530471359196,0.04507,,2
F17,100000,100000,6677,1,2,0.06677467435723122,0.06677,,7
F18,200000,200000,7349,1,2,0.036746570572503745,0.036745,,1
F19,400000,400000,5738,1,2,0.014345950556246712,0.014345,,7
F20,200000,200000,929,1,2,0.004645264611057909,0.004645,,6
F21,400000,400000,2189,1,2,0.005471892505936382,0.0054725,,3
F22,200000,200000,6898,1,2,0.034489676057696206,0.03449,,7
F23,400000,400000,2329,1,2,0.00582319848269347,0.0058225,,2
F24,400000,400000,8353,1,2,0.02088205440907326,0.0208825,,4
F25,400000,400000,9001,1,2,0.02250308283970401,0.0225025,,2
F26,400000,400000,3073,1,2,0.007681806585942114,0.0076825,,1
F27,200000,200000,7698,1,2,0.03849224324208084,0.03849,,3
F28,400000,400000,1310,1,2,0.0032746596228155622,0.003275,,5
F29,400000,400000,4882,1,2,0.012203998865202459,0.012205,,3
F30,400000,400000,4278,1,2,0.010694666811067483,0.010695,,1
F31,100000,100000,11604,1,2,0.11603705800241418,0.11604,,7
F32,100000,100000,6037,1,2,0.06037154183430951,0.06037,,3
