Flow,Period,Deadline,Execution Time,w,h,Target_Utilization,Actual_Utilization,Utilization_Error,Queue
F1,400000,400000,2527,1,2,0.00631720944857006,0.0063175,,4
F2,400000,400000,4400,1,2,0.011000299294238958,0.011,,2
F3,400000,400000,8363,1,2,0.020906793096161835,0.0209075,,4
F4,400000,400000,3269,1,2,0.008172979697890215,0.0081725,,7
F5,200000,200000,11311,1,2,0.05655543537343932,0.056555,,5
F6,400000,400000,9227,1,2,0.023068534516724748,0.0230675,,6
F7,400000,400000,600,1,2,0.0012829348339409297,0.0015,,3
F8,400000,400000,6769,1,2,0.01692134271830703,0.0169225,,5
F9,400000,400000,11374,1,2,0.028434940518816343,0.028435,,7
F10,400000,400000,9510,1,2,0.023774359640190923,0.023775,,7
F11,400000,400000,894,1,2,0.002235974367334914,0.002235,,1
F12,400000,400000,1575,1,2,0.00393638980495381,0.0039375,,5
F13,400000,400000,3018,1,2,0.007545651341064552,0.007545,,6
F14,200000,200000,1720,1,2,0.008599837968761737,0.0086,,7
F15,400000,400000,6558,1,2,0.016395057401639823,0.016395,,3
F16,400000,400000,8173,1,2,0.020433706998906898,0.0204325,,2
F17,400000,400000,5767,1,2,0.014418498241885569,0.0144175,,5
F18,200000,200000,9059,1,2,0.04529576543501218,0.045295,,4
F19,400000,400000,9835,1,2,0.024587110096046583,0.0245875,,6
F20,100000,100000,6587,1,2,0.06587125274655764,0.06587,,5
F21,200000,200000,7023,1,2,0.035112796140251756,0.035115,,3
F22,100000,100000,6409,1,2,0.06408727153846433,0.06409,,4
F23,100000,100000,5977,1,2,0.05976852516461037,0.05977,,3
F24,400000,400000,2300,1,2,0.005748901655636768,0.00575,,2
F25,400000,400000,6779,1,2,0.01694700655076456,0.0169475,,3
F26,400000,400000,4313,1,2,0.010783315050203357,0.0107825,,4
F27,400000,400000,5594,1,2,0.0139840820322156,0.013985,,1
F28,400000,400000,3305,1,2,0.008262322601682415,0.0082625,,6
F29,400000,400000,7233,1,2,0.01808269958866382,0.0180825,,1
F30,100000,100000,3299,1,2,0.032991658818588274,0.03299,,5
F31,200000,200000,8053,1,2,0.04026345122749357,0.040265,,1
F32,100000,100000,4924,1,2,0.04923887905865462,0.04924,,6
