Flow,Period,Deadline,Execution Time,w,h,Target_Utilization,Actual_Utilization,Utilization_Error,Queue
F1,100000,100000,3014,1,2,0.030140062722045502,0.03014,,7
F2,200000,200000,1691,1,2,0.008454528624571855,0.008455,,5
F3,400000,400000,4245,1,2,0.01061174517351493,0.0106125,,6
F4,400000,400000,685,1,2,0.0017126388434408613,0.0017125,,1
F5,400000,400000,600,1,2,0.0008330499264849189,0.0015,,7
F6,200000,200000,7955,1,2,0.03977654970835787,0.039775,,1
F7,400000,400000,997,1,2,0.002492780490338964,0.0024925,,4
F8,400000,400000,11595,1,2,0.028986486113170784,0.0289875,,6
F9,200000,200000,9232,1,2,0.04616178304672092,0.04616,,7
F10,400000,400000,8905,1,2,0.02226226269313536,0.0222625,,1
F11,100000,100000,632,1,2,0.006319091544295885,0.00632,,6
F12,400000,400000,4637,1,2,0.011592861804859522,0.0115925,,3
F13,100000,100000,1617,1,2,0.016170654498986914,0.01617,,4
F14,400000,400000,6483,1,2,0.01620747903214753,0.0162075,,7
F15,400000,400000,10118,1,2,0.02529514355979401,0.025295,,7
F16,400000,400000,600,1,2,0.0006267809578432981,0.0015,,6
F17,200000,200000,2113,1,2,0.010565615375331405,0.010565,,2
F18,400000,400000,600,1,2,0.0009358717739339495,0.0015,,5
F19,200000,200000,11984,1,2,0.05992118537263469,0.05992,,7
F20,200000,200000,6182,1,2,0.03091196982982808,0.03091,,6
F21,200000,200000,6023,1,2,0.030113069014692018,0.030115,,4
F22,400000,400000,1841,1,2,0.004603143803621479,0.0046025,,1
F23,50000,50000,676,1,2,0.013518785574895109,0.01352,,1
F24,400000,400000,1566,1,2,0.003915618642908236,0.003915,,7
F25,100000,100000,8479,1,2,0.08479232479473534,0.08479,,6
F26,400000,400000,3243,1,2,0.008107088188856915,0.0081075,,3
F27,400000,400000,975,1,2,0.002436556937776252,0.0024375,,2
F28,100000,100000,8269,1,2,0.08269280079183014,0.08269,,6
F29,100000,100000,4715,1,2,0.047148906375686514,0.04715,,6
F30,200000,200000,11617,1,2,0.05808662286993681,0.058085,,1
F31,400000,400000,605,1,2,0.0015133141463938467,0.0015125,,4
F32,400000,400000,8101,1,2,0.020253150434732838,0.0202525,,4
