Flow,Period,Deadline,Execution Time,w,h,Target_Utilization,Actual_Utilization,Utilization_Error,Queue
F1,400000,400000,600,1,2,0.0007488841436205096,0.0015,,4
F2,400000,400000,10671,1,2,0.026676943894937355,0.0266775,,6
F3,400000,400000,4693,1,2,0.01173264273560326,0.0117325,,7
F4,400000,400000,600,1,2,0.0005963630728396119,0.0015,,6
F5,400000,400000,6702,1,2,0.0167558028669762,0.016755,,6
F6,400000,400000,4147,1,2,0.010367180671706056,0.0103675,,4
F7,400000,400000,8707,1,2,0.021766677201368267,0.0217675,,2
F8,200000,200000,1330,1,2,0.0066496109195068875,0.00665,,2
F9,200000,200000,9659,1,2,0.04829487559726697,0.048295,,6
F10,200000,200000,6781,1,2,0.03390738771286084,0.033905,,6
F11,400000,400000,11299,1,2,0.028247702830162924,0.0282475,,7
F12,400000,400000,10014,1,2,0.025035674609303504,0.025035,,2
F13,400000,400000,8986,1,2,0.02246593819918874,0.022465,,1
F14,400000,400000,3822,1,2,0.009554387960681254,0.009555,,2
F15,200000,200000,1683,1,2,0.008413782554902105,0.008415,,1
F16,400000,400000,7685,1,2,0.019213192902485965,0.0192125,,5
F17,400000,400000,8907,1,2,0.022266771230194715,0.0222675,,6
F18,200000,200000,4670,1,2,0.02334975872484829,0.02335,,5
F19,200000,200000,2276,1,2,0.011380714351628074,0.01138,,5
F20,400000,400000,3275,1,2,0.00818868823002833,0.0081875,,3
F21,100000,100000,3511,1,2,0.03510804191209149,0.03511,,7
F22,400000,400000,11537,1,2,0.028842232984268634,0.0288425,,2
F23,100000,100000,1814,1,2,0.018139825193423498,0.01814,,1
F24,200000,200000,9169,1,2,0.045843433213791196,0.045845,,1
F25,400000,400000,9019,1,2,0.022546790136977052,0.0225475,,7
F26,100000,100000,6056,1,2,0.060564197495937167,0.06056,,6
F27,100000,100000,8227,1,2,0.08226677467489796,0.08227,,6
F28,400000,400000,7272,1,2,0.018179223264041332,0.01818,,7
F29,400000,400000,600,1,2,0.0014007834808091243,0.0015,,4
F30,400000,400000,2946,1,2,0.007364166260349834,0.007365,,5
F31,400000,400000,616,1,2,0.0015405042259315493,0.00154,,7
F32,400000,400000,10985,1,2,0.027461378713259082,0.0274625,,1
