Flow,Period,Deadline,Execution Time,w,h,Target_Utilization,Actual_Utilization,Utilization_Error,Queue
F1,400000,400000,1725,1,2,0.00431191642979456,0.0043125,,1
F2,400000,400000,5996,1,2,0.014989598079024002,0.01499,,7
F3,100000,100000,4200,1,2,0.04200035343148256,0.042,,6
F4,200000,200000,1063,1,2,0.005314830720334784,0.005315,,4
F5,200000,200000,10939,1,2,0.05469405385988346,0.054695,,6
F6,400000,400000,10638,1,2,0.026595069314124586,0.026595,,1
F7,200000,200000,4920,1,2,0.024600368928899274,0.0246,,7
F8,200000,200000,11445,1,2,0.05722581976562657,0.057225,,6
F9,50000,50000,6467,1,2,0.12933780433502218,0.12934,,6
F10,400000,400000,6845,1,2,0.017113376409698122,0.0171125,,2
F11,400000,400000,2938,1,2,0.0073454759958412885,0.007345,,2
F12,400000,400000,600,1,2,0.00020460037619285387,0.0015,,3
F13,400000,400000,6998,1,2,0.017494258063380674,0.017495,,3
F14,100000,100000,4144,1,2,0.04144054853024354,0.04144,,3
F15,400000,400000,782,1,2,0.0019560625468921233,0.001955,,4
F16,400000,400000,600,1,2,0.00023960627941438384,0.0015,,5
F17,100000,100000,5397,1,2,0.05397017358749123,0.05397,,3
F18,400000,400000,10870,1,2,0.027174438507221926,0.027175,,3
F19,400000,400000,9253,1,2,0.023131826366977193,0.0231325,,5
F20,100000,100000,8818,1,2,0.08818310891503195,0.08818,,6
F21,400000,400000,600,1,2,0.00044829064396059715,0.0015,,7
F22,400000,400000,600,1,2,0.0009567547400198551,0.0015,,4
F23,200000,200000,6303,1,2,0.031514119010600944,0.031515,,7
F24,400000,400000,863,1,2,0.0021570839545955456,0.0021575,,6
F25,400000,400000,4951,1,2,0.012377892694316286,0.0123775,,6
F26,400000,400000,6489,1,2,0.01622313369982699,0.0162225,,1
F27,200000,200000,5459,1,2,0.027295052850758568,0.027295,,6
F28,100000,100000,1856,1,2,0.01855916793197117,0.01856,,6
F29,200000,200000,708,1,2,0.003541021393011424,0.00354,,7
F30,400000,400000,3907,1,2,0.009767103911815027,0.0097675,,5
F31,400000,400000,600,1,2,0.0005565369569792231,0.0015,,2
F32,400000,400000,4109,1,2,0.010273061343017108,0.0102725,,3
