Flow,Period,Deadline,Execution Time,w,h,Target_Utilization,Actual_Utilization,Utilization_Error,Queue
F1,400000,400000,600,1,2,0.00048088611568164463,0.0015,,3
F2,400000,400000,3723,1,2,0.009308631910276088,0.0093075,,4
F3,200000,200000,1426,1,2,0.007130515604687027,0.00713,,2
F4,200000,200000,6203,1,2,0.03101281555608526,0.031015,,2
F5,400000,400000,5616,1,2,0.014040258074461964,0.01404,,1
F6,50000,50000,709,1,2,0.014178956058378822,0.01418,,2
F7,400000,400000,2373,1,2,0.005931353866942657,0.0059325,,5
F8,100000,100000,4441,1,2,0.04441106898735059,0.04441,,3
F9,200000,200000,2117,1,2,0.010585636932654574,0.010585,,6
F10,400000,400000,847,1,2,0.0021184550256804213,0.0021175,,6
F11,400000,400000,7802,1,2,0.019504724921724392,0.019505,,2
F12,200000,200000,3531,1,2,0.017655023938388914,0.017655,,5
F13,400000,400000,7546,1,2,0.018864243024468652,0.018865,,6
F14,400000,400000,6570,1,2,0.016424902916212625,0.016425,,3
F15,400000,400000,1183,1,2,0.0029571709004581614,0.0029575,,2
F16,400000,400000,852,1,2,0.0021301661607532885,0.00213,,4
F17,400000,400000,5555,1,2,0.013887571585567915,0.0138875,,7
F18,200000,200000,5155,1,2,0.02577540939730405,0.025775,,3
F19,200000,200000,1622,1,2,0.008109598913491278,0.00811,,5
F20,100000,100000,10074,1,2,0.10073502855215849,0.10074,,3
F21,200000,200000,10811,1,2,0.05405333889355285,0.054055,,6
F22,50000,50000,2593,1,2,0.05186114548031809,0.05186,,3
F23,400000,400000,3691,1,2,0.009227072533617126,0.0092275,,3
F24,400000,400000,7343,1,2,0.018358213643748816,0.0183575,,7
F25,400000,400000,9747,1,2,0.024367549222219953,0.0243675,,5
F26,400000,400000,8076,1,2,0.02019024508398637,0.02019,,1
F27,200000,200000,5371,1,2,0.026854213976218372,0.026855,,6
F28,50000,50000,1940,1,2,0.0388016423483097,0.0388,,6
F29,400000,400000,600,1,2,0.0007475167048554138,0.0015,,3
F30,200000,200000,9863,1,2,0.049316066172645175,0.049315,,5
F31,100000,100000,3288,1,2,0.03288024880849669,0.03288,,5
F32,200000,200000,3571,1,2,0.017855547705641062,0.017855,,1
