Flow,Period,Deadline,Execution Time,w,h,Target_Utilization,Actual_Utilization,Utilization_Error,Queue
F1,400000,400000,3324,1,2,0.008309610119854205,0.00831,,7
F2,400000,400000,1537,1,2,0.00384161521706583,0.0038425,,3
F3,200000,200000,6743,1,2,0.03371595973083341,0.033715,,6
F4,100000,100000,3017,1,2,0.030169189482167513,0.03017,,6
F5,200000,200000,10909,1,2,0.05454515843841734,0.054545,,5
F6,50000,50000,4956,1,2,0.09911573529548912,0.09912,,5
F7,400000,400000,600,1,2,0.0012554073751882555,0.0015,,4
F8,400000,400000,3603,1,2,0.009006501036987025,0.0090075,,6
F9,400000,400000,3641,1,2,0.009102868591584656,0.0091025,,5
F10,100000,100000,4145,1,2,0.04145004106527217,0.04145,,6
F11,400000,400000,1737,1,2,0.004343473324891434,0.0043425,,1
F12,200000,200000,7781,1,2,0.038907424215050834,0.038905,,2
F13,200000,200000,8510,1,2,0.04254887998509588,0.04255,,5
F14,400000,400000,5152,1,2,0.012879386250636837,0.01288,,6
F15,400000,400000,9043,1,2,0.022608530902098134,0.0226075,,2
F16,400000,400000,5301,1,2,0.013251754039741936,0.0132525,,7
F17,100000,100000,1383,1,2,0.01382915535107565,0.01383,,2
F18,400000,400000,5721,1,2,0.014303597227725284,0.0143025,,5
F19,100000,100000,5040,1,2,0.05040167247678931,0.0504,,5
F20,400000,400000,1947,1,2,0.0048681836802006995,0.0048675,,2
F21,200000,200000,616,1,2,0.003080817674327635,0.00308,,6
F22,50000,50000,1298,1,2,0.025958774790259043,0.02596,,7
F23,100000,100000,3852,1,2,0.038521854327704386,0.03852,,5
F24,400000,400000,3719,1,2,0.009296745211917007,0.0092975,,7
F25,400000,400000,2581,1,2,0.006452876759763457,0.0064525,,5
F26,400000,400000,7225,1,2,0.018062822261818406,0.0180625,,6
F27,400000,400000,5197,1,2,0.01299164824621507,0.0129925,,5
F28,200000,200000,2020,1,2,0.010101043376532823,0.0101,,2
F29,200000,200000,5635,1,2,0.028174297876487182,0.028175,,5
F30,100000,100000,1256,1,2,0.012559271402844845,0.01256,,4
F31,200000,200000,6420,1,2,0.032101540321635834,0.0321,,2
F32,400000,400000,3519,1,2,0.008798701208915634,0.0087975,,4
