Flow,Period,Deadline,Execution Time,w,h,Target_Utilization,Actual_Utilization,Utilization_Error,Queue
F1,400000,400000,9050,1,2,0.02262531500920628,0.022625,,7
F2,200000,200000,4280,1,2,0.02140015287312691,0.0214,,5
F3,200000,200000,8117,1,2,0.04058513821909138,0.040585,,5
F4,400000,400000,600,1,2,0.0013953272142197548,0.0015,,1
F5,400000,400000,689,1,2,0.0017222350309149537,0.0017225,,5
F6,100000,100000,3172,1,2,0.031718584165425834,0.03172,,1
F7,400000,400000,600,1,2,0.00018807672590048785,0.0015,,1
F8,400000,400000,5818,1,2,0.014545949904526512,0.014545,,7
F9,400000,400000,4226,1,2,0.01056592461830752,0.010565,,6
F10,400000,400000,9642,1,2,0.02410390820596886,0.024105,,4
F11,200000,200000,1189,1,2,0.005944513682561103,0.005945,,4
F12,200000,200000,8454,1,2,0.042268265656211335,0.04227,,2
F13,100000,100000,8795,1,2,0.08795209889893246,0.08795,,1
F14,100000,100000,3041,1,2,0.030409958833284234,0.03041,,3
F15,400000,400000,891,1,2,0.002226756191618884,0.0022275,,7
F16,200000,200000,6075,1,2,0.030373539264415605,0.030375,,5
F17,400000,400000,7801,1,2,0.0195021967268334,0.0195025,,4
F18,400000,400000,10406,1,2,0.026014804882141473,0.026015,,7
F19,400000,400000,9617,1,2,0.024043416673310836,0.0240425,,2
F20,50000,50000,5236,1,2,0.10471828086504406,0.10472,,2
F21,400000,400000,7145,1,2,0.01786188378420675,0.0178625,,3
F22,100000,100000,4649,1,2,0.04649145595030388,0.04649,,1
F23,400000,400000,1310,1,2,0.0032744771668093697,0.003275,,1
F24,400000,400000,5256,1,2,0.01314037780190419,0.01314,,5
F25,200000,200000,6096,1,2,0.030478049473829594,0.03048,,2
F26,400000,400000,1461,1,2,0.0036535696964592745,0.0036525,,1
F27,200000,200000,4536,1,2,0.022680568056249878,0.02268,,3
F28,200000,200000,3742,1,2,0.01870972654690932,0.01871,,6
F29,400000,400000,7371,1,2,0.018426424864211956,0.0184275,,2
F30,400000,400000,1202,1,2,0.00300392535109497,0.003005,,4
F31,400000,400000,9759,1,2,0.024397742519066477,0.0243975,,1
F32,200000,200000,4102,1,2,0.02051066328145789,0.02051,,1
