Flow,Period,Deadline,Execution Time,w,h,Target_Utilization,Actual_Utilization,Utilization_Error,Queue
F1,200000,200000,7130,1,2,0.03565125498224997,0.03565,,7
F2,50000,50000,5043,1,2,0.10085950824196732,0.10086,,7
F3,400000,400000,4062,1,2,0.010154018130944298,0.010155,,4
F4,400000,400000,4118,1,2,0.010294424038253536,0.010295,,3
F5,400000,400000,8271,1,2,0.020677314593731344,0.0206775,,7
F6,400000,400000,8541,1,2,0.021352444495084333,0.0213525,,3
F7,200000,200000,1769,1,2,0.00884405787693332,0.008845,,2
F8,400000,400000,8600,1,2,0.021498779918917355,0.0215,,6
F9,200000,200000,11061,1,2,0.055306485642505177,0.055305,,7
F10,400000,400000,909,1,2,0.0022730499737296794,0.0022725,,1
F11,200000,200000,4747,1,2,0.023734676483332495,0.023735,,1
F12,200000,200000,1392,1,2,0.006959868138267211,0.00696,,1
F13,400000,400000,10101,1,2,0.025253361556015486,0.0252525,,2
F14,400000,400000,5923,1,2,0.014806307347489,0.0148075,,1
F15,400000,400000,4012,1,2,0.010029919183154268,0.01003,,7
F16,400000,400000,2367,1,2,0.005916259600026452,0.0059175,,6
F17,200000,200000,8617,1,2,0.04308747800739349,0.043085,,6
F18,200000,200000,609,1,2,0.003044510355756813,0.003045,,7
F19,100000,100000,2947,1,2,0.02946927527434956,0.02947,,4
F20,400000,400000,10390,1,2,0.02597582388637598,0.025975,,5
F21,200000,200000,8829,1,2,0.044146825177022675,0.044145,,3
F22,50000,50000,4898,1,2,0.09795942320879525,0.09796,,2
F23,400000,400000,6199,1,2,0.015496368684198625,0.0154975,,5
F24,200000,200000,11784,1,2,0.05891799982896059,0.05892,,6
F25,200000,200000,3405,1,2,0.017024226037530815,0.017025,,4
F26,100000,100000,949,1,2,0.009490445653911453,0.00949,,5
F27,200000,200000,989,1,2,0.0049447319076346,0.004945,,3
F28,200000,200000,6273,1,2,0.03136398468091556,0.031365,,3
F29,50000,50000,721,1,2,0.014418909762597715,0.01442,,6
F30,400000,400000,1348,1,2,0.0033690362396515544,0.00337,,4
F31,400000,400000,655,1,2,0.0016384109303065036,0.0016375,,5
F32,50000,50000,766,1,2,0.015320025405416675,0.01532,,2
