Flow,Period,Deadline,Execution Time,w,h,Target_Utilization,Actual_Utilization,Utilization_Error,Queue
F1,400000,400000,6373,1,2,0.015933268125446043,0.0159325,,3
F2,200000,200000,4360,1,2,0.021798863541619418,0.0218,,1
F3,400000,400000,1870,1,2,0.004673815599517628,0.004675,,5
F4,400000,400000,5219,1,2,0.013047289977953347,0.0130475,,1
F5,100000,100000,3359,1,2,0.03359198696757526,0.03359,,1
F6,200000,200000,10891,1,2,0.05445476361843449,0.054455,,7
F7,50000,50000,4128,1,2,0.08256371123862494,0.08256,,5
F8,400000,400000,1755,1,2,0.004388032359423422,0.0043875,,7
F9,400000,400000,1192,1,2,0.0029800587864142747,0.00298,,4
F10,400000,400000,3245,1,2,0.008112115414933951,0.0081125,,5
F11,400000,400000,1883,1,2,0.004707061568360871,0.0047075,,6
F12,200000,200000,1221,1,2,0.006106244343512479,0.006105,,1
F13,200000,200000,5795,1,2,0.028974793813566102,0.028975,,7
F14,400000,400000,9683,1,2,0.024207276223827845,0.0242075,,5
F15,400000,400000,11513,1,2,0.028781827740123223,0.0287825,,3
F16,400000,400000,7651,1,2,0.019126817381758754,0.0191275,,7
F17,400000,400000,1744,1,2,0.004361172219008891,0.00436,,3
F18,400000,400000,7305,1,2,0.018261411325172783,0.0182625,,4
F19,50000,50000,5707,1,2,0.11414370108706218,0.11414,,7
F20,200000,200000,5137,1,2,0.025685902206232153,0.025685,,4
F21,400000,400000,3615,1,2,0.009036659589125168,0.0090375,,4
F22,400000,400000,676,1,2,0.0016887777767060352,0.00169,,1
F23,100000,100000,7577,1,2,0.07576614303567014,0.07577,,1
F24,100000,100000,6601,1,2,0.06601311800007686,0.06601,,3
F25,400000,400000,5133,1,2,0.012832452159476898,0.0128325,,7
F26,400000,400000,600,1,2,3.5963498341201605e-05,0.0015,,6
F27,400000,400000,775,1,2,0.0019363118906019217,0.0019375,,6
F28,400000,400000,6917,1,2,0.017292888094418243,0.0172925,,5
F29,400000,400000,3717,1,2,0.009291368768571819,0.0092925,,3
F30,400000,400000,600,1,2,0.00013599273470668582,0.0015,,4
F31,200000,200000,9825,1,2,0.04912314944634863,0.049125,,5
F32,400000,400000,600,1,2,0.0014546329342148077,0.0015,,1
