Flow,Period,Deadline,Execution Time,w,h,Target_Utilization,Actual_Utilization,Utilization_Error,Queue
F1,100000,100000,2680,1,2,0.02679931697547233,0.0268,,4
F2,400000,400000,7761,1,2,0.019402384055277833,0.0194025,,3
F3,400000,400000,3629,1,2,0.009073364363524017,0.0090725,,1
F4,200000,200000,6458,1,2,0.03228817958411079,0.03229,,1
F5,100000,100000,1799,1,2,0.017988976834208636,0.01799,,4
F6,400000,400000,1146,1,2,0.0028659773965059587,0.002865,,1
F7,400000,400000,4871,1,2,0.012178537086629415,0.0121775,,4
F8,400000,400000,5823,1,2,0.014558141926922619,0.0145575,,6
F9,50000,50000,1742,1,2,0.034841277612458366,0.03484,,6
F10,200000,200000,5280,1,2,0.02639879504529663,0.0264,,5
F11,400000,400000,600,1,2,0.0008978392398915069,0.0015,,7
F12,400000,400000,604,1,2,0.0015100605833582303,0.00151,,2
F13,400000,400000,600,1,2,0.0011616890390591106,0.0015,,2
F14,400000,400000,6765,1,2,0.016912723073495672,0.0169125,,2
F15,400000,400000,7191,1,2,0.01797789330613897,0.0179775,,1
F16,200000,200000,2301,1,2,0.011505536328092758,0.011505,,5
F17,400000,400000,9841,1,2,0.024603191207186126,0.0246025,,6
F18,400000,400000,11220,1,2,0.02804892926099145,0.02805,,6
F19,200000,200000,7023,1,2,0.03511332424384617,0.035115,,5
F20,200000,200000,5141,1,2,0.025703861549436602,0.025705,,3
F21,200000,200000,6645,1,2,0.03322436178263183,0.033225,,5
F22,400000,400000,9219,1,2,0.02304709161416446,0.0230475,,1
F23,400000,400000,8999,1,2,0.022497456188629528,0.0224975,,5
F24,400000,400000,1282,1,2,0.0032042703821025253,0.003205,,2
F25,100000,100000,7033,1,2,0.0703296625353777,0.07033,,5
F26,200000,200000,2993,1,2,0.014965462369406685,0.014965,,3
F27,400000,400000,7570,1,2,0.018925984154818998,0.018925,,6
F28,100000,100000,2415,1,2,0.024150938473364053,0.02415,,4
F29,50000,50000,3707,1,2,0.07413796228193899,0.07414,,6
F30,100000,100000,5362,1,2,0.05362030205774633,0.05362,,6
F31,400000,400000,1622,1,2,0.004054605758666938,0.004055,,2
F32,200000,200000,7006,1,2,0.03502896805557475,0.03503,,1
