Flow,Period,Deadline,Execution Time,w,h,Target_Utilization,Actual_Utilization,Utilization_Error,Queue
F1,200000,200000,8053,1,2,0.04026255204228624,0.040265,,1
F2,400000,400000,7911,1,2,0.019776546238705173,0.0197775,,1
F3,100000,100000,656,1,2,0.0065592905124586265,0.00656,,7
F4,100000,100000,3816,1,2,0.038160472544130464,0.03816,,7
F5,400000,400000,8545,1,2,0.021361896180016382,0.0213625,,4
F6,400000,400000,2100,1,2,0.005251076589316894,0.00525,,2
F7,400000,400000,1247,1,2,0.003117007872328381,0.0031175,,6
F8,200000,200000,1449,1,2,0.007244156245138855,0.007245,,1
F9,400000,400000,10409,1,2,0.02602169888824124,0.0260225,,3
F10,400000,400000,4761,1,2,0.011902387531909198,0.0119025,,3
F11,400000,400000,600,1,2,0.00016106253878034327,0.0015,,5
F12,400000,400000,8702,1,2,0.02175396737726587,0.021755,,5
F13,50000,50000,2705,1,2,0.05409798001922461,0.0541,,7
F14,200000,200000,10323,1,2,0.05161505277033396,0.051615,,2
F15,200000,200000,7478,1,2,0.03738946464149939,0.03739,,2
F16,200000,200000,9914,1,2,0.049570611801325604,0.04957,,7
F17,100000,100000,4349,1,2,0.043488176193554606,0.04349,,7
F18,100000,100000,8733,1,2,0.08732646317862294,0.08733,,7
F19,400000,400000,791,1,2,0.0019771789682666574,0.0019775,,7
F20,200000,200000,11084,1,2,0.05542015031562411,0.05542,,7
F21,400000,400000,1076,1,2,0.0026898262081116175,0.00269,,4
F22,200000,200000,11817,1,2,0.05908403202946294,0.059085,,7
F23,400000,400000,6790,1,2,0.016975228334438763,0.016975,,6
F24,400000,400000,1522,1,2,0.0038058736138895377,0.003805,,7
F25,100000,100000,1477,1,2,0.014771054919690954,0.01477,,5
F26,50000,50000,600,1,2,0.01200001979083544,0.012,,6
F27,200000,200000,9572,1,2,0.04786201280672095,0.04786,,2
F28,400000,400000,600,1,2,0.000630890349959664,0.0015,,1
F29,400000,400000,1138,1,2,0.002846220795801352,0.002845,,3
F30,400000,400000,1296,1,2,0.0032412498561149514,0.00324,,2
F31,400000,400000,4723,1,2,0.011807071794476839,0.0118075,,4
F32,200000,200000,1038,1,2,0.005189185471184762,0.00519,,1
