Flow,Period,Deadline,Execution Time,w,h,Target_Utilization,Actual_Utilization,Utilization_Error,Queue
F1,200000,200000,1516,1,2,0.007580213052057361,0.00758,,3
F2,400000,400000,5811,1,2,0.014526760816605644,0.0145275,,6
F3,400000,400000,11111,1,2,0.027777434416582203,0.0277775,,4
F4,400000,400000,9568,1,2,0.02391932841021982,0.02392,,2
F5,200000,200000,4732,1,2,0.023659725575254753,0.02366,,5
F6,100000,100000,3465,1,2,0.03464928662007816,0.03465,,5
F7,200000,200000,10555,1,2,0.052774038011143776,0.052775,,7
F8,100000,100000,10341,1,2,0.10340878643719537,0.10341,,1
F9,200000,200000,6681,1,2,0.03340368126511073,0.033405,,1
F10,400000,400000,2941,1,2,0.0073515127586514795,0.0073525,,5
F11,200000,200000,9162,1,2,0.04580805615040978,0.04581,,4
F12,200000,200000,6970,1,2,0.034851644025686745,0.03485,,7
F13,400000,400000,9795,1,2,0.024488277270363235,0.0244875,,7
F14,400000,400000,631,1,2,0.0015779823561146156,0.0015775,,2
F15,400000,400000,4285,1,2,0.010711295982478941,0.0107125,,3
F16,400000,400000,600,1,2,0.000762096325687911,0.0015,,5
F17,50000,50000,2189,1,2,0.04377800317846334,0.04378,,2
F18,200000,200000,6023,1,2,0.03011555158357937,0.030115,,3
F19,400000,400000,3425,1,2,0.00856341368774341,0.0085625,,2
F20,200000,200000,6024,1,2,0.030122042386476977,0.03012,,6
F21,400000,400000,719,1,2,0.0017970875211875126,0.0017975,,1
F22,400000,400000,812,1,2,0.002030060021872643,0.00203,,3
F23,400000,400000,8093,1,2,0.02023194239383469,0.0202325,,1
F24,400000,400000,1308,1,2,0.0032705988814973053,0.00327,,2
F25,200000,200000,9931,1,2,0.049654941107393824,0.049655,,5
F26,400000,400000,1854,1,2,0.004634903246581723,0.004635,,4
F27,400000,400000,3874,1,2,0.009685661248427666,0.009685,,4
F28,200000,200000,9234,1,2,0.046171063089190584,0.04617,,6
F29,200000,200000,967,1,2,0.004835326374753177,0.004835,,7
F30,400000,400000,2638,1,2,0.006593905476793359,0.006595,,6
F31,400000,400000,632,1,2,0.0015804076022658872,0.00158,,7
F32,200000,200000,2092,1,2,0.010460192665857753,0.01046,,7
