Flow,Period,Deadline,Execution Time,w,h,Target_Utilization,Actual_Utilization,Utilization_Error,Queue
F1,400000,400000,2125,1,2,0.0053117718559312355,0.0053125,,5
F2,400000,400000,4817,1,2,0.012042206260849508,0.0120425,,7
F3,100000,100000,3123,1,2,0.0312283284401621,0.03123,,1
F4,200000,200000,7939,1,2,0.03969738135153866,0.039695,,3
F5,400000,400000,2279,1,2,0.0056973561669614314,0.0056975,,6
F6,50000,50000,1616,1,2,0.0323202056984101,0.03232,,7
F7,100000,100000,5581,1,2,0.055811971033354335,0.05581,,7
F8,200000,200000,2003,1,2,0.010015834394935585,0.010015,,1
F9,400000,400000,1740,1,2,0.004350810373010772,0.00435,,4
F10,400000,400000,600,1,2,0.0012544574381376794,0.0015,,3
F11,100000,100000,3277,1,2,0.03276879232989771,0.03277,,6
F12,200000,200000,9345,1,2,0.04672565770909459,0.046725,,6
F13,400000,400000,2999,1,2,0.0074962640038769845,0.0074975,,1
F14,400000,400000,4129,1,2,0.010321816652609173,0.0103225,,3
F15,100000,100000,4285,1,2,0.04284784671849551,0.04285,,7
F16,400000,400000,3747,1,2,0.009367140570136823,0.0093675,,6
F17,100000,100000,2189,1,2,0.021889869331980172,0.02189,,7
F18,400000,400000,600,1,2,0.00029186526178953676,0.0015,,2
F19,200000,200000,10513,1,2,0.05256303385591704,0.052565,,2
F20,400000,400000,7523,1,2,0.018806946217222786,0.0188075,,1
F21,400000,400000,8545,1,2,0.02136328028722101,0.0213625,,2
F22,200000,200000,5873,1,2,0.029364950430747994,0.029365,,6
F23,200000,200000,10919,1,2,0.05459692936357957,0.054595,,3
F24,200000,200000,4046,1,2,0.020228911505998176,0.02023,,3
F25,200000,200000,7230,1,2,0.036148730549719316,0.03615,,2
F26,400000,400000,5663,1,2,0.014158732569217097,0.0141575,,2
F27,400000,400000,2683,1,2,0.006707800685427173,0.0067075,,2
F28,400000,400000,2973,1,2,0.007432211168680966,0.0074325,,3
F29,100000,100000,10287,1,2,0.10286951043949077,0.10287,,3
F30,400000,400000,829,1,2,0.002072339485615346,0.0020725,,1
F31,400000,400000,1088,1,2,0.0027193746289609095,0.00272,,7
F32,400000,400000,3033,1,2,0.007581741351213863,0.0075825,,7
