Flow,Period,Deadline,Execution Time,w,h,Target_Utilization,Actual_Utilization,Utilization_Error,Queue
F1,200000,200000,3588,1,2,0.017939791853101794,0.01794,,2
F2,100000,100000,6045,1,2,0.06044965204262698,0.06045,,5
F3,400000,400000,9106,1,2,0.02276537020219216,0.022765,,5
F4,400000,400000,600,1,2,0.00012318819998857755,0.0015,,4
F5,400000,400000,1024,1,2,0.002559238860884716,0.00256,,1
F6,100000,100000,1669,1,2,0.01669043120980107,0.01669,,6
F7,200000,200000,2859,1,2,0.014295472682918198,0.014295,,3
F8,100000,100000,5700,1,2,0.05700201508492686,0.057,,6
F9,400000,400000,3287,1,2,0.00821661438335286,0.0082175,,7
F10,200000,200000,6641,1,2,0.033207241583182334,0.033205,,4
F11,400000,400000,1226,1,2,0.0030653745632652774,0.003065,,5
F12,400000,400000,2362,1,2,0.005903970050195606,0.005905,,4
F13,400000,400000,3912,1,2,0.00977907862178029,0.00978,,4
F14,400000,400000,9095,1,2,0.022738663797011005,0.0227375,,1
F15,400000,400000,6185,1,2,0.015462182724937823,0.0154625,,5
F16,400000,400000,6939,1,2,0.01734825255648098,0.0173475,,4
F17,400000,400000,1998,1,2,0.004994168249184805,0.004995,,6
F18,100000,100000,1348,1,2,0.013479518640153565,0.01348,,2
F19,400000,400000,1280,1,2,0.003199748406151892,0.0032,,3
F20,400000,400000,7962,1,2,0.019904414365135847,0.019905,,7
F21,100000,100000,11707,1,2,0.11706843597383143,0.11707,,1
F22,200000,200000,998,1,2,0.004989110202012148,0.00499,,2
F23,100000,100000,918,1,2,0.009180744880571523,0.00918,,1
F24,400000,400000,6986,1,2,0.017464634502627252,0.017465,,3
F25,200000,200000,5767,1,2,0.028834483735960537,0.028835,,6
F26,200000,200000,8818,1,2,0.04409005363314947,0.04409,,5
F27,100000,100000,6372,1,2,0.06371663152391645,0.06372,,7
F28,100000,100000,4241,1,2,0.042410085212474594,0.04241,,2
F29,200000,200000,1464,1,2,0.007320520462576086,0.00732,,7
F30,400000,400000,3015,1,2,0.007537099530792742,0.0075375,,6
F31,200000,200000,1203,1,2,0.006015095356132628,0.006015,,1
F32,200000,200000,10213,1,2,0.05106510335809701,0.051065,,7
