Flow,Period,Deadline,Execution Time,w,h,Target_Utilization,Actual_Utilization,Utilization_Error,Queue
F1,100000,100000,3007,1,2,0.030067736619164953,0.03007,,7
F2,200000,200000,5917,1,2,0.029585058472445636,0.029585,,5
F3,400000,400000,991,1,2,0.002476885223237857,0.0024775,,4
F4,400000,400000,3793,1,2,0.009481898384489984,0.0094825,,5
F5,200000,200000,9065,1,2,0.045325264622226635,0.045325,,3
F6,400000,400000,7413,1,2,0.01853283615495771,0.0185325,,6
F7,400000,400000,9637,1,2,0.024091819572070294,0.0240925,,7
F8,400000,400000,8498,1,2,0.021246249826297303,0.021245,,3
F9,400000,400000,3136,1,2,0.007840187841413049,0.00784,,6
F10,400000,400000,11225,1,2,0.028063488435835282,0.0280625,,3
F11,200000,200000,9360,1,2,0.04679786831280247,0.0468,,2
F12,400000,400000,8165,1,2,0.020413315269068533,0.0204125,,1
F13,400000,400000,5266,1,2,0.013165198800611788,0.013165,,7
F14,400000,400000,3357,1,2,0.008393633963185043,0.0083925,,2
F15,400000,400000,6127,1,2,0.015317771131391711,0.0153175,,3
F16,400000,400000,2449,1,2,0.0061217855835757895,0.0061225,,3
F17,200000,200000,3785,1,2,0.018926160442847895,0.018925,,7
F18,200000,200000,10491,1,2,0.052452942108362155,0.052455,,7
F19,100000,100000,2943,1,2,0.029430824965686664,0.02943,,2
F20,400000,400000,6426,1,2,0.016065789012095266,0.016065,,2
F21,400000,400000,9429,1,2,0.023571694972100654,0.0235725,,5
F22,400000,400000,4609,1,2,0.011523247746595244,0.0115225,,6
F23,400000,400000,6327,1,2,0.015816331007437456,0.0158175,,5
F24,400000,400000,1969,1,2,0.0049222463870370325,0.0049225,,1
F25,400000,400000,1522,1,2,0.0038045227370491763,0.003805,,7
F26,400000,400000,600,1,2,0.00032729395258507266,0.0015,,4
F27,200000,200000,2558,1,2,0.012790738057989581,0.01279,,1
F28,100000,100000,6021,1,2,0.06020758854715369,0.06021,,7
F29,400000,400000,11025,1,2,0.027562948830497147,0.0275625,,6
F30,100000,100000,8603,1,2,0.0860344805868187,0.08603,,7
F31,400000,400000,8722,1,2,0.021804681262125175,0.021805,,2
F32,50000,50000,2455,1,2,0.049099276167042516,0.0491,,7
