Flow,Period,Deadline,Execution Time,w,h,Target_Utilization,Actual_Utilization,Utilization_Error,Queue
F1,400000,400000,600,1,2,0.00045160649106190665,0.0015,,4
F2,200000,200000,8596,1,2,0.042978453119326354,0.04298,,2
F3,400000,400000,5955,1,2,0.014887689669126014,0.0148875,,1
F4,400000,400000,11978,1,2,0.02994406367129976,0.029945,,7
F5,200000,200000,662,1,2,0.003308823919076276,0.00331,,7
F6,400000,400000,8795,1,2,0.021986832371032716,0.0219875,,5
F7,400000,400000,1475,1,2,0.003687488313759979,0.0036875,,5
F8,100000,100000,3219,1,2,0.03219043995951554,0.03219,,7
F9,400000,400000,10149,1,2,0.025372906356724734,0.0253725,,2
F10,400000,400000,10671,1,2,0.026678497123385103,0.0266775,,6
F11,400000,400000,11261,1,2,0.028152951807385918,0.0281525,,2
F12,400000,400000,1643,1,2,0.004108040398158375,0.0041075,,6
F13,400000,400000,1713,1,2,0.0042820515543713356,0.0042825,,5
F14,200000,200000,4333,1,2,0.0216650183346912,0.021665,,6
F15,200000,200000,6127,1,2,0.0306355089321394,0.030635,,2
F16,200000,200000,11073,1,2,0.0553666681980331,0.055365,,7
F17,200000,200000,8078,1,2,0.04038965547173373,0.04039,,7
F18,400000,400000,3187,1,2,0.007967786210813566,0.0079675,,4
F19,400000,400000,11191,1,2,0.027976459825530986,0.0279775,,7
F20,400000,400000,2285,1,2,0.005712879695429662,0.0057125,,7
F21,200000,200000,6763,1,2,0.033812502087077784,0.033815,,2
F22,400000,400000,4845,1,2,0.012113063815516717,0.0121125,,1
F23,50000,50000,1963,1,2,0.03925834887857482,0.03926,,2
F24,100000,100000,974,1,2,0.009740393650333384,0.00974,,2
F25,100000,100000,2436,1,2,0.02435897489985739,0.02436,,4
F26,200000,200000,5526,1,2,0.027629154181667226,0.02763,,5
F27,400000,400000,10544,1,2,0.02636082945903548,0.02636,,1
F28,400000,400000,5437,1,2,0.013592182123575033,0.0135925,,3
F29,400000,400000,883,1,2,0.0022083328724155082,0.0022075,,3
F30,400000,400000,9727,1,2,0.02431730993246277,0.0243175,,7
F31,200000,200000,5637,1,2,0.02818586984150124,0.028185,,5
F32,200000,200000,6879,1,2,0.03439296558376411,0.034395,,7
