Flow,Period,Deadline,Execution Time,w,h,Target_Utilization,Actual_Utilization,Utilization_Error,Queue
F1,400000,400000,2353,1,2,0.005881919684809778,0.0058825,,2
F2,50000,50000,2088,1,2,0.04175921711544328,0.04176,,4
F3,400000,400000,1478,1,2,0.003696166459761563,0.003695,,7
F4,200000,200000,7924,1,2,0.03961947056506987,0.03962,,6
F5,200000,200000,1204,1,2,0.006019872801266479,0.00602,,4
F6,200000,200000,1274,1,2,0.006370093852661962,0.00637,,7
F7,400000,400000,11026,1,2,0.027563985777327216,0.027565,,4
F8,200000,200000,6609,1,2,0.033043373005199994,0.033045,,6
F9,400000,400000,802,1,2,0.0020057943748912344,0.002005,,1
F10,100000,100000,1533,1,2,0.015331074117651111,0.01533,,1
F11,400000,400000,3623,1,2,0.009058113760884168,0.0090575,,6
F12,400000,400000,1066,1,2,0.0026658678513293843,0.002665,,3
F13,200000,200000,7919,1,2,0.03959281334349829,0.039595,,5
F14,200000,200000,8007,1,2,0.040036203800489334,0.040035,,3
F15,200000,200000,6895,1,2,0.034473108588904455,0.034475,,4
F16,100000,100000,638,1,2,0.00638122826639298,0.00638,,5
F17,400000,400000,9978,1,2,0.024945787177250434,0.024945,,3
F18,200000,200000,6823,1,2,0.034113228108557436,0.034115,,3
F19,200000,200000,867,1,2,0.0043344915798490535,0.004335,,4
F20,400000,400000,1437,1,2,0.0035937406300782793,0.0035925,,6
F21,400000,400000,10499,1,2,0.026247511386189748,0.0262475,,7
F22,400000,400000,2293,1,2,0.005733094259238958,0.0057325,,5
F23,100000,100000,10344,1,2,0.10344441592498715,0.10344,,5
F24,100000,100000,2989,1,2,0.029890720741044707,0.02989,,5
F25,200000,200000,8617,1,2,0.043083169663652665,0.043085,,6
F26,200000,200000,11954,1,2,0.059769455120327046,0.05977,,3
F27,400000,400000,600,1,2,0.001343863213585851,0.0015,,2
F28,400000,400000,4990,1,2,0.012475313751529792,0.012475,,1
F29,200000,200000,1199,1,2,0.005994437258067371,0.005995,,1
F30,400000,400000,5665,1,2,0.014163354727348362,0.0141625,,2
F31,400000,400000,5678,1,2,0.014196094107085437,0.014195,,6
F32,100000,100000,957,1,2,0.009569431502026115,0.00957,,3
