Flow,Period,Deadline,Execution Time,w,h,Target_Utilization,Actual_Utilization,Utilization_Error,Queue
F1,200000,200000,5686,1,2,0.028430968246744293,0.02843,,7
F2,200000,200000,6917,1,2,0.03458526345516877,0.034585,,3
F3,400000,400000,8647,1,2,0.021616688784499183,0.0216175,,7
F4,400000,400000,600,1,2,0.00018096052973493038,0.0015,,5
F5,200000,200000,2697,1,2,0.013484872902860046,0.013485,,1
F6,400000,400000,1117,1,2,0.002791740977339363,0.0027925,,1
F7,200000,200000,805,1,2,0.004026180828293091,0.004025,,6
F8,400000,400000,700,1,2,0.0017493556644864183,0.00175,,6
F9,200000,200000,736,1,2,0.003680309831873174,0.00368,,4
F10,400000,400000,630,1,2,0.0015753089864646297,0.001575,,2
F11,400000,400000,6033,1,2,0.01508203450000245,0.0150825,,2
F12,100000,100000,6127,1,2,0.06127308301909018,0.06127,,2
F13,400000,400000,1188,1,2,0.0029710653886216853,0.00297,,5
F14,400000,400000,2391,1,2,0.005978191237737018,0.0059775,,3
F15,200000,200000,931,1,2,0.00465496095294915,0.004655,,1
F16,100000,100000,8231,1,2,0.08231272459836214,0.08231,,2
F17,100000,100000,7372,1,2,0.07371896434335751,0.07372,,2
F18,400000,400000,2975,1,2,0.00743741499421724,0.0074375,,7
F19,200000,200000,7545,1,2,0.03772523482247303,0.037725,,1
F20,400000,400000,11174,1,2,0.027935656999680147,0.027935,,4
F21,100000,100000,9729,1,2,0.09729145630391561,0.09729,,1
F22,100000,100000,1495,1,2,0.014950689564681291,0.01495,,3
F23,400000,400000,3985,1,2,0.009962219292543928,0.0099625,,5
F24,400000,400000,9885,1,2,0.024712541128355026,0.0247125,,3
F25,50000,50000,3390,1,2,0.06780267590490308,0.0678,,1
F26,400000,400000,9393,1,2,0.023483004848828717,0.0234825,,1
F27,400000,400000,2239,1,2,0.005596994234203234,0.0055975,,2
F28,400000,400000,8626,1,2,0.021564251662171255,0.021565,,4
F29,400000,400000,11779,1,2,0.029447444929476888,0.0294475,,6
F30,400000,400000,10119,1,2,0.02529863450058277,0.0252975,,6
F31,400000,400000,6763,1,2,0.01690803198737936,0.0169075,,6
F32,100000,100000,1146,1,2,0.01145982209859545,0.01146,,7
