Flow,Period,Deadline,Execution Time,w,h,Target_Utilization,Actual_Utilization,Utilization_Error,Queue
F1,200000,200000,7666,1,2,0.03833101161140262,0.03833,,1
F2,100000,100000,9225,1,2,0.09224804348899585,0.09225,,3
F3,100000,100000,7083,1,2,0.07083059736875374,0.07083,,6
F4,400000,400000,1795,1,2,0.0044883000231323855,0.0044875,,2
F5,400000,400000,6118,1,2,0.015294102973121615,0.015295,,3
F6,50000,50000,7295,1,2,0.1458906670827716,0.1459,,6
F7,100000,100000,3759,1,2,0.03759158099705978,0.03759,,6
F8,100000,100000,9449,1,2,0.0944856201995678,0.09449,,7
F9,50000,50000,3608,1,2,0.07215581131946852,0.07216,,1
F10,400000,400000,3921,1,2,0.0098023378366357,0.0098025,,2
F11,200000,200000,7361,1,2,0.03680429169598767,0.036805,,5
F12,200000,200000,9807,1,2,0.04903682583553154,0.049035,,2
F13,50000,50000,5000,1,2,0.10000201536166337,0.1,,3
F14,400000,400000,3877,1,2,0.009692557060649754,0.0096925,,3
F15,400000,400000,9822,1,2,0.024555926928539924,0.024555,,4
F16,200000,200000,6760,1,2,0.03379903450240631,0.0338,,7
