Flow,Period,Deadline,Execution Time,w,h,Target_Utilization,Actual_Utilization,Utilization_Error,Queue
F1,100000,100000,4223,1,2,0.04222954082907082,0.04223,,1
F2,100000,100000,6232,1,2,0.062321675941513055,0.06232,,7
F3,100000,100000,4227,1,2,0.042271464730020414,0.04227,,7
F4,400000,400000,2463,1,2,0.006156461693013204,0.0061575,,5
F5,400000,400000,807,1,2,0.002016700908955449,0.0020175,,5
F6,100000,100000,9033,1,2,0.09032810960890436,0.09033,,4
F7,100000,100000,7257,1,2,0.0725724422566974,0.07257,,3
F8,400000,400000,1784,1,2,0.0044592243350741745,0.00446,,4
F9,200000,200000,11925,1,2,0.05962557290063436,0.059625,,1
F10,200000,200000,7581,1,2,0.03790358013179823,0.037905,,3
F11,400000,400000,6508,1,2,0.016270923806204984,0.01627,,4
F12,400000,400000,3311,1,2,0.008278085378758737,0.0082775,,5
F13,50000,50000,3714,1,2,0.0742765713634771,0.07428,,2
F14,200000,200000,11254,1,2,0.05626785893627731,0.05627,,2
F15,200000,200000,11097,1,2,0.05548622026581146,0.055485,,6
F16,50000,50000,8797,1,2,0.17594830778849166,0.17594,,2
