Flow,Period,Deadline,Execution Time,w,h,Target_Utilization,Actual_Utilization,Utilization_Error,Queue
F1,400000,400000,4634,1,2,0.011584632910732862,0.011585,,1
F2,100000,100000,6600,1,2,0.0659966679252375,0.066,,2
F3,100000,100000,10493,1,2,0.10493083059234243,0.10493,,1
F4,400000,400000,8991,1,2,0.022478427482393815,0.0224775,,2
F5,400000,400000,600,1,2,0.0007431734873033502,0.0015,,1
F6,100000,100000,11759,1,2,0.11759301740507766,0.11759,,2
F7,100000,100000,4498,1,2,0.044977756022950566,0.04498,,4
F8,400000,400000,3575,1,2,0.008936903667675578,0.0089375,,3
F9,200000,200000,2089,1,2,0.01044501311827073,0.010445,,5
F10,200000,200000,8930,1,2,0.044649331711046125,0.04465,,7
F11,100000,100000,6270,1,2,0.06270109797620665,0.0627,,3
F12,50000,50000,1219,1,2,0.024379911763674267,0.02438,,6
F13,50000,50000,7115,1,2,0.14230505570459018,0.1423,,7
F14,400000,400000,2045,1,2,0.005111521859928553,0.0051125,,1
F15,100000,100000,11444,1,2,0.11444101599999856,0.11444,,3
F16,50000,50000,3383,1,2,0.06766003709872512,0.06766,,7
