Flow,Period,Deadline,Execution Time,w,h,Target_Utilization,Actual_Utilization,Utilization_Error,Queue
F1,400000,400000,3013,1,2,0.00753268475845692,0.0075325,,3
F2,100000,100000,8006,1,2,0.08005571227951791,0.08006,,2
F3,400000,400000,8637,1,2,0.021593288442880554,0.0215925,,1
F4,100000,100000,8395,1,2,0.08394530179745696,0.08395,,7
F5,400000,400000,1482,1,2,0.0037060590018217487,0.003705,,2
F6,400000,400000,9813,1,2,0.024532947359351076,0.0245325,,4
F7,100000,100000,3589,1,2,0.03588931698997144,0.03589,,2
F8,400000,400000,1627,1,2,0.00406670158432898,0.0040675,,7
F9,50000,50000,8271,1,2,0.16541047876809672,0.16542,,4
F10,200000,200000,6177,1,2,0.030884483767935733,0.030885,,6
F11,50000,50000,4722,1,2,0.09444377416043581,0.09444,,7
F12,100000,100000,9145,1,2,0.09144513142731236,0.09145,,4
F13,50000,50000,2649,1,2,0.05297799733256603,0.05298,,4
F14,200000,200000,6817,1,2,0.03408326904295955,0.034085,,7
F15,200000,200000,7697,1,2,0.03848631107786531,0.038485,,6
F16,50000,50000,4824,1,2,0.0964830411053932,0.09648,,7
