Flow,Period,Deadline,Execution Time,w,h,Target_Utilization,Actual_Utilization,Utilization_Error,Queue
F1,400000,400000,7265,1,2,0.018162169427603514,0.0181625,,7
F2,200000,200000,7897,1,2,0.03948686007287683,0.039485,,5
F3,400000,400000,9679,1,2,0.024196805052314585,0.0241975,,3
F4,400000,400000,1284,1,2,0.003209022521288629,0.00321,,5
F5,100000,100000,10708,1,2,0.10708357074795949,0.10708,,6
F6,200000,200000,7591,1,2,0.03795676507730672,0.037955,,4
F7,400000,400000,600,1,2,0.0011464827637751585,0.0015,,4
F8,400000,400000,9157,1,2,0.02289346481830179,0.0228925,,6
F9,50000,50000,3710,1,2,0.0742036380031077,0.0742,,3
F10,200000,200000,8394,1,2,0.04196993582408248,0.04197,,6
F11,200000,200000,11635,1,2,0.05817339223797757,0.058175,,5
F12,50000,50000,8012,1,2,0.160231891309703,0.16024,,3
F13,400000,400000,8055,1,2,0.02013834891082439,0.0201375,,3
F14,50000,50000,4167,1,2,0.08334209022683237,0.08334,,3
F15,50000,50000,7145,1,2,0.1429053692478921,0.1429,,6
F16,100000,100000,4216,1,2,0.04216012801699909,0.04216,,6
