Flow,Period,Deadline,Execution Time,w,h,Target_Utilization,Actual_Utilization,Utilization_Error,Queue
F1,100000,100000,6383,1,2,0.06383302316715544,0.06383,,6
F2,200000,200000,8781,1,2,0.0439050454055675,0.043905,,7
F3,200000,200000,6467,1,2,0.0323338536415374,0.032335,,7
F4,400000,400000,2103,1,2,0.005257695506650117,0.0052575,,3
F5,200000,200000,7757,1,2,0.03878334271162198,0.038785,,6
F6,200000,200000,9607,1,2,0.048035834671793176,0.048035,,2
F7,200000,200000,5513,1,2,0.0275637596369388,0.027565,,2
F8,400000,400000,7718,1,2,0.01929517144552617,0.019295,,6
F9,400000,400000,4757,1,2,0.011893392384331514,0.0118925,,1
F10,400000,400000,2188,1,2,0.005470299547544744,0.00547,,4
F11,50000,50000,6583,1,2,0.13166224526850984,0.13166,,2
F12,400000,400000,926,1,2,0.0023147675763210973,0.002315,,7
F13,200000,200000,6215,1,2,0.031072510701759204,0.031075,,5
F14,100000,100000,11466,1,2,0.1146572050911985,0.11466,,4
F15,200000,200000,7652,1,2,0.038259477572132355,0.03826,,2
F16,50000,50000,10382,1,2,0.20763112351298652,0.20764,,4
