Flow,Period,Deadline,Execution Time,w,h,Target_Utilization,Actual_Utilization,Utilization_Error,Queue
F1,200000,200000,9545,1,2,0.04772670637288845,0.047725,,4
F2,200000,200000,9460,1,2,0.04730027386448088,0.0473,,4
F3,400000,400000,8777,1,2,0.021943491370405077,0.0219425,,2
F4,400000,400000,4402,1,2,0.011005131342617158,0.011005,,7
F5,400000,400000,600,1,2,0.00039281488627174177,0.0015,,3
F6,400000,400000,9708,1,2,0.024268884224111775,0.02427,,3
F7,400000,400000,1203,1,2,0.003006577078842554,0.0030075,,4
F8,100000,100000,3009,1,2,0.030088833670882442,0.03009,,5
F9,100000,100000,8762,1,2,0.08762098830728204,0.08762,,6
F10,100000,100000,4632,1,2,0.046318588344041234,0.04632,,7
F11,200000,200000,8694,1,2,0.04346857478779026,0.04347,,1
F12,50000,50000,4534,1,2,0.09068254250629754,0.09068,,3
F13,400000,400000,7151,1,2,0.017876381957536547,0.0178775,,6
F14,50000,50000,6283,1,2,0.12565928625165224,0.12566,,3
F15,50000,50000,5708,1,2,0.11416104049630775,0.11416,,7
F16,100000,100000,9173,1,2,0.09173350317532215,0.09173,,5
