Flow,Period,Deadline,Execution Time,w,h,Target_Utilization,Actual_Utilization,Utilization_Error,Queue
F1,50000,50000,5775,1,2,0.11550370774090557,0.1155,,7
F2,200000,200000,6716,1,2,0.03358115721352506,0.03358,,6
F3,200000,200000,7684,1,2,0.038421658469175335,0.03842,,4
F4,200000,200000,11329,1,2,0.056644240199347884,0.056645,,3
F5,100000,100000,9933,1,2,0.09933276878370717,0.09933,,5
F6,200000,200000,9343,1,2,0.046714680273247655,0.046715,,6
F7,400000,400000,3752,1,2,0.009380920555345618,0.00938,,7
F8,200000,200000,8349,1,2,0.04174477800754639,0.041745,,1
F9,200000,200000,5081,1,2,0.025405395281018817,0.025405,,5
F10,50000,50000,4535,1,2,0.09069882412531627,0.0907,,7
F11,200000,200000,11189,1,2,0.05594505508704406,0.055945,,1
F12,200000,200000,8369,1,2,0.04184501264863458,0.041845,,3
F13,400000,400000,824,1,2,0.002059821107526061,0.00206,,3
F14,200000,200000,8795,1,2,0.043976485003200644,0.043975,,5
F15,100000,100000,11346,1,2,0.11345527167782724,0.11346,,7
F16,100000,100000,1228,1,2,0.012279657822248182,0.01228,,7
