Flow,Period,Deadline,Execution Time,w,h,Target_Utilization,Actual_Utilization,Utilization_Error,Queue
F1,400000,400000,8474,1,2,0.021186033908184188,0.021185,,2
F2,400000,400000,9363,1,2,0.02340822661756692,0.0234075,,4
F3,200000,200000,7937,1,2,0.039685599550341455,0.039685,,1
F4,200000,200000,5715,1,2,0.028573970523662617,0.028575,,7
F5,400000,400000,3089,1,2,0.007722242037764837,0.0077225,,3
F6,50000,50000,9967,1,2,0.19933031623320085,0.19934,,1
F7,100000,100000,7087,1,2,0.07087488589932506,0.07087,,6
F8,100000,100000,9254,1,2,0.09254145915261536,0.09254,,4
F9,400000,400000,4289,1,2,0.010721448554718571,0.0107225,,1
F10,400000,400000,8863,1,2,0.022157893527223194,0.0221575,,3
F11,100000,100000,4698,1,2,0.0469780699475531,0.04698,,6
F12,50000,50000,3473,1,2,0.06946048769946664,0.06946,,1
F13,400000,400000,5432,1,2,0.013579056236515619,0.01358,,6
F14,400000,400000,5421,1,2,0.013551397984842312,0.0135525,,5
F15,100000,100000,6057,1,2,0.060571405576329396,0.06057,,4
F16,100000,100000,10701,1,2,0.107014303624411,0.10701,,1
