Flow,Period,Deadline,Execution Time,w,h,Target_Utilization,Actual_Utilization,Utilization_Error,Queue
F1,200000,200000,7305,1,2,0.036524330492141543,0.036525,,3
F2,50000,50000,9077,1,2,0.1815476176015306,0.18154,,7
F3,100000,100000,10469,1,2,0.1046895046550077,0.10469,,2
F4,200000,200000,2683,1,2,0.013414457409047564,0.013415,,2
F5,100000,100000,4971,1,2,0.0497123612635475,0.04971,,6
F6,100000,100000,5789,1,2,0.057891049693640895,0.05789,,6
F7,400000,400000,4296,1,2,0.010741149972080866,0.01074,,2
F8,200000,200000,3743,1,2,0.018715810749991846,0.018715,,4
F9,100000,100000,1981,1,2,0.019811114311978406,0.01981,,1
F10,50000,50000,6086,1,2,0.12171345063378342,0.12172,,3
F11,400000,400000,11666,1,2,0.029164053433432507,0.029165,,7
F12,200000,200000,2802,1,2,0.014008798090881652,0.01401,,5
F13,400000,400000,2211,1,2,0.005527498137968351,0.0055275,,5
F14,100000,100000,11077,1,2,0.1107658931630841,0.11077,,1
F15,200000,200000,2245,1,2,0.011223884080357266,0.011225,,3
F16,100000,100000,9751,1,2,0.09750862385183162,0.09751,,5
