Flow,Period,Deadline,Execution Time,w,h,Target_Utilization,Actual_Utilization,Utilization_Error,Queue
F1,200000,200000,8294,1,2,0.041472129171149286,0.04147,,6
F2,400000,400000,1300,1,2,0.0032504869098815004,0.00325,,6
F3,200000,200000,5866,1,2,0.029328854632901358,0.02933,,1
F4,400000,400000,2141,1,2,0.005353343845532654,0.0053525,,5
F5,100000,100000,10891,1,2,0.10891217113360918,0.10891,,3
F6,100000,100000,8494,1,2,0.08493841026870741,0.08494,,4
F7,50000,50000,3505,1,2,0.0701032327204919,0.0701,,7
F8,100000,100000,7237,1,2,0.07236898779976214,0.07237,,3
F9,400000,400000,3055,1,2,0.007637578551370761,0.0076375,,7
F10,200000,200000,9273,1,2,0.04636402623826902,0.046365,,4
F11,200000,200000,7809,1,2,0.039046434856543466,0.039045,,2
F12,400000,400000,1592,1,2,0.00397881973479991,0.00398,,3
F13,200000,200000,10803,1,2,0.05401499582328001,0.054015,,1
F14,50000,50000,9732,1,2,0.1946306022079306,0.19464,,4
F15,100000,100000,9485,1,2,0.09485430288711233,0.09485,,6
F16,400000,400000,11585,1,2,0.028961398726791158,0.0289625,,4
