Flow,Period,Deadline,Execution Time,w,h,Target_Utilization,Actual_Utilization,Utilization_Error,Queue
F1,400000,400000,5421,1,2,0.013551386374838659,0.0135525,,7
F2,50000,50000,8432,1,2,0.16864644240977578,0.16864,,6
F3,100000,100000,6845,1,2,0.06844901612670862,0.06845,,5
F4,100000,100000,7013,1,2,0.07012569138461566,0.07013,,6
F5,200000,200000,8950,1,2,0.04475076673925804,0.04475,,7
F6,400000,400000,10467,1,2,0.026168554705675418,0.0261675,,1
F7,200000,200000,7426,1,2,0.03713056798402481,0.03713,,6
F8,400000,400000,1823,1,2,0.0045565384929498465,0.0045575,,3
F9,50000,50000,7390,1,2,0.14780266149947124,0.1478,,5
F10,50000,50000,774,1,2,0.015478768224622685,0.01548,,5
F11,400000,400000,1282,1,2,0.0032042689201994268,0.003205,,2
F12,50000,50000,7050,1,2,0.14100860769736637,0.141,,4
F13,100000,100000,3411,1,2,0.03411127059505084,0.03411,,2
F14,400000,400000,996,1,2,0.0024903218389462772,0.00249,,3
F15,100000,100000,8815,1,2,0.08814626547425741,0.08815,,2
F16,400000,400000,1523,1,2,0.0038072703400682108,0.0038075,,5
