Flow,Period,Deadline,Execution Time,w,h,Target_Utilization,Actual_Utilization,Utilization_Error,Queue
F1,400000,400000,8177,1,2,0.020441575066737494,0.0204425,,4
F2,400000,400000,1655,1,2,0.0041373845041863255,0.0041375,,4
F3,50000,50000,3712,1,2,0.07423785436974217,0.07424,,1
F4,400000,400000,653,1,2,0.0016335358933248223,0.0016325,,2
F5,400000,400000,3265,1,2,0.00816220417116087,0.0081625,,2
F6,200000,200000,9997,1,2,0.049982929754615935,0.049985,,6
F7,100000,100000,5385,1,2,0.05384853317990612,0.05385,,5
F8,50000,50000,6770,1,2,0.1353920616941618,0.1354,,5
F9,400000,400000,600,1,2,0.0006213808330577386,0.0015,,4
F10,100000,100000,8222,1,2,0.08221948176294291,0.08222,,5
F11,50000,50000,8042,1,2,0.16084656106536502,0.16084,,6
F12,200000,200000,11338,1,2,0.056690068906479735,0.05669,,1
F13,400000,400000,782,1,2,0.0019545892348464267,0.001955,,4
F14,100000,100000,9011,1,2,0.09011476420445065,0.09011,,6
F15,100000,100000,6976,1,2,0.06976115215400029,0.06976,,7
F16,400000,400000,6580,1,2,0.01644902334803372,0.01645,,3
