Flow,Period,Deadline,Execution Time,w,h,Target_Utilization,Actual_Utilization,Utilization_Error,Queue
F1,400000,400000,10619,1,2,0.02654657196659671,0.0265475,,2
F2,50000,50000,6485,1,2,0.1296936268819454,0.1297,,1
F3,200000,200000,4553,1,2,0.022766106709101397,0.022765,,1
F4,400000,400000,5929,1,2,0.014822384914676578,0.0148225,,3
F5,100000,100000,6055,1,2,0.060549277087343034,0.06055,,5
F6,50000,50000,6129,1,2,0.12257784249251386,0.12258,,6
F7,200000,200000,11401,1,2,0.05700315338286838,0.057005,,2
F8,200000,200000,7923,1,2,0.03961707107834611,0.039615,,4
F9,200000,200000,11367,1,2,0.05683610595219213,0.056835,,7
F10,400000,400000,11123,1,2,0.027806860800682454,0.0278075,,5
F11,100000,100000,7636,1,2,0.07636018613554632,0.07636,,1
F12,100000,100000,6237,1,2,0.06236825259959086,0.06237,,6
F13,50000,50000,1889,1,2,0.0377820861851455,0.03778,,6
F14,400000,400000,6989,1,2,0.01747332737688738,0.0174725,,4
F15,100000,100000,8582,1,2,0.08582129107507791,0.08582,,5
F16,200000,200000,2316,1,2,0.011579863884526939,0.01158,,7
