Flow,Period,Deadline,Execution Time,w,h,Target_Utilization,Actual_Utilization,Utilization_Error,Queue
F1,200000,200000,5490,1,2,0.027448900204797955,0.02745,,7
F2,400000,400000,748,1,2,0.0018704268232210275,0.00187,,7
F3,400000,400000,9427,1,2,0.023567139085857725,0.0235675,,5
F4,100000,100000,9723,1,2,0.09723257704256205,0.09723,,3
F5,400000,400000,10839,1,2,0.027097863476928108,0.0270975,,2
F6,50000,50000,12000,1,2,0.2631708234361241,0.24,,4
F7,50000,50000,3754,1,2,0.07508110447775324,0.07508,,3
F8,100000,100000,7387,1,2,0.0738734513308496,0.07387,,4
F9,100000,100000,5478,1,2,0.05478230190991282,0.05478,,5
F10,400000,400000,9929,1,2,0.024822472161989767,0.0248225,,1
F11,100000,100000,7189,1,2,0.07189276722404371,0.07189,,3
F12,400000,400000,600,1,2,0.0006343607795597506,0.0015,,6
F13,200000,200000,5363,1,2,0.026814666680908164,0.026815,,4
F14,100000,100000,3305,1,2,0.033048784115747985,0.03305,,6
F15,200000,200000,6735,1,2,0.033674771009765334,0.033675,,2
F16,400000,400000,1401,1,2,0.0035022309366794712,0.0035025,,3
