Flow,Period,Deadline,Execution Time,w,h,Target_Utilization,Actual_Utilization,Utilization_Error,Queue
F1,400000,400000,3459,1,2,0.008646912276886076,0.0086475,,1
F2,200000,200000,5777,1,2,0.028884912250712658,0.028885,,5
F3,400000,400000,1647,1,2,0.004117883518561349,0.0041175,,1
F4,50000,50000,5579,1,2,0.11158277626518942,0.11158,,3
F5,50000,50000,5689,1,2,0.11378455758073114,0.11378,,5
F6,400000,400000,1145,1,2,0.0028618083070216516,0.0028625,,5
F7,100000,100000,9822,1,2,0.09821561813559077,0.09822,,1
F8,400000,400000,10362,1,2,0.025906195879499716,0.025905,,2
F9,50000,50000,6352,1,2,0.12703049948768314,0.12704,,3
F10,200000,200000,11171,1,2,0.05585600013792466,0.055855,,7
F11,200000,200000,8103,1,2,0.04051428580769334,0.040515,,6
F12,100000,100000,5434,1,2,0.054341386892368365,0.05434,,3
F13,100000,100000,4780,1,2,0.04780165306755986,0.0478,,7
F14,100000,100000,7675,1,2,0.07674875892600122,0.07675,,5
F15,400000,400000,2611,1,2,0.00652752862096616,0.0065275,,3
F16,400000,400000,1059,1,2,0.0026477314647650172,0.0026475,,4
