Flow,Period,Deadline,Execution Time,w,h,Target_Utilization,Actual_Utilization,Utilization_Error,Queue
F1,200000,200000,2925,1,2,0.014624344634750597,0.014625,,2
F2,100000,100000,6834,1,2,0.06834059095140232,0.06834,,5
F3,200000,200000,7163,1,2,0.035813056855467984,0.035815,,6
F4,100000,100000,4911,1,2,0.049108690852581516,0.04911,,2
F5,400000,400000,9545,1,2,0.023863265456800953,0.0238625,,3
F6,400000,400000,8219,1,2,0.02054649953458465,0.0205475,,1
F7,50000,50000,1839,1,2,0.03678059478889695,0.03678,,4
F8,200000,200000,8794,1,2,0.04397101134052028,0.04397,,5
F9,100000,100000,4316,1,2,0.0431598214499499,0.04316,,1
F10,50000,50000,8047,1,2,0.16093611528144358,0.16094,,4
F11,400000,400000,10085,1,2,0.025211983745735078,0.0252125,,5
F12,200000,200000,5033,1,2,0.025165110251813727,0.025165,,7
F13,100000,100000,4642,1,2,0.04641917693342129,0.04642,,4
F14,50000,50000,6284,1,2,0.12568189894543833,0.12568,,4
F15,100000,100000,4649,1,2,0.04649176814116716,0.04649,,1
F16,50000,50000,2056,1,2,0.04112128764167449,0.04112,,2
