Flow,Period,Deadline,Execution Time,w,h,Target_Utilization,Actual_Utilization,Utilization_Error,Queue
F1,400000,400000,600,1,2,0.0007879692028091023,0.0015,,3
F2,400000,400000,1737,1,2,0.004343247741272038,0.0043425,,2
F3,100000,100000,3692,1,2,0.03691931206941945,0.03692,,1
F4,50000,50000,3256,1,2,0.06511920566944956,0.06512,,1
F5,400000,400000,2392,1,2,0.005981041099480777,0.00598,,6
F6,100000,100000,3129,1,2,0.03129104169790736,0.03129,,7
F7,200000,200000,1438,1,2,0.007189804336133809,0.00719,,4
F8,400000,400000,2767,1,2,0.006916296500488306,0.0069175,,3
F9,400000,400000,795,1,2,0.0019878477202340816,0.0019875,,2
F10,400000,400000,11009,1,2,0.027523196961978136,0.0275225,,2
F11,200000,200000,7325,1,2,0.03662387215347812,0.036625,,7
F12,400000,400000,4785,1,2,0.011962764262627823,0.0119625,,4
F13,400000,400000,1095,1,2,0.0027383764869716443,0.0027375,,7
F14,200000,200000,634,1,2,0.0031708891883408252,0.00317,,4
F15,400000,400000,3453,1,2,0.008633213630963282,0.0086325,,7
F16,400000,400000,6386,1,2,0.015964655419853147,0.015965,,6
F17,400000,400000,600,1,2,0.0009729353942015684,0.0015,,6
F18,400000,400000,8983,1,2,0.022457304375770426,0.0224575,,4
F19,400000,400000,815,1,2,0.0020367814054935707,0.0020375,,5
F20,200000,200000,5840,1,2,0.029201217115075367,0.0292,,1
F21,200000,200000,6853,1,2,0.03426656630546587,0.034265,,1
F22,200000,200000,765,1,2,0.0038238638853874962,0.003825,,5
F23,400000,400000,7538,1,2,0.018844149770668228,0.018845,,7
F24,400000,400000,4630,1,2,0.01157441585153203,0.011575,,2
F25,400000,400000,1113,1,2,0.002783617256675877,0.0027825,,1
F26,400000,400000,3763,1,2,0.0094087179649463,0.0094075,,5
F27,400000,400000,600,1,2,0.0009061292069197785,0.0015,,4
F28,200000,200000,2631,1,2,0.013154865824614698,0.013155,,1
F29,400000,400000,3965,1,2,0.009913319890809368,0.0099125,,6
F30,400000,400000,3616,1,2,0.009039947700572003,0.00904,,1
F31,200000,200000,2966,1,2,0.014829654099246494,0.01483,,7
F32,400000,400000,11961,1,2,0.029902403057161218,0.0299025,,2
