Flow,Period,Deadline,Execution Time,w,h,Target_Utilization,Actual_Utilization,Utilization_Error,Queue
F1,400000,400000,2390,1,2,0.005973784847102093,0.005975,,3
F2,400000,400000,6329,1,2,0.01582357563663228,0.0158225,,2
F3,200000,200000,631,1,2,0.003156145923515874,0.003155,,1
F4,400000,400000,600,1,2,0.00042492615495853814,0.0015,,2
F5,400000,400000,1624,1,2,0.004059476512885407,0.00406,,7
F6,200000,200000,6821,1,2,0.03410415093267982,0.034105,,6
F7,400000,400000,1351,1,2,0.0033764953723605107,0.0033775,,2
F8,200000,200000,6258,1,2,0.03129006117330935,0.03129,,7
F9,400000,400000,9681,1,2,0.024202851459736552,0.0242025,,6
F10,400000,400000,992,1,2,0.002480512925456091,0.00248,,7
F11,400000,400000,8052,1,2,0.020130961961846994,0.02013,,7
F12,400000,400000,1087,1,2,0.0027183524190120822,0.0027175,,3
F13,400000,400000,5286,1,2,0.013214278021692338,0.013215,,7
F14,400000,400000,1209,1,2,0.003021916953183046,0.0030225,,6
F15,400000,400000,8934,1,2,0.02233583868446168,0.022335,,1
F16,400000,400000,8039,1,2,0.020097571261932373,0.0200975,,3
F17,400000,400000,11946,1,2,0.02986490332778835,0.029865,,2
F18,100000,100000,5618,1,2,0.056182383129109115,0.05618,,6
F19,400000,400000,1505,1,2,0.003762884646631229,0.0037625,,3
F20,400000,400000,2565,1,2,0.006411550884268646,0.0064125,,5
F21,200000,200000,6899,1,2,0.03449309110583297,0.034495,,1
F22,400000,400000,628,1,2,0.0015693720205219863,0.00157,,5
F23,400000,400000,600,1,2,0.0006677626858540425,0.0015,,6
F24,400000,400000,600,1,2,0.0012657280885802064,0.0015,,4
F25,400000,400000,3179,1,2,0.00794762466522303,0.0079475,,2
F26,100000,100000,1924,1,2,0.019239089260178227,0.01924,,1
F27,400000,400000,5539,1,2,0.013846876516196979,0.0138475,,6
F28,200000,200000,1859,1,2,0.009294243755962469,0.009295,,6
F29,200000,200000,973,1,2,0.004865601465733402,0.004865,,5
F30,400000,400000,600,1,2,0.001414512560672038,0.0015,,1
F31,200000,200000,1128,1,2,0.005640805163753929,0.00564,,1
F32,400000,400000,1149,1,2,0.0028736832940864598,0.0028725,,4
