Flow,Period,Deadline,Execution Time,w,h,Target_Utilization,Actual_Utilization,Utilization_Error,Queue
F1,400000,400000,2485,1,2,0.006213461539996579,0.0062125,,7
F2,400000,400000,600,1,2,0.0007706232275698222,0.0015,,1
F3,400000,400000,1347,1,2,0.00336866108394146,0.0033675,,2
F4,400000,400000,4483,1,2,0.011208617600447612,0.0112075,,1
F5,400000,400000,8720,1,2,0.021799255771987325,0.0218,,4
F6,400000,400000,2777,1,2,0.006941514128252058,0.0069425,,2
F7,200000,200000,7146,1,2,0.035727815873853375,0.03573,,1
F8,200000,200000,656,1,2,0.0032799849403666315,0.00328,,4
F9,100000,100000,3501,1,2,0.03501109589707446,0.03501,,3
F10,400000,400000,5405,1,2,0.013513445988256212,0.0135125,,2
F11,200000,200000,8247,1,2,0.04123596234312771,0.041235,,5
F12,200000,200000,3054,1,2,0.015271000993879513,0.01527,,4
F13,400000,400000,10189,1,2,0.02547203277415544,0.0254725,,5
F14,400000,400000,2292,1,2,0.00572877665486024,0.00573,,3
F15,400000,400000,1066,1,2,0.0026654390399277195,0.002665,,7
F16,100000,100000,4409,1,2,0.044088516979386094,0.04409,,3
F17,400000,400000,6079,1,2,0.015198642693166925,0.0151975,,7
F18,400000,400000,10547,1,2,0.026368629085747025,0.0263675,,1
F19,400000,400000,7931,1,2,0.019826258409075204,0.0198275,,3
F20,400000,400000,2531,1,2,0.006326650127972247,0.0063275,,5
F21,50000,50000,655,1,2,0.013101144909327345,0.0131,,3
F22,400000,400000,600,1,2,0.00040987575674215904,0.0015,,7
F23,400000,400000,600,1,2,0.00030923384240733043,0.0015,,6
F24,400000,400000,600,1,2,0.0004640816382668611,0.0015,,2
F25,400000,400000,600,1,2,0.0008864273095792186,0.0015,,3
F26,100000,100000,5060,1,2,0.050598418451517996,0.0506,,1
F27,400000,400000,1389,1,2,0.0034722949811695353,0.0034725,,3
F28,400000,400000,6239,1,2,0.015596759766073921,0.0155975,,1
F29,400000,400000,7077,1,2,0.017691689507090262,0.0176925,,5
F30,200000,200000,1463,1,2,0.007313958047283957,0.007315,,4
F31,400000,400000,2175,1,2,0.005436752851847916,0.0054375,,6
F32,400000,400000,2108,1,2,0.005270375988541345,0.00527,,5
