Flow,Period,Deadline,Execution Time,w,h,Target_Utilization,Actual_Utilization,Utilization_Error,Queue
F1,400000,400000,851,1,2,0.002127626406641492,0.0021275,,2
F2,200000,200000,6517,1,2,0.03258325225904013,0.032585,,6
F3,400000,400000,3983,1,2,0.009956665110203877,0.0099575,,4
F4,400000,400000,5358,1,2,0.013394569317233929,0.013395,,3
F5,400000,400000,3203,1,2,0.008007262719179398,0.0080075,,3
F6,50000,50000,742,1,2,0.014838774780605246,0.01484,,2
F7,400000,400000,5581,1,2,0.013953594478536169,0.0139525,,1
F8,200000,200000,7965,1,2,0.039826230347992486,0.039825,,4
F9,100000,100000,4341,1,2,0.043412285057841726,0.04341,,4
F10,200000,200000,8356,1,2,0.04178169302430157,0.04178,,6
F11,400000,400000,7159,1,2,0.017896342661682274,0.0178975,,6
F12,400000,400000,6781,1,2,0.016953405810405192,0.0169525,,1
F13,400000,400000,7438,1,2,0.018595050798688145,0.018595,,4
F14,400000,400000,3487,1,2,0.008716445825875135,0.0087175,,4
F15,400000,400000,3673,1,2,0.009183139524417322,0.0091825,,5
F16,200000,200000,3057,1,2,0.01528595134015015,0.015285,,4
F17,400000,400000,961,1,2,0.002402767743636791,0.0024025,,1
F18,400000,400000,11423,1,2,0.028556772572044087,0.0285575,,4
F19,400000,400000,600,1,2,0.0014503880655057921,0.0015,,7
F20,400000,400000,3655,1,2,0.009137297767790403,0.0091375,,2
F21,400000,400000,5583,1,2,0.013956697903138943,0.0139575,,6
F22,400000,400000,1739,1,2,0.004348660023843209,0.0043475,,5
F23,400000,400000,3594,1,2,0.008986172808933976,0.008985,,1
F24,400000,400000,600,1,2,0.0011359302741444088,0.0015,,3
F25,400000,400000,808,1,2,0.0020190776099943547,0.00202,,6
F26,200000,200000,866,1,2,0.004329329611520938,0.00433,,5
F27,400000,400000,3851,1,2,0.00962702673646959,0.0096275,,2
F28,400000,400000,11301,1,2,0.028251695846018797,0.0282525,,6
F29,400000,400000,3366,1,2,0.00841579170683486,0.008415,,6
F30,400000,400000,4512,1,2,0.011280915201255851,0.01128,,6
F31,50000,50000,1290,1,2,0.02580078620692539,0.0258,,4
F32,400000,400000,1441,1,2,0.0036034377370700445,0.0036025,,4
