Flow,Period,Deadline,Execution Time,w,h,Target_Utilization,Actual_Utilization,Utilization_Error,Queue
F1,400000,400000,4709,1,2,0.011773444729770932,0.0117725,,4
F2,200000,200000,662,1,2,0.0033091342476834207,0.00331,,5
F3,400000,400000,1090,1,2,0.002724672111945603,0.002725,,1
F4,400000,400000,609,1,2,0.0015220976552789978,0.0015225,,3
F5,100000,100000,1592,1,2,0.01591885066485399,0.01592,,6
F6,400000,400000,600,1,2,0.00010288705314970281,0.0015,,6
F7,100000,100000,1498,1,2,0.014979722796025885,0.01498,,4
F8,200000,200000,2621,1,2,0.01310609231341131,0.013105,,7
F9,100000,100000,1267,1,2,0.01267027898316081,0.01267,,5
F10,200000,200000,1182,1,2,0.005908949279047115,0.00591,,3
F11,400000,400000,713,1,2,0.0017833871785284394,0.0017825,,4
F12,400000,400000,9966,1,2,0.02491599569295133,0.024915,,7
F13,200000,200000,8363,1,2,0.04181417273713034,0.041815,,5
F14,400000,400000,600,1,2,0.0005141197172056633,0.0015,,7
F15,400000,400000,1973,1,2,0.004932962649804307,0.0049325,,6
F16,200000,200000,7793,1,2,0.03896580372369207,0.038965,,3
F17,200000,200000,9050,1,2,0.04525053113943897,0.04525,,3
F18,200000,200000,2028,1,2,0.010140652820826657,0.01014,,2
F19,200000,200000,809,1,2,0.004044316560038508,0.004045,,4
F20,400000,400000,7358,1,2,0.018394173847290973,0.018395,,7
F21,400000,400000,4831,1,2,0.01207801427210392,0.0120775,,3
F22,400000,400000,9459,1,2,0.02364694545150972,0.0236475,,5
F23,400000,400000,2433,1,2,0.006083631344659529,0.0060825,,5
F24,400000,400000,9643,1,2,0.02410644377347612,0.0241075,,3
F25,200000,200000,5796,1,2,0.028980421056343686,0.02898,,5
F26,400000,400000,5299,1,2,0.013246952081080857,0.0132475,,2
F27,100000,100000,973,1,2,0.009731104467846932,0.00973,,7
F28,100000,100000,5558,1,2,0.055580359966287025,0.05558,,5
F29,400000,400000,600,1,2,0.0013130981343465326,0.0015,,5
F30,400000,400000,1458,1,2,0.0036438895627634166,0.003645,,2
F31,200000,200000,4578,1,2,0.02288968299284872,0.02289,,3
F32,400000,400000,4209,1,2,0.010522524052330963,0.0105225,,6
