Flow,Period,Deadline,Execution Time,w,h,Target_Utilization,Actual_Utilization,Utilization_Error,Queue
F1,400000,400000,1051,1,2,0.0026282732158008915,0.0026275,,4
F2,400000,400000,7139,1,2,0.01784671572583396,0.0178475,,1
F3,400000,400000,1785,1,2,0.0044619423156939675,0.0044625,,5
F4,200000,200000,2901,1,2,0.014504030347840757,0.014505,,1
F5,400000,400000,11231,1,2,0.028076363224289802,0.0280775,,2
F6,400000,400000,600,1,2,0.00028202279999745006,0.0015,,6
F7,200000,200000,11445,1,2,0.057226646413261084,0.057225,,2
F8,400000,400000,4319,1,2,0.010798547787855883,0.0107975,,6
F9,400000,400000,600,1,2,0.0010006758495069712,0.0015,,3
F10,200000,200000,784,1,2,0.003920233056088462,0.00392,,6
F11,400000,400000,1047,1,2,0.002617099295228631,0.0026175,,7
F12,400000,400000,3887,1,2,0.00971662435151971,0.0097175,,2
F13,400000,400000,4918,1,2,0.012294870195909025,0.012295,,4
F14,200000,200000,2097,1,2,0.010483789084560435,0.010485,,3
F15,200000,200000,11963,1,2,0.05981702844234296,0.059815,,4
F16,400000,400000,6231,1,2,0.01557642183597513,0.0155775,,3
F17,400000,400000,1313,1,2,0.0032814773920988305,0.0032825,,1
F18,200000,200000,3149,1,2,0.015744451252540564,0.015745,,5
F19,400000,400000,3780,1,2,0.00944891926513497,0.00945,,4
F20,400000,400000,4885,1,2,0.012212580055028899,0.0122125,,5
F21,400000,400000,1368,1,2,0.0034210107574952353,0.00342,,2
F22,400000,400000,7178,1,2,0.017944476267368892,0.017945,,3
F23,200000,200000,1468,1,2,0.007341003064436885,0.00734,,7
F24,400000,400000,943,1,2,0.0023567399422716184,0.0023575,,5
F25,400000,400000,5156,1,2,0.012890995283926274,0.01289,,2
F26,400000,400000,600,1,2,0.0006764019869692356,0.0015,,4
F27,200000,200000,721,1,2,0.0036040366814372032,0.003605,,3
F28,400000,400000,769,1,2,0.001922074673738422,0.0019225,,2
F29,400000,400000,4617,1,2,0.011541774290299608,0.0115425,,1
F30,400000,400000,11299,1,2,0.028248298644458353,0.0282475,,1
F31,200000,200000,9214,1,2,0.04607007783513699,0.04607,,4
F32,200000,200000,5023,1,2,0.025115616249695816,0.025115,,4
