Flow,Period,Deadline,Execution Time,w,h,Target_Utilization,Actual_Utilization,Utilization_Error,Queue
F1,200000,200000,1004,1,2,0.005019513652647856,0.00502,,4
F2,200000,200000,6595,1,2,0.0329730920192749,0.032975,,7
F3,400000,400000,703,1,2,0.001758237965803544,0.0017575,,2
F4,400000,400000,600,1,2,0.001395118063557077,0.0015,,6
F5,400000,400000,3257,1,2,0.008141469037550197,0.0081425,,5
F6,400000,400000,7309,1,2,0.018272727443227554,0.0182725,,7
F7,400000,400000,2248,1,2,0.0056200625382433755,0.00562,,4
F8,400000,400000,600,1,2,0.0003205176430894352,0.0015,,1
F9,400000,400000,6935,1,2,0.01733738422238873,0.0173375,,4
F10,200000,200000,1010,1,2,0.005049981379977031,0.00505,,2
F11,200000,200000,6115,1,2,0.030575511897401875,0.030575,,2
F12,50000,50000,1343,1,2,0.02685893744390838,0.02686,,5
F13,400000,400000,791,1,2,0.001977368407063529,0.0019775,,5
F14,400000,400000,1192,1,2,0.002978761765282112,0.00298,,4
F15,50000,50000,3581,1,2,0.07162303566614814,0.07162,,5
F16,400000,400000,5371,1,2,0.013428732937686483,0.0134275,,1
F17,400000,400000,6231,1,2,0.015578582447744377,0.0155775,,5
F18,400000,400000,1668,1,2,0.004170693953004345,0.00417,,2
F19,400000,400000,5532,1,2,0.013829278632681713,0.01383,,3
F20,200000,200000,7102,1,2,0.03550950963025626,0.03551,,2
F21,400000,400000,1691,1,2,0.004226290120299472,0.0042275,,5
F22,400000,400000,628,1,2,0.0015711854293457422,0.00157,,1
F23,200000,200000,956,1,2,0.004780061932308302,0.00478,,7
F24,400000,400000,600,1,2,0.00011651380797658706,0.0015,,2
F25,400000,400000,8693,1,2,0.021733308482702884,0.0217325,,2
F26,100000,100000,3339,1,2,0.033391558871882554,0.03339,,4
F27,400000,400000,2038,1,2,0.005096092310219735,0.005095,,7
F28,400000,400000,1140,1,2,0.002851216012530647,0.00285,,3
F29,200000,200000,7894,1,2,0.039470671819143904,0.03947,,4
F30,400000,400000,600,1,2,0.00019165280920826512,0.0015,,5
F31,400000,400000,1150,1,2,0.002876169975588044,0.002875,,7
F32,200000,200000,2485,1,2,0.012425418464467233,0.012425,,3
