Flow,Period,Deadline,Execution Time,w,h,Target_Utilization,Actual_Utilization,Utilization_Error,Queue
F1,50000,50000,3253,1,2,0.06506344081510157,0.06506,,4
F2,400000,400000,7963,1,2,0.01990702216680834,0.0199075,,4
F3,400000,400000,7593,1,2,0.018982380369739427,0.0189825,,4
F4,200000,200000,4716,1,2,0.02357942764058052,0.02358,,4
F5,200000,200000,1442,1,2,0.007209819187187827,0.00721,,1
F6,200000,200000,1901,1,2,0.009505884579713686,0.009505,,5
F7,400000,400000,2465,1,2,0.006162327415017765,0.0061625,,3
F8,50000,50000,1263,1,2,0.025261027344297943,0.02526,,4
F9,400000,400000,600,1,2,0.0009764786211562959,0.0015,,3
F10,100000,100000,1322,1,2,0.013219167229101159,0.01322,,1
F11,400000,400000,2341,1,2,0.0058512700145093854,0.0058525,,6
F12,200000,200000,1588,1,2,0.007941090551124158,0.00794,,7
F13,400000,400000,9089,1,2,0.022722174698110414,0.0227225,,3
F14,400000,400000,600,1,2,0.0010343149254510575,0.0015,,4
F15,400000,400000,3143,1,2,0.007856383622896923,0.0078575,,4
F16,200000,200000,2723,1,2,0.013615748802637884,0.013615,,5
F17,400000,400000,5793,1,2,0.014483629967681294,0.0144825,,3
F18,400000,400000,6340,1,2,0.01584920126140854,0.01585,,4
F19,400000,400000,2897,1,2,0.0072424706049844245,0.0072425,,5
F20,400000,400000,3643,1,2,0.00910789134363893,0.0091075,,2
F21,400000,400000,9629,1,2,0.024072398593843206,0.0240725,,3
F22,200000,200000,751,1,2,0.0037554291768128606,0.003755,,7
F23,50000,50000,898,1,2,0.017959450927954188,0.01796,,3
F24,400000,400000,3805,1,2,0.009512965012582558,0.0095125,,4
F25,400000,400000,600,1,2,0.0014212438968270735,0.0015,,3
F26,400000,400000,10131,1,2,0.02532653192684778,0.0253275,,4
F27,400000,400000,1293,1,2,0.0032331312360268823,0.0032325,,2
F28,400000,400000,1900,1,2,0.0047501984842316,0.00475,,5
F29,400000,400000,5226,1,2,0.013064114576573561,0.013065,,3
F30,400000,400000,1061,1,2,0.002652226315518624,0.0026525,,4
F31,400000,400000,3259,1,2,0.008146583658717057,0.0081475,,6
F32,400000,400000,970,1,2,0.00242470190243627,0.002425,,1
