Flow,Period,Deadline,Execution Time,w,h,Target_Utilization,Actual_Utilization,Utilization_Error,Queue
F1,400000,400000,3457,1,2,0.0086413760745081,0.0086425,,7
F2,200000,200000,2673,1,2,0.013365194269599756,0.013365,,7
F3,400000,400000,1571,1,2,0.0039262929512668965,0.0039275,,3
F4,400000,400000,8639,1,2,0.02159670672834413,0.0215975,,5
F5,400000,400000,4437,1,2,0.011092358598172869,0.0110925,,1
F6,400000,400000,600,1,2,0.0013901679958230884,0.0015,,3
F7,400000,400000,5173,1,2,0.012932474497402757,0.0129325,,2
F8,400000,400000,7250,1,2,0.01812427484842949,0.018125,,4
F9,50000,50000,2090,1,2,0.04180175994833313,0.0418,,7
F10,400000,400000,4751,1,2,0.011876643047053992,0.0118775,,3
F11,400000,400000,1009,1,2,0.0025215083125143534,0.0025225,,2
F12,400000,400000,1062,1,2,0.0026539690655169035,0.002655,,5
F13,200000,200000,6639,1,2,0.03319341231396422,0.033195,,5
F14,400000,400000,8683,1,2,0.02170706725025756,0.0217075,,6
F15,400000,400000,838,1,2,0.0020943585558018674,0.002095,,6
F16,400000,400000,901,1,2,0.002253098009013188,0.0022525,,4
F17,200000,200000,4359,1,2,0.021794068436816916,0.021795,,3
F18,400000,400000,6257,1,2,0.015641525398433498,0.0156425,,1
F19,400000,400000,600,1,2,0.00026616848261315496,0.0015,,4
F20,100000,100000,3887,1,2,0.03887099923013004,0.03887,,3
F21,100000,100000,7701,1,2,0.07701260150195177,0.07701,,2
F22,400000,400000,600,1,2,7.399713570499511e-07,0.0015,,2
F23,100000,100000,2383,1,2,0.02383038929615719,0.02383,,2
F24,400000,400000,600,1,2,0.0014075503087224855,0.0015,,6
F25,50000,50000,1265,1,2,0.02529918420022273,0.0253,,7
F26,400000,400000,754,1,2,0.0018847046727152525,0.001885,,5
F27,400000,400000,600,1,2,7.223433979935967e-06,0.0015,,5
F28,200000,200000,6615,1,2,0.03307259648742336,0.033075,,4
F29,400000,400000,1879,1,2,0.004697795806597401,0.0046975,,2
F30,400000,400000,1982,1,2,0.004955400399396506,0.004955,,4
F31,400000,400000,1845,1,2,0.004613137687768483,0.0046125,,6
F32,400000,400000,600,1,2,0.0014305170787365826,0.0015,,3
