Flow,Period,Deadline,Execution Time,w,h,Target_Utilization,Actual_Utilization,Utilization_Error,Queue
F1,400000,400000,1112,1,2,0.0027796085969015727,0.00278,,4
F2,200000,200000,745,1,2,0.003723997630498632,0.003725,,1
F3,400000,400000,600,1,2,0.0008642590357508806,0.0015,,5
F4,400000,400000,1193,1,2,0.0029819944463420067,0.0029825,,6
F5,400000,400000,2731,1,2,0.00682645564319978,0.0068275,,2
F6,200000,200000,11031,1,2,0.05515300494801684,0.055155,,7
F7,400000,400000,3391,1,2,0.008476648606765114,0.0084775,,6
F8,400000,400000,3487,1,2,0.008718720891898513,0.0087175,,4
F9,400000,400000,2322,1,2,0.005806038759276266,0.005805,,4
F10,400000,400000,2669,1,2,0.006672012488609269,0.0066725,,7
F11,200000,200000,7402,1,2,0.037007857094366214,0.03701,,7
F12,400000,400000,5919,1,2,0.014798011469753514,0.0147975,,1
F13,400000,400000,8014,1,2,0.02003571101489493,0.020035,,1
F14,400000,400000,1267,1,2,0.0031673932660593596,0.0031675,,7
F15,400000,400000,1267,1,2,0.0031664723083597024,0.0031675,,2
F16,400000,400000,3607,1,2,0.009016395155896834,0.0090175,,7
F17,400000,400000,4101,1,2,0.010252256374102708,0.0102525,,7
F18,400000,400000,1336,1,2,0.0033395058407610645,0.00334,,4
F19,400000,400000,1710,1,2,0.0042759382041171745,0.004275,,6
F20,400000,400000,6506,1,2,0.01626584306680634,0.016265,,4
F21,100000,100000,7511,1,2,0.07510842733491202,0.07511,,7
F22,400000,400000,2878,1,2,0.0071945759316349445,0.007195,,1
F23,400000,400000,636,1,2,0.0015895737320787695,0.00159,,7
F24,400000,400000,3045,1,2,0.0076119697866972175,0.0076125,,2
F25,200000,200000,2946,1,2,0.014731022386458556,0.01473,,6
F26,400000,400000,1529,1,2,0.0038234061753471132,0.0038225,,6
F27,400000,400000,5169,1,2,0.012923704841342074,0.0129225,,2
F28,400000,400000,4503,1,2,0.011257416463479913,0.0112575,,4
F29,400000,400000,860,1,2,0.002150007599368009,0.00215,,1
F30,200000,200000,1896,1,2,0.009479581303935308,0.00948,,1
F31,400000,400000,10677,1,2,0.02669153008562889,0.0266925,,7
F32,200000,200000,7342,1,2,0.036710690729739474,0.03671,,2
