Flow,Period,Deadline,Execution Time,w,h,Target_Utilization,Actual_Utilization,Utilization_Error,Queue
F1,400000,400000,4005,1,2,0.010013404534765458,0.0100125,,1
F2,400000,400000,938,1,2,0.0023450733904464283,0.002345,,6
F3,100000,100000,6756,1,2,0.06755814914139513,0.06756,,2
F4,400000,400000,3748,1,2,0.00936940402405062,0.00937,,6
F5,400000,400000,920,1,2,0.0022997816210855726,0.0023,,4
F6,400000,400000,3663,1,2,0.00915717227889773,0.0091575,,5
F7,400000,400000,944,1,2,0.0023607615574098295,0.00236,,1
F8,400000,400000,3071,1,2,0.007678344220499345,0.0076775,,7
F9,400000,400000,1498,1,2,0.0037448568288140915,0.003745,,3
F10,200000,200000,11301,1,2,0.05650350219860417,0.056505,,2
F11,200000,200000,1455,1,2,0.007276242644377151,0.007275,,1
F12,200000,200000,5445,1,2,0.027224210292446427,0.027225,,1
F13,400000,400000,11633,1,2,0.02908127569088917,0.0290825,,2
F14,400000,400000,4548,1,2,0.011370560314120676,0.01137,,7
F15,200000,200000,701,1,2,0.0035057825399045783,0.003505,,7
F16,100000,100000,716,1,2,0.007161245644682568,0.00716,,4
F17,400000,400000,4499,1,2,0.011247697799113693,0.0112475,,2
F18,400000,400000,1455,1,2,0.0036378969478815526,0.0036375,,2
F19,400000,400000,6349,1,2,0.0158728303204283,0.0158725,,6
F20,400000,400000,841,1,2,0.0021034927773432577,0.0021025,,3
F21,400000,400000,3125,1,2,0.007811465362936393,0.0078125,,2
F22,400000,400000,741,1,2,0.0018522973488670491,0.0018525,,5
F23,400000,400000,6565,1,2,0.016412138716959845,0.0164125,,1
F24,400000,400000,8923,1,2,0.022306964153018277,0.0223075,,2
F25,400000,400000,3717,1,2,0.009293744486497016,0.0092925,,3
F26,400000,400000,1489,1,2,0.00372142628741845,0.0037225,,5
F27,400000,400000,600,1,2,0.00013573144918128943,0.0015,,1
F28,200000,200000,8939,1,2,0.04469270154592421,0.044695,,2
F29,400000,400000,2116,1,2,0.005288902854093044,0.00529,,6
F30,200000,200000,6935,1,2,0.03467682591942693,0.034675,,7
F31,400000,400000,4347,1,2,0.010866782820301669,0.0108675,,7
F32,400000,400000,9561,1,2,0.023901487179247918,0.0239025,,7
