Flow,Period,Deadline,Execution Time,w,h,Target_Utilization,Actual_Utilization,Utilization_Error,Queue
F1,400000,400000,7283,1,2,0.018208290694843365,0.0182075,,3
F2,400000,400000,5730,1,2,0.014323968666849929,0.014325,,6
F3,100000,100000,2396,1,2,0.023960879230011056,0.02396,,5
F4,400000,400000,1273,1,2,0.003181291146468035,0.0031825,,5
F5,400000,400000,2440,1,2,0.006099553067182739,0.0061,,4
F6,400000,400000,1379,1,2,0.003446457557716165,0.0034475,,3
F7,400000,400000,2687,1,2,0.006718515467575348,0.0067175,,5
F8,400000,400000,2627,1,2,0.006566446175785667,0.0065675,,1
F9,400000,400000,3297,1,2,0.008241961630745753,0.0082425,,3
F10,100000,100000,2591,1,2,0.025909933060614454,0.02591,,3
F11,400000,400000,1104,1,2,0.0027592464628641844,0.00276,,7
F12,400000,400000,10173,1,2,0.025432069717905015,0.0254325,,6
F13,200000,200000,2945,1,2,0.014723758089563943,0.014725,,1
F14,400000,400000,6323,1,2,0.015807125458802473,0.0158075,,4
F15,400000,400000,3629,1,2,0.009072536633854766,0.0090725,,6
F16,200000,200000,7831,1,2,0.0391564231131758,0.039155,,3
F17,400000,400000,3929,1,2,0.00982158839722716,0.0098225,,1
F18,50000,50000,1327,1,2,0.026540531130295447,0.02654,,5
F19,400000,400000,11731,1,2,0.02932696479352867,0.0293275,,4
F20,400000,400000,3445,1,2,0.008612488865158807,0.0086125,,7
F21,400000,400000,4861,1,2,0.012151698528772875,0.0121525,,3
F22,200000,200000,1895,1,2,0.009473969243035146,0.009475,,4
F23,50000,50000,1232,1,2,0.02464012564036666,0.02464,,7
F24,400000,400000,784,1,2,0.001960286935818678,0.00196,,2
F25,200000,200000,11984,1,2,0.059918326400067765,0.05992,,3
F26,400000,400000,4150,1,2,0.010376215402608982,0.010375,,5
F27,400000,400000,4330,1,2,0.01082530111894009,0.010825,,7
F28,400000,400000,1397,1,2,0.0034936302573995576,0.0034925,,6
F29,400000,400000,600,1,2,0.0002585983420455365,0.0015,,4
F30,100000,100000,2574,1,2,0.025740657002378684,0.02574,,4
F31,400000,400000,3169,1,2,0.007922312831757353,0.0079225,,2
F32,400000,400000,5547,1,2,0.013868161133406215,0.0138675,,2
