Flow,Period,Deadline,Execution Time,w,h,Target_Utilization,Actual_Utilization,Utilization_Error,Queue
F1,400000,400000,4833,1,2,0.012083449251509393,0.0120825,,5
F2,400000,400000,600,1,2,0.00015852857782816532,0.0015,,2
F3,100000,100000,6098,1,2,0.06098085374331136,0.06098,,2
F4,400000,400000,3231,1,2,0.008077328524888017,0.0080775,,4
F5,400000,400000,803,1,2,0.0020065509087778266,0.0020075,,1
F6,400000,400000,5203,1,2,0.013008665449935397,0.0130075,,7
F7,400000,400000,6727,1,2,0.016817157308987474,0.0168175,,2
F8,200000,200000,4591,1,2,0.02295602292675536,0.022955,,2
F9,200000,200000,1610,1,2,0.008049027763955052,0.00805,,3
F10,200000,200000,2995,1,2,0.01497531107691491,0.014975,,2
F11,400000,400000,600,1,2,0.0004060011103581562,0.0015,,4
F12,400000,400000,1726,1,2,0.004314998180062479,0.004315,,6
F13,200000,200000,2639,1,2,0.013194091696212329,0.013195,,3
F14,400000,400000,600,1,2,0.0013005578978650956,0.0015,,5
F15,400000,400000,9855,1,2,0.02463739582347843,0.0246375,,2
F16,400000,400000,7494,1,2,0.018734060470491226,0.018735,,2
F17,400000,400000,600,1,2,0.0013680484723218589,0.0015,,3
F18,400000,400000,6201,1,2,0.015502662487214963,0.0155025,,7
F19,400000,400000,600,1,2,0.0005051913036301925,0.0015,,1
F20,400000,400000,1107,1,2,0.002767086352614412,0.0027675,,6
F21,400000,400000,4909,1,2,0.012272543588123436,0.0122725,,6
F22,400000,400000,3733,1,2,0.009331802525608446,0.0093325,,1
F23,400000,400000,5555,1,2,0.013887429357165526,0.0138875,,4
F24,200000,200000,3091,1,2,0.015453750488599649,0.015455,,5
F25,400000,400000,600,1,2,0.0012352126182708367,0.0015,,2
F26,200000,200000,4636,1,2,0.023181187433257283,0.02318,,2
F27,400000,400000,1125,1,2,0.0028114646594598613,0.0028125,,7
F28,400000,400000,8230,1,2,0.020574217251478788,0.020575,,2
F29,400000,400000,3637,1,2,0.009092769187550101,0.0090925,,2
F30,400000,400000,1501,1,2,0.003751947920707932,0.0037525,,7
F31,200000,200000,5302,1,2,0.02651028365816973,0.02651,,2
F32,200000,200000,11157,1,2,0.055785761745396366,0.055785,,2
