Flow,Period,Deadline,Execution Time,w,h,Target_Utilization,Actual_Utilization,Utilization_Error,Queue
F1,400000,400000,1420,1,2,0.003549776311650321,0.00355,,5
F2,400000,400000,6149,1,2,0.015372867760920839,0.0153725,,4
F3,200000,200000,7421,1,2,0.03710491841193869,0.037105,,6
F4,400000,400000,1153,1,2,0.0028817464890088518,0.0028825,,6
F5,400000,400000,11120,1,2,0.02779885839963442,0.0278,,4
F6,400000,400000,9259,1,2,0.02314761987591435,0.0231475,,3
F7,200000,200000,1090,1,2,0.005450371380259056,0.00545,,6
F8,400000,400000,6551,1,2,0.016378560436558498,0.0163775,,4
F9,400000,400000,600,1,2,0.0008789182375030791,0.0015,,1
F10,200000,200000,7050,1,2,0.035250866767415956,0.03525,,3
F11,200000,200000,1323,1,2,0.0066143053857310175,0.006615,,3
F12,400000,400000,6253,1,2,0.015632665813800933,0.0156325,,5
F13,400000,400000,2019,1,2,0.0050480455057251294,0.0050475,,1
F14,400000,400000,696,1,2,0.001740822611965065,0.00174,,7
F15,400000,400000,3338,1,2,0.008345321401724282,0.008345,,7
F16,400000,400000,3621,1,2,0.009053144486444287,0.0090525,,3
F17,400000,400000,2210,1,2,0.005525752395034417,0.005525,,5
F18,200000,200000,3093,1,2,0.015464867762504025,0.015465,,6
F19,400000,400000,600,1,2,0.0007533140588670828,0.0015,,7
F20,400000,400000,600,1,2,0.0013182465661093767,0.0015,,3
F21,400000,400000,2675,1,2,0.006687724701233161,0.0066875,,2
F22,400000,400000,9406,1,2,0.023515023747974317,0.023515,,6
F23,200000,200000,8191,1,2,0.04095504704208412,0.040955,,3
F24,200000,200000,1415,1,2,0.007074089193634003,0.007075,,7
F25,200000,200000,4327,1,2,0.02163465217352463,0.021635,,2
F26,400000,400000,600,1,2,0.0009714385562211575,0.0015,,2
F27,400000,400000,918,1,2,0.0022960617741095563,0.002295,,2
F28,100000,100000,2006,1,2,0.02006121643089922,0.02006,,7
F29,400000,400000,743,1,2,0.0018579232108786939,0.0018575,,3
F30,400000,400000,1506,1,2,0.0037645044623162358,0.003765,,4
F31,400000,400000,3507,1,2,0.008767250799021728,0.0087675,,2
F32,100000,100000,3089,1,2,0.03088823547590077,0.03089,,2
