Flow,Period,Deadline,Execution Time,w,h,Target_Utilization,Actual_Utilization,Utilization_Error,Queue
F1,100000,100000,1743,1,2,0.017430209012832154,0.01743,,3
F2,200000,200000,2920,1,2,0.014598888619154204,0.0146,,4
F3,400000,400000,7877,1,2,0.019693268786973694,0.0196925,,3
F4,400000,400000,1874,1,2,0.004685978136263758,0.004685,,2
F5,100000,100000,1839,1,2,0.018389116116112714,0.01839,,1
F6,400000,400000,5059,1,2,0.01264692746240581,0.0126475,,1
F7,200000,200000,4031,1,2,0.02015525478037672,0.020155,,4
F8,100000,100000,5092,1,2,0.050918611791822,0.05092,,4
F9,400000,400000,4392,1,2,0.010979428158026827,0.01098,,5
F10,400000,400000,8909,1,2,0.022273199553152656,0.0222725,,4
F11,400000,400000,6777,1,2,0.016943391564167187,0.0169425,,1
F12,400000,400000,2576,1,2,0.00644115824246233,0.00644,,4
F13,400000,400000,8081,1,2,0.020203356753909496,0.0202025,,3
F14,400000,400000,2430,1,2,0.006075677051302297,0.006075,,6
F15,400000,400000,2000,1,2,0.00500031351639274,0.005,,5
F16,400000,400000,1167,1,2,0.0029173511094285898,0.0029175,,3
F17,200000,200000,10395,1,2,0.051973118142596086,0.051975,,3
F18,200000,200000,6795,1,2,0.033973491300160835,0.033975,,3
F19,400000,400000,639,1,2,0.0015983313464415227,0.0015975,,4
F20,200000,200000,2139,1,2,0.0106954341629113,0.010695,,7
F21,400000,400000,6329,1,2,0.015822343488841623,0.0158225,,3
F22,400000,400000,2238,1,2,0.005594081644888768,0.005595,,3
F23,400000,400000,616,1,2,0.0015395221249780433,0.00154,,4
F24,50000,50000,1540,1,2,0.030798344194491317,0.0308,,4
F25,400000,400000,11957,1,2,0.029893057814372577,0.0298925,,3
F26,400000,400000,6365,1,2,0.01591373854683365,0.0159125,,6
F27,400000,400000,3131,1,2,0.007828031340132588,0.0078275,,2
F28,400000,400000,914,1,2,0.0022861558764984344,0.002285,,6
F29,400000,400000,1002,1,2,0.0025040589984343838,0.002505,,1
F30,400000,400000,7342,1,2,0.018355383060795018,0.018355,,4
F31,400000,400000,1741,1,2,0.004352151189017124,0.0043525,,7
F32,200000,200000,1411,1,2,0.007055945845991515,0.007055,,1
