Flow,Period,Deadline,Execution Time,w,h,Target_Utilization,Actual_Utilization,Utilization_Error,Queue
F1,400000,400000,7718,1,2,0.019296062783024703,0.019295,,3
F2,200000,200000,6171,1,2,0.030857267069188343,0.030855,,6
F3,400000,400000,600,1,2,0.0011765191417203447,0.0015,,7
F4,400000,400000,600,1,2,0.00042358839321299246,0.0015,,5
F5,400000,400000,600,1,2,0.00025517737713265376,0.0015,,4
F6,400000,400000,979,1,2,0.002448328212756312,0.0024475,,1
F7,400000,400000,1014,1,2,0.0025353242581074853,0.002535,,6
F8,400000,400000,9889,1,2,0.02472273323515789,0.0247225,,3
F9,400000,400000,7547,1,2,0.018866892851867434,0.0188675,,5
F10,400000,400000,997,1,2,0.0024917674467837547,0.0024925,,3
F11,400000,400000,600,1,2,0.0001683092312576573,0.0015,,7
F12,400000,400000,5475,1,2,0.013686687401117281,0.0136875,,2
F13,400000,400000,9817,1,2,0.024541459657268727,0.0245425,,3
F14,200000,200000,4301,1,2,0.021504024539249877,0.021505,,6
F15,400000,400000,3830,1,2,0.009575300458073532,0.009575,,3
F16,200000,200000,1379,1,2,0.006895423344784601,0.006895,,2
F17,50000,50000,2478,1,2,0.049560857799239494,0.04956,,3
F18,400000,400000,4661,1,2,0.011651299275581728,0.0116525,,5
F19,400000,400000,2310,1,2,0.005773893682919751,0.005775,,5
F20,100000,100000,1374,1,2,0.013739824127247197,0.01374,,6
F21,400000,400000,8049,1,2,0.02012170716630643,0.0201225,,6
F22,200000,200000,6739,1,2,0.03369656505634579,0.033695,,6
F23,400000,400000,1007,1,2,0.00251856279995101,0.0025175,,4
F24,100000,100000,1864,1,2,0.0186402872698989,0.01864,,3
F25,400000,400000,906,1,2,0.0022639726512179437,0.002265,,6
F26,100000,100000,1720,1,2,0.017200352508867145,0.0172,,6
F27,400000,400000,2965,1,2,0.007413488236625181,0.0074125,,6
F28,400000,400000,4532,1,2,0.011329408616727245,0.01133,,4
F29,400000,400000,5183,1,2,0.012957420725307194,0.0129575,,3
F30,400000,400000,600,1,2,9.594105083569199e-05,0.0015,,5
F31,200000,200000,3422,1,2,0.01710926598943434,0.01711,,5
F32,200000,200000,1144,1,2,0.005720411821756975,0.00572,,2
