Flow,Period,Deadline,Execution Time,w,h,Target_Utilization,Actual_Utilization,Utilization_Error,Queue
F1,400000,400000,5299,1,2,0.013248674430665075,0.0132475,,4
F2,400000,400000,1937,1,2,0.00484267285996276,0.0048425,,1
F3,400000,400000,8305,1,2,0.020763031742312088,0.0207625,,1
F4,400000,400000,7371,1,2,0.01842760301103602,0.0184275,,4
F5,100000,100000,606,1,2,0.006058779123478963,0.00606,,4
F6,400000,400000,5556,1,2,0.013889256880054934,0.01389,,5
F7,400000,400000,600,1,2,0.0009647923101864797,0.0015,,5
F8,400000,400000,3080,1,2,0.0076994779626653465,0.0077,,5
F9,400000,400000,3047,1,2,0.007618546388036995,0.0076175,,1
F10,200000,200000,2482,1,2,0.012411009120391114,0.01241,,7
F11,400000,400000,8213,1,2,0.020532636425660222,0.0205325,,7
F12,400000,400000,1965,1,2,0.004912427429160315,0.0049125,,6
F13,400000,400000,1021,1,2,0.002551802692177807,0.0025525,,4
F14,400000,400000,6239,1,2,0.015598231210237623,0.0155975,,3
F15,400000,400000,3310,1,2,0.00827463521734384,0.008275,,2
F16,400000,400000,6701,1,2,0.01675319202670844,0.0167525,,2
F17,400000,400000,8799,1,2,0.021998122452683733,0.0219975,,6
F18,400000,400000,6098,1,2,0.01524506743436349,0.015245,,1
F19,400000,400000,4809,1,2,0.012021528736926135,0.0120225,,6
F20,400000,400000,3605,1,2,0.009012819061931437,0.0090125,,3
F21,400000,400000,600,1,2,0.0008095781729050844,0.0015,,2
F22,400000,400000,1046,1,2,0.0026159456488742128,0.002615,,7
F23,200000,200000,9215,1,2,0.04607370328856081,0.046075,,5
F24,400000,400000,1441,1,2,0.003602027823417675,0.0036025,,3
F25,100000,100000,5117,1,2,0.05117000193001528,0.05117,,3
F26,400000,400000,2217,1,2,0.0055425280688475576,0.0055425,,7
F27,400000,400000,7239,1,2,0.018098459330821146,0.0180975,,6
F28,200000,200000,9232,1,2,0.046159633947774836,0.04616,,1
F29,200000,200000,6601,1,2,0.03300688323089712,0.033005,,2
F30,400000,400000,1102,1,2,0.0027546784812103736,0.002755,,5
F31,400000,400000,1289,1,2,0.003222336169090907,0.0032225,,2
F32,50000,50000,1597,1,2,0.03194108994770297,0.03194,,3
