Flow,Period,Deadline,Execution Time,w,h,Target_Utilization,Actual_Utilization,Utilization_Error,Queue
F1,400000,400000,5235,1,2,0.013086513762432694,0.0130875,,6
F2,400000,400000,677,1,2,0.0016914990739945734,0.0016925,,7
F3,400000,400000,4557,1,2,0.011393014100533116,0.0113925,,5
F4,400000,400000,11112,1,2,0.02777979310511902,0.02778,,4
F5,400000,400000,7404,1,2,0.018510149596478676,0.01851,,5
F6,400000,400000,600,1,2,0.0003356242683396071,0.0015,,3
F7,400000,400000,3851,1,2,0.009627089923514243,0.0096275,,7
F8,100000,100000,790,1,2,0.00790077303730019,0.0079,,4
F9,400000,400000,1678,1,2,0.004195427176186151,0.004195,,1
F10,200000,200000,2489,1,2,0.012445574747589339,0.012445,,1
F11,400000,400000,9379,1,2,0.023447606872537774,0.0234475,,2
F12,400000,400000,10177,1,2,0.025443702878983787,0.0254425,,6
F13,400000,400000,5529,1,2,0.013823124586089475,0.0138225,,4
F14,400000,400000,751,1,2,0.0018769406860043025,0.0018775,,1
F15,200000,200000,635,1,2,0.0031737922316137923,0.003175,,3
F16,200000,200000,9501,1,2,0.047504327074244845,0.047505,,4
F17,400000,400000,600,1,2,0.0008404501805106546,0.0015,,1
F18,200000,200000,1552,1,2,0.0077595031249798885,0.00776,,6
F19,400000,400000,7095,1,2,0.01773728412207548,0.0177375,,7
F20,400000,400000,600,1,2,0.0008466915666874297,0.0015,,4
F21,400000,400000,3691,1,2,0.009228418775136943,0.0092275,,2
F22,400000,400000,2895,1,2,0.007238351900737072,0.0072375,,2
F23,400000,400000,3017,1,2,0.00754322963349352,0.0075425,,5
F24,400000,400000,646,1,2,0.0016156632280246996,0.001615,,6
F25,100000,100000,3891,1,2,0.0389079656905538,0.03891,,6
F26,400000,400000,600,1,2,0.0001312171123047795,0.0015,,7
F27,400000,400000,2613,1,2,0.0065315854883795516,0.0065325,,4
F28,200000,200000,6937,1,2,0.03468345605290199,0.034685,,7
F29,400000,400000,2079,1,2,0.005198301040735209,0.0051975,,7
F30,200000,200000,10538,1,2,0.05268939815877215,0.05269,,6
F31,400000,400000,10006,1,2,0.025014470752741904,0.025015,,1
F32,400000,400000,600,1,2,0.0007892311116825105,0.0015,,6
