Flow,Period,Deadline,Execution Time,w,h,Target_Utilization,Actual_Utilization,Utilization_Error,Queue
F1,400000,400000,600,1,2,0.0010143223674314306,0.0015,,7
F2,400000,400000,3179,1,2,0.007946496284241655,0.0079475,,4
F3,50000,50000,1964,1,2,0.0392787735238187,0.03928,,1
F4,400000,400000,3049,1,2,0.007623098441384812,0.0076225,,6
F5,400000,400000,6779,1,2,0.016947296873802753,0.0169475,,6
F6,400000,400000,4286,1,2,0.010714182443665066,0.010715,,1
F7,400000,400000,600,1,2,0.0006618359811835228,0.0015,,5
F8,200000,200000,3455,1,2,0.01727539200493944,0.017275,,1
F9,400000,400000,857,1,2,0.0021413777247579757,0.0021425,,4
F10,100000,100000,5221,1,2,0.052212467839786225,0.05221,,3
F11,400000,400000,4287,1,2,0.010717346691258012,0.0107175,,5
F12,400000,400000,2440,1,2,0.006100524295828358,0.0061,,2
F13,400000,400000,684,1,2,0.0017102798392111818,0.00171,,7
F14,400000,400000,600,1,2,0.001404598175491878,0.0015,,4
F15,400000,400000,884,1,2,0.0022097338987195347,0.00221,,7
F16,400000,400000,600,1,2,0.000837955366478571,0.0015,,2
F17,400000,400000,7507,1,2,0.018766802492791362,0.0187675,,3
F18,200000,200000,8853,1,2,0.044266319043535646,0.044265,,3
F19,400000,400000,677,1,2,0.0016925227280604471,0.0016925,,3
F20,400000,400000,6374,1,2,0.015934538953987692,0.015935,,3
F21,400000,400000,943,1,2,0.0023567490493733023,0.0023575,,4
F22,400000,400000,3497,1,2,0.008742061568695642,0.0087425,,3
F23,200000,200000,1236,1,2,0.006179682903001776,0.00618,,5
F24,400000,400000,2113,1,2,0.00528357835373422,0.0052825,,3
F25,400000,400000,3160,1,2,0.007899274254781291,0.0079,,1
F26,100000,100000,999,1,2,0.009989220942951849,0.00999,,6
F27,400000,400000,10947,1,2,0.027366328953240968,0.0273675,,3
F28,400000,400000,8448,1,2,0.021119224498853978,0.02112,,6
F29,400000,400000,9185,1,2,0.02296150162054139,0.0229625,,1
F30,400000,400000,600,1,2,0.00011978132727559487,0.0015,,1
F31,400000,400000,3856,1,2,0.009640809255483697,0.00964,,5
F32,100000,100000,6053,1,2,0.06053493475534221,0.06053,,3
