Flow,Period,Deadline,Execution Time,w,h,Target_Utilization,Actual_Utilization,Utilization_Error,Queue
F1,400000,400000,4499,1,2,0.011247869728788162,0.0112475,,6
F2,400000,400000,6227,1,2,0.015567103007478711,0.0155675,,7
F3,400000,400000,7278,1,2,0.01819453190877668,0.018195,,3
F4,400000,400000,600,1,2,0.0009967262791412135,0.0015,,3
F5,200000,200000,6617,1,2,0.03308399282395824,0.033085,,7
F6,400000,400000,600,1,2,0.0005181681051380504,0.0015,,1
F7,400000,400000,3869,1,2,0.009671694368641681,0.0096725,,3
F8,400000,400000,2877,1,2,0.007193283322261768,0.0071925,,4
F9,400000,400000,1279,1,2,0.0031983261180162925,0.0031975,,1
F10,400000,400000,4209,1,2,0.010521350695175458,0.0105225,,2
F11,200000,200000,1107,1,2,0.00553411241428764,0.005535,,6
F12,400000,400000,5643,1,2,0.01410637572161183,0.0141075,,6
F13,400000,400000,4971,1,2,0.012427757059232825,0.0124275,,4
F14,400000,400000,2665,1,2,0.0066621407095626695,0.0066625,,5
F15,400000,400000,8542,1,2,0.02135581748964921,0.021355,,6
F16,400000,400000,649,1,2,0.0016219583777847824,0.0016225,,4
F17,400000,400000,5884,1,2,0.014708914167827214,0.01471,,2
F18,400000,400000,2493,1,2,0.00623328438253376,0.0062325,,7
F19,400000,400000,7370,1,2,0.018423817313186708,0.018425,,6
F20,400000,400000,8049,1,2,0.020122355889640786,0.0201225,,7
F21,400000,400000,2293,1,2,0.005731268182867039,0.0057325,,2
F22,400000,400000,600,1,2,0.0008276934243419687,0.0015,,5
F23,400000,400000,10565,1,2,0.026412242983379658,0.0264125,,3
F24,400000,400000,5254,1,2,0.013134104254023421,0.013135,,1
F25,400000,400000,600,1,2,0.001207084738590214,0.0015,,4
F26,400000,400000,4573,1,2,0.01143324708341556,0.0114325,,5
F27,400000,400000,5386,1,2,0.013465554946233152,0.013465,,3
F28,400000,400000,784,1,2,0.0019608072599455323,0.00196,,3
F29,400000,400000,6649,1,2,0.016623307674541704,0.0166225,,4
F30,400000,400000,3946,1,2,0.009864718549892001,0.009865,,7
F31,100000,100000,8372,1,2,0.08372062325738412,0.08372,,3
F32,200000,200000,1559,1,2,0.0077944400475383506,0.007795,,1
