Flow,Period,Deadline,Execution Time,w,h,Target_Utilization,Actual_Utilization,Utilization_Error,Queue
F1,400000,400000,600,1,2,0.0011765874589674263,0.0015,,5
F2,200000,200000,6537,1,2,0.032686495760449685,0.032685,,1
F3,100000,100000,7281,1,2,0.07280980322027653,0.07281,,7
F4,400000,400000,4177,1,2,0.010442947040085304,0.0104425,,6
F5,400000,400000,10311,1,2,0.025778099844923463,0.0257775,,3
F6,400000,400000,2728,1,2,0.006819715545897054,0.00682,,6
F7,400000,400000,858,1,2,0.002145944093590646,0.002145,,3
F8,200000,200000,1690,1,2,0.008450710956396268,0.00845,,1
F9,400000,400000,1230,1,2,0.003074107058692377,0.003075,,5
F10,400000,400000,9227,1,2,0.02306628528936916,0.0230675,,7
F11,400000,400000,3662,1,2,0.009154817193190612,0.009155,,5
F12,200000,200000,1759,1,2,0.008796140373060646,0.008795,,3
F13,400000,400000,7747,1,2,0.019368622648727463,0.0193675,,1
F14,100000,100000,4228,1,2,0.042280333456213764,0.04228,,1
F15,200000,200000,2914,1,2,0.01457123663627985,0.01457,,7
F16,200000,200000,1855,1,2,0.009275571185949488,0.009275,,1
F17,400000,400000,2007,1,2,0.005018383763850193,0.0050175,,4
F18,400000,400000,3900,1,2,0.00975096694638855,0.00975,,7
F19,200000,200000,1016,1,2,0.005078826207498277,0.00508,,2
F20,400000,400000,1419,1,2,0.0035465813299638826,0.0035475,,6
F21,400000,400000,1097,1,2,0.0027429392464993485,0.0027425,,1
F22,400000,400000,2458,1,2,0.006145091641930001,0.006145,,4
F23,400000,400000,693,1,2,0.0017322511283277553,0.0017325,,7
F24,400000,400000,10607,1,2,0.02651696673529709,0.0265175,,7
F25,200000,200000,2547,1,2,0.01273459580078698,0.012735,,6
F26,400000,400000,4660,1,2,0.011649973982641018,0.01165,,4
F27,400000,400000,8468,1,2,0.02117012702702782,0.02117,,6
F28,100000,100000,910,1,2,0.009101237800638512,0.0091,,7
F29,200000,200000,1134,1,2,0.005670886270551748,0.00567,,5
F30,400000,400000,9482,1,2,0.023704315349161183,0.023705,,1
F31,200000,200000,1992,1,2,0.00996069376683089,0.00996,,3
F32,400000,400000,7085,1,2,0.01771190154134783,0.0177125,,3
