Flow,Period,Deadline,Execution Time,w,h,Target_Utilization,Actual_Utilization,Utilization_Error,Queue
F1,50000,50000,679,1,2,0.013580481802259847,0.01358,,2
F2,400000,400000,2764,1,2,0.006910957632104087,0.00691,,1
F3,200000,200000,1234,1,2,0.0061712158407534745,0.00617,,4
F4,400000,400000,4061,1,2,0.010151424610628679,0.0101525,,5
F5,400000,400000,650,1,2,0.0016243353355500645,0.001625,,4
F6,200000,200000,3117,1,2,0.01558431986935771,0.015585,,1
F7,400000,400000,4041,1,2,0.010101488741764919,0.0101025,,6
F8,400000,400000,2429,1,2,0.006073148912014492,0.0060725,,2
F9,400000,400000,600,1,2,0.0007490883155655825,0.0015,,1
F10,200000,200000,712,1,2,0.00356036913227592,0.00356,,3
F11,200000,200000,5199,1,2,0.025995710403856787,0.025995,,1
F12,400000,400000,4746,1,2,0.011865811849805785,0.011865,,1
F13,50000,50000,1705,1,2,0.034101321960873954,0.0341,,5
F14,400000,400000,600,1,2,0.00080547177401874,0.0015,,2
F15,400000,400000,3010,1,2,0.0075260330435401035,0.007525,,7
F16,400000,400000,5249,1,2,0.013121963321713115,0.0131225,,7
F17,400000,400000,8545,1,2,0.021362474825866368,0.0213625,,4
F18,400000,400000,3482,1,2,0.008704678507585273,0.008705,,2
F19,400000,400000,9153,1,2,0.02288274490464573,0.0228825,,4
F20,400000,400000,2806,1,2,0.007015786878718094,0.007015,,3
F21,400000,400000,2706,1,2,0.006765588766107056,0.006765,,5
F22,400000,400000,1908,1,2,0.0047703825178224135,0.00477,,7
F23,400000,400000,713,1,2,0.0017828671989209843,0.0017825,,5
F24,200000,200000,10119,1,2,0.050593351093711714,0.050595,,4
F25,200000,200000,4391,1,2,0.02195553637840575,0.021955,,5
F26,200000,200000,1189,1,2,0.00594376684152563,0.005945,,6
F27,200000,200000,8547,1,2,0.04273250300955483,0.042735,,4
F28,400000,400000,5005,1,2,0.0125117311964658,0.0125125,,3
F29,200000,200000,2759,1,2,0.013793935690431018,0.013795,,5
F30,400000,400000,3573,1,2,0.008931900204032808,0.0089325,,4
F31,200000,200000,4359,1,2,0.02179454105400561,0.021795,,3
F32,400000,400000,600,1,2,0.0009975883905504047,0.0015,,7
