Flow,Period,Deadline,Execution Time,w,h,Target_Utilization,Actual_Utilization,Utilization_Error,Queue
F1,400000,400000,1164,1,2,0.0029105331438152304,0.00291,,6
F2,400000,400000,2821,1,2,0.0070517214168340225,0.0070525,,3
F3,100000,100000,1595,1,2,0.015950612748691972,0.01595,,6
F4,400000,400000,5143,1,2,0.012857203285323082,0.0128575,,3
F5,400000,400000,600,1,2,0.001393034986236219,0.0015,,6
F6,200000,200000,2759,1,2,0.013793890397818032,0.013795,,1
F7,400000,400000,6477,1,2,0.016193054207264523,0.0161925,,4
F8,200000,200000,1475,1,2,0.0073757552390059655,0.007375,,2
F9,400000,400000,6569,1,2,0.016422422063333553,0.0164225,,3
F10,400000,400000,7887,1,2,0.019718176288798905,0.0197175,,4
F11,200000,200000,5159,1,2,0.025795271978435508,0.025795,,6
F12,400000,400000,9007,1,2,0.022516604516285177,0.0225175,,6
F13,400000,400000,11601,1,2,0.02900223548385311,0.0290025,,4
F14,400000,400000,4667,1,2,0.011668149670757966,0.0116675,,4
F15,400000,400000,4567,1,2,0.01141681333026745,0.0114175,,6
F16,400000,400000,4689,1,2,0.01172241144505659,0.0117225,,7
F17,100000,100000,3453,1,2,0.03452784957019925,0.03453,,6
F18,200000,200000,3667,1,2,0.018335281861090874,0.018335,,2
F19,400000,400000,2369,1,2,0.005922128114370262,0.0059225,,5
F20,200000,200000,1297,1,2,0.006485787789791919,0.006485,,7
F21,400000,400000,5825,1,2,0.014561804419635088,0.0145625,,2
F22,400000,400000,2126,1,2,0.005314144680994448,0.005315,,4
F23,400000,400000,7129,1,2,0.017822065246357544,0.0178225,,1
F24,200000,200000,1903,1,2,0.009515699192812366,0.009515,,1
F25,200000,200000,8389,1,2,0.04194637522181287,0.041945,,1
F26,400000,400000,2490,1,2,0.006224455841307125,0.006225,,2
F27,400000,400000,790,1,2,0.001975018856317748,0.001975,,7
F28,100000,100000,2578,1,2,0.02578021993343637,0.02578,,1
F29,400000,400000,600,1,2,0.001435427750725339,0.0015,,2
F30,400000,400000,827,1,2,0.002067854451140723,0.0020675,,3
F31,200000,200000,1168,1,2,0.0058402425226965204,0.00584,,1
F32,200000,200000,6877,1,2,0.03438395881249683,0.034385,,1
