Flow,Period,Deadline,Execution Time,w,h,Target_Utilization,Actual_Utilization,Utilization_Error,Queue
F1,400000,400000,600,1,2,0.0007086235638075755,0.0015,,5
F2,400000,400000,605,1,2,0.001512327072171471,0.0015125,,2
F3,100000,100000,3652,1,2,0.036521968255200876,0.03652,,7
F4,200000,200000,3659,1,2,0.01829482566716556,0.018295,,1
F5,400000,400000,600,1,2,0.0010452027457284463,0.0015,,3
F6,100000,100000,1456,1,2,0.014560920499832763,0.01456,,6
F7,400000,400000,659,1,2,0.0016478691494091757,0.0016475,,4
F8,100000,100000,4495,1,2,0.04495127821450673,0.04495,,7
F9,400000,400000,600,1,2,9.102614339395743e-05,0.0015,,4
F10,400000,400000,8407,1,2,0.021018529693521304,0.0210175,,6
F11,400000,400000,600,1,2,0.0008792320178401813,0.0015,,1
F12,400000,400000,4934,1,2,0.012335197669392395,0.012335,,5
F13,200000,200000,2012,1,2,0.01006016268692203,0.01006,,1
F14,200000,200000,7603,1,2,0.038015264811450206,0.038015,,7
F15,400000,400000,1061,1,2,0.002652831015193119,0.0026525,,7
F16,200000,200000,6282,1,2,0.031408683246970936,0.03141,,2
F17,400000,400000,1136,1,2,0.002840278923158135,0.00284,,7
F18,400000,400000,1292,1,2,0.003229077011510817,0.00323,,3
F19,400000,400000,11742,1,2,0.029354225722804828,0.029355,,5
F20,200000,200000,6649,1,2,0.03324634840427067,0.033245,,7
F21,400000,400000,6257,1,2,0.015643648640709315,0.0156425,,7
F22,400000,400000,1075,1,2,0.0026874671529071026,0.0026875,,6
F23,400000,400000,2959,1,2,0.007397051522856163,0.0073975,,2
F24,400000,400000,843,1,2,0.0021086429887933883,0.0021075,,3
F25,400000,400000,600,1,2,1.3924265313547401e-06,0.0015,,6
F26,400000,400000,4141,1,2,0.010352371780123756,0.0103525,,2
F27,400000,400000,2443,1,2,0.006108001975505525,0.0061075,,5
F28,400000,400000,600,1,2,0.0004987215361638986,0.0015,,7
F29,400000,400000,1431,1,2,0.0035786423694733546,0.0035775,,6
F30,400000,400000,2909,1,2,0.007273328379237942,0.0072725,,1
F31,200000,200000,1760,1,2,0.008799267131850586,0.0088,,7
F32,100000,100000,3421,1,2,0.034208133666306616,0.03421,,6
