Flow,Period,Deadline,Execution Time,w,h,Target_Utilization,Actual_Utilization,Utilization_Error,Queue
F1,200000,200000,1942,1,2,0.009709483474675706,0.00971,,7
F2,400000,400000,1541,1,2,0.003852057791558172,0.0038525,,2
F3,200000,200000,640,1,2,0.0032008352501481374,0.0032,,1
F4,200000,200000,6647,1,2,0.03323644891255556,0.033235,,4
F5,400000,400000,824,1,2,0.0020600732562428004,0.00206,,7
F6,400000,400000,600,1,2,0.001410336868822637,0.0015,,6
F7,200000,200000,8927,1,2,0.04463284576135096,0.044635,,4
F8,400000,400000,10195,1,2,0.02548802685029783,0.0254875,,2
F9,400000,400000,6678,1,2,0.016694643996503666,0.016695,,2
F10,200000,200000,802,1,2,0.00400886534401701,0.00401,,4
F11,400000,400000,728,1,2,0.0018195048155872362,0.00182,,7
F12,400000,400000,3067,1,2,0.007667155520394042,0.0076675,,1
F13,400000,400000,7026,1,2,0.017564081646686824,0.017565,,7
F14,400000,400000,1681,1,2,0.004203537912702282,0.0042025,,5
F15,400000,400000,1852,1,2,0.004630069954417282,0.00463,,3
F16,200000,200000,8201,1,2,0.04100356947418099,0.041005,,2
F17,400000,400000,4761,1,2,0.011903492785635766,0.0119025,,3
F18,400000,400000,4381,1,2,0.010953603364693976,0.0109525,,4
F19,100000,100000,678,1,2,0.0067798453220571375,0.00678,,7
F20,100000,100000,1612,1,2,0.016119795616368338,0.01612,,3
F21,400000,400000,10783,1,2,0.026956676240384864,0.0269575,,7
F22,400000,400000,1837,1,2,0.00459332095252693,0.0045925,,2
F23,200000,200000,7140,1,2,0.035701003250424634,0.0357,,3
F24,400000,400000,600,1,2,0.0002006708953300601,0.0015,,5
F25,400000,400000,1762,1,2,0.00440466099101873,0.004405,,3
F26,400000,400000,2213,1,2,0.005532683659340412,0.0055325,,4
F27,400000,400000,765,1,2,0.0019130613420714482,0.0019125,,6
F28,400000,400000,9173,1,2,0.0229323034341955,0.0229325,,3
F29,200000,200000,4194,1,2,0.020971137832556865,0.02097,,4
F30,400000,400000,5321,1,2,0.01330239732424324,0.0133025,,7
F31,400000,400000,5291,1,2,0.01322647459065436,0.0132275,,2
F32,400000,400000,5641,1,2,0.014101689423939707,0.0141025,,4
