Flow,Period,Deadline,Execution Time,w,h,Target_Utilization,Actual_Utilization,Utilization_Error,Queue
F1,400000,400000,4071,1,2,0.010176922675827704,0.0101775,,2
F2,400000,400000,600,1,2,0.0008131080531300072,0.0015,,2
F3,400000,400000,1927,1,2,0.004818199859199901,0.0048175,,5
F4,400000,400000,600,1,2,0.00010054410441623363,0.0015,,1
F5,200000,200000,6822,1,2,0.03410897423522896,0.03411,,7
F6,400000,400000,3957,1,2,0.009891487024308976,0.0098925,,6
F7,200000,200000,2852,1,2,0.014261025298576868,0.01426,,2
F8,100000,100000,6835,1,2,0.06834563532880028,0.06835,,7
F9,400000,400000,2756,1,2,0.006888804555804595,0.00689,,2
F10,200000,200000,7504,1,2,0.037518873625996874,0.03752,,5
F11,400000,400000,5504,1,2,0.013760122211767478,0.01376,,5
F12,400000,400000,9545,1,2,0.023862953628951217,0.0238625,,6
F13,50000,50000,945,1,2,0.018898909072609965,0.0189,,7
F14,400000,400000,5105,1,2,0.01276284252997048,0.0127625,,6
F15,400000,400000,5421,1,2,0.013552868563522141,0.0135525,,2
F16,400000,400000,1098,1,2,0.002746078191312201,0.002745,,6
F17,400000,400000,637,1,2,0.0015926182487493723,0.0015925,,3
F18,400000,400000,8479,1,2,0.021197786580062522,0.0211975,,5
F19,50000,50000,1174,1,2,0.023479272640974658,0.02348,,2
F20,400000,400000,4587,1,2,0.011468064411105316,0.0114675,,5
F21,400000,400000,600,1,2,0.0010477624227005489,0.0015,,3
F22,400000,400000,3384,1,2,0.008460394330048887,0.00846,,3
F23,400000,400000,6585,1,2,0.016463587032180357,0.0164625,,6
F24,200000,200000,2841,1,2,0.01420619485186407,0.014205,,7
F25,400000,400000,2361,1,2,0.005902873300731137,0.0059025,,7
F26,400000,400000,5021,1,2,0.012553051362879264,0.0125525,,7
F27,400000,400000,11579,1,2,0.028947152964123896,0.0289475,,5
F28,200000,200000,4843,1,2,0.02421584759552136,0.024215,,7
F29,200000,200000,1242,1,2,0.00620940662558014,0.00621,,6
F30,100000,100000,609,1,2,0.006089336430473068,0.00609,,1
F31,400000,400000,3539,1,2,0.008848325624759915,0.0088475,,7
F32,400000,400000,3889,1,2,0.009721330319595382,0.0097225,,5
