Flow,Period,Deadline,Execution Time,w,h,Target_Utilization,Actual_Utilization,Utilization_Error,Queue
F1,400000,400000,3377,1,2,0.008443120922149105,0.0084425,,2
F2,200000,200000,7381,1,2,0.03690369160322626,0.036905,,1
F3,400000,400000,3123,1,2,0.007806988362435263,0.0078075,,7
F4,400000,400000,2080,1,2,0.005199530167255384,0.0052,,3
F5,400000,400000,11405,1,2,0.028512151358879412,0.0285125,,4
F6,400000,400000,3902,1,2,0.009754344898129652,0.009755,,1
F7,400000,400000,600,1,2,0.0001326375465152685,0.0015,,2
F8,400000,400000,7574,1,2,0.018933917492943653,0.018935,,2
F9,400000,400000,1320,1,2,0.003300077905472709,0.0033,,5
F10,400000,400000,4118,1,2,0.010294718145582471,0.010295,,7
F11,400000,400000,1767,1,2,0.004418468452632163,0.0044175,,4
F12,200000,200000,849,1,2,0.00424525003670051,0.004245,,2
F13,400000,400000,600,1,2,0.0004027405152179919,0.0015,,4
F14,200000,200000,751,1,2,0.003754467484867685,0.003755,,1
F15,400000,400000,11209,1,2,0.028021470269104287,0.0280225,,5
F16,400000,400000,2329,1,2,0.005822773555618943,0.0058225,,6
F17,400000,400000,7187,1,2,0.01796747590245268,0.0179675,,6
F18,400000,400000,6301,1,2,0.015752499235908213,0.0157525,,5
F19,400000,400000,4038,1,2,0.010095144108780929,0.010095,,5
F20,400000,400000,6143,1,2,0.015356595911356352,0.0153575,,1
F21,200000,200000,2921,1,2,0.01460603775202654,0.014605,,2
F22,400000,400000,5171,1,2,0.012927053640827024,0.0129275,,6
F23,400000,400000,1186,1,2,0.002965537007435154,0.002965,,3
F24,100000,100000,4137,1,2,0.0413715786263773,0.04137,,2
F25,200000,200000,8429,1,2,0.042146377309543195,0.042145,,1
F26,200000,200000,1669,1,2,0.008346217499242886,0.008345,,4
F27,200000,200000,4193,1,2,0.02096471000275485,0.020965,,1
F28,400000,400000,7013,1,2,0.017533152569740362,0.0175325,,4
F29,400000,400000,1300,1,2,0.003249680201694388,0.00325,,6
F30,200000,200000,7809,1,2,0.03904587735730609,0.039045,,4
F31,400000,400000,600,1,2,0.0004417665376047278,0.0015,,5
F32,200000,200000,6403,1,2,0.032015844020719775,0.032015,,2
