Flow,Period,Deadline,Execution Time,w,h,Target_Utilization,Utilization_Error,Queue
F1,100000,100000,6866,2,1,0.0686575383026673,,6
F2,200000,200000,1589,2,1,0.0079441382730363,,5
F3,100000,100000,5353,2,1,0.0535286682690718,,6
F4,200000,200000,7503,2,1,0.0375160226173874,,6
F5,400000,400000,2262,2,1,0.0056559192346565,,3
F6,200000,200000,8751,2,1,0.0437550249023213,,5
F7,400000,400000,3171,2,1,0.0079287375198549,,1
F8,50000,50000,5767,2,1,0.1153376883819123,,6
F9,400000,400000,3987,2,1,0.0099682914554912,,4
F10,200000,200000,9331,2,1,0.046655954365637,,6
F11,50000,50000,5320,2,1,0.106397519489366,,7
F12,400000,400000,623,2,1,0.001557388306192,,6
F13,400000,400000,9961,2,1,0.0249023800887983,,4
F14,200000,200000,10258,2,1,0.0512902407215534,,7
F15,400000,400000,8794,2,1,0.0219852494988693,,6
F16,200000,200000,7679,2,1,0.0383937535640394,,5
F17,400000,400000,7846,2,1,0.0196153722995603,,5
F18,200000,200000,7317,2,1,0.0365829592614648,,7
F19,200000,200000,9609,2,1,0.0480447245755969,,7
F20,400000,400000,600,2,1,0.0004233650839279,,3
F21,400000,400000,600,2,1,0.0011594805687368,,4
F22,200000,200000,6921,2,1,0.0346068635064588,,7
F23,200000,200000,8409,2,1,0.0420459571230493,,7
F24,400000,400000,2760,2,1,0.0069004795073763,,6
F25,400000,400000,6599,2,1,0.0164984642400811,,3
F26,200000,200000,967,2,1,0.0048361363838495,,5
F27,200000,200000,850,2,1,0.0042502363540141,,1
F28,400000,400000,5447,2,1,0.0136177496339916,,4
F29,400000,400000,926,2,1,0.0023150582809869,,6
F30,400000,400000,8417,2,1,0.0210415866667379,,7
F31,100000,100000,2724,2,1,0.0272394311927607,,6
F32,400000,400000,600,2,1,0.0005292145816103,,1
F33,400000,400000,2375,2,1,0.0059383004789984,,7
F34,400000,400000,10221,2,1,0.025553410526206,,5
F35,400000,400000,5768,2,1,0.0144209628092771,,5
F36,400000,400000,6739,2,1,0.016848161691276,,7
F37,400000,400000,643,2,1,0.001606836915071,,5
F38,400000,400000,1592,2,1,0.0039800383992205,,4
F39,400000,400000,7467,2,1,0.0186667630152379,,4
F40,400000,400000,8185,2,1,0.0204615575876936,,3
F41,100000,100000,4098,2,1,0.0409795334742303,,6
F42,200000,200000,3440,2,1,0.0172003980856943,,6
F43,200000,200000,7151,2,1,0.0357526298141688,,5
F44,400000,400000,4927,2,1,0.0123165637941393,,6
F45,400000,400000,4219,2,1,0.0105478857643203,,7
F46,400000,400000,6517,2,1,0.016291295338559,,1
F47,100000,100000,6671,2,1,0.0667086415380226,,7
F48,200000,200000,2168,2,1,0.0108403554083982,,3
