Flow,Period,Deadline,Execution Time,w,h,Target_Utilization,Utilization_Error,Queue
F1,400000,400000,2769,2,1,0.0069232831290066,,4
F2,400000,400000,4290,2,1,0.0107250270136234,,7
F3,400000,400000,2915,2,1,0.0072871171226285,,7
F4,200000,200000,8523,2,1,0.04261279711428,,5
F5,400000,400000,8319,2,1,0.0207982994591309,,6
F6,400000,400000,9197,2,1,0.0229923084952428,,4
F7,200000,200000,6547,2,1,0.0327372434621391,,3
F8,100000,100000,7527,2,1,0.0752683314796178,,6
F9,200000,200000,1465,2,1,0.0073259226707323,,6
F10,400000,400000,4605,2,1,0.0115116009236052,,1
F11,200000,200000,10517,2,1,0.0525851037531093,,5
F12,400000,400000,2419,2,1,0.0060481184765441,,2
F13,200000,200000,9385,2,1,0.0469251612940516,,2
F14,400000,400000,6780,2,1,0.0169498202350103,,5
F15,200000,200000,6025,2,1,0.0301264913091522,,3
F16,400000,400000,8579,2,1,0.0214464847333731,,2
F17,400000,400000,8175,2,1,0.0204379503347076,,1
F18,200000,200000,3033,2,1,0.0151651770403475,,6
F19,400000,400000,3772,2,1,0.0094301345293387,,5
F20,100000,100000,6307,2,1,0.0630676707488294,,2
F21,400000,400000,3383,2,1,0.0084575296270886,,2
F22,200000,200000,2037,2,1,0.0101844577071329,,4
F23,200000,200000,7411,2,1,0.037053290278981,,1
F24,200000,200000,6095,2,1,0.0304752697879523,,5
F25,400000,400000,9641,2,1,0.0241027267048475,,2
F26,50000,50000,3242,2,1,0.0648423190579146,,6
F27,50000,50000,2981,2,1,0.0596200058605881,,6
F28,400000,400000,2547,2,1,0.0063670030720363,,5
F29,200000,200000,5055,2,1,0.0252754084561297,,6
F30,400000,400000,4496,2,1,0.0112407043988637,,2
F31,100000,100000,3761,2,1,0.0376081679963021,,6
F32,400000,400000,1049,2,1,0.0026215489019148,,5
F33,400000,400000,1080,2,1,0.0027004110296941,,4
F34,100000,100000,3964,2,1,0.039642089223373,,2
F35,50000,50000,2497,2,1,0.0499412660731248,,6
F36,200000,200000,5141,2,1,0.0257062467865388,,1
F37,200000,200000,11285,2,1,0.0564234980625,,2
F38,400000,400000,4484,2,1,0.01120977085435,,3
F39,100000,100000,9425,2,1,0.0942496107829867,,6
F40,400000,400000,8126,2,1,0.0203154670113572,,3
F41,200000,200000,1117,2,1,0.0055842093527845,,3
F42,400000,400000,1252,2,1,0.0031291705982594,,7
F43,400000,400000,1432,2,1,0.0035801030403792,,6
F44,200000,200000,3793,2,1,0.0189655870341962,,4
F45,200000,200000,1607,2,1,0.0080357955325304,,3
F46,200000,200000,1695,2,1,0.0084760292884505,,1
F47,400000,400000,2517,2,1,0.0062922521609217,,1
F48,200000,200000,4563,2,1,0.02281428202602,,5
