Flow,Period,Deadline,Execution Time,w,h,Target_Utilization,Utilization_Error,Queue
F1,200000,200000,931,2,1,0.0046548659619589,,7
F2,400000,400000,1961,2,1,0.0049036003938014,,4
F3,400000,400000,3979,2,1,0.0099472057613667,,3
F4,50000,50000,4125,2,1,0.0824989241237454,,7
F5,400000,400000,1054,2,1,0.002634886208074,,1
F6,50000,50000,3597,2,1,0.0719440461613456,,6
F7,100000,100000,773,2,1,0.0077297990908158,,4
F8,100000,100000,2013,2,1,0.0201303065171825,,3
F9,400000,400000,3705,2,1,0.0092631882745801,,6
F10,200000,200000,7757,2,1,0.0387873990327751,,2
F11,200000,200000,7205,2,1,0.0360267894225747,,5
F12,400000,400000,5828,2,1,0.0145712343338908,,1
F13,400000,400000,2057,2,1,0.0051431045877021,,1
F14,400000,400000,5605,2,1,0.01401326281986,,5
F15,400000,400000,5065,2,1,0.0126633955491745,,7
F16,400000,400000,8181,2,1,0.0204517275862752,,4
F17,400000,400000,1376,2,1,0.0034391422300513,,1
F18,400000,400000,723,2,1,0.0018072611747098,,2
F19,400000,400000,3773,2,1,0.0094319309877534,,1
F20,100000,100000,10325,2,1,0.1032498593373387,,3
F21,200000,200000,8322,2,1,0.0416089043577276,,7
F22,400000,400000,4693,2,1,0.011731586161168,,4
F23,50000,50000,7533,2,1,0.150660315775935,,5
F24,400000,400000,2603,2,1,0.0065081465274139,,2
F25,400000,400000,9586,2,1,0.023964942183143,,7
F26,400000,400000,2951,2,1,0.0073777747446012,,7
F27,200000,200000,683,2,1,0.0034138619205895,,2
F28,50000,50000,6595,2,1,0.1319041020163128,,6
F29,100000,100000,6013,2,1,0.0601305958876385,,5
F30,400000,400000,3321,2,1,0.008303487490163,,5
F31,200000,200000,1402,2,1,0.0070108995783729,,3
F32,200000,200000,4141,2,1,0.0207050638429584,,6
F33,200000,200000,2312,2,1,0.0115610133502631,,2
F34,50000,50000,636,2,1,0.0127196709877349,,6
F35,200000,200000,6411,2,1,0.0320532434666603,,1
F36,100000,100000,2281,2,1,0.022809747602609,,2
F37,200000,200000,3138,2,1,0.0156907843751356,,2
F38,200000,200000,680,2,1,0.0034005315283434,,5
F39,100000,100000,5559,2,1,0.0555916284080726,,1
F40,50000,50000,2065,2,1,0.0412978091106485,,3
F41,400000,400000,1241,2,1,0.0031017365747354,,6
F42,200000,200000,7053,2,1,0.0352664033298568,,4
F43,200000,200000,4616,2,1,0.023079351002093,,3
F44,200000,200000,3369,2,1,0.0168439122874609,,7
F45,400000,400000,600,2,1,0.0007883866877344,,5
F46,400000,400000,8300,2,1,0.0207493816456479,,5
F47,400000,400000,1985,2,1,0.0049615371079102,,3
F48,200000,200000,7701,2,1,0.0385046506225944,,6
