Flow,Period,Deadline,Execution Time,w,h,Target_Utilization,Utilization_Error,Queue
F1,100000,100000,759,2,1,0.0075902143694559,,3
F2,400000,400000,5479,2,1,0.0136986036483648,,7
F3,400000,400000,10041,2,1,0.0251020824086805,,3
F4,400000,400000,11836,2,1,0.0295890795185476,,2
F5,400000,400000,9589,2,1,0.0239731485509844,,7
F6,200000,200000,8058,2,1,0.0402908971678825,,6
F7,200000,200000,11072,2,1,0.0553597273258297,,2
F8,400000,400000,694,2,1,0.0017359552979931,,3
F9,100000,100000,6166,2,1,0.0616566954712852,,2
F10,400000,400000,4669,2,1,0.0116731371147672,,6
F11,400000,400000,11734,2,1,0.0293357269311638,,3
F12,100000,100000,6552,2,1,0.0655210521310184,,3
F13,400000,400000,6355,2,1,0.0158884241905828,,6
F14,200000,200000,2328,2,1,0.0116395041960741,,1
F15,100000,100000,8749,2,1,0.087492158991798,,2
F16,400000,400000,3451,2,1,0.0086273384951161,,7
F17,400000,400000,11534,2,1,0.028835305421509,,2
F18,100000,100000,944,2,1,0.0094391179554311,,3
F19,50000,50000,1127,2,1,0.0225391499265867,,6
F20,400000,400000,2530,2,1,0.0063249430487805,,2
F21,400000,400000,2352,2,1,0.0058789348389228,,1
F22,400000,400000,3194,2,1,0.007985235938589,,5
F23,400000,400000,7633,2,1,0.0190825598407908,,3
F24,400000,400000,3118,2,1,0.0077944735591896,,4
F25,400000,400000,4678,2,1,0.0116961464308,,2
F26,400000,400000,2067,2,1,0.0051671296976844,,7
F27,400000,400000,4913,2,1,0.0122824732582459,,3
F28,50000,50000,6708,2,1,0.1341665769041786,,3
F29,200000,200000,5820,2,1,0.0291010604528816,,6
F30,400000,400000,912,2,1,0.0022793072890878,,1
F31,400000,400000,2260,2,1,0.0056487741502669,,4
F32,400000,400000,7803,2,1,0.0195072200073801,,7
F33,400000,400000,1869,2,1,0.004671256586237,,6
F34,200000,200000,1147,2,1,0.005735798866488,,5
F35,100000,100000,5777,2,1,0.0577720058236067,,3
F36,400000,400000,2437,2,1,0.0060932191376538,,6
F37,200000,200000,8407,2,1,0.0420344651972595,,2
F38,400000,400000,3233,2,1,0.0080827393372002,,2
F39,400000,400000,1439,2,1,0.0035972305047886,,2
F40,400000,400000,8697,2,1,0.0217426913687114,,1
F41,100000,100000,6569,2,1,0.0656899873728427,,2
F42,200000,200000,1245,2,1,0.006226041392856,,7
F43,100000,100000,4675,2,1,0.0467505958460494,,3
F44,100000,100000,3882,2,1,0.0388224134239514,,7
F45,200000,200000,8137,2,1,0.0406861451741949,,3
F46,400000,400000,7073,2,1,0.017682984286463,,2
F47,50000,50000,2204,2,1,0.0440813242250489,,6
F48,400000,400000,6082,2,1,0.0152045912380871,,1
