Flow,Period,Deadline,Execution Time,w,h,Target_Utilization,Utilization_Error,Queue
F1,400000,400000,11875,2,1,0.0296885657712133,,1
F2,400000,400000,2956,2,1,0.0073890930974047,,2
F3,400000,400000,10019,2,1,0.0250485959862107,,5
F4,400000,400000,1741,2,1,0.0043516620576686,,7
F5,400000,400000,600,2,1,0.0002792790975485,,5
F6,200000,200000,11197,2,1,0.0559864637001441,,4
F7,400000,400000,10043,2,1,0.0251076606852116,,7
F8,400000,400000,11495,2,1,0.0287374712289818,,6
F9,100000,100000,10712,2,1,0.1071168148061798,,7
F10,100000,100000,6939,2,1,0.0693898645887228,,1
F11,400000,400000,5175,2,1,0.0129371903828952,,2
F12,400000,400000,7512,2,1,0.0187799878623698,,1
F13,400000,400000,5593,2,1,0.0139819489431813,,3
F14,400000,400000,3481,2,1,0.0087036736685114,,4
F15,400000,400000,600,2,1,0.0013072697127939,,6
F16,400000,400000,2737,2,1,0.0068430712951004,,6
F17,400000,400000,11325,2,1,0.0283130189394599,,4
F18,200000,200000,5041,2,1,0.0252047664087564,,3
F19,400000,400000,600,2,1,0.0009624348345699,,2
F20,200000,200000,6439,2,1,0.0321927959831181,,5
F21,200000,200000,8698,2,1,0.0434890778082617,,7
F22,400000,400000,600,2,1,0.0002408820533665,,4
F23,400000,400000,3010,2,1,0.0075241420967051,,5
F24,400000,400000,1089,2,1,0.0027220246045031,,5
F25,200000,200000,8873,2,1,0.0443627314715281,,1
F26,200000,200000,6540,2,1,0.0326992361191057,,3
F27,400000,400000,7474,2,1,0.0186837810814749,,6
F28,100000,100000,8932,2,1,0.0893190113243033,,4
F29,400000,400000,1052,2,1,0.0026311817370334,,1
F30,200000,200000,10339,2,1,0.0516971275660715,,1
F31,400000,400000,5049,2,1,0.0126213253300552,,5
F32,400000,400000,6201,2,1,0.0155018466790986,,4
F33,200000,200000,2670,2,1,0.0133510403570594,,7
F34,400000,400000,1793,2,1,0.0044836844932785,,4
F35,50000,50000,6142,2,1,0.1228439752693724,,7
F36,400000,400000,3624,2,1,0.0090602286152577,,3
F37,400000,400000,1247,2,1,0.0031187479146549,,6
F38,400000,400000,3231,2,1,0.0080774767290879,,1
F39,200000,200000,10117,2,1,0.0505856757830822,,7
F40,100000,100000,3699,2,1,0.0369921465851268,,4
F41,400000,400000,1895,2,1,0.0047373766344851,,3
F42,400000,400000,1174,2,1,0.0029352600510373,,2
F43,400000,400000,4305,2,1,0.0107618956383575,,1
F44,50000,50000,2325,2,1,0.0465012000762216,,4
F45,400000,400000,7795,2,1,0.0194885231073829,,2
F46,200000,200000,9287,2,1,0.046433615150498,,5
F47,50000,50000,3032,2,1,0.0606364380204265,,7
F48,400000,400000,3315,2,1,0.0082869104381241,,7
