Flow,Period,Deadline,Execution Time,w,h,Target_Utilization,Utilization_Error,Queue
F1,100000,100000,8921,2,1,0.0892089140927352,,2
F2,200000,200000,5469,2,1,0.0273458948972362,,5
F3,50000,50000,6039,2,1,0.1207739024632121,,6
F4,400000,400000,7172,2,1,0.0179307552339098,,5
F5,100000,100000,3773,2,1,0.0377299935367828,,7
F6,400000,400000,2272,2,1,0.0056790367860499,,6
F7,400000,400000,6488,2,1,0.0162198529095106,,2
F8,400000,400000,884,2,1,0.0022108344747248,,2
F9,200000,200000,2889,2,1,0.0144456741572037,,7
F10,100000,100000,3509,2,1,0.0350877330662515,,5
F11,200000,200000,6522,2,1,0.0326090576519686,,2
F12,400000,400000,932,2,1,0.0023310179046387,,4
F13,200000,200000,1679,2,1,0.0083942246241397,,7
F14,400000,400000,600,2,1,0.0008611469407731,,7
F15,200000,200000,7353,2,1,0.0367645848423814,,6
F16,200000,200000,2932,2,1,0.0146596296074386,,1
F17,400000,400000,10247,2,1,0.0256169849186638,,1
F18,200000,200000,2120,2,1,0.0106004741662333,,5
F19,400000,400000,600,2,1,0.0008303103123259,,5
F20,200000,200000,4473,2,1,0.022363756894022,,2
F21,200000,200000,4728,2,1,0.0236410571708657,,7
F22,100000,100000,8519,2,1,0.0851929201479162,,5
F23,400000,400000,1883,2,1,0.0047081648786745,,5
F24,200000,200000,1687,2,1,0.0084356465603547,,1
F25,400000,400000,10294,2,1,0.0257343015095572,,2
F26,400000,400000,4833,2,1,0.0120826698766595,,6
F27,200000,200000,5480,2,1,0.0274011906810132,,6
F28,200000,200000,6062,2,1,0.0303115465829204,,1
F29,200000,200000,959,2,1,0.0047958025020892,,2
F30,200000,200000,9883,2,1,0.0494163173856656,,5
F31,400000,400000,9425,2,1,0.0235636965755006,,6
F32,400000,400000,1379,2,1,0.0034476498062672,,6
F33,400000,400000,3707,2,1,0.0092675569243528,,3
F34,400000,400000,3695,2,1,0.0092378878812141,,4
F35,50000,50000,811,2,1,0.0162211657974322,,4
F36,50000,50000,4994,2,1,0.099877792579061,,6
F37,400000,400000,4291,2,1,0.0107266810210885,,2
F38,400000,400000,9078,2,1,0.0226952506518117,,5
F39,100000,100000,7779,2,1,0.0777892940539029,,7
F40,400000,400000,1162,2,1,0.0029043506036926,,3
F41,400000,400000,7705,2,1,0.0192637374383202,,7
F42,200000,200000,3622,2,1,0.0181104435949946,,6
F43,400000,400000,11123,2,1,0.0278069197580074,,7
F44,400000,400000,8491,2,1,0.0212278543413788,,1
F45,200000,200000,8107,2,1,0.0405341150870222,,6
F46,100000,100000,5586,2,1,0.0558613806636758,,2
F47,200000,200000,661,2,1,0.0033059004087119,,1
F48,400000,400000,600,2,1,0.0013625183113365,,4
