Flow,Period,Deadline,Execution Time,w,h,Target_Utilization,Utilization_Error,Queue
F1,200000,200000,3988,2,1,0.019940211931358,,7
F2,200000,200000,2584,2,1,0.0129201684726045,,6
F3,400000,400000,5065,2,1,0.0126613524734291,,1
F4,400000,400000,5087,2,1,0.0127171012730498,,5
F5,400000,400000,5741,2,1,0.0143530282135508,,2
F6,200000,200000,7882,2,1,0.0394102264691158,,7
F7,100000,100000,3575,2,1,0.0357500503800454,,3
F8,100000,100000,7905,2,1,0.0790506982563679,,1
F9,100000,100000,7483,2,1,0.0748334365692418,,6
F10,400000,400000,2166,2,1,0.0054150458858007,,2
F11,400000,400000,10881,2,1,0.0272030378229736,,4
F12,400000,400000,1298,2,1,0.0032441099148633,,3
F13,400000,400000,2433,2,1,0.0060834920747129,,3
F14,400000,400000,1784,2,1,0.004460179123247,,7
F15,200000,200000,720,2,1,0.0035993995558585,,2
F16,50000,50000,3404,2,1,0.0680767038298959,,7
F17,50000,50000,4841,2,1,0.0968204621284435,,3
F18,400000,400000,4832,2,1,0.0120809465548273,,2
F19,400000,400000,3795,2,1,0.0094883938027185,,1
F20,100000,100000,6591,2,1,0.0659136718724763,,5
F21,200000,200000,3937,2,1,0.019685902177961,,5
F22,400000,400000,691,2,1,0.0017264434131482,,5
F23,200000,200000,9399,2,1,0.0469940412806312,,2
F24,400000,400000,1080,2,1,0.0026999640352112,,4
F25,100000,100000,8072,2,1,0.0807194180531622,,7
F26,200000,200000,7780,2,1,0.038898451649774,,1
F27,400000,400000,4030,2,1,0.0100743492693992,,6
F28,200000,200000,2613,2,1,0.0130652323187843,,7
F29,400000,400000,600,2,1,0.0008611642075356,,6
F30,400000,400000,11523,2,1,0.0288063530490174,,5
F31,100000,100000,1888,2,1,0.0188795003167913,,3
F32,400000,400000,4031,2,1,0.0100770967101054,,7
F33,400000,400000,4421,2,1,0.0110528157084521,,3
F34,200000,200000,763,2,1,0.0038161725083344,,6
F35,400000,400000,600,2,1,0.0014144685749638,,7
F36,200000,200000,9891,2,1,0.0494546234889349,,1
F37,400000,400000,6460,2,1,0.0161508958069095,,1
F38,400000,400000,2987,2,1,0.0074672936999088,,4
F39,400000,400000,7805,2,1,0.0195124379410459,,4
F40,400000,400000,3987,2,1,0.0099678358310486,,5
F41,400000,400000,600,2,1,0.0002793488261453,,5
F42,200000,200000,2453,2,1,0.0122650537834254,,4
F43,400000,400000,600,2,1,0.0013427516775134,,1
F44,100000,100000,6635,2,1,0.0663528524334221,,3
F45,400000,400000,9807,2,1,0.0245165992368157,,2
F46,200000,200000,9209,2,1,0.0460455581076849,,6
F47,100000,100000,6517,2,1,0.0651740197690063,,4
F48,400000,400000,8505,2,1,0.0212619104057695,,6
