Flow,Period,Deadline,Execution Time,w,h,Target_Utilization,Utilization_Error,Queue
F1,200000,200000,7203,2,1,0.0360154546534678,,7
F2,100000,100000,8016,2,1,0.0801575075647378,,5
F3,400000,400000,600,2,1,0.0011443130943784,,6
F4,100000,100000,10123,2,1,0.1012312848796939,,5
F5,400000,400000,3185,2,1,0.0079615003564879,,2
F6,400000,400000,3645,2,1,0.0091132922500174,,1
F7,50000,50000,3648,2,1,0.0729635198344764,,2
F8,100000,100000,2726,2,1,0.0272611253029182,,3
F9,400000,400000,1231,2,1,0.0030785607230315,,5
F10,200000,200000,4457,2,1,0.0222840571400378,,1
F11,100000,100000,8036,2,1,0.0803576659966884,,2
F12,100000,100000,7239,2,1,0.0723854169913774,,5
F13,400000,400000,1529,2,1,0.0038230710362261,,1
F14,400000,400000,3851,2,1,0.0096274444307704,,2
F15,400000,400000,9587,2,1,0.0239679703135569,,3
F16,100000,100000,6645,2,1,0.0664538037681478,,7
F17,400000,400000,5887,2,1,0.0147177205314673,,5
F18,400000,400000,5477,2,1,0.013692969751708,,7
F19,400000,400000,600,2,1,0.0007079771135706,,4
F20,200000,200000,1025,2,1,0.005124081493098,,4
F21,200000,200000,2367,2,1,0.0118344437626408,,4
F22,200000,200000,5409,2,1,0.0270455438685268,,5
F23,100000,100000,1803,2,1,0.0180309902780007,,6
F24,200000,200000,8532,2,1,0.0426617593724245,,7
F25,100000,100000,6484,2,1,0.0648353246741694,,2
F26,100000,100000,3018,2,1,0.0301824208448141,,5
F27,400000,400000,7132,2,1,0.0178304456722066,,4
F28,400000,400000,2317,2,1,0.0057912905563873,,3
F29,400000,400000,5940,2,1,0.0148512296497862,,1
F30,400000,400000,600,2,1,0.0009932527877591,,3
F31,400000,400000,10397,2,1,0.0259933538989374,,4
F32,400000,400000,2136,2,1,0.0053399249258794,,6
F33,100000,100000,3717,2,1,0.0371721564417069,,1
F34,200000,200000,1716,2,1,0.0085799567400964,,5
F35,100000,100000,2806,2,1,0.028060153132243,,2
F36,400000,400000,4104,2,1,0.0102595930329053,,3
F37,400000,400000,7305,2,1,0.0182624159406028,,5
F38,200000,200000,7977,2,1,0.0398860526337462,,2
F39,400000,400000,3387,2,1,0.0084682909969813,,7
F40,400000,400000,6161,2,1,0.015402877587952,,3
F41,400000,400000,5087,2,1,0.012718462172773,,6
F42,400000,400000,9825,2,1,0.024562093032279,,2
F43,400000,400000,7215,2,1,0.0180374712924637,,7
F44,100000,100000,1626,2,1,0.0162601409492052,,2
F45,400000,400000,1178,2,1,0.002945885496976,,7
F46,200000,200000,5249,2,1,0.0262462387471511,,7
F47,400000,400000,10899,2,1,0.0272473406905852,,1
F48,100000,100000,3991,2,1,0.0399111545006469,,5
