Flow,Period,Deadline,Execution Time,w,h,Target_Utilization,Utilization_Error,Queue
F1,400000,400000,600,2,1,0.0013635543605075,,2
F2,100000,100000,2784,2,1,0.0278404233853364,,5
F3,400000,400000,2767,2,1,0.0069185905273585,,1
F4,200000,200000,2173,2,1,0.0108639974690607,,5
F5,400000,400000,8313,2,1,0.0207835410640941,,2
F6,400000,400000,4795,2,1,0.0119885464775599,,6
F7,400000,400000,1797,2,1,0.004492929815965,,4
F8,50000,50000,2876,2,1,0.0575221544100821,,1
F9,400000,400000,8297,2,1,0.0207431851970021,,1
F10,400000,400000,5611,2,1,0.0140277098356877,,2
F11,400000,400000,11006,2,1,0.0275148898398656,,2
F12,100000,100000,5334,2,1,0.0533381054276869,,2
F13,400000,400000,9113,2,1,0.0227817977823854,,6
F14,400000,400000,1676,2,1,0.0041892278053202,,2
F15,400000,400000,10115,2,1,0.0252872925088877,,1
F16,100000,100000,3513,2,1,0.0351279731062531,,1
F17,400000,400000,2489,2,1,0.0062218849442491,,3
F18,200000,200000,10364,2,1,0.0518187695658548,,6
F19,50000,50000,1407,2,1,0.0281405612042526,,6
F20,200000,200000,7476,2,1,0.037380498949156,,5
F21,400000,400000,3681,2,1,0.0092026972128579,,4
F22,100000,100000,7205,2,1,0.0720492573077219,,1
F23,200000,200000,10224,2,1,0.0511185874659686,,1
F24,50000,50000,7428,2,1,0.1485542690918225,,2
F25,200000,200000,3877,2,1,0.0193846677495412,,6
F26,100000,100000,7095,2,1,0.0709484086295214,,1
F27,100000,100000,6674,2,1,0.0667401832441166,,2
F28,100000,100000,1770,2,1,0.0177000633358616,,4
F29,400000,400000,790,2,1,0.0019739137556838,,5
F30,400000,400000,2637,2,1,0.0065920632605521,,5
F31,400000,400000,609,2,1,0.0015223700271062,,4
F32,200000,200000,1812,2,1,0.0090601729771867,,2
F33,400000,400000,11362,2,1,0.0284056753207749,,2
F34,100000,100000,9680,2,1,0.096798621235902,,2
F35,400000,400000,1679,2,1,0.0041979395115392,,5
F36,200000,200000,1587,2,1,0.0079361422467203,,6
F37,400000,400000,4567,2,1,0.0114187102395806,,1
F38,400000,400000,2202,2,1,0.0055041520531871,,6
F39,400000,400000,2063,2,1,0.0051567242585389,,3
F40,400000,400000,600,2,1,0.0003886954237427,,1
F41,200000,200000,2105,2,1,0.010525648427454,,3
F42,400000,400000,5679,2,1,0.0141974520215986,,3
F43,200000,200000,3248,2,1,0.0162404277772804,,5
F44,100000,100000,2183,2,1,0.0218304038571321,,5
F45,400000,400000,2295,2,1,0.0057367149721563,,1
F46,200000,200000,2502,2,1,0.012510059079638,,4
F47,50000,50000,2305,2,1,0.0461024274219433,,6
F48,100000,100000,4761,2,1,0.0476084952012948,,2
