Flow,Period,Deadline,Execution Time,w,h,Target_Utilization,Utilization_Error,Queue
F1,200000,200000,782,2,1,0.0039108075737073,,7
F2,400000,400000,8703,2,1,0.0217576852132628,,3
F3,200000,200000,2255,2,1,0.0112750401063259,,1
F4,200000,200000,7850,2,1,0.0392522009645228,,4
F5,50000,50000,3011,2,1,0.0602248911048588,,1
F6,400000,400000,2251,2,1,0.0056270097610193,,2
F7,400000,400000,600,2,1,0.0004975670580233,,1
F8,50000,50000,3525,2,1,0.0704988094038892,,3
F9,400000,400000,5185,2,1,0.0129618179946842,,1
F10,200000,200000,6160,2,1,0.0307981683661882,,5
F11,100000,100000,1495,2,1,0.0149489130829705,,5
F12,400000,400000,3417,2,1,0.0085415929674319,,7
F13,50000,50000,3073,2,1,0.0614607326677576,,1
F14,200000,200000,9306,2,1,0.0465316865834535,,3
F15,200000,200000,4097,2,1,0.0204843925491539,,2
F16,200000,200000,5227,2,1,0.026135456610191,,4
F17,100000,100000,9253,2,1,0.0925348857192621,,4
F18,400000,400000,600,2,1,0.0005928587656056,,7
F19,400000,400000,600,2,1,5.348015518646943e-05,,3
F20,400000,400000,10521,2,1,0.0263014625924026,,6
F21,200000,200000,710,2,1,0.0035493819996604,,3
F22,400000,400000,3307,2,1,0.0082670642037433,,4
F23,400000,400000,822,2,1,0.0020541142107711,,1
F24,400000,400000,2162,2,1,0.005405434488048,,5
F25,100000,100000,4399,2,1,0.0439919873435538,,1
F26,200000,200000,951,2,1,0.0047554188043098,,4
F27,400000,400000,10114,2,1,0.0252853308697255,,1
F28,200000,200000,8474,2,1,0.0423711055472566,,1
F29,50000,50000,1397,2,1,0.0279398167000854,,4
F30,400000,400000,10015,2,1,0.02503738095129,,5
F31,400000,400000,7285,2,1,0.0182119117904397,,6
F32,50000,50000,1987,2,1,0.0397402282280173,,3
F33,400000,400000,2923,2,1,0.0073072695633426,,2
F34,400000,400000,5699,2,1,0.014248370514316,,4
F35,50000,50000,2958,2,1,0.0591615016800186,,4
F36,400000,400000,10552,2,1,0.0263802873499484,,1
F37,100000,100000,10029,2,1,0.1002937094316115,,4
F38,400000,400000,1238,2,1,0.0030961697057245,,6
F39,400000,400000,2524,2,1,0.0063109309039018,,6
F40,200000,200000,8649,2,1,0.0432459022105549,,4
F41,400000,400000,2727,2,1,0.0068185541773926,,3
F42,400000,400000,11830,2,1,0.0295740854786825,,3
F43,200000,200000,11282,2,1,0.0564083058223027,,5
F44,200000,200000,6710,2,1,0.0335508817239731,,5
F45,400000,400000,783,2,1,0.0019581817576376,,6
F46,200000,200000,3829,2,1,0.01914505136636,,3
F47,100000,100000,763,2,1,0.0076301791747373,,5
F48,100000,100000,6073,2,1,0.0607268325739956,,3
