Flow,Period,Deadline,Execution Time,w,h,Target_Utilization,Utilization_Error,Queue
F1,400000,400000,10747,2,1,0.0268666413888276,,3
F2,100000,100000,2246,2,1,0.0224603181598259,,1
F3,400000,400000,1659,2,1,0.0041483221876452,,1
F4,400000,400000,1564,2,1,0.0039112249895649,,4
F5,200000,200000,7907,2,1,0.0395364356406706,,3
F6,200000,200000,9045,2,1,0.04522285574337,,1
F7,400000,400000,9218,2,1,0.0230448420297966,,7
F8,400000,400000,2133,2,1,0.0053322141112017,,6
F9,400000,400000,912,2,1,0.0022797356150889,,7
F10,400000,400000,2365,2,1,0.0059114832534525,,2
F11,400000,400000,3317,2,1,0.0082921683056373,,5
F12,200000,200000,7533,2,1,0.0376627252891661,,6
F13,50000,50000,5409,2,1,0.1081829813857484,,1
F14,400000,400000,6957,2,1,0.0173931286825453,,2
F15,50000,50000,1223,2,1,0.0244599135429958,,6
F16,400000,400000,4893,2,1,0.0122328399915249,,1
F17,400000,400000,1664,2,1,0.0041589313326234,,5
F18,100000,100000,1027,2,1,0.0102711487348386,,5
F19,400000,400000,9912,2,1,0.0247789334878202,,2
F20,400000,400000,2600,2,1,0.0065008950272514,,3
F21,100000,100000,3603,2,1,0.0360304102260824,,7
F22,400000,400000,3063,2,1,0.007656539866512,,7
F23,200000,200000,8032,2,1,0.0401584918998093,,1
F24,200000,200000,3908,2,1,0.0195388138614349,,5
F25,200000,200000,7513,2,1,0.0375671822403915,,5
F26,400000,400000,3495,2,1,0.0087366993611464,,4
F27,200000,200000,6061,2,1,0.030303488096999,,6
F28,400000,400000,600,2,1,0.0010610229621114,,6
F29,400000,400000,8423,2,1,0.0210575152558278,,2
F30,400000,400000,8061,2,1,0.0201525859579113,,3
F31,200000,200000,8155,2,1,0.040772593751813,,6
F32,200000,200000,4940,2,1,0.0247010562418981,,3
F33,400000,400000,7208,2,1,0.0180196382793843,,3
F34,100000,100000,5064,2,1,0.0506380763126899,,1
F35,200000,200000,4629,2,1,0.0231449838884745,,5
F36,400000,400000,10322,2,1,0.0258043683436918,,7
F37,100000,100000,4599,2,1,0.0459914227148184,,6
F38,200000,200000,2964,2,1,0.0148197210904521,,7
F39,100000,100000,1723,2,1,0.0172302527099214,,6
F40,50000,50000,1241,2,1,0.0248198175068009,,1
F41,400000,400000,10547,2,1,0.0263685240886928,,5
F42,400000,400000,3151,2,1,0.0078785671765783,,4
F43,400000,400000,11031,2,1,0.0275787471584362,,1
F44,200000,200000,10155,2,1,0.0507728408534989,,1
F45,200000,200000,1654,2,1,0.0082692625630938,,1
F46,50000,50000,6439,2,1,0.1287737029443486,,1
F47,50000,50000,999,2,1,0.0199803520744626,,6
F48,100000,100000,6816,2,1,0.0681564292769927,,6
