Flow,Period,Deadline,Execution Time,w,h,Target_Utilization,Utilization_Error,Queue
F1,200000,200000,982,2,1,0.0049091151391691,,5
F2,400000,400000,3099,2,1,0.0077476159907774,,1
F3,50000,50000,1210,2,1,0.0241993221237182,,2
F4,200000,200000,6887,2,1,0.0344346935343393,,2
F5,200000,200000,8655,2,1,0.043276389956691,,4
F6,100000,100000,7849,2,1,0.0784895899688475,,3
F7,100000,100000,1042,2,1,0.0104194669795765,,1
F8,400000,400000,697,2,1,0.0017426514927751,,7
F9,400000,400000,11118,2,1,0.0277940513021992,,2
F10,400000,400000,1048,2,1,0.0026195928679979,,6
F11,200000,200000,2630,2,1,0.0131495618766321,,6
F12,400000,400000,3100,2,1,0.0077512165098179,,5
F13,200000,200000,7045,2,1,0.0352269511209278,,3
F14,400000,400000,9855,2,1,0.0246375381874824,,6
F15,200000,200000,9125,2,1,0.0456258686616579,,3
F16,400000,400000,3779,2,1,0.0094479186915075,,2
F17,200000,200000,7097,2,1,0.0354833762974567,,7
F18,50000,50000,1982,2,1,0.0396407610218653,,3
F19,200000,200000,9367,2,1,0.0468342833157061,,4
F20,400000,400000,10486,2,1,0.0262152032134802,,7
F21,400000,400000,6932,2,1,0.0173295688234628,,7
F22,400000,400000,8805,2,1,0.0220117656732244,,5
F23,400000,400000,618,2,1,0.0015454953453989,,4
F24,400000,400000,5815,2,1,0.0145366372457962,,3
F25,400000,400000,614,2,1,0.0015354091985713,,7
F26,400000,400000,6905,2,1,0.0172627225715517,,4
F27,100000,100000,6965,2,1,0.069645148179694,,3
F28,400000,400000,1999,2,1,0.0049983137285786,,3
F29,200000,200000,6085,2,1,0.0304236009191675,,7
F30,400000,400000,3553,2,1,0.0088821862170077,,4
F31,200000,200000,7519,2,1,0.0375945122602405,,4
F32,200000,200000,6187,2,1,0.0309350709558218,,5
F33,400000,400000,3381,2,1,0.0084528220416073,,3
F34,50000,50000,10198,2,1,0.2039663640271041,,3
F35,400000,400000,1070,2,1,0.0026739600374444,,1
F36,400000,400000,2783,2,1,0.006956592800136,,7
F37,200000,200000,1666,2,1,0.0083301364628894,,2
F38,400000,400000,1061,2,1,0.0026534692405143,,2
F39,200000,200000,5434,2,1,0.0271700916789826,,5
F40,400000,400000,10813,2,1,0.0270323930670152,,4
F41,400000,400000,3581,2,1,0.0089535952544822,,7
F42,400000,400000,3810,2,1,0.0095245931753845,,5
F43,200000,200000,5783,2,1,0.0289152214689324,,3
F44,400000,400000,2297,2,1,0.0057414175879506,,6
F45,50000,50000,5610,2,1,0.1121993690596432,,3
F46,200000,200000,1370,2,1,0.0068494575608022,,4
F47,400000,400000,10070,2,1,0.0251762336623526,,3
F48,200000,200000,5806,2,1,0.029029575719621,,4
