Flow,Period,Deadline,Execution Time,w,h,Target_Utilization,Utilization_Error,Queue
F1,400000,400000,876,2,1,0.0021900063192457,,2
F2,400000,400000,600,2,1,0.0009469456654171,,6
F3,400000,400000,4285,2,1,0.0107132953302437,,1
F4,400000,400000,2927,2,1,0.0073164906780383,,3
F5,200000,200000,2055,2,1,0.0102746499490551,,7
F6,400000,400000,2782,2,1,0.0069551436764379,,4
F7,400000,400000,10418,2,1,0.0260452613492614,,2
F8,400000,400000,5143,2,1,0.0128563712176454,,6
F9,400000,400000,4885,2,1,0.0122135530476825,,2
F10,200000,200000,7625,2,1,0.0381231664305228,,6
F11,100000,100000,5657,2,1,0.0565679724166201,,6
F12,400000,400000,3010,2,1,0.0075240875329474,,2
F13,200000,200000,3329,2,1,0.016646182992817,,7
F14,100000,100000,3199,2,1,0.0319880675463777,,5
F15,400000,400000,5727,2,1,0.0143176277307877,,5
F16,200000,200000,10435,2,1,0.052176753515545,,5
F17,400000,400000,2502,2,1,0.0062553036628519,,1
F18,200000,200000,8343,2,1,0.0417127269571052,,6
F19,400000,400000,6655,2,1,0.0166365547966029,,6
F20,400000,400000,8311,2,1,0.0207774935206039,,5
F21,200000,200000,9123,2,1,0.0456136195234619,,5
F22,200000,200000,8082,2,1,0.0404104786833557,,5
F23,400000,400000,8469,2,1,0.0211729208180558,,7
F24,200000,200000,6683,2,1,0.0334159234765972,,2
F25,50000,50000,3105,2,1,0.0621021461190317,,6
F26,400000,400000,6791,2,1,0.0169772162049103,,5
F27,50000,50000,5727,2,1,0.1145393856612646,,6
F28,400000,400000,6823,2,1,0.0170578707756094,,3
F29,200000,200000,5935,2,1,0.0296749588514375,,7
F30,200000,200000,10103,2,1,0.050514188467559,,6
F31,400000,400000,600,2,1,6.782965691864984e-05,,7
F32,400000,400000,6325,2,1,0.0158128479113031,,3
F33,100000,100000,840,2,1,0.0084006277180068,,6
F34,400000,400000,10702,2,1,0.0267558152947126,,3
F35,400000,400000,5327,2,1,0.0133168655715735,,7
F36,200000,200000,7639,2,1,0.0381935486733497,,5
F37,100000,100000,3472,2,1,0.0347203771879519,,6
F38,400000,400000,9645,2,1,0.0241119026531315,,6
F39,400000,400000,600,2,1,0.0001419540173731,,4
F40,200000,200000,7432,2,1,0.0371595083684453,,5
F41,400000,400000,3408,2,1,0.0085196956401439,,5
F42,100000,100000,3947,2,1,0.0394706734728636,,6
F43,50000,50000,3415,2,1,0.0682980961923718,,6
F44,100000,100000,1603,2,1,0.0160307022950228,,2
F45,50000,50000,2731,2,1,0.0546213000123392,,6
F46,400000,400000,601,2,1,0.0015027555986305,,3
F47,400000,400000,812,2,1,0.0020291138161055,,5
F48,400000,400000,8009,2,1,0.0200213926118892,,3
