Flow,Period,Deadline,Execution Time,w,h,Target_Utilization,Utilization_Error,Queue
F1,200000,200000,4879,2,1,0.0243939621844209,,2
F2,200000,200000,7278,2,1,0.0363917498865475,,7
F3,200000,200000,7956,2,1,0.0397806496761403,,5
F4,400000,400000,785,2,1,0.0019637270575956,,1
F5,400000,400000,6588,2,1,0.0164709645989973,,1
F6,100000,100000,1320,2,1,0.0131997935595107,,6
F7,200000,200000,7760,2,1,0.038800060201487,,4
F8,100000,100000,3303,2,1,0.0330285186361205,,4
F9,200000,200000,11525,2,1,0.0576231888724105,,2
F10,400000,400000,2642,2,1,0.0066042463104709,,3
F11,100000,100000,9945,2,1,0.099451182295671,,5
F12,400000,400000,742,2,1,0.001854967424087,,7
F13,400000,400000,600,2,1,0.0005457258937711,,3
F14,50000,50000,1513,2,1,0.030262401862225,,1
F15,100000,100000,1086,2,1,0.0108599129837767,,5
F16,400000,400000,10495,2,1,0.02623847268121,,6
F17,100000,100000,7873,2,1,0.0787342931868733,,5
F18,400000,400000,7941,2,1,0.019852701446511,,4
F19,400000,400000,2722,2,1,0.0068054678458154,,4
F20,400000,400000,4355,2,1,0.0108880178601044,,5
F21,100000,100000,713,2,1,0.0071309889237822,,1
F22,200000,200000,6967,2,1,0.0348333411148007,,5
F23,200000,200000,5376,2,1,0.0268799847285279,,5
F24,400000,400000,4731,2,1,0.0118274014989734,,2
F25,400000,400000,600,2,1,0.0003865857489895,,4
F26,100000,100000,7138,2,1,0.0713830953399558,,5
F27,400000,400000,7189,2,1,0.0179727811866585,,4
F28,200000,200000,7811,2,1,0.0390533588431361,,2
F29,200000,200000,1632,2,1,0.0081608529267148,,7
F30,200000,200000,7645,2,1,0.038223745150735,,1
F31,200000,200000,6785,2,1,0.0339256900354905,,3
F32,200000,200000,3629,2,1,0.0181457652945309,,7
F33,100000,100000,3469,2,1,0.034691287863576,,2
F34,100000,100000,4212,2,1,0.0421176784386158,,6
F35,200000,200000,5978,2,1,0.0298909479949929,,7
F36,200000,200000,10517,2,1,0.0525854250662269,,3
F37,400000,400000,600,2,1,5.541558635691057e-06,,2
F38,400000,400000,3399,2,1,0.0084984296781921,,6
F39,400000,400000,2081,2,1,0.0052034768155004,,6
F40,400000,400000,8378,2,1,0.0209452223500137,,3
F41,100000,100000,7785,2,1,0.0778526390597128,,5
F42,200000,200000,7190,2,1,0.0359478287771122,,6
F43,50000,50000,3095,2,1,0.0618997275220786,,6
F44,50000,50000,884,2,1,0.0176788266446345,,3
F45,200000,200000,2043,2,1,0.0102160049926743,,2
F46,400000,400000,946,2,1,0.0023643090903765,,2
F47,400000,400000,1074,2,1,0.0026859328665502,,5
F48,400000,400000,8859,2,1,0.0221475627637616,,1
