Flow,Period,Deadline,Execution Time,w,h,Target_Utilization,Utilization_Error,Queue
F1,400000,400000,7064,2,1,0.0176604293318365,,3
F2,400000,400000,953,2,1,0.0023818223886034,,6
F3,400000,400000,600,2,1,4.915172047170735e-05,,1
F4,400000,400000,3075,2,1,0.0076887317941423,,2
F5,400000,400000,6597,2,1,0.0164917712063523,,4
F6,100000,100000,1106,2,1,0.0110608440843023,,6
F7,200000,200000,11143,2,1,0.055716375972983,,2
F8,200000,200000,1490,2,1,0.0074493153348509,,6
F9,400000,400000,2585,2,1,0.0064620779589739,,5
F10,400000,400000,6375,2,1,0.0159383082923501,,5
F11,400000,400000,11621,2,1,0.0290514921257674,,2
F12,200000,200000,8603,2,1,0.0430154077103459,,5
F13,200000,200000,6780,2,1,0.0338997331110957,,4
F14,400000,400000,600,2,1,0.0007016427577684,,5
F15,400000,400000,7022,2,1,0.0175560586386374,,2
F16,50000,50000,3564,2,1,0.0712848113855558,,2
F17,200000,200000,4091,2,1,0.0204561449277141,,7
F18,200000,200000,7801,2,1,0.0390025593829914,,4
F19,200000,200000,8789,2,1,0.0439471842392811,,2
F20,400000,400000,10252,2,1,0.0256301351047782,,7
F21,50000,50000,2977,2,1,0.0595418799147049,,2
F22,200000,200000,8661,2,1,0.0433072332142089,,2
F23,200000,200000,8432,2,1,0.0421604926706318,,2
F24,400000,400000,10787,2,1,0.0269677846259385,,5
F25,400000,400000,1361,2,1,0.0034025908753514,,4
F26,200000,200000,4909,2,1,0.0245448240691454,,2
F27,400000,400000,600,2,1,0.0011855388220799,,1
F28,100000,100000,7836,2,1,0.0783566559923285,,2
F29,200000,200000,7242,2,1,0.0362094400521609,,2
F30,200000,200000,8050,2,1,0.0402481757289963,,5
F31,400000,400000,1671,2,1,0.0041775679135739,,2
F32,400000,400000,845,2,1,0.0021131319826391,,3
F33,200000,200000,10993,2,1,0.0549653328278728,,2
F34,400000,400000,3445,2,1,0.0086119168046489,,4
F35,200000,200000,7023,2,1,0.0351134277411335,,5
F36,400000,400000,8254,2,1,0.020633953624174,,5
F37,200000,200000,9117,2,1,0.0455829723219078,,5
F38,400000,400000,11011,2,1,0.0275269318414056,,6
F39,400000,400000,600,2,1,0.0013356517503549,,3
F40,400000,400000,1741,2,1,0.0043517368327171,,7
F41,400000,400000,4366,2,1,0.0109143338481206,,7
F42,200000,200000,4646,2,1,0.023230151831198,,6
F43,50000,50000,4027,2,1,0.0805426840446814,,2
F44,200000,200000,4889,2,1,0.0244459923554214,,4
F45,400000,400000,3807,2,1,0.0095182537107262,,3
F46,400000,400000,600,2,1,0.0001322178677727,,6
F47,50000,50000,2169,2,1,0.0433808256820607,,5
F48,200000,200000,10913,2,1,0.054567162000507,,2
