Flow,Period,Deadline,Execution Time,w,h,Target_Utilization,Utilization_Error,Queue
F1,400000,400000,1842,2,1,0.0046050294256152,,4
F2,100000,100000,8980,2,1,0.0898003556927549,,3
F3,400000,400000,704,2,1,0.0017607993040431,,3
F4,50000,50000,2989,2,1,0.0597816825314421,,1
F5,400000,400000,1813,2,1,0.0045315148183211,,6
F6,100000,100000,10817,2,1,0.1081690819533589,,3
F7,400000,400000,10899,2,1,0.0272467584528942,,2
F8,200000,200000,3133,2,1,0.0156641334797644,,5
F9,200000,200000,3028,2,1,0.015140572670005,,6
F10,200000,200000,8042,2,1,0.040210731125314,,7
F11,100000,100000,6765,2,1,0.0676453139150062,,3
F12,200000,200000,7391,2,1,0.0369532225170967,,5
F13,400000,400000,7008,2,1,0.0175201793162059,,7
F14,400000,400000,5205,2,1,0.0130128449738889,,5
F15,400000,400000,5426,2,1,0.0135646391751481,,1
F16,400000,400000,983,2,1,0.0024574756314246,,2
F17,400000,400000,2591,2,1,0.0064776859961376,,3
F18,200000,200000,2219,2,1,0.0110940069396245,,1
F19,200000,200000,3915,2,1,0.0195746864438653,,3
F20,400000,400000,7581,2,1,0.0189532316433298,,3
F21,200000,200000,8843,2,1,0.0442148797970648,,2
F22,400000,400000,1118,2,1,0.0027953844169529,,4
F23,400000,400000,7623,2,1,0.0190570402904409,,6
F24,100000,100000,1446,2,1,0.0144604973077699,,7
F25,100000,100000,7651,2,1,0.0765085122168174,,2
F26,400000,400000,1018,2,1,0.0025439273905163,,1
F27,400000,400000,6087,2,1,0.0152185010617096,,2
F28,400000,400000,600,2,1,0.0001066540485523,,6
F29,50000,50000,3575,2,1,0.0714950601623843,,7
F30,400000,400000,7822,2,1,0.0195540595268142,,5
F31,100000,100000,1941,2,1,0.019411111471952,,2
F32,400000,400000,5561,2,1,0.0139029620963098,,3
F33,400000,400000,1839,2,1,0.0045973497913206,,3
F34,400000,400000,1519,2,1,0.0037965500446231,,5
F35,400000,400000,10535,2,1,0.0263371845370317,,1
F36,200000,200000,7429,2,1,0.0371426239623821,,3
F37,200000,200000,10049,2,1,0.0502469986314143,,5
F38,50000,50000,1115,2,1,0.0223006024874037,,7
F39,200000,200000,10788,2,1,0.0539417132944483,,7
F40,400000,400000,1945,2,1,0.0048613885008267,,4
F41,400000,400000,600,2,1,0.0001139816973289,,7
F42,400000,400000,4787,2,1,0.011967962973298,,7
F43,100000,100000,6271,2,1,0.0627079291192202,,2
F44,400000,400000,5139,2,1,0.0128477139921161,,2
F45,400000,400000,2803,2,1,0.0070071678294038,,6
F46,200000,200000,7517,2,1,0.037587109315019,,1
F47,200000,200000,10435,2,1,0.0521766844414207,,3
F48,400000,400000,6537,2,1,0.0163421585710024,,1
