Flow,Period,Deadline,Execution Time,w,h,Target_Utilization,Utilization_Error,Queue
F1,200000,200000,3608,2,1,0.0180391815041156,,6
F2,400000,400000,4106,2,1,0.0102647704040601,,1
F3,100000,100000,1124,2,1,0.0112392679147774,,2
F4,400000,400000,2523,2,1,0.0063069528665193,,1
F5,50000,50000,2897,2,1,0.0579378207273511,,6
F6,200000,200000,8499,2,1,0.0424968432837884,,6
F7,50000,50000,925,2,1,0.0185000400238324,,5
F8,400000,400000,600,2,1,0.0011761476301621,,6
F9,200000,200000,4672,2,1,0.023359167233522,,1
F10,400000,400000,3486,2,1,0.0087137558846734,,3
F11,100000,100000,4979,2,1,0.0497921677139387,,1
F12,400000,400000,11613,2,1,0.0290334410862219,,7
F13,400000,400000,6409,2,1,0.0160236285160988,,7
F14,400000,400000,1476,2,1,0.0036912301400156,,4
F15,400000,400000,7597,2,1,0.0189925891025295,,7
F16,50000,50000,5224,2,1,0.1044753592520382,,5
F17,400000,400000,1413,2,1,0.0035316701145728,,5
F18,100000,100000,8411,2,1,0.0841122316295255,,7
F19,200000,200000,7443,2,1,0.0372160615650966,,5
F20,400000,400000,2621,2,1,0.0065518070943781,,6
F21,400000,400000,6431,2,1,0.0160770557547687,,2
F22,400000,400000,8647,2,1,0.0216177636719773,,6
F23,200000,200000,6546,2,1,0.0327281175984601,,2
F24,400000,400000,3839,2,1,0.009597642230113,,4
F25,400000,400000,8709,2,1,0.0217718002232694,,5
F26,200000,200000,6286,2,1,0.0314289886704116,,2
F27,200000,200000,6485,2,1,0.0324262148899153,,1
F28,400000,400000,742,2,1,0.0018560131237304,,3
F29,400000,400000,933,2,1,0.0023328582029928,,2
F30,200000,200000,6442,2,1,0.0322075521570693,,5
F31,200000,200000,11411,2,1,0.0570560040000981,,5
F32,400000,400000,3816,2,1,0.0095391002288868,,5
F33,100000,100000,3710,2,1,0.0370998421912486,,7
F34,400000,400000,737,2,1,0.0018414950622276,,4
F35,400000,400000,4665,2,1,0.0116631514339983,,5
F36,400000,400000,600,2,1,0.0007624553927336,,7
F37,50000,50000,4236,2,1,0.0847238080279892,,6
F38,200000,200000,6291,2,1,0.0314530735663921,,6
F39,400000,400000,6235,2,1,0.0155880441272759,,3
F40,400000,400000,2233,2,1,0.0055826359267099,,7
F41,400000,400000,8508,2,1,0.0212689586261385,,1
F42,400000,400000,6134,2,1,0.0153341656895709,,6
F43,400000,400000,6823,2,1,0.0170569762401877,,1
F44,100000,100000,9022,2,1,0.0902237172563805,,5
F45,200000,200000,10551,2,1,0.0527568042744628,,2
F46,400000,400000,4095,2,1,0.0102380663319342,,7
F47,400000,400000,7998,2,1,0.0199962229549424,,2
F48,200000,200000,794,2,1,0.0039697508853059,,2
