Flow,Period,Deadline,Execution Time,w,h,Target_Utilization,Utilization_Error,Queue
F1,100000,100000,6099,2,1,0.0609919865748302,,3
F2,400000,400000,3729,2,1,0.0093222037056239,,4
F3,200000,200000,6930,2,1,0.0346504810310586,,5
F4,400000,400000,1705,2,1,0.0042619752431587,,7
F5,200000,200000,4888,2,1,0.0244395529475713,,5
F6,200000,200000,6264,2,1,0.0313214507717076,,6
F7,400000,400000,9919,2,1,0.0247980117780541,,7
F8,200000,200000,7909,2,1,0.0395428705886962,,4
F9,200000,200000,5290,2,1,0.0264499694025022,,4
F10,200000,200000,2798,2,1,0.0139911293695876,,4
F11,100000,100000,8577,2,1,0.0857672333400388,,1
F12,400000,400000,2445,2,1,0.006111517649729,,3
F13,100000,100000,1115,2,1,0.0111497500040507,,5
F14,50000,50000,813,2,1,0.0162598822895968,,3
F15,200000,200000,3807,2,1,0.0190354632054715,,1
F16,100000,100000,1152,2,1,0.011519131770043,,5
F17,200000,200000,6980,2,1,0.034898483155065,,7
F18,200000,200000,11021,2,1,0.0551072991584931,,5
F19,400000,400000,2117,2,1,0.0052932251053964,,6
F20,200000,200000,11787,2,1,0.0589338963306291,,4
F21,400000,400000,600,2,1,0.0004321847423641,,6
F22,400000,400000,884,2,1,0.0022100397988051,,5
F23,400000,400000,8987,2,1,0.0224683545324974,,4
F24,100000,100000,1855,2,1,0.0185512373608612,,2
F25,400000,400000,9071,2,1,0.022678012323068,,3
F26,400000,400000,997,2,1,0.0024920611634996,,4
F27,400000,400000,4036,2,1,0.0100906740694238,,2
F28,400000,400000,600,2,1,0.0008750361090067,,5
F29,400000,400000,5645,2,1,0.0141120298961865,,7
F30,200000,200000,6163,2,1,0.0308155349850492,,3
F31,200000,200000,7181,2,1,0.0359041769880992,,1
F32,400000,400000,8517,2,1,0.0212917369814337,,7
F33,50000,50000,6311,2,1,0.1262267656323812,,4
F34,100000,100000,1740,2,1,0.0174012300635259,,1
F35,400000,400000,8920,2,1,0.022300733388013,,5
F36,400000,400000,10161,2,1,0.0254027613465409,,1
F37,400000,400000,9616,2,1,0.0240393972594651,,2
F38,200000,200000,1011,2,1,0.0050540591168035,,1
F39,400000,400000,4525,2,1,0.0113135098333833,,6
F40,400000,400000,1405,2,1,0.0035119958631584,,2
F41,400000,400000,3143,2,1,0.0078583310610803,,7
F42,400000,400000,1914,2,1,0.0047859140593576,,3
F43,100000,100000,10047,2,1,0.1004715880534433,,7
F44,100000,100000,4646,2,1,0.0464619379971478,,7
F45,400000,400000,9749,2,1,0.0243713311738675,,6
F46,400000,400000,2221,2,1,0.0055529224019934,,1
F47,200000,200000,8889,2,1,0.0444473110912878,,3
F48,400000,400000,7479,2,1,0.0186975867164255,,6
