Flow,Period,Deadline,Execution Time,w,h,Target_Utilization,Utilization_Error,Queue
F1,400000,400000,600,2,1,0.0001628705797154,,7
F2,200000,200000,1791,2,1,0.0089539792324233,,2
F3,200000,200000,7861,2,1,0.0393072029355932,,5
F4,400000,400000,9655,2,1,0.0241376657073311,,5
F5,200000,200000,7386,2,1,0.0369276778693745,,7
F6,400000,400000,3818,2,1,0.009544229492534,,1
F7,200000,200000,9357,2,1,0.0467843764004043,,5
F8,400000,400000,11041,2,1,0.0276026155169277,,5
F9,400000,400000,10395,2,1,0.0259862562353712,,4
F10,400000,400000,600,2,1,0.0009403898858009,,5
F11,400000,400000,1152,2,1,0.0028796586834416,,2
F12,100000,100000,3258,2,1,0.032581919632127,,7
F13,200000,200000,929,2,1,0.0046443777999948,,4
F14,200000,200000,6627,2,1,0.0331370272136959,,5
F15,200000,200000,8249,2,1,0.0412438822649838,,2
F16,400000,400000,7532,2,1,0.0188292387576285,,2
F17,200000,200000,11519,2,1,0.0575932650879379,,5
F18,200000,200000,6319,2,1,0.031592612179528,,3
F19,400000,400000,1015,2,1,0.0025376740494675,,1
F20,400000,400000,4141,2,1,0.0103514838615981,,5
F21,50000,50000,3003,2,1,0.0600628025997248,,5
F22,100000,100000,2615,2,1,0.0261489458315945,,2
F23,400000,400000,2389,2,1,0.0059714621916935,,5
F24,400000,400000,8782,2,1,0.0219544072267194,,3
F25,400000,400000,4734,2,1,0.0118362405511363,,7
F26,400000,400000,819,2,1,0.0020480324922507,,2
F27,100000,100000,6042,2,1,0.0604229541464973,,5
F28,400000,400000,9917,2,1,0.0247927992080028,,6
F29,100000,100000,6117,2,1,0.061171897058287,,5
F30,400000,400000,11762,2,1,0.0294060626313473,,3
F31,400000,400000,2682,2,1,0.006704969132766,,6
F32,200000,200000,6977,2,1,0.034886763735881,,2
F33,200000,200000,7753,2,1,0.0387631152429209,,3
F34,400000,400000,10823,2,1,0.0270564908613452,,6
F35,100000,100000,2312,2,1,0.023119176148867,,7
F36,400000,400000,1185,2,1,0.0029616976079862,,1
F37,400000,400000,5498,2,1,0.0137444881834019,,1
F38,200000,200000,5688,2,1,0.0284396393854542,,7
F39,200000,200000,2701,2,1,0.0135054040039537,,4
F40,100000,100000,3009,2,1,0.030088720422589,,2
F41,100000,100000,4191,2,1,0.041911546296297,,5
F42,50000,50000,3678,2,1,0.0735599810755314,,5
F43,50000,50000,3121,2,1,0.062424415439989,,5
F44,400000,400000,1949,2,1,0.0048722809803302,,3
F45,200000,200000,9258,2,1,0.0462898498653304,,5
F46,400000,400000,5223,2,1,0.013058311466512,,3
F47,400000,400000,1979,2,1,0.0049484330723915,,7
F48,400000,400000,3881,2,1,0.0097018481921111,,6
