Flow,Period,Deadline,Execution Time,w,h,Target_Utilization,Utilization_Error,Queue
F1,100000,100000,3308,2,1,0.0330784288543368,,5
F2,400000,400000,1722,2,1,0.0043056300387147,,7
F3,200000,200000,1831,2,1,0.0091547323175731,,1
F4,200000,200000,10803,2,1,0.05401482601661,,3
F5,100000,100000,9199,2,1,0.0919948326412807,,5
F6,400000,400000,3896,2,1,0.0097411101288686,,6
F7,200000,200000,807,2,1,0.0040341789125253,,4
F8,200000,200000,3871,2,1,0.0193537925368799,,5
F9,400000,400000,11409,2,1,0.0285230119863374,,3
F10,400000,400000,9331,2,1,0.0233275025122139,,2
F11,100000,100000,821,2,1,0.0082095929378004,,5
F12,100000,100000,5437,2,1,0.0543681699959972,,5
F13,400000,400000,3501,2,1,0.0087537001900442,,3
F14,200000,200000,9508,2,1,0.0475420246740582,,6
F15,400000,400000,2019,2,1,0.0050481548569825,,2
F16,400000,400000,600,2,1,0.0004234528694097,,7
F17,400000,400000,6288,2,1,0.015719314324929,,1
F18,200000,200000,6323,2,1,0.031614681010496,,6
F19,200000,200000,6609,2,1,0.0330429815016664,,3
F20,400000,400000,9458,2,1,0.0236438676509234,,7
F21,200000,200000,4813,2,1,0.0240639820720326,,5
F22,400000,400000,7658,2,1,0.019144607183434,,7
F23,200000,200000,7682,2,1,0.0384076334496807,,6
F24,200000,200000,648,2,1,0.0032406595066651,,5
F25,400000,400000,3182,2,1,0.0079555057726338,,3
F26,400000,400000,642,2,1,0.0016038772255785,,4
F27,400000,400000,2310,2,1,0.0057750592075136,,6
F28,50000,50000,1009,2,1,0.0201806888441378,,6
F29,200000,200000,6286,2,1,0.0314278217773672,,5
F30,50000,50000,2198,2,1,0.0439586295999969,,3
F31,400000,400000,3039,2,1,0.0075978610255097,,1
F32,400000,400000,10447,2,1,0.0261171943446501,,6
F33,200000,200000,8996,2,1,0.0449798745787683,,5
F34,400000,400000,5015,2,1,0.0125365028271879,,7
F35,400000,400000,6641,2,1,0.0166020072380558,,3
F36,400000,400000,6225,2,1,0.0155621707378006,,5
F37,400000,400000,5032,2,1,0.0125793578800492,,2
F38,100000,100000,1703,2,1,0.0170294096765374,,2
F39,400000,400000,600,2,1,0.0007805320945193,,6
F40,200000,200000,10129,2,1,0.0506454985074291,,6
F41,100000,100000,7653,2,1,0.0765301617351536,,5
F42,400000,400000,8625,2,1,0.0215623520652057,,1
F43,400000,400000,8131,2,1,0.0203287222930726,,3
F44,200000,200000,9651,2,1,0.0482549354093323,,3
F45,400000,400000,6387,2,1,0.0159667854000366,,6
F46,200000,200000,9951,2,1,0.0497568867983815,,5
F47,100000,100000,5563,2,1,0.0556275256114334,,3
F48,400000,400000,4435,2,1,0.0110863057378289,,4
