Flow,Period,Deadline,Execution Time,w,h,Target_Utilization,Utilization_Error,Queue
F1,400000,400000,10189,2,1,0.025472896015374,,1
F2,400000,400000,7967,2,1,0.0199183132068165,,3
F3,200000,200000,2176,2,1,0.0108796086921936,,5
F4,200000,200000,10519,2,1,0.0525968474157234,,1
F5,100000,100000,6875,2,1,0.0687527261298182,,2
F6,400000,400000,4527,2,1,0.0113175286940743,,3
F7,50000,50000,903,2,1,0.0180602129778459,,6
F8,200000,200000,1425,2,1,0.0071253763014453,,7
F9,100000,100000,1750,2,1,0.017499155601091,,1
F10,100000,100000,3237,2,1,0.0323707659319528,,6
F11,400000,400000,10741,2,1,0.0268533863782709,,2
F12,400000,400000,1667,2,1,0.0041672855383309,,3
F13,100000,100000,3704,2,1,0.0370408151122706,,7
F14,400000,400000,5323,2,1,0.0133087499840079,,4
F15,200000,200000,10302,2,1,0.0515119979610712,,4
F16,400000,400000,600,2,1,0.0005140670125247,,1
F17,50000,50000,1178,2,1,0.0235588470870411,,7
F18,400000,400000,2378,2,1,0.0059442601213198,,6
F19,100000,100000,2869,2,1,0.0286909286015805,,3
F20,200000,200000,1330,2,1,0.0066508946078661,,1
F21,400000,400000,938,2,1,0.002345466320769,,6
F22,400000,400000,6151,2,1,0.0153772454755448,,4
F23,400000,400000,5031,2,1,0.0125786243763018,,1
F24,200000,200000,9521,2,1,0.0476063891300884,,1
F25,100000,100000,4814,2,1,0.0481393789242499,,2
F26,400000,400000,10313,2,1,0.0257821941544962,,6
F27,400000,400000,4977,2,1,0.0124427140706188,,6
F28,100000,100000,1309,2,1,0.0130890999711941,,2
F29,100000,100000,11431,2,1,0.114308650361796,,2
F30,400000,400000,5379,2,1,0.0134483404669172,,5
F31,100000,100000,3791,2,1,0.037911933991104,,2
F32,50000,50000,1670,2,1,0.0334003159801545,,1
F33,200000,200000,7823,2,1,0.0391147050398446,,4
F34,400000,400000,11833,2,1,0.0295829861257527,,4
F35,100000,100000,1570,2,1,0.0157003396988859,,2
F36,200000,200000,8953,2,1,0.044763382525387,,7
F37,400000,400000,2041,2,1,0.0051013778795329,,3
F38,100000,100000,966,2,1,0.0096611168005422,,2
F39,400000,400000,10860,2,1,0.0271496153023309,,4
F40,200000,200000,8831,2,1,0.0441573301562197,,6
F41,400000,400000,1612,2,1,0.0040296541169846,,5
F42,100000,100000,6975,2,1,0.0697516628266231,,2
F43,400000,400000,600,2,1,0.0004817305565649,,7
F44,200000,200000,1606,2,1,0.0080288578899773,,4
F45,200000,200000,2279,2,1,0.0113946335119942,,7
F46,400000,400000,7483,2,1,0.0187083723584226,,7
F47,200000,200000,4779,2,1,0.023895810798286,,3
F48,400000,400000,7974,2,1,0.0199355168158183,,5
