Flow,Period,Deadline,Execution Time,w,h,Target_Utilization,Utilization_Error,Queue
F1,200000,200000,1775,2,1,0.0088748432047753,,6
F2,200000,200000,4041,2,1,0.0202050373972002,,6
F3,100000,100000,7935,2,1,0.0793541956058296,,4
F4,400000,400000,6811,2,1,0.0170283399137449,,5
F5,400000,400000,1170,2,1,0.0029251074669041,,6
F6,400000,400000,10321,2,1,0.0258023954711692,,7
F7,100000,100000,3663,2,1,0.0366309080490054,,4
F8,200000,200000,8297,2,1,0.0414871561117161,,3
F9,100000,100000,5429,2,1,0.0542902282871432,,4
F10,400000,400000,600,2,1,0.0004933950271609,,5
F11,400000,400000,7187,2,1,0.0179670882239757,,3
F12,400000,400000,7133,2,1,0.0178336821521621,,4
F13,400000,400000,3769,2,1,0.0094236399461701,,1
F14,400000,400000,1708,2,1,0.0042690620112484,,5
F15,200000,200000,2435,2,1,0.012175244300553,,4
F16,200000,200000,7009,2,1,0.0350450807864564,,4
F17,400000,400000,600,2,1,0.0014406829299273,,6
F18,200000,200000,2887,2,1,0.0144346864225608,,1
F19,200000,200000,4967,2,1,0.0248338163360991,,2
F20,200000,200000,878,2,1,0.0043889839959007,,2
F21,400000,400000,739,2,1,0.0018485157563319,,4
F22,400000,400000,600,2,1,0.0001761326042445,,7
F23,400000,400000,620,2,1,0.0015500968199606,,2
F24,400000,400000,600,2,1,0.0011474281285102,,1
F25,200000,200000,6366,2,1,0.0318299086828689,,1
F26,100000,100000,3294,2,1,0.0329400170226363,,3
F27,200000,200000,7175,2,1,0.0358752871010198,,5
F28,200000,200000,768,2,1,0.0038390466346753,,7
F29,200000,200000,10068,2,1,0.0503397685241305,,3
F30,400000,400000,2413,2,1,0.0060314504524392,,2
F31,400000,400000,11539,2,1,0.0288470336998051,,5
F32,200000,200000,6805,2,1,0.0340260302708246,,6
F33,200000,200000,11553,2,1,0.057763581950566,,6
F34,200000,200000,7703,2,1,0.0385137252188295,,6
F35,200000,200000,7154,2,1,0.0357682663218064,,2
F36,100000,100000,9825,2,1,0.098250142034355,,4
F37,50000,50000,2310,2,1,0.0462006058439185,,6
F38,400000,400000,940,2,1,0.0023501505817434,,3
F39,400000,400000,1429,2,1,0.0035717177296769,,1
F40,50000,50000,1811,2,1,0.0362188016242757,,1
F41,400000,400000,600,2,1,0.0009527821249137,,2
F42,100000,100000,963,2,1,0.0096308992491216,,7
F43,200000,200000,8301,2,1,0.0415073577692033,,2
F44,400000,400000,2648,2,1,0.0066211269344537,,5
F45,400000,400000,600,2,1,0.0013886727326713,,5
F46,400000,400000,5154,2,1,0.0128852399990902,,3
F47,50000,50000,3837,2,1,0.076740968477811,,3
F48,50000,50000,4729,2,1,0.0945843285403327,,4
