Flow,Period,Deadline,Execution Time,w,h,Target_Utilization,Utilization_Error,Queue
F1,400000,400000,9391,2,1,0.0234782753933378,,5
F2,400000,400000,7075,2,1,0.0176874360084791,,6
F3,50000,50000,2987,2,1,0.0597381333856887,,7
F4,400000,400000,8331,2,1,0.0208278759426192,,7
F5,100000,100000,6546,2,1,0.065455661205722,,5
F6,200000,200000,1635,2,1,0.0081750159592939,,4
F7,400000,400000,2336,2,1,0.0058387603305476,,6
F8,100000,100000,1121,2,1,0.0112089935178552,,4
F9,400000,400000,600,2,1,0.0014418356520771,,6
F10,400000,400000,1933,2,1,0.0048315737549327,,7
F11,100000,100000,9331,2,1,0.0933132953036864,,7
F12,200000,200000,6875,2,1,0.0343773964094094,,7
F13,400000,400000,600,2,1,0.0011495707822229,,2
F14,400000,400000,3425,2,1,0.0085629539346012,,2
F15,400000,400000,2286,2,1,0.0057151850796377,,5
F16,50000,50000,5790,2,1,0.115802735611877,,7
F17,400000,400000,9523,2,1,0.0238081029624833,,2
F18,400000,400000,6769,2,1,0.0169233195038942,,5
F19,200000,200000,6762,2,1,0.0338123547529387,,2
F20,200000,200000,6097,2,1,0.0304848387188985,,3
F21,100000,100000,5683,2,1,0.0568315392746311,,2
F22,400000,400000,5705,2,1,0.01426144749311,,7
F23,400000,400000,805,2,1,0.0020133129156685,,5
F24,200000,200000,1779,2,1,0.0088943209876531,,6
F25,200000,200000,5798,2,1,0.0289898206167888,,4
F26,400000,400000,8223,2,1,0.0205585535014009,,3
F27,400000,400000,8921,2,1,0.0223035961744295,,4
F28,200000,200000,10265,2,1,0.0513255224633901,,7
F29,100000,100000,9806,2,1,0.0980571112315776,,7
F30,200000,200000,8738,2,1,0.0436892104302032,,3
F31,200000,200000,2295,2,1,0.0114752835639969,,3
F32,400000,400000,9906,2,1,0.0247646060087184,,5
F33,200000,200000,7005,2,1,0.0350257173565819,,4
F34,200000,200000,1056,2,1,0.0052807266854342,,2
F35,200000,200000,8043,2,1,0.0402141967980207,,5
F36,400000,400000,600,2,1,0.000822446793493,,5
F37,100000,100000,5395,2,1,0.0539478981425501,,5
F38,400000,400000,2341,2,1,0.0058533363736067,,7
F39,400000,400000,888,2,1,0.0022194546421102,,6
F40,400000,400000,1926,2,1,0.0048159788211109,,3
F41,400000,400000,7654,2,1,0.0191339611796061,,2
F42,50000,50000,2389,2,1,0.0477806204483112,,2
F43,400000,400000,600,2,1,0.0005326188302933,,7
F44,200000,200000,4795,2,1,0.0239755444897559,,7
F45,400000,400000,869,2,1,0.0021715490041843,,2
F46,400000,400000,3307,2,1,0.0082668476894502,,3
F47,400000,400000,1715,2,1,0.0042868146139817,,4
F48,400000,400000,600,2,1,0.0008965699637608,,1
