Flow,Period,Deadline,Execution Time,w,h,Target_Utilization,Utilization_Error,Queue
F1,400000,400000,770,2,1,0.0019246885393995,,5
F2,100000,100000,7629,2,1,0.0762898585193641,,1
F3,200000,200000,3150,2,1,0.0157508706774072,,7
F4,100000,100000,3560,2,1,0.0356001394047722,,1
F5,200000,200000,9562,2,1,0.0478124695488582,,1
F6,400000,400000,600,2,1,0.0009919682698538,,7
F7,400000,400000,3700,2,1,0.0092494478779012,,7
F8,100000,100000,6523,2,1,0.0652265310190662,,6
F9,200000,200000,1501,2,1,0.0075054792059058,,1
F10,400000,400000,1316,2,1,0.0032901046326003,,1
F11,400000,400000,5335,2,1,0.0133365181793314,,5
F12,400000,400000,8331,2,1,0.0208271896374475,,1
F13,200000,200000,8617,2,1,0.0430865934456633,,6
F14,200000,200000,4364,2,1,0.0218200460228916,,3
F15,400000,400000,609,2,1,0.0015216952628529,,3
F16,400000,400000,600,2,1,0.0011870993463906,,4
F17,400000,400000,2922,2,1,0.0073058458391168,,7
F18,400000,400000,5257,2,1,0.0131416051065712,,2
F19,400000,400000,5131,2,1,0.0128286848169073,,6
F20,100000,100000,6170,2,1,0.0616962200877827,,7
F21,400000,400000,10109,2,1,0.0252712907400148,,1
F22,200000,200000,8927,2,1,0.0446345536845943,,6
F23,400000,400000,9146,2,1,0.022864726215162,,5
F24,400000,400000,1490,2,1,0.0037259762945544,,5
F25,400000,400000,600,2,1,0.0004438228763704,,6
F26,200000,200000,4229,2,1,0.0211456694918156,,6
F27,400000,400000,2085,2,1,0.0052117120680845,,3
F28,100000,100000,4422,2,1,0.0442223389171222,,7
F29,400000,400000,10919,2,1,0.0272987209664526,,6
F30,200000,200000,8849,2,1,0.0442464651637077,,1
F31,400000,400000,860,2,1,0.0021507162590699,,1
F32,100000,100000,3081,2,1,0.0308116373063359,,3
F33,200000,200000,6438,2,1,0.0321884590789437,,7
F34,200000,200000,1322,2,1,0.0066101324663464,,6
F35,200000,200000,2802,2,1,0.0140109544017117,,3
F36,200000,200000,8467,2,1,0.0423373632966169,,7
F37,200000,200000,4680,2,1,0.0233989637202934,,7
F38,400000,400000,11067,2,1,0.0276664493454458,,5
F39,200000,200000,7835,2,1,0.0391742026807225,,6
F40,50000,50000,5745,2,1,0.1149028629622613,,1
F41,400000,400000,3097,2,1,0.0077432254377553,,3
F42,400000,400000,3505,2,1,0.0087623476616712,,2
F43,100000,100000,4246,2,1,0.0424614582973007,,1
F44,100000,100000,900,2,1,0.0089995994329354,,5
F45,100000,100000,8235,2,1,0.0823549911726315,,7
F46,400000,400000,1509,2,1,0.0037730531207472,,2
F47,400000,400000,960,2,1,0.0024004875685935,,2
F48,200000,200000,7936,2,1,0.0396798380502978,,5
