Flow,Period,Deadline,Execution Time,w,h,Target_Utilization,Utilization_Error,Queue
F1,400000,400000,835,2,1,0.0020880632773765,,2
F2,100000,100000,3848,2,1,0.0384797029809842,,2
F3,400000,400000,600,2,1,0.0003334393165597,,5
F4,400000,400000,7536,2,1,0.0188405835099172,,2
F5,400000,400000,9297,2,1,0.0232434182599141,,4
F6,400000,400000,6837,2,1,0.0170933064054723,,6
F7,200000,200000,1357,2,1,0.006784546556926,,5
F8,400000,400000,8348,2,1,0.0208711943029609,,6
F9,200000,200000,9061,2,1,0.0453066943900299,,3
F10,200000,200000,9252,2,1,0.046260597201851,,1
F11,200000,200000,4236,2,1,0.0211803316844172,,7
F12,100000,100000,9485,2,1,0.0948520701577961,,1
F13,100000,100000,7345,2,1,0.073448548512513,,3
F14,400000,400000,2178,2,1,0.005444941047189,,7
F15,400000,400000,849,2,1,0.0021219106983666,,7
F16,200000,200000,11703,2,1,0.0585156656549179,,2
F17,100000,100000,1617,2,1,0.0161697205767237,,5
F18,400000,400000,5237,2,1,0.0130921697150062,,2
F19,400000,400000,752,2,1,0.0018810532511861,,1
F20,200000,200000,5502,2,1,0.0275103573382184,,3
F21,400000,400000,600,2,1,6.20730766420774e-06,,4
F22,400000,400000,3069,2,1,0.0076723144198103,,3
F23,400000,400000,1364,2,1,0.0034109784646194,,6
F24,400000,400000,2629,2,1,0.0065725141734609,,1
F25,200000,200000,6575,2,1,0.0328756131968135,,4
F26,400000,400000,8245,2,1,0.0206131361827554,,1
F27,400000,400000,7503,2,1,0.0187574887507051,,3
F28,400000,400000,6419,2,1,0.0160473394358027,,1
F29,50000,50000,967,2,1,0.0193388494985617,,5
F30,200000,200000,10284,2,1,0.0514204933312414,,6
F31,400000,400000,3106,2,1,0.0077644240251451,,4
F32,400000,400000,4569,2,1,0.0114236358624366,,6
F33,200000,200000,6459,2,1,0.0322957362900783,,6
F34,200000,200000,3619,2,1,0.0180945397571961,,7
F35,100000,100000,8382,2,1,0.0838185853944863,,2
F36,200000,200000,2120,2,1,0.0106011983328113,,7
F37,400000,400000,1408,2,1,0.0035195916288308,,6
F38,50000,50000,2663,2,1,0.0532607920219727,,7
F39,400000,400000,3913,2,1,0.0097825232577391,,4
F40,100000,100000,6375,2,1,0.0637546690868434,,1
F41,400000,400000,6750,2,1,0.016874085724187,,4
F42,400000,400000,600,2,1,0.0010179405015764,,3
F43,50000,50000,4659,2,1,0.0931827216544889,,1
F44,200000,200000,5866,2,1,0.0293302985733796,,1
F45,400000,400000,3363,2,1,0.0084073232152244,,2
F46,400000,400000,4931,2,1,0.0123264409868589,,3
F47,200000,200000,6126,2,1,0.0306288698613938,,7
F48,400000,400000,9463,2,1,0.0236578488983574,,2
