Flow,Period,Deadline,Execution Time,w,h,Target_Utilization,Utilization_Error,Queue
F1,400000,400000,1714,2,1,0.0042838213579301,,3
F2,400000,400000,11698,2,1,0.0292457861062214,,1
F3,200000,200000,3841,2,1,0.0192055428291606,,4
F4,400000,400000,606,2,1,0.0015148555028832,,6
F5,400000,400000,10289,2,1,0.025723412372121,,4
F6,200000,200000,4925,2,1,0.0246253048881321,,6
F7,400000,400000,10726,2,1,0.0268142865702469,,1
F8,200000,200000,2022,2,1,0.0101097746851397,,1
F9,200000,200000,9378,2,1,0.0468878139192605,,6
F10,400000,400000,5498,2,1,0.0137455367893928,,7
F11,200000,200000,6141,2,1,0.0307056071142864,,6
F12,50000,50000,4786,2,1,0.0957158899160125,,1
F13,400000,400000,5775,2,1,0.0144372177495031,,1
F14,50000,50000,1200,2,1,0.0239995654061495,,1
F15,400000,400000,3486,2,1,0.0087140995982759,,2
F16,100000,100000,658,2,1,0.0065800755567164,,3
F17,100000,100000,11040,2,1,0.1103982758633009,,1
F18,200000,200000,5583,2,1,0.0279155107584566,,4
F19,200000,200000,3389,2,1,0.016943793200093,,7
F20,400000,400000,6071,2,1,0.0151785685265259,,6
F21,50000,50000,2094,2,1,0.0418787238518602,,7
F22,400000,400000,5639,2,1,0.0140972383426946,,5
F23,200000,200000,8071,2,1,0.0403570173125515,,1
F24,50000,50000,2308,2,1,0.0461591895146453,,1
F25,200000,200000,4961,2,1,0.0248040164834483,,7
F26,400000,400000,1938,2,1,0.0048449960827096,,5
F27,400000,400000,2265,2,1,0.0056624158115741,,1
F28,50000,50000,2593,2,1,0.0518584015808883,,7
F29,200000,200000,8329,2,1,0.041647023668168,,6
F30,400000,400000,10853,2,1,0.0271329735631049,,6
F31,400000,400000,2176,2,1,0.0054395619063909,,4
F32,400000,400000,3745,2,1,0.0093617268566237,,5
F33,400000,400000,7268,2,1,0.0181711745775702,,5
F34,400000,400000,5497,2,1,0.0137430313219111,,4
F35,400000,400000,10870,2,1,0.027174337376877,,7
F36,400000,400000,630,2,1,0.0015742143699054,,1
F37,400000,400000,4859,2,1,0.0121467162676511,,6
F38,400000,400000,2223,2,1,0.0055570742659375,,6
F39,400000,400000,2397,2,1,0.0059937189701696,,7
F40,200000,200000,9103,2,1,0.0455150563172066,,4
F41,200000,200000,11293,2,1,0.0564633679500491,,4
F42,400000,400000,1277,2,1,0.0031916421439228,,7
F43,200000,200000,3113,2,1,0.0155641767723345,,4
F44,200000,200000,7274,2,1,0.0363698035098662,,4
F45,50000,50000,3038,2,1,0.0607585148789203,,7
F46,100000,100000,3141,2,1,0.0314078869757342,,7
F47,400000,400000,5594,2,1,0.0139845279204958,,2
F48,400000,400000,1044,2,1,0.002611164795473,,2
