Flow,Period,Deadline,Execution Time,w,h,Target_Utilization,Utilization_Error,Queue
F1,400000,400000,11414,2,1,0.0285344668469871,,5
F2,200000,200000,6985,2,1,0.0349241403507227,,2
F3,400000,400000,985,2,1,0.002462877349473,,1
F4,400000,400000,3873,2,1,0.0096818973205412,,6
F5,400000,400000,989,2,1,0.0024728271496319,,2
F6,400000,400000,4283,2,1,0.010708275506901,,1
F7,200000,200000,2323,2,1,0.0116148762235277,,7
F8,400000,400000,600,2,1,1.058362935624224e-05,,4
F9,200000,200000,921,2,1,0.0046059336964594,,3
F10,400000,400000,2199,2,1,0.0054975113672568,,5
F11,400000,400000,10353,2,1,0.0258816004288002,,4
F12,200000,200000,7415,2,1,0.0370753267537284,,5
F13,200000,200000,6574,2,1,0.0328716236824424,,5
F14,50000,50000,3095,2,1,0.0619041205798354,,5
F15,400000,400000,860,2,1,0.0021506770428452,,2
F16,200000,200000,7549,2,1,0.0377459503315656,,4
F17,400000,400000,5133,2,1,0.0128317634446544,,3
F18,100000,100000,7654,2,1,0.0765421011799863,,5
F19,400000,400000,1581,2,1,0.0039521186696918,,4
F20,100000,100000,6393,2,1,0.0639322639479073,,5
F21,200000,200000,2163,2,1,0.0108149810724093,,4
F22,400000,400000,3164,2,1,0.0079102304003487,,4
F23,200000,200000,6107,2,1,0.0305343469434059,,4
F24,400000,400000,9121,2,1,0.0228020400438223,,5
F25,400000,400000,3229,2,1,0.0080725105870084,,5
F26,100000,100000,9948,2,1,0.0994823940356252,,5
F27,200000,200000,2542,2,1,0.0127106895032034,,5
F28,100000,100000,8064,2,1,0.0806434740593353,,5
F29,400000,400000,819,2,1,0.0020483039895919,,6
F30,400000,400000,9133,2,1,0.0228333974290886,,3
F31,200000,200000,822,2,1,0.004109137329331,,7
F32,400000,400000,3454,2,1,0.0086345152961129,,7
F33,100000,100000,3521,2,1,0.0352098426233529,,4
F34,400000,400000,11733,2,1,0.0293316817960441,,3
F35,400000,400000,8757,2,1,0.0218932918125039,,7
F36,100000,100000,7751,2,1,0.0775139851836443,,5
F37,400000,400000,10183,2,1,0.0254563204787536,,2
F38,100000,100000,6937,2,1,0.0693708902586328,,5
F39,400000,400000,2428,2,1,0.0060699509981166,,1
F40,400000,400000,2707,2,1,0.0067683288009636,,2
F41,400000,400000,1283,2,1,0.0032066290025435,,6
F42,400000,400000,600,2,1,0.0009687845731753,,7
F43,50000,50000,3814,2,1,0.0762787693457284,,5
F44,400000,400000,6411,2,1,0.0160270401942695,,2
F45,400000,400000,6594,2,1,0.0164853795374393,,1
F46,400000,400000,11873,2,1,0.0296817130462986,,2
F47,400000,400000,6935,2,1,0.0173374888181757,,4
F48,400000,400000,3411,2,1,0.0085265117663999,,3
