Flow,Period,Deadline,Execution Time,w,h,Target_Utilization,Utilization_Error,Queue
F1,400000,400000,4597,2,1,0.0114915716476691,,3
F2,200000,200000,10893,2,1,0.0544634571356419,,2
F3,400000,400000,2351,2,1,0.0058770821519276,,3
F4,200000,200000,8158,2,1,0.0407893522580782,,6
F5,400000,400000,2250,2,1,0.0056241054004688,,2
F6,400000,400000,8699,2,1,0.0217477343329355,,3
F7,400000,400000,3847,2,1,0.0096179226701496,,6
F8,200000,200000,11287,2,1,0.0564325249801622,,3
F9,50000,50000,3197,2,1,0.0639412018716667,,3
F10,400000,400000,3100,2,1,0.0077498728085201,,2
F11,100000,100000,3224,2,1,0.0322387524562322,,6
F12,400000,400000,7143,2,1,0.0178564277293988,,5
F13,400000,400000,4442,2,1,0.0111059801315411,,5
F14,400000,400000,2087,2,1,0.0052181593331829,,1
F15,50000,50000,3157,2,1,0.0631425736064829,,2
F16,400000,400000,8787,2,1,0.0219672420653148,,7
F17,200000,200000,2008,2,1,0.0100404711581463,,4
F18,200000,200000,7794,2,1,0.0389690775642187,,1
F19,400000,400000,11082,2,1,0.0277048618393906,,1
F20,400000,400000,1052,2,1,0.0026305544788084,,6
F21,400000,400000,1761,2,1,0.0044017200125771,,4
F22,400000,400000,4889,2,1,0.0122223034847754,,1
F23,400000,400000,11634,2,1,0.0290854213003973,,7
F24,100000,100000,11168,2,1,0.1116764862937575,,3
F25,400000,400000,6765,2,1,0.0169136142621042,,2
F26,400000,400000,600,2,1,0.0011646031540299,,5
F27,100000,100000,6162,2,1,0.0616211383897574,,6
F28,400000,400000,4041,2,1,0.0101016042351244,,6
F29,100000,100000,1294,2,1,0.0129406426909104,,7
F30,400000,400000,5271,2,1,0.0131764172365725,,1
F31,100000,100000,6717,2,1,0.0671691496890235,,1
F32,100000,100000,6727,2,1,0.0672675629864711,,2
F33,200000,200000,7614,2,1,0.0380704185953541,,3
F34,400000,400000,8670,2,1,0.0216757566478111,,6
F35,200000,200000,1866,2,1,0.0093288118072961,,7
F36,400000,400000,3879,2,1,0.0096967206197524,,1
F37,400000,400000,835,2,1,0.0020879728851418,,5
F38,400000,400000,9505,2,1,0.0237637458356881,,2
F39,400000,400000,2673,2,1,0.0066825286099657,,3
F40,200000,200000,624,2,1,0.0031194522203857,,7
F41,400000,400000,8749,2,1,0.0218731354215548,,4
F42,100000,100000,3409,2,1,0.034090392784656,,4
F43,200000,200000,4827,2,1,0.0241360659653993,,5
F44,400000,400000,4704,2,1,0.011758905803639,,2
F45,50000,50000,3943,2,1,0.0788591900788158,,1
F46,400000,400000,4749,2,1,0.0118732717752297,,4
F47,200000,200000,11673,2,1,0.0583634309946596,,1
F48,400000,400000,3701,2,1,0.0092531059185469,,5
