Flow,Period,Deadline,Execution Time,w,h,Target_Utilization,Utilization_Error,Queue
F1,400000,400000,11917,2,1,0.0297921363105162,,5
F2,400000,400000,2065,2,1,0.0051615237340936,,4
F3,400000,400000,2435,2,1,0.0060863009981162,,5
F4,400000,400000,2317,2,1,0.0057912940543096,,6
F5,400000,400000,2709,2,1,0.0067714822830862,,2
F6,50000,50000,2235,2,1,0.044701953154834,,2
F7,200000,200000,1509,2,1,0.0075439307385505,,3
F8,200000,200000,8575,2,1,0.042874632773852,,1
F9,400000,400000,8766,2,1,0.0219147418884784,,2
F10,200000,200000,4960,2,1,0.0247989526185736,,7
F11,100000,100000,9169,2,1,0.0916929234436131,,6
F12,200000,200000,882,2,1,0.0044098531615945,,3
F13,100000,100000,4745,2,1,0.0474495724688809,,4
F14,400000,400000,600,2,1,0.0007187558240364,,6
F15,200000,200000,8779,2,1,0.0438955302686256,,5
F16,400000,400000,789,2,1,0.0019731138803087,,4
F17,400000,400000,7079,2,1,0.0176970192739372,,5
F18,200000,200000,3097,2,1,0.0154857903041906,,1
F19,100000,100000,4709,2,1,0.0470896658778663,,1
F20,400000,400000,600,2,1,7.824166312142555e-05,,2
F21,200000,200000,8575,2,1,0.0428759459209591,,6
F22,400000,400000,600,2,1,1.952383570047456e-05,,7
F23,200000,200000,9128,2,1,0.0456375794332202,,6
F24,400000,400000,7138,2,1,0.0178458854094639,,1
F25,400000,400000,4945,2,1,0.0123627637769355,,5
F26,100000,100000,4447,2,1,0.0444682926105125,,4
F27,400000,400000,6385,2,1,0.0159614777608555,,3
F28,400000,400000,1965,2,1,0.0049121777917456,,1
F29,100000,100000,9364,2,1,0.0936448862140347,,2
F30,100000,100000,3611,2,1,0.0361090358172632,,2
F31,400000,400000,600,2,1,3.780192337565769e-05,,1
F32,400000,400000,1705,2,1,0.0042628037058459,,5
F33,100000,100000,3748,2,1,0.0374800897292162,,7
F34,400000,400000,2029,2,1,0.005073228898135,,7
F35,200000,200000,9495,2,1,0.0474741849358592,,2
F36,400000,400000,10387,2,1,0.0259679117888419,,6
F37,400000,400000,5707,2,1,0.0142670170766812,,7
F38,400000,400000,4721,2,1,0.0118015004832047,,2
F39,100000,100000,6474,2,1,0.0647403693514536,,1
F40,200000,200000,9025,2,1,0.0451274659540276,,7
F41,200000,200000,10841,2,1,0.0542051828782076,,7
F42,200000,200000,6159,2,1,0.030793657778934,,4
F43,200000,200000,2197,2,1,0.0109852721805582,,4
F44,100000,100000,2603,2,1,0.026029663636205,,3
F45,400000,400000,2963,2,1,0.0074081848178609,,3
F46,400000,400000,6319,2,1,0.015797525261799,,6
F47,400000,400000,9857,2,1,0.0246417458595241,,4
F48,400000,400000,10450,2,1,0.026126068460047,,1
