Flow,Period,Deadline,Execution Time,w,h,Target_Utilization,Utilization_Error,Queue
F1,400000,400000,852,2,1,0.0021310528405731,,5
F2,400000,400000,5891,2,1,0.014727021646578,,1
F3,400000,400000,4102,2,1,0.0102559834615263,,7
F4,100000,100000,6794,2,1,0.0679388992016609,,3
F5,200000,200000,2720,2,1,0.0136004773165523,,2
F6,200000,200000,8943,2,1,0.0447150423741478,,7
F7,400000,400000,2551,2,1,0.0063771074298506,,4
F8,100000,100000,3768,2,1,0.0376794176587413,,2
F9,400000,400000,1873,2,1,0.0046833151003946,,7
F10,100000,100000,4212,2,1,0.0421175587863122,,7
F11,400000,400000,2387,2,1,0.0059668753781283,,2
F12,200000,200000,11009,2,1,0.0550464732303889,,3
F13,200000,200000,6953,2,1,0.0347656596522851,,2
F14,100000,100000,3004,2,1,0.0300406871059746,,7
F15,200000,200000,11579,2,1,0.05789428378745,,1
F16,400000,400000,7608,2,1,0.0190203008935244,,2
F17,400000,400000,5649,2,1,0.014121945478925,,7
F18,400000,400000,1475,2,1,0.0036875448088928,,3
F19,400000,400000,11945,2,1,0.0298618661709513,,1
F20,400000,400000,8867,2,1,0.0221672302670717,,7
F21,50000,50000,3034,2,1,0.0606826912722887,,3
F22,400000,400000,4685,2,1,0.0117136848523505,,5
F23,400000,400000,1173,2,1,0.0029327867402105,,7
F24,200000,200000,5863,2,1,0.0293160230737924,,3
F25,400000,400000,5838,2,1,0.0145938719714734,,3
F26,50000,50000,5628,2,1,0.112555740238363,,3
F27,400000,400000,2837,2,1,0.0070930234479448,,5
F28,100000,100000,11167,2,1,0.1116673937666268,,1
F29,50000,50000,3386,2,1,0.0677180730421762,,1
F30,400000,400000,986,2,1,0.0024640280291514,,1
F31,200000,200000,2787,2,1,0.013935128607359,,4
F32,400000,400000,1324,2,1,0.0033091292110753,,3
F33,400000,400000,600,2,1,0.0013308012593388,,4
F34,200000,200000,2950,2,1,0.0147496262555816,,3
F35,400000,400000,10425,2,1,0.0260620503409647,,4
F36,400000,400000,2397,2,1,0.0059923897362262,,1
F37,200000,200000,8534,2,1,0.04266895634868,,3
F38,200000,200000,1865,2,1,0.0093247954817425,,2
F39,200000,200000,7134,2,1,0.0356705562728922,,1
F40,400000,400000,4249,2,1,0.0106223326193206,,3
F41,400000,400000,600,2,1,0.0003045029736485,,2
F42,200000,200000,3005,2,1,0.0150258837555495,,1
F43,400000,400000,600,2,1,0.0007074901965573,,6
F44,200000,200000,7089,2,1,0.0354441007367373,,3
F45,400000,400000,3461,2,1,0.0086524961669093,,4
F46,100000,100000,1163,2,1,0.0116310192785176,,1
F47,200000,200000,8755,2,1,0.0437735210624336,,1
F48,400000,400000,3127,2,1,0.0078169450074909,,5
