Flow,Period,Deadline,Execution Time,w,h,Target_Utilization,Utilization_Error,Queue
F1,100000,100000,6447,2,1,0.0644663177820921,,5
F2,50000,50000,1774,2,1,0.0354815453445456,,4
F3,200000,200000,11381,2,1,0.0569060222960504,,3
F4,400000,400000,5007,2,1,0.0125177943611254,,5
F5,400000,400000,3382,2,1,0.0084553578110488,,1
F6,400000,400000,7971,2,1,0.0199274107004325,,1
F7,200000,200000,3585,2,1,0.0179260890206438,,4
F8,200000,200000,6699,2,1,0.0334966394891094,,1
F9,50000,50000,3357,2,1,0.0671449168290622,,3
F10,200000,200000,8868,2,1,0.0443380335605023,,1
F11,400000,400000,5796,2,1,0.0144891405052887,,7
F12,400000,400000,622,2,1,0.0015540870204084,,4
F13,100000,100000,8207,2,1,0.0820713746963344,,5
F14,400000,400000,5633,2,1,0.0140830167051799,,3
F15,100000,100000,2106,2,1,0.0210603881957188,,4
F16,400000,400000,600,2,1,0.000853227957564,,2
F17,400000,400000,7449,2,1,0.0186215255441402,,5
F18,200000,200000,1843,2,1,0.0092154920455892,,6
F19,400000,400000,10438,2,1,0.0260951957766555,,6
F20,200000,200000,2136,2,1,0.010680922781823,,4
F21,200000,200000,8710,2,1,0.0435481657233249,,3
F22,400000,400000,7174,2,1,0.0179350481987385,,2
F23,200000,200000,1093,2,1,0.0054641986004955,,3
F24,200000,200000,3791,2,1,0.0189544203030285,,6
F25,100000,100000,6009,2,1,0.060085290879926,,6
F26,400000,400000,600,2,1,0.000712724422318,,6
F27,200000,200000,10483,2,1,0.0524144546049607,,4
F28,200000,200000,6549,2,1,0.0327444586625345,,3
F29,100000,100000,7890,2,1,0.0789001133801874,,5
F30,200000,200000,7224,2,1,0.0361195908483908,,5
F31,400000,400000,1589,2,1,0.003972169512989,,5
F32,200000,200000,8581,2,1,0.0429039542050979,,6
F33,200000,200000,10806,2,1,0.0540324158510675,,5
F34,400000,400000,600,2,1,0.0007614852539325,,1
F35,400000,400000,4813,2,1,0.0120316067290029,,2
F36,200000,200000,4623,2,1,0.0231141835790437,,2
F37,200000,200000,1045,2,1,0.0052258959097138,,4
F38,400000,400000,879,2,1,0.0021965260828741,,3
F39,400000,400000,1645,2,1,0.0041127528673516,,2
F40,400000,400000,6065,2,1,0.015161838608595,,6
F41,400000,400000,4207,2,1,0.0105171246639597,,7
F42,400000,400000,6506,2,1,0.0162651515116008,,1
F43,100000,100000,6775,2,1,0.0677498823966065,,5
F44,100000,100000,1848,2,1,0.018479745108646,,3
F45,400000,400000,2583,2,1,0.0064584042836254,,5
F46,400000,400000,7969,2,1,0.0199235869773774,,7
F47,200000,200000,6118,2,1,0.0305895153777773,,5
F48,400000,400000,9734,2,1,0.0243353391232821,,7
