Flow,Period,Deadline,Execution Time,w,h,Target_Utilization,Utilization_Error,Queue
F1,200000,200000,675,2,1,0.0033754347497723,,5
F2,200000,200000,1127,2,1,0.0056356526659935,,4
F3,50000,50000,4029,2,1,0.0805783669128799,,3
F4,200000,200000,1937,2,1,0.0096845376828063,,7
F5,200000,200000,10153,2,1,0.0507651584471342,,3
F6,400000,400000,9762,2,1,0.024405073023302,,6
F7,400000,400000,1395,2,1,0.0034864863722088,,2
F8,50000,50000,3592,2,1,0.0718403257661691,,6
F9,100000,100000,4813,2,1,0.048128231728148,,7
F10,400000,400000,4031,2,1,0.010077671099036,,6
F11,50000,50000,893,2,1,0.0178602032104322,,4
F12,400000,400000,10457,2,1,0.0261412675104982,,4
F13,400000,400000,2531,2,1,0.0063264252415666,,6
F14,50000,50000,4347,2,1,0.0869366961086726,,3
F15,400000,400000,7443,2,1,0.0186067324064104,,2
F16,400000,400000,11790,2,1,0.0294762315633375,,5
F17,50000,50000,1508,2,1,0.0301611454143707,,6
F18,400000,400000,5623,2,1,0.0140587459623845,,3
F19,400000,400000,1949,2,1,0.0048713529066394,,3
F20,400000,400000,3253,2,1,0.0081332493608172,,3
F21,200000,200000,9084,2,1,0.0454198289882982,,3
F22,100000,100000,9138,2,1,0.0913780014222909,,3
F23,400000,400000,9917,2,1,0.0247925074611995,,2
F24,400000,400000,600,2,1,0.0006534900619924,,7
F25,400000,400000,3827,2,1,0.0095665382723973,,5
F26,400000,400000,5189,2,1,0.0129736265784683,,5
F27,400000,400000,9179,2,1,0.0229466256150612,,5
F28,200000,200000,1433,2,1,0.0071653956101296,,7
F29,200000,200000,5693,2,1,0.0284647720200996,,3
F30,100000,100000,1283,2,1,0.0128307108001715,,4
F31,100000,100000,6202,2,1,0.0620221961328525,,7
F32,400000,400000,1967,2,1,0.0049168440856159,,6
F33,400000,400000,3197,2,1,0.0079931382809375,,2
F34,400000,400000,1321,2,1,0.0033028596854192,,4
F35,200000,200000,10930,2,1,0.0546478678334555,,5
F36,200000,200000,8353,2,1,0.0417666899989119,,5
F37,400000,400000,8731,2,1,0.0218277342644004,,3
F38,400000,400000,1692,2,1,0.004229809603684,,7
F39,200000,200000,10057,2,1,0.0502841572942533,,6
F40,400000,400000,6258,2,1,0.0156456196408091,,7
F41,200000,200000,7040,2,1,0.0351997987204228,,4
F42,400000,400000,1648,2,1,0.0041190015391793,,1
F43,400000,400000,3853,2,1,0.0096316738938207,,2
F44,200000,200000,6239,2,1,0.0311960680814834,,7
F45,100000,100000,3305,2,1,0.0330505625414493,,2
F46,400000,400000,600,2,1,0.0001055160058038,,2
F47,200000,200000,3240,2,1,0.016200444935357,,6
F48,400000,400000,9678,2,1,0.0241945930199616,,7
