Flow,Period,Deadline,Execution Time,w,h,Target_Utilization,Utilization_Error,Queue
F1,400000,400000,1004,2,1,0.0025091505518299,,2
F2,100000,100000,1592,2,1,0.0159199686566158,,7
F3,400000,400000,9227,2,1,0.0230678687457155,,1
F4,400000,400000,2708,2,1,0.0067708334154608,,3
F5,400000,400000,11251,2,1,0.0281286402261857,,2
F6,200000,200000,8067,2,1,0.040334166597733,,1
F7,400000,400000,2765,2,1,0.0069136257448263,,6
F8,400000,400000,6648,2,1,0.0166193042818958,,2
F9,400000,400000,7127,2,1,0.0178180425160978,,6
F10,400000,400000,11561,2,1,0.0289018945422208,,4
F11,400000,400000,6735,2,1,0.0168384227308537,,4
F12,400000,400000,9385,2,1,0.0234615172316992,,4
F13,400000,400000,835,2,1,0.0020874492266547,,2
F14,400000,400000,10725,2,1,0.0268129963555232,,3
F15,400000,400000,6510,2,1,0.0162743849325153,,1
F16,200000,200000,1370,2,1,0.0068499386758832,,7
F17,400000,400000,4835,2,1,0.012087334549615,,1
F18,100000,100000,9606,2,1,0.0960568355940169,,5
F19,200000,200000,2881,2,1,0.0144058311824938,,6
F20,100000,100000,4093,2,1,0.0409307825323502,,2
F21,200000,200000,6797,2,1,0.0339843392071046,,5
F22,200000,200000,2604,2,1,0.0130205298563206,,4
F23,400000,400000,4823,2,1,0.0120572081819487,,5
F24,400000,400000,9563,2,1,0.0239086192552354,,6
F25,100000,100000,10822,2,1,0.1082196524163163,,5
F26,200000,200000,2991,2,1,0.0149553106696241,,3
F27,400000,400000,4307,2,1,0.0107673539931114,,3
F28,100000,100000,2402,2,1,0.0240198039819707,,7
F29,100000,100000,4143,2,1,0.0414299309147405,,7
F30,200000,200000,9399,2,1,0.0469973569884261,,5
F31,400000,400000,2774,2,1,0.0069343655108594,,4
F32,200000,200000,628,2,1,0.0031405846398723,,5
F33,400000,400000,10660,2,1,0.0266507559313379,,5
F34,100000,100000,6202,2,1,0.062024296452207,,7
F35,100000,100000,2322,2,1,0.0232197486874943,,2
F36,100000,100000,7844,2,1,0.0784364554606842,,7
F37,200000,200000,5611,2,1,0.0280548755805321,,1
F38,100000,100000,1873,2,1,0.0187295903438559,,7
F39,400000,400000,4986,2,1,0.0124654675908743,,2
F40,100000,100000,1077,2,1,0.0107708445723052,,7
F41,200000,200000,4311,2,1,0.0215544117826426,,3
F42,400000,400000,6167,2,1,0.0154184366755446,,5
F43,200000,200000,1174,2,1,0.0058696394982787,,1
F44,100000,100000,2893,2,1,0.0289295487963471,,7
F45,200000,200000,3937,2,1,0.0196855205368525,,5
F46,400000,400000,600,2,1,0.0004790375550883,,4
F47,50000,50000,3118,2,1,0.0623570436581686,,5
F48,100000,100000,3914,2,1,0.0391413923940994,,3
