Flow,Period,Deadline,Execution Time,w,h,Target_Utilization,Utilization_Error,Queue
F1,400000,400000,5179,2,1,0.0129480336289709,,1
F2,400000,400000,600,2,1,0.0012998550717242,,3
F3,200000,200000,5357,2,1,0.026784677962923,,7
F4,400000,400000,7132,2,1,0.0178288286613841,,5
F5,400000,400000,5031,2,1,0.0125779184197427,,3
F6,400000,400000,10688,2,1,0.0267207761059762,,4
F7,400000,400000,10087,2,1,0.0252179482718242,,6
F8,400000,400000,6715,2,1,0.0167867981783094,,7
F9,400000,400000,6446,2,1,0.0161139169079562,,5
F10,200000,200000,10553,2,1,0.052764321876628,,4
F11,400000,400000,3223,2,1,0.0080564439052843,,6
F12,100000,100000,1739,2,1,0.0173891149138462,,6
F13,100000,100000,8147,2,1,0.0814670387923136,,1
F14,100000,100000,7767,2,1,0.0776694384252489,,1
F15,400000,400000,5125,2,1,0.0128130682034417,,7
F16,400000,400000,3401,2,1,0.0085029441687967,,4
F17,400000,400000,603,2,1,0.0015064591177056,,4
F18,50000,50000,1779,2,1,0.0355822767504492,,7
F19,200000,200000,1990,2,1,0.0099496380026673,,1
F20,100000,100000,1558,2,1,0.0155798598006791,,6
F21,400000,400000,600,2,1,0.0011739564172795,,1
F22,100000,100000,5646,2,1,0.0564613803300177,,5
F23,400000,400000,2190,2,1,0.0054760616936222,,5
F24,400000,400000,2141,2,1,0.005353572316564,,2
F25,400000,400000,6749,2,1,0.0168726681840011,,4
F26,200000,200000,5449,2,1,0.0272451103039905,,5
F27,100000,100000,8050,2,1,0.0805000086511099,,1
F28,100000,100000,5916,2,1,0.0591621371504579,,1
F29,200000,200000,5657,2,1,0.0282842890214135,,4
F30,400000,400000,8979,2,1,0.0224472672897005,,2
F31,400000,400000,8653,2,1,0.0216320821578969,,7
F32,400000,400000,1949,2,1,0.004872830676558,,7
F33,400000,400000,6204,2,1,0.0155097566853368,,2
F34,200000,200000,5483,2,1,0.0274148009484886,,1
F35,100000,100000,4605,2,1,0.0460477430883823,,6
F36,400000,400000,1611,2,1,0.0040281522919151,,2
F37,400000,400000,1331,2,1,0.0033275699215561,,5
F38,200000,200000,7185,2,1,0.0359233949103129,,1
F39,200000,200000,7017,2,1,0.0350826908818717,,2
F40,400000,400000,5159,2,1,0.0128966122889948,,4
F41,200000,200000,6616,2,1,0.0330817817072654,,6
F42,200000,200000,4495,2,1,0.02247439214234,,1
F43,400000,400000,8154,2,1,0.0203842770613695,,2
F44,400000,400000,8195,2,1,0.0204864120671578,,1
F45,100000,100000,7246,2,1,0.0724575504474338,,6
F46,100000,100000,3893,2,1,0.0389308890936696,,5
F47,400000,400000,8899,2,1,0.0222483766954895,,5
F48,400000,400000,600,2,1,0.0010319322756781,,6
