Flow,Period,Deadline,Execution Time,w,h,Target_Utilization,Utilization_Error,Queue
F1,400000,400000,600,2,1,0.0001546998867907,,3
F2,200000,200000,9395,2,1,0.0469772301790321,,4
F3,400000,400000,1467,2,1,0.0036674068214146,,4
F4,400000,400000,2135,2,1,0.0053374105745291,,1
F5,100000,100000,6420,2,1,0.0642035401669367,,1
F6,400000,400000,6633,2,1,0.0165830097926045,,4
F7,400000,400000,1714,2,1,0.0042856422298176,,7
F8,400000,400000,7482,2,1,0.0187046309943641,,6
F9,100000,100000,3767,2,1,0.0376703863794725,,2
F10,400000,400000,11333,2,1,0.0283323938066959,,6
F11,100000,100000,7988,2,1,0.0798814596096989,,1
F12,400000,400000,690,2,1,0.001723959374169,,1
F13,200000,200000,10113,2,1,0.0505667811939821,,1
F14,200000,200000,5187,2,1,0.0259346867192193,,4
F15,400000,400000,600,2,1,0.0002030631477021,,2
F16,400000,400000,9973,2,1,0.024933159826592,,3
F17,400000,400000,1086,2,1,0.0027139345524102,,5
F18,400000,400000,600,2,1,0.0010872810079893,,4
F19,400000,400000,5871,2,1,0.0146782842243121,,7
F20,200000,200000,1988,2,1,0.00994114971875,,2
F21,50000,50000,2091,2,1,0.0418181403197585,,1
F22,100000,100000,3337,2,1,0.0333698466595115,,4
F23,400000,400000,1033,2,1,0.0025818598156438,,6
F24,200000,200000,1150,2,1,0.0057512467128059,,2
F25,400000,400000,3257,2,1,0.008143146578609,,6
F26,400000,400000,600,2,1,0.0007821772953603,,7
F27,200000,200000,10275,2,1,0.0513741988636244,,3
F28,100000,100000,7392,2,1,0.0739222357627434,,3
F29,400000,400000,3273,2,1,0.0081837358615496,,4
F30,400000,400000,6243,2,1,0.0156074663304466,,1
F31,100000,100000,3351,2,1,0.0335102447966036,,6
F32,400000,400000,926,2,1,0.0023142756108364,,7
F33,400000,400000,11863,2,1,0.0296577775966739,,2
F34,400000,400000,3554,2,1,0.0088861065480332,,5
F35,200000,200000,6016,2,1,0.0300784930443516,,3
F36,50000,50000,5359,2,1,0.1071808995109291,,3
F37,100000,100000,5801,2,1,0.0580108260498041,,6
F38,100000,100000,5039,2,1,0.0503922556782287,,6
F39,400000,400000,5652,2,1,0.0141308859529482,,3
F40,400000,400000,8250,2,1,0.0206256463075565,,5
F41,200000,200000,6368,2,1,0.0318404813954737,,1
F42,400000,400000,788,2,1,0.0019693961674585,,2
F43,400000,400000,2405,2,1,0.0060119074091781,,5
F44,400000,400000,8994,2,1,0.0224858900788833,,1
F45,50000,50000,2200,2,1,0.0440021278349448,,3
F46,400000,400000,7507,2,1,0.018767343761533,,2
F47,400000,400000,2266,2,1,0.0056655515656324,,3
F48,100000,100000,6047,2,1,0.0604740753844562,,3
