Flow,Period,Deadline,Execution Time,w,h,Target_Utilization,Utilization_Error,Queue
F1,400000,400000,2396,2,1,0.0059891420863273,,5
F2,50000,50000,1730,2,1,0.0346011501544245,,2
F3,200000,200000,6685,2,1,0.0334226453029542,,2
F4,100000,100000,1725,2,1,0.0172489807469902,,4
F5,200000,200000,8625,2,1,0.0431266542579527,,2
F6,100000,100000,3376,2,1,0.0337614223251643,,7
F7,200000,200000,3286,2,1,0.0164306333268564,,5
F8,200000,200000,6718,2,1,0.0335900580955366,,7
F9,400000,400000,773,2,1,0.0019328845445916,,6
F10,400000,400000,2033,2,1,0.0050822891832358,,2
F11,100000,100000,1260,2,1,0.0126004167266005,,7
F12,400000,400000,3181,2,1,0.0079522971875525,,3
F13,400000,400000,1569,2,1,0.0039213501197008,,4
F14,200000,200000,5185,2,1,0.0259252198358757,,2
F15,400000,400000,2635,2,1,0.0065883936517583,,1
F16,400000,400000,1659,2,1,0.0041474482699231,,6
F17,200000,200000,8371,2,1,0.0418532092907859,,6
F18,400000,400000,7330,2,1,0.0183243783941988,,5
F19,100000,100000,6140,2,1,0.0613959687300009,,2
F20,200000,200000,6300,2,1,0.0315001985390699,,5
F21,400000,400000,11043,2,1,0.0276073434832626,,6
F22,400000,400000,5064,2,1,0.0126599359602799,,5
F23,400000,400000,6019,2,1,0.0150481694722773,,4
F24,100000,100000,1753,2,1,0.0175287618770655,,2
F25,400000,400000,7971,2,1,0.0199269108756517,,7
F26,400000,400000,5124,2,1,0.0128102210775256,,3
F27,400000,400000,3479,2,1,0.0086977903692282,,1
F28,400000,400000,8734,2,1,0.0218351733182116,,7
F29,400000,400000,657,2,1,0.0016419064372247,,2
F30,100000,100000,1183,2,1,0.0118301193974115,,2
F31,400000,400000,2039,2,1,0.0050962639168079,,7
F32,200000,200000,10251,2,1,0.0512549971933644,,2
F33,400000,400000,741,2,1,0.0018530810988124,,7
F34,200000,200000,7431,2,1,0.0371533912224234,,6
F35,200000,200000,8993,2,1,0.0449630022581826,,7
F36,50000,50000,3407,2,1,0.0681372988965964,,7
F37,200000,200000,6371,2,1,0.0318574598456493,,6
F38,400000,400000,6681,2,1,0.0167017949007365,,7
F39,100000,100000,1741,2,1,0.0174090830778578,,6
F40,50000,50000,798,2,1,0.0159588784256573,,2
F41,100000,100000,8756,2,1,0.0875565416536116,,7
F42,50000,50000,5832,2,1,0.116636136614723,,7
F43,100000,100000,844,2,1,0.0084389151882372,,4
F44,200000,200000,2285,2,1,0.0114251933334896,,6
F45,200000,200000,8772,2,1,0.0438595585311005,,7
F46,400000,400000,1139,2,1,0.002847345326348,,3
F47,200000,200000,8808,2,1,0.0440417859663644,,6
F48,100000,100000,1576,2,1,0.0157609803838766,,6
