Flow,Period,Deadline,Execution Time,w,h,Target_Utilization,Utilization_Error,Queue
F1,100000,100000,6046,2,1,0.0604573169728794,,1
F2,200000,200000,2891,2,1,0.0144560944974367,,6
F3,200000,200000,10939,2,1,0.0546926860184728,,5
F4,100000,100000,6446,2,1,0.0644585028201201,,2
F5,400000,400000,600,2,1,0.0003403932578973,,4
F6,400000,400000,2073,2,1,0.0051827903956493,,3
F7,400000,400000,2444,2,1,0.0061107768853989,,1
F8,400000,400000,3025,2,1,0.0075637195677549,,7
F9,400000,400000,10047,2,1,0.0251177413815206,,3
F10,400000,400000,3731,2,1,0.0093283139294404,,5
F11,400000,400000,4602,2,1,0.0115048642222145,,6
F12,200000,200000,10943,2,1,0.0547144512690319,,3
F13,100000,100000,6797,2,1,0.067967936151073,,1
F14,200000,200000,2791,2,1,0.0139548430790897,,4
F15,50000,50000,2086,2,1,0.0417205957452752,,6
F16,200000,200000,6479,2,1,0.032396022929007,,4
F17,200000,200000,11591,2,1,0.0579568345527637,,2
F18,400000,400000,600,2,1,2.6414536517083143e-05,,6
F19,400000,400000,4503,2,1,0.0112569247264859,,7
F20,200000,200000,1363,2,1,0.0068153413160413,,5
F21,200000,200000,1568,2,1,0.0078399314410976,,6
F22,400000,400000,5689,2,1,0.014223606472658,,7
F23,400000,400000,3156,2,1,0.0078906986102935,,2
F24,100000,100000,1695,2,1,0.0169509787426153,,4
F25,400000,400000,2814,2,1,0.0070350423191773,,2
F26,400000,400000,6327,2,1,0.0158172708151123,,1
F27,100000,100000,5846,2,1,0.0584613592414735,,2
F28,400000,400000,6876,2,1,0.0171904886260115,,7
F29,400000,400000,600,2,1,0.0003792643281391,,4
F30,400000,400000,5508,2,1,0.0137703961573947,,1
F31,400000,400000,4658,2,1,0.0116459226276469,,3
F32,50000,50000,6100,2,1,0.1219930628068221,,1
F33,400000,400000,7603,2,1,0.0190082118609553,,6
F34,50000,50000,2942,2,1,0.0588386335634893,,3
F35,400000,400000,3149,2,1,0.007873118138056,,3
F36,400000,400000,4863,2,1,0.0121576304976684,,5
F37,100000,100000,7379,2,1,0.0737947191085598,,1
F38,400000,400000,7877,2,1,0.019691605886919,,2
F39,200000,200000,2363,2,1,0.0118160782857713,,2
F40,200000,200000,1987,2,1,0.0099348990286782,,1
F41,400000,400000,6224,2,1,0.0155596103047104,,5
F42,400000,400000,5809,2,1,0.0145215348480272,,3
F43,400000,400000,11001,2,1,0.0275034940505565,,1
F44,200000,200000,6831,2,1,0.0341538472271252,,7
F45,200000,200000,11659,2,1,0.0582950166077429,,1
F46,400000,400000,6050,2,1,0.0151250345441608,,2
F47,400000,400000,4469,2,1,0.0111728923428922,,4
F48,400000,400000,633,2,1,0.0015814976041218,,4
