Flow,Period,Deadline,Execution Time,w,h,Target_Utilization,Utilization_Error,Queue
F1,200000,200000,795,2,1,0.0039747445523536,,7
F2,400000,400000,9507,2,1,0.0237667191177641,,4
F3,50000,50000,7332,2,1,0.1466361702120513,,7
F4,400000,400000,10117,2,1,0.0252925037996447,,7
F5,100000,100000,793,2,1,0.0079298502049975,,3
F6,400000,400000,3112,2,1,0.0077802147633575,,4
F7,400000,400000,600,2,1,0.0007157089992813,,2
F8,200000,200000,1924,2,1,0.0096191833520806,,6
F9,200000,200000,8271,2,1,0.0413545161060661,,7
F10,400000,400000,2773,2,1,0.0069324755062881,,7
F11,400000,400000,5518,2,1,0.0137938428270357,,6
F12,200000,200000,2303,2,1,0.011513899250355,,1
F13,200000,200000,6901,2,1,0.0345030863724544,,6
F14,400000,400000,1354,2,1,0.0033855313759412,,3
F15,200000,200000,6185,2,1,0.0309267870707501,,7
F16,200000,200000,4494,2,1,0.0224704011909987,,6
F17,400000,400000,8159,2,1,0.020397219683433,,1
F18,400000,400000,9695,2,1,0.0242367334091169,,1
F19,400000,400000,4245,2,1,0.0106126182828948,,5
F20,200000,200000,6091,2,1,0.0304573449900591,,1
F21,400000,400000,7493,2,1,0.0187317296760916,,3
F22,100000,100000,11535,2,1,0.1153520024499166,,7
F23,200000,200000,1154,2,1,0.0057690647003857,,5
F24,400000,400000,1216,2,1,0.0030407012544541,,4
F25,400000,400000,8420,2,1,0.0210493434905575,,5
F26,100000,100000,3110,2,1,0.0310997754320098,,6
F27,200000,200000,982,2,1,0.0049102509141701,,1
F28,200000,200000,9261,2,1,0.0463048320980489,,1
F29,400000,400000,9579,2,1,0.0239484723157566,,3
F30,200000,200000,6992,2,1,0.034962495860234,,1
F31,200000,200000,7071,2,1,0.0353527334091873,,7
F32,400000,400000,4402,2,1,0.0110055454542272,,7
F33,400000,400000,2499,2,1,0.0062474161025605,,2
F34,100000,100000,7449,2,1,0.0744873758548788,,7
F35,200000,200000,11107,2,1,0.0555340418561769,,7
F36,400000,400000,6849,2,1,0.0171220289740021,,4
F37,400000,400000,8379,2,1,0.0209483688716496,,7
F38,200000,200000,1251,2,1,0.0062558844677816,,1
F39,200000,200000,10283,2,1,0.05141297415642,,7
F40,400000,400000,1830,2,1,0.0045741208767091,,6
F41,100000,100000,3303,2,1,0.0330282148637032,,1
F42,400000,400000,10708,2,1,0.0267691575188749,,6
F43,400000,400000,1330,2,1,0.0033241937324368,,2
F44,200000,200000,7472,2,1,0.0373582264808942,,6
F45,400000,400000,1111,2,1,0.0027774269324212,,3
F46,200000,200000,6879,2,1,0.0343968253078658,,7
F47,400000,400000,600,2,1,0.0013555583914742,,4
F48,400000,400000,4631,2,1,0.0115783960292787,,5
