Flow,Period,Deadline,Execution Time,w,h,Target_Utilization,Utilization_Error,Queue
F1,200000,200000,1792,2,1,0.0089607469469112,,3
F2,200000,200000,904,2,1,0.0045203389151589,,1
F3,400000,400000,3416,2,1,0.0085395021455196,,7
F4,400000,400000,600,2,1,0.0004561960880962,,7
F5,200000,200000,6883,2,1,0.0344149994406941,,2
F6,100000,100000,6477,2,1,0.064773884582127,,7
F7,400000,400000,4067,2,1,0.0101662706436567,,1
F8,200000,200000,4350,2,1,0.0217488395513496,,2
F9,400000,400000,10391,2,1,0.0259782064018072,,3
F10,100000,100000,4273,2,1,0.0427323679581463,,7
F11,400000,400000,9899,2,1,0.0247481514761074,,4
F12,50000,50000,3949,2,1,0.0789779914280769,,7
F13,200000,200000,1774,2,1,0.0088702873171743,,5
F14,400000,400000,4868,2,1,0.012170837503283,,7
F15,100000,100000,1226,2,1,0.0122592053844545,,5
F16,200000,200000,6083,2,1,0.0304148507328335,,4
F17,200000,200000,10906,2,1,0.0545313420229309,,7
F18,400000,400000,600,2,1,0.0010626683723869,,5
F19,200000,200000,2385,2,1,0.0119241058695503,,4
F20,400000,400000,600,2,1,0.0002687879093982,,4
F21,400000,400000,8219,2,1,0.0205466136230638,,6
F22,400000,400000,8255,2,1,0.0206380480372349,,3
F23,400000,400000,807,2,1,0.0020169739899582,,2
F24,100000,100000,1491,2,1,0.0149095288284936,,7
F25,400000,400000,7964,2,1,0.0199097178242904,,4
F26,100000,100000,3353,2,1,0.0335307262913667,,7
F27,400000,400000,1821,2,1,0.0045537473846462,,4
F28,200000,200000,2782,2,1,0.0139110812548095,,3
F29,200000,200000,11110,2,1,0.0555482264229473,,7
F30,400000,400000,600,2,1,0.0004087130061966,,2
F31,200000,200000,11853,2,1,0.0592662834128697,,7
F32,200000,200000,11579,2,1,0.0578969511520942,,7
F33,400000,400000,1577,2,1,0.0039413815096652,,3
F34,200000,200000,4413,2,1,0.02206520013693,,7
F35,100000,100000,7779,2,1,0.0777852742772742,,7
F36,400000,400000,600,2,1,0.0006506278393032,,7
F37,400000,400000,11809,2,1,0.029523129917607,,6
F38,400000,400000,600,2,1,0.0014210109943724,,6
F39,400000,400000,4057,2,1,0.010141709785648,,2
F40,100000,100000,7827,2,1,0.0782694150510611,,7
F41,400000,400000,2247,2,1,0.0056177155380093,,6
F42,400000,400000,10015,2,1,0.0250365325640573,,6
F43,400000,400000,5172,2,1,0.0129294934916744,,2
F44,200000,200000,7905,2,1,0.039522721211948,,3
F45,50000,50000,3181,2,1,0.0636222226551577,,7
F46,400000,400000,4567,2,1,0.0114169436880176,,6
F47,100000,100000,2909,2,1,0.0290895409449956,,2
F48,100000,100000,7571,2,1,0.0757148847831563,,7
