Flow,Period,Deadline,Execution Time,w,h,Target_Utilization,Utilization_Error,Queue
F1,400000,400000,600,2,1,0.0001626443301283,,2
F2,200000,200000,9824,2,1,0.0491211499119184,,4
F3,400000,400000,11390,2,1,0.0284744280559043,,7
F4,400000,400000,783,2,1,0.0019582891620506,,3
F5,400000,400000,4229,2,1,0.0105729740628808,,6
F6,400000,400000,3039,2,1,0.0075984892249418,,7
F7,100000,100000,4611,2,1,0.0461085536136898,,3
F8,400000,400000,600,2,1,0.0001135443338911,,5
F9,200000,200000,1462,2,1,0.0073088345671765,,4
F10,100000,100000,5215,2,1,0.0521479556180921,,3
F11,400000,400000,9591,2,1,0.0239785372570546,,3
F12,400000,400000,3343,2,1,0.0083570334355649,,3
F13,400000,400000,2723,2,1,0.0068072015559459,,6
F14,400000,400000,6109,2,1,0.0152731451193763,,1
F15,200000,200000,2807,2,1,0.014035800094351,,5
F16,100000,100000,5007,2,1,0.0500713440657584,,1
F17,100000,100000,4083,2,1,0.0408321227622346,,1
F18,400000,400000,9101,2,1,0.0227527644466341,,5
F19,100000,100000,6613,2,1,0.0661258126049417,,1
F20,400000,400000,729,2,1,0.001821335526117,,1
F21,100000,100000,4909,2,1,0.049088274103565,,5
F22,200000,200000,10532,2,1,0.0526604468944186,,4
F23,400000,400000,1162,2,1,0.002904467069027,,2
F24,400000,400000,8629,2,1,0.0215719355059279,,2
F25,50000,50000,4813,2,1,0.0962575760518851,,3
F26,200000,200000,2195,2,1,0.0109752045071928,,4
F27,400000,400000,1071,2,1,0.0026769037096869,,5
F28,400000,400000,3178,2,1,0.0079456209885621,,1
F29,400000,400000,5637,2,1,0.0140931017313337,,2
F30,400000,400000,9438,2,1,0.0235959183365653,,1
F31,100000,100000,3282,2,1,0.0328188742246006,,5
F32,50000,50000,727,2,1,0.0145401939407511,,3
F33,400000,400000,2029,2,1,0.0050728764775899,,7
F34,100000,100000,3315,2,1,0.0331489474196141,,3
F35,200000,200000,2306,2,1,0.011530550806608,,7
F36,200000,200000,6204,2,1,0.0310183056007841,,1
F37,400000,400000,11743,2,1,0.0293577051284588,,6
F38,100000,100000,9495,2,1,0.0949530973380771,,3
F39,400000,400000,7734,2,1,0.0193361596364817,,4
F40,400000,400000,1517,2,1,0.0037931955559129,,1
F41,400000,400000,1225,2,1,0.0030621871853392,,3
F42,200000,200000,7939,2,1,0.0396942848920714,,4
F43,400000,400000,6560,2,1,0.0163999966540372,,6
F44,100000,100000,7282,2,1,0.0728200215079751,,3
F45,400000,400000,3985,2,1,0.0099628586582908,,5
F46,200000,200000,10625,2,1,0.0531246148771069,,3
F47,400000,400000,3793,2,1,0.009482138456444,,2
F48,200000,200000,6151,2,1,0.0307568096676383,,4
