Flow,Period,Deadline,Execution Time,w,h,Target_Utilization,Utilization_Error,Queue
F1,400000,400000,3785,2,1,0.0094635041084372,,7
F2,200000,200000,7476,2,1,0.03737816863259,,2
F3,400000,400000,7035,2,1,0.0175879691511748,,7
F4,100000,100000,3159,2,1,0.0315911836482321,,2
F5,100000,100000,1270,2,1,0.012699093609191,,4
F6,200000,200000,1026,2,1,0.0051299468251537,,5
F7,200000,200000,1593,2,1,0.0079651351550291,,6
F8,400000,400000,5513,2,1,0.0137830784402861,,6
F9,400000,400000,11303,2,1,0.028256932153817,,1
F10,50000,50000,6642,2,1,0.1328350464179782,,4
F11,400000,400000,600,2,1,0.0010083261744167,,2
F12,400000,400000,3451,2,1,0.0086280302977863,,6
F13,200000,200000,7546,2,1,0.0377290461904811,,3
F14,400000,400000,1458,2,1,0.0036446231191488,,5
F15,400000,400000,5855,2,1,0.0146363571592985,,3
F16,200000,200000,3700,2,1,0.0185011448353469,,1
F17,200000,200000,2613,2,1,0.0130639700653077,,5
F18,400000,400000,1446,2,1,0.0036162484088831,,4
F19,400000,400000,4581,2,1,0.0114531622916996,,1
F20,400000,400000,11217,2,1,0.0280417804413343,,6
F21,100000,100000,8407,2,1,0.0840748836735562,,6
F22,400000,400000,11474,2,1,0.028684408875758,,6
F23,400000,400000,2794,2,1,0.0069853124157281,,7
F24,200000,200000,9269,2,1,0.0463457217490829,,1
F25,400000,400000,844,2,1,0.0021092869085856,,7
F26,100000,100000,9685,2,1,0.0968503731057888,,4
F27,400000,400000,692,2,1,0.0017303972445706,,3
F28,200000,200000,3294,2,1,0.0164709763654868,,2
F29,400000,400000,2631,2,1,0.0065784450895715,,2
F30,400000,400000,4103,2,1,0.0102580548787147,,2
F31,400000,400000,2351,2,1,0.0058784104472265,,1
F32,400000,400000,600,2,1,0.0009319346089332,,6
F33,400000,400000,3275,2,1,0.008187591529802,,3
F34,200000,200000,7934,2,1,0.0396692060060635,,6
F35,400000,400000,7217,2,1,0.018041915520302,,1
F36,200000,200000,8597,2,1,0.0429840725296578,,4
F37,200000,200000,7409,2,1,0.0370428418863885,,1
F38,200000,200000,7321,2,1,0.0366028970363747,,4
F39,400000,400000,9195,2,1,0.0229869664971772,,2
F40,400000,400000,7309,2,1,0.0182712584992421,,4
F41,200000,200000,3776,2,1,0.0188797527112168,,4
F42,400000,400000,4534,2,1,0.0113351559303911,,5
F43,100000,100000,9210,2,1,0.0921037417188186,,4
F44,400000,400000,3244,2,1,0.0081103741946645,,3
F45,400000,400000,10675,2,1,0.0266874771202551,,3
F46,400000,400000,11963,2,1,0.0299080398889842,,3
F47,50000,50000,4581,2,1,0.0916177257604888,,2
F48,400000,400000,1793,2,1,0.0044818492276476,,4
