Flow,Period,Deadline,Execution Time,w,h,Target_Utilization,Utilization_Error,Queue
F1,400000,400000,8270,2,1,0.0206737964010064,,3
F2,400000,400000,656,2,1,0.0016399179490136,,4
F3,400000,400000,2641,2,1,0.0066028567306246,,2
F4,50000,50000,3218,2,1,0.0643570020685653,,1
F5,100000,100000,3039,2,1,0.0303894805983191,,5
F6,50000,50000,2330,2,1,0.0465999169930133,,6
F7,200000,200000,10809,2,1,0.0540470969451631,,6
F8,200000,200000,8802,2,1,0.0440121203516608,,5
F9,400000,400000,1275,2,1,0.0031879698748989,,5
F10,200000,200000,11175,2,1,0.0558738240853126,,1
F11,200000,200000,3073,2,1,0.0153641329325953,,6
F12,400000,400000,600,2,1,0.0006533544120246,,1
F13,400000,400000,3358,2,1,0.0083945324275611,,7
F14,200000,200000,6646,2,1,0.0332310871650941,,4
F15,200000,200000,9901,2,1,0.0495046540315158,,7
F16,400000,400000,828,2,1,0.0020702180188071,,7
F17,200000,200000,1198,2,1,0.0059899942697689,,5
F18,400000,400000,11339,2,1,0.0283473639490039,,4
F19,400000,400000,4689,2,1,0.0117236714472921,,3
F20,100000,100000,3122,2,1,0.03121955521527,,1
F21,100000,100000,6877,2,1,0.0687692966435451,,6
F22,400000,400000,4042,2,1,0.010106048920878,,1
F23,400000,400000,3108,2,1,0.0077703117803953,,7
F24,400000,400000,925,2,1,0.002312594348177,,2
F25,100000,100000,8530,2,1,0.0853024709735816,,1
F26,400000,400000,3211,2,1,0.0080273498205987,,6
F27,400000,400000,8937,2,1,0.0223426398410073,,5
F28,400000,400000,3015,2,1,0.0075364853268109,,1
F29,200000,200000,1946,2,1,0.0097298543986168,,2
F30,200000,200000,7948,2,1,0.039742133453922,,1
F31,200000,200000,2674,2,1,0.0133688807349423,,6
F32,200000,200000,9919,2,1,0.0495960025065616,,4
F33,400000,400000,10047,2,1,0.0251165769534179,,7
F34,200000,200000,1481,2,1,0.0074053348004116,,4
F35,400000,400000,7325,2,1,0.0183114166855956,,4
F36,200000,200000,1850,2,1,0.0092505982962253,,5
F37,400000,400000,4923,2,1,0.0123084932427408,,4
F38,400000,400000,600,2,1,0.0007618200643509,,2
F39,100000,100000,10036,2,1,0.1003571958187308,,1
F40,200000,200000,10263,2,1,0.0513144903260609,,5
F41,400000,400000,11604,2,1,0.0290098033297933,,6
F42,100000,100000,7176,2,1,0.0717568496606112,,1
F43,400000,400000,1242,2,1,0.00310475852482,,6
F44,200000,200000,4736,2,1,0.0236797270791408,,1
F45,400000,400000,850,2,1,0.0021239083497642,,3
F46,400000,400000,9326,2,1,0.0233145815818456,,7
F47,400000,400000,5671,2,1,0.0141782503283186,,2
F48,200000,200000,1197,2,1,0.005984319094296,,3
