Flow,Period,Deadline,Execution Time,w,h,Target_Utilization,Utilization_Error,Queue
F1,400000,400000,1921,2,1,0.00480317041859,,5
F2,100000,100000,4809,2,1,0.048089964517082,,5
F3,400000,400000,1685,2,1,0.0042124619920005,,3
F4,100000,100000,4572,2,1,0.0457194896739177,,6
F5,400000,400000,4406,2,1,0.0110155481726701,,6
F6,50000,50000,4643,2,1,0.0928628564629123,,6
F7,400000,400000,9865,2,1,0.024662563784831,,2
F8,200000,200000,10927,2,1,0.0546371177157967,,6
F9,400000,400000,9857,2,1,0.0246433054903822,,7
F10,400000,400000,1686,2,1,0.0042137999098298,,1
F11,400000,400000,7861,2,1,0.0196513602512782,,5
F12,400000,400000,1659,2,1,0.0041464969332957,,5
F13,400000,400000,1066,2,1,0.0026659629055986,,7
F14,400000,400000,8191,2,1,0.0204767839878422,,6
F15,100000,100000,1820,2,1,0.0181990677767472,,2
F16,400000,400000,7370,2,1,0.018425517218642,,4
F17,400000,400000,10863,2,1,0.0271567121852853,,7
F18,400000,400000,600,2,1,0.0007102448868128,,2
F19,100000,100000,7602,2,1,0.0760212621309905,,6
F20,400000,400000,717,2,1,0.0017925311534191,,6
F21,200000,200000,7534,2,1,0.0376685422873258,,6
F22,200000,200000,1813,2,1,0.0090660753781587,,7
F23,200000,200000,1808,2,1,0.0090411745257668,,3
F24,100000,100000,1007,2,1,0.0100707372546648,,4
F25,200000,200000,9151,2,1,0.0457534153708494,,5
F26,200000,200000,6473,2,1,0.0323656657172829,,6
F27,200000,200000,7318,2,1,0.0365899288542567,,5
F28,200000,200000,1057,2,1,0.0052849568311935,,7
F29,400000,400000,9961,2,1,0.0249030496822275,,6
F30,50000,50000,4654,2,1,0.093083316304772,,6
F31,400000,400000,3198,2,1,0.0079947464151517,,2
F32,400000,400000,6897,2,1,0.0172432102889664,,6
F33,400000,400000,2916,2,1,0.0072896290062863,,4
F34,400000,400000,600,2,1,0.0011383278032274,,4
F35,100000,100000,3230,2,1,0.0322993506525019,,5
F36,200000,200000,8038,2,1,0.0401917872066799,,5
F37,200000,200000,9275,2,1,0.0463767859463428,,6
F38,400000,400000,7207,2,1,0.0180182855670743,,5
F39,400000,400000,4303,2,1,0.01075711270533,,5
F40,400000,400000,3292,2,1,0.0082296022712107,,1
F41,100000,100000,10985,2,1,0.1098462665050254,,6
F42,400000,400000,6504,2,1,0.0162602948010481,,7
F43,400000,400000,4825,2,1,0.0120619229246976,,2
F44,50000,50000,2990,2,1,0.0598005889582955,,5
F45,400000,400000,2514,2,1,0.0062843179443645,,6
F46,400000,400000,6495,2,1,0.0162374160761582,,1
F47,400000,400000,6673,2,1,0.0166827769701371,,4
F48,200000,200000,3052,2,1,0.0152594695296559,,3
