Flow,Period,Deadline,Execution Time,w,h,Target_Utilization,Utilization_Error,Queue
F1,50000,50000,8404,2,1,0.168085032967709,,2
F2,200000,200000,3697,2,1,0.0184845239409912,,7
F3,400000,400000,5505,2,1,0.0137628871382002,,1
F4,200000,200000,6530,2,1,0.0326517124034638,,3
F5,400000,400000,8011,2,1,0.0200266574119035,,2
F6,50000,50000,1165,2,1,0.0232994444391895,,3
F7,400000,400000,3299,2,1,0.008247394153392,,3
F8,400000,400000,1204,2,1,0.0030102450624371,,4
F9,400000,400000,1427,2,1,0.003568094548922,,3
F10,400000,400000,4862,2,1,0.0121553517024481,,7
F11,400000,400000,4732,2,1,0.0118289890423541,,2
F12,400000,400000,600,2,1,0.0008593636392131,,1
F13,200000,200000,1907,2,1,0.0095353940829259,,6
F14,400000,400000,3027,2,1,0.0075685756558445,,2
F15,100000,100000,8862,2,1,0.0886231722950438,,1
F16,400000,400000,2831,2,1,0.0070777976211818,,6
F17,400000,400000,5931,2,1,0.014827138223514,,2
F18,200000,200000,5280,2,1,0.0264007457614391,,6
F19,200000,200000,10301,2,1,0.0515047512633187,,3
F20,50000,50000,6202,2,1,0.1240336617146359,,7
F21,50000,50000,3451,2,1,0.0690236961287177,,7
F22,400000,400000,4013,2,1,0.010032862321629,,3
F23,400000,400000,3822,2,1,0.0095540310560891,,1
F24,400000,400000,6105,2,1,0.0152619773359126,,7
F25,400000,400000,2749,2,1,0.0068722343832231,,5
F26,200000,200000,10171,2,1,0.0508553825923482,,6
F27,400000,400000,600,2,1,0.0014356746176766,,4
F28,400000,400000,3269,2,1,0.0081717485315479,,4
F29,400000,400000,6320,2,1,0.0158008721365164,,5
F30,200000,200000,3474,2,1,0.0173691525717105,,5
F31,400000,400000,2263,2,1,0.0056576607679917,,2
F32,400000,400000,5133,2,1,0.012831807865471,,5
F33,200000,200000,3270,2,1,0.0163501797875698,,1
F34,400000,400000,2305,2,1,0.0057623881860683,,7
F35,400000,400000,3067,2,1,0.0076681005558723,,7
F36,400000,400000,5292,2,1,0.0132299215853911,,6
F37,100000,100000,742,2,1,0.0074194169510168,,5
F38,200000,200000,7463,2,1,0.0373155074473744,,7
F39,400000,400000,5723,2,1,0.0143067604588003,,3
F40,200000,200000,9245,2,1,0.046223746301422,,1
F41,400000,400000,6447,2,1,0.0161181365874059,,6
F42,400000,400000,907,2,1,0.0022685643989062,,1
F43,400000,400000,2875,2,1,0.0071871469473639,,1
F44,400000,400000,11219,2,1,0.0280475972410705,,2
F45,100000,100000,8453,2,1,0.0845301927951235,,2
F46,200000,200000,7027,2,1,0.035137239192715,,5
F47,400000,400000,600,2,1,0.0013623220444098,,3
F48,400000,400000,3956,2,1,0.0098898803246236,,4
