Flow,Period,Deadline,Execution Time,w,h,Target_Utilization,Utilization_Error,Queue
F1,100000,100000,11697,2,1,0.1169715399870368,,3
F2,400000,400000,10013,2,1,0.0250326361437147,,6
F3,400000,400000,5540,2,1,0.0138506054605986,,1
F4,400000,400000,2227,2,1,0.0055679440764571,,3
F5,200000,200000,7857,2,1,0.039284219210312,,3
F6,400000,400000,6068,2,1,0.0151687589540292,,7
F7,400000,400000,747,2,1,0.0018678075154421,,4
F8,400000,400000,7301,2,1,0.0182537199353414,,4
F9,400000,400000,2165,2,1,0.0054131743186729,,5
F10,200000,200000,10190,2,1,0.0509522290085704,,7
F11,50000,50000,1389,2,1,0.0277807150591603,,7
F12,400000,400000,1813,2,1,0.0045330889825758,,1
F13,400000,400000,7369,2,1,0.0184230279094291,,1
F14,200000,200000,6268,2,1,0.0313381579982111,,1
F15,400000,400000,9531,2,1,0.0238267408611541,,1
F16,200000,200000,604,2,1,0.0030211001531108,,6
F17,50000,50000,1303,2,1,0.0260587776919007,,2
F18,200000,200000,10999,2,1,0.0549964541686169,,3
F19,50000,50000,2429,2,1,0.0485776591019653,,6
F20,200000,200000,10246,2,1,0.0512310756218463,,3
F21,200000,200000,10817,2,1,0.0540846213098709,,7
F22,400000,400000,5192,2,1,0.0129798050519069,,5
F23,200000,200000,6663,2,1,0.0333127707686817,,5
F24,400000,400000,9158,2,1,0.0228950267555925,,3
F25,400000,400000,1577,2,1,0.0039421199425679,,3
F26,400000,400000,1835,2,1,0.0045876272277045,,1
F27,50000,50000,1709,2,1,0.0341813775894138,,2
F28,400000,400000,1831,2,1,0.0045769667059946,,7
F29,100000,100000,4851,2,1,0.0485108613834128,,5
F30,400000,400000,1208,2,1,0.003018945004587,,2
F31,200000,200000,4539,2,1,0.0226960000337496,,2
F32,100000,100000,1028,2,1,0.0102809154468347,,6
F33,400000,400000,7981,2,1,0.0199513174091533,,5
F34,400000,400000,1351,2,1,0.0033785984413284,,5
F35,200000,200000,7762,2,1,0.0388075338034691,,6
F36,100000,100000,4047,2,1,0.0404687287466706,,7
F37,200000,200000,1945,2,1,0.0097246080012,,2
F38,400000,400000,3154,2,1,0.0078858817097778,,2
F39,400000,400000,9261,2,1,0.0231519324949017,,7
F40,400000,400000,8475,2,1,0.0211877292725828,,6
F41,100000,100000,826,2,1,0.0082606867643796,,6
F42,400000,400000,1319,2,1,0.0032968321379856,,7
F43,200000,200000,6196,2,1,0.0309800937786084,,3
F44,400000,400000,3549,2,1,0.0088722953845649,,4
F45,200000,200000,8827,2,1,0.0441340666766748,,1
F46,400000,400000,9618,2,1,0.0240457722653465,,5
F47,50000,50000,5451,2,1,0.1090181508496138,,3
F48,400000,400000,4622,2,1,0.0115554452619444,,3
