Flow,Period,Deadline,Execution Time,w,h,Target_Utilization,Utilization_Error,Queue
F1,200000,200000,6443,2,1,0.0322164464761223,,5
F2,100000,100000,1669,2,1,0.016689518959428,,5
F3,100000,100000,5304,2,1,0.0530417098522417,,4
F4,200000,200000,11719,2,1,0.0585950246757305,,4
F5,200000,200000,1377,2,1,0.0068843373666183,,5
F6,200000,200000,3637,2,1,0.0181844244371101,,7
F7,400000,400000,2330,2,1,0.0058254692110644,,7
F8,400000,400000,600,2,1,6.486350547851849e-05,,3
F9,200000,200000,6395,2,1,0.0319727942200052,,5
F10,200000,200000,7207,2,1,0.0360359421132434,,1
F11,400000,400000,7319,2,1,0.018296304632915,,5
F12,200000,200000,8033,2,1,0.0401649364179547,,4
F13,200000,200000,11206,2,1,0.0560276240714481,,6
F14,200000,200000,8304,2,1,0.0415187954524544,,6
F15,100000,100000,3202,2,1,0.0320200970124637,,7
F16,400000,400000,699,2,1,0.0017465196637174,,6
F17,100000,100000,10659,2,1,0.1065921751393517,,7
F18,400000,400000,3678,2,1,0.0091954936901346,,6
F19,400000,400000,5961,2,1,0.0149036382260006,,6
F20,400000,400000,9663,2,1,0.0241563187468967,,7
F21,200000,200000,8832,2,1,0.0441610475921185,,6
F22,50000,50000,7586,2,1,0.151729883906863,,5
F23,200000,200000,1800,2,1,0.0090006203841681,,3
F24,400000,400000,600,2,1,0.0005090531567049,,4
F25,400000,400000,1007,2,1,0.0025172109849984,,1
F26,400000,400000,3155,2,1,0.0078879875565939,,4
F27,400000,400000,1097,2,1,0.0027428762631473,,2
F28,400000,400000,600,2,1,0.0007200884604993,,3
F29,100000,100000,4257,2,1,0.0425679518885283,,7
F30,400000,400000,5355,2,1,0.0133875756645445,,4
F31,400000,400000,862,2,1,0.0021561941042617,,7
F32,100000,100000,7867,2,1,0.0786681441120979,,5
F33,400000,400000,9226,2,1,0.0230648699172693,,4
F34,400000,400000,600,2,1,0.0005783670129333,,6
F35,400000,400000,3468,2,1,0.0086691231607347,,1
F36,400000,400000,9133,2,1,0.0228323308157173,,1
F37,200000,200000,6015,2,1,0.0300737147762558,,1
F38,400000,400000,2219,2,1,0.0055479212027011,,2
F39,400000,400000,600,2,1,0.0002342865608871,,4
F40,200000,200000,5617,2,1,0.0280847768393597,,4
F41,400000,400000,2084,2,1,0.0052108798740977,,5
F42,200000,200000,6177,2,1,0.0308830364750376,,6
F43,100000,100000,4283,2,1,0.0428281957152999,,5
F44,400000,400000,4269,2,1,0.0106730063315746,,7
F45,400000,400000,7650,2,1,0.0191246248660745,,6
F46,400000,400000,5755,2,1,0.0143876150109151,,3
F47,400000,400000,4789,2,1,0.0119717696978655,,1
F48,100000,100000,1077,2,1,0.0107698511134792,,2
