Flow,Period,Deadline,Execution Time,w,h,Target_Utilization,Utilization_Error,Queue
F1,400000,400000,8245,2,1,0.0206115761190519,,6
F2,200000,200000,11647,2,1,0.0582367298784078,,1
F3,400000,400000,6423,2,1,0.0160572185688279,,3
F4,200000,200000,9533,2,1,0.0476626101184285,,4
F5,100000,100000,881,2,1,0.0088091220114581,,5
F6,100000,100000,3804,2,1,0.0380394092297791,,4
F7,100000,100000,6809,2,1,0.0680871995791324,,5
F8,200000,200000,4310,2,1,0.0215502103077829,,3
F9,400000,400000,5195,2,1,0.0129864514900818,,5
F10,200000,200000,6159,2,1,0.0307974530179115,,5
F11,400000,400000,600,2,1,0.0012456494971577,,4
F12,200000,200000,6145,2,1,0.0307227161096595,,1
F13,400000,400000,600,2,1,0.0010041793697715,,5
F14,400000,400000,5547,2,1,0.013868678111536,,6
F15,400000,400000,5235,2,1,0.0130876100426162,,1
F16,200000,200000,11250,2,1,0.0562524148980719,,5
F17,400000,400000,2626,2,1,0.0065646113289178,,4
F18,400000,400000,11732,2,1,0.0293294435045237,,4
F19,400000,400000,4927,2,1,0.0123163516780302,,4
F20,200000,200000,11174,2,1,0.0558701486924928,,4
F21,400000,400000,600,2,1,0.00113109068303,,3
F22,200000,200000,9023,2,1,0.0451172163762889,,3
F23,100000,100000,7233,2,1,0.072334905167264,,1
F24,200000,200000,2793,2,1,0.0139647900045457,,2
F25,400000,400000,2319,2,1,0.0057970025600011,,2
F26,200000,200000,9576,2,1,0.0478817698314477,,5
F27,400000,400000,9129,2,1,0.0228214622321133,,4
F28,400000,400000,4876,2,1,0.0121892359046227,,3
F29,400000,400000,9450,2,1,0.0236257336105923,,1
F30,200000,200000,2803,2,1,0.0140156048584321,,4
F31,400000,400000,4529,2,1,0.0113231380002071,,2
F32,400000,400000,1913,2,1,0.0047819509439098,,7
F33,200000,200000,3266,2,1,0.0163301396798021,,5
F34,400000,400000,2619,2,1,0.0065477056031596,,3
F35,200000,200000,8081,2,1,0.04040645143088,,5
F36,50000,50000,4749,2,1,0.0949799038649619,,5
F37,200000,200000,10160,2,1,0.0507976422708814,,1
F38,50000,50000,1650,2,1,0.0330004374937926,,3
F39,200000,200000,8646,2,1,0.0432289942914913,,1
F40,200000,200000,5999,2,1,0.0299943668319098,,3
F41,400000,400000,6630,2,1,0.0165758955223396,,1
F42,400000,400000,600,2,1,0.000909670122545,,4
F43,400000,400000,4493,2,1,0.0112323908380454,,1
F44,200000,200000,5439,2,1,0.0271958606027242,,6
F45,400000,400000,10335,2,1,0.0258375323226154,,5
F46,200000,200000,2248,2,1,0.0112403818126433,,6
F47,400000,400000,600,2,1,7.521337696028154e-05,,6
F48,400000,400000,600,2,1,0.0014876351601221,,5
