Flow,Period,Deadline,Execution Time,w,h,Target_Utilization,Utilization_Error,Queue
F1,200000,200000,6631,2,1,0.033152571954816,,6
F2,200000,200000,3754,2,1,0.0187691801926304,,7
F3,400000,400000,600,2,1,0.0014336341399809,,2
F4,400000,400000,727,2,1,0.0018167631827326,,6
F5,100000,100000,10479,2,1,0.10479109677535,,4
F6,400000,400000,7317,2,1,0.0182920555671495,,4
F7,100000,100000,3162,2,1,0.031621086326018,,2
F8,400000,400000,9297,2,1,0.0232434277719817,,7
F9,200000,200000,3869,2,1,0.0193461978923374,,2
F10,200000,200000,1104,2,1,0.0055199959933578,,2
F11,200000,200000,3737,2,1,0.0186846967045405,,6
F12,200000,200000,11398,2,1,0.0569908145500026,,4
F13,50000,50000,3237,2,1,0.0647400418276986,,2
F14,200000,200000,3050,2,1,0.0152497652059986,,6
F15,100000,100000,3537,2,1,0.0353676266228393,,5
F16,400000,400000,11707,2,1,0.0292673106006764,,4
F17,400000,400000,5713,2,1,0.0142836454493091,,4
F18,200000,200000,7123,2,1,0.0356144474486292,,2
F19,400000,400000,7114,2,1,0.0177838929729092,,1
F20,200000,200000,5097,2,1,0.0254838386952972,,5
F21,400000,400000,6170,2,1,0.0154239122188709,,7
F22,100000,100000,7880,2,1,0.0788007453294427,,2
F23,400000,400000,1706,2,1,0.0042649655006521,,4
F24,400000,400000,11086,2,1,0.0277160739618332,,2
F25,100000,100000,7083,2,1,0.0708314361255537,,4
F26,200000,200000,6171,2,1,0.0308554420645829,,5
F27,400000,400000,4989,2,1,0.0124721483438959,,2
F28,400000,400000,4642,2,1,0.01160492719742,,5
F29,400000,400000,6455,2,1,0.0161375604072968,,5
F30,200000,200000,1073,2,1,0.0053653530408983,,7
F31,200000,200000,3294,2,1,0.0164705396304678,,2
F32,200000,200000,4083,2,1,0.0204139758736343,,6
F33,400000,400000,5381,2,1,0.0134526848789374,,1
F34,400000,400000,1037,2,1,0.0025928036840886,,5
F35,400000,400000,3183,2,1,0.0079587493272919,,1
F36,400000,400000,600,2,1,2.984305914816021e-05,,3
F37,400000,400000,3597,2,1,0.0089921345243539,,6
F38,50000,50000,4514,2,1,0.09027968516129,,4
F39,200000,200000,5734,2,1,0.0286705790498289,,6
F40,400000,400000,600,2,1,0.0005793823952298,,1
F41,200000,200000,2074,2,1,0.0103699514563233,,7
F42,400000,400000,2817,2,1,0.00704219224362,,3
F43,100000,100000,2203,2,1,0.0220307168936932,,4
F44,50000,50000,3217,2,1,0.0643439416408138,,6
F45,400000,400000,3225,2,1,0.0080625958473546,,4
F46,200000,200000,7774,2,1,0.0388686553772299,,5
F47,50000,50000,1604,2,1,0.032082457561897,,4
F48,50000,50000,944,2,1,0.0188791553764047,,5
