Flow,Period,Deadline,Execution Time,w,h,Target_Utilization,Utilization_Error,Queue
F1,200000,200000,8862,2,1,0.0443104637498998,,4
F2,400000,400000,9323,2,1,0.0233074520828073,,2
F3,100000,100000,3681,2,1,0.0368100452150677,,5
F4,400000,400000,3741,2,1,0.0093516113762115,,6
F5,400000,400000,1540,2,1,0.0038508373027483,,2
F6,400000,400000,3137,2,1,0.00784359115397,,2
F7,400000,400000,2428,2,1,0.0060711151098762,,6
F8,400000,400000,2794,2,1,0.0069852623934554,,1
F9,100000,100000,8481,2,1,0.0848133486895563,,4
F10,400000,400000,2140,2,1,0.0053506754308676,,7
F11,200000,200000,7967,2,1,0.0398374481591805,,4
F12,200000,200000,4730,2,1,0.0236492239548413,,6
F13,200000,200000,6659,2,1,0.0332957330829779,,4
F14,400000,400000,1162,2,1,0.0029053337151456,,6
F15,200000,200000,3512,2,1,0.0175594940561897,,2
F16,400000,400000,600,2,1,7.349848343252141e-05,,1
F17,400000,400000,5102,2,1,0.0127558053010027,,5
F18,200000,200000,10470,2,1,0.0523521275932071,,4
F19,400000,400000,3057,2,1,0.0076431521848505,,4
F20,200000,200000,6852,2,1,0.0342601321714235,,6
F21,200000,200000,8305,2,1,0.0415245715706787,,2
F22,400000,400000,3780,2,1,0.0094502726204761,,1
F23,400000,400000,3493,2,1,0.0087324019021222,,5
F24,400000,400000,6559,2,1,0.0163983035475983,,1
F25,400000,400000,1206,2,1,0.003015169090504,,3
F26,400000,400000,10985,2,1,0.0274622863881801,,1
F27,400000,400000,6897,2,1,0.0172435935524671,,6
F28,200000,200000,4686,2,1,0.0234308729719227,,4
F29,200000,200000,2732,2,1,0.0136605722424012,,4
F30,100000,100000,3991,2,1,0.0399086847718466,,2
F31,200000,200000,9937,2,1,0.0496830861950934,,4
F32,200000,200000,8153,2,1,0.0407639935597294,,4
F33,400000,400000,1426,2,1,0.0035645261475329,,5
F34,400000,400000,6313,2,1,0.0157826638559988,,3
F35,50000,50000,5607,2,1,0.1121437778126732,,4
F36,400000,400000,9145,2,1,0.0228625376690478,,5
F37,200000,200000,6764,2,1,0.0338186688773312,,2
F38,200000,200000,3969,2,1,0.0198442974561263,,5
F39,200000,200000,936,2,1,0.0046808920575363,,4
F40,400000,400000,8487,2,1,0.0212170587969075,,1
F41,400000,400000,3569,2,1,0.0089231824126133,,3
F42,400000,400000,8618,2,1,0.021543860529316,,6
F43,100000,100000,9245,2,1,0.0924530261073729,,4
F44,200000,200000,6224,2,1,0.0311214777992343,,5
F45,400000,400000,2160,2,1,0.0053987904122503,,3
F46,200000,200000,7353,2,1,0.0367656714945269,,1
F47,200000,200000,3043,2,1,0.0152137773064888,,2
F48,400000,400000,7687,2,1,0.019217516207874,,4
