Flow,Period,Deadline,Execution Time,w,h,Target_Utilization,Utilization_Error,Queue
F1,100000,100000,5503,2,1,0.0550320512161568,,7
F2,400000,400000,2750,2,1,0.0068747869588587,,7
F3,200000,200000,9559,2,1,0.0477941239651462,,1
F4,200000,200000,8692,2,1,0.0434588894850922,,7
F5,400000,400000,2763,2,1,0.0069067407631402,,5
F6,400000,400000,2695,2,1,0.0067379796751134,,4
F7,400000,400000,600,2,1,0.0009218496354557,,7
F8,400000,400000,11724,2,1,0.0293110470041939,,7
F9,200000,200000,6233,2,1,0.0311673266401681,,3
F10,400000,400000,10370,2,1,0.0259257198733118,,4
F11,400000,400000,3215,2,1,0.0080374166444143,,7
F12,400000,400000,3837,2,1,0.0095924119285126,,4
F13,200000,200000,9229,2,1,0.0461436818642568,,3
F14,200000,200000,4603,2,1,0.023015291494608,,3
F15,400000,400000,600,2,1,0.0012517723895503,,3
F16,400000,400000,648,2,1,0.001621035976825,,5
F17,200000,200000,2942,2,1,0.0147109481259972,,4
F18,50000,50000,925,2,1,0.0185010619603429,,7
F19,400000,400000,4493,2,1,0.0112332462524515,,1
F20,200000,200000,2637,2,1,0.013185384217718,,7
F21,400000,400000,11275,2,1,0.0281872747399679,,2
F22,400000,400000,6749,2,1,0.0168736729517853,,1
F23,400000,400000,5129,2,1,0.0128223483204168,,2
F24,100000,100000,5120,2,1,0.0512017332824984,,7
F25,400000,400000,1221,2,1,0.0030521101239692,,5
F26,100000,100000,9332,2,1,0.0933163384325492,,7
F27,100000,100000,10565,2,1,0.1056504853175963,,7
F28,400000,400000,600,2,1,0.0001761932130257,,2
F29,400000,400000,962,2,1,0.0024038573970381,,1
F30,200000,200000,10704,2,1,0.0535213194457993,,1
F31,400000,400000,2365,2,1,0.0059133548238869,,2
F32,400000,400000,4747,2,1,0.0118673925085954,,6
F33,100000,100000,1085,2,1,0.0108489581185672,,3
F34,400000,400000,4997,2,1,0.0124913379397404,,5
F35,200000,200000,7606,2,1,0.0380307494959129,,1
F36,400000,400000,705,2,1,0.0017615805143379,,3
F37,400000,400000,2886,2,1,0.0072159682220253,,2
F38,400000,400000,2663,2,1,0.0066582486795284,,6
F39,200000,200000,10362,2,1,0.0518092090585426,,3
F40,200000,200000,759,2,1,0.0037955496776904,,1
F41,100000,100000,8987,2,1,0.0898691507060179,,3
F42,100000,100000,9721,2,1,0.0972106946034939,,7
F43,200000,200000,2775,2,1,0.0138759202107025,,1
F44,200000,200000,2724,2,1,0.0136190213356916,,3
F45,100000,100000,4207,2,1,0.0420678863369539,,4
F46,400000,400000,1435,2,1,0.0035876740919649,,3
F47,50000,50000,747,2,1,0.0149392176485335,,6
F48,400000,400000,9054,2,1,0.0226353814470702,,2
