Flow,Period,Deadline,Execution Time,w,h,Target_Utilization,Utilization_Error,Queue
F1,50000,50000,3963,2,1,0.0792586472863614,,7
F2,100000,100000,8765,2,1,0.0876547707083252,,6
F3,200000,200000,7527,2,1,0.0376333837459219,,7
F4,400000,400000,4665,2,1,0.01166185978997,,1
F5,400000,400000,8533,2,1,0.0213330257601928,,2
F6,400000,400000,600,2,1,0.0014354052475225,,5
F7,400000,400000,1047,2,1,0.0026172856746646,,2
F8,50000,50000,3635,2,1,0.0726968583432244,,7
F9,400000,400000,600,2,1,0.0009277320086761,,6
F10,200000,200000,1387,2,1,0.0069339872764397,,2
F11,200000,200000,2113,2,1,0.0105649267014289,,4
F12,400000,400000,5065,2,1,0.0126634933306618,,5
F13,200000,200000,6698,2,1,0.0334886763829127,,1
F14,400000,400000,2645,2,1,0.0066123998635863,,7
F15,400000,400000,4399,2,1,0.0109967661027527,,3
F16,50000,50000,5785,2,1,0.1157046973833165,,7
F17,100000,100000,6638,2,1,0.0663785964965018,,6
F18,200000,200000,7669,2,1,0.0383452973991004,,6
F19,100000,100000,3651,2,1,0.0365078593063128,,6
F20,100000,100000,748,2,1,0.0074799433963905,,3
F21,200000,200000,6945,2,1,0.0347241592011198,,6
F22,400000,400000,4841,2,1,0.0121036388253004,,6
F23,400000,400000,5299,2,1,0.0132473468917604,,7
F24,400000,400000,4249,2,1,0.0106225560451542,,2
F25,50000,50000,3854,2,1,0.0770837269609461,,6
F26,200000,200000,7015,2,1,0.0350728053170286,,7
F27,400000,400000,600,2,1,0.0013201346094189,,1
F28,200000,200000,3974,2,1,0.0198710991029185,,5
F29,200000,200000,5472,2,1,0.027360509311228,,7
F30,400000,400000,1891,2,1,0.0047271674812141,,4
F31,400000,400000,8276,2,1,0.0206909635353858,,6
F32,200000,200000,10029,2,1,0.050146942621792,,7
F33,200000,200000,8425,2,1,0.0421264969367731,,7
F34,400000,400000,3809,2,1,0.0095228709593205,,6
F35,400000,400000,3293,2,1,0.0082321701296106,,5
F36,400000,400000,1148,2,1,0.0028689648681098,,3
F37,200000,200000,995,2,1,0.0049749375052602,,1
F38,400000,400000,3359,2,1,0.0083976340527342,,7
F39,100000,100000,4660,2,1,0.0465981348844271,,6
F40,400000,400000,6891,2,1,0.0172286291380734,,2
F41,400000,400000,7443,2,1,0.0186082838896744,,1
F42,200000,200000,7199,2,1,0.0359941666137366,,1
F43,400000,400000,1735,2,1,0.0043384993046423,,6
F44,200000,200000,1613,2,1,0.0080639387465101,,1
F45,400000,400000,9320,2,1,0.0233009939294814,,5
F46,400000,400000,2023,2,1,0.0050581675540698,,5
F47,400000,400000,7498,2,1,0.0187456127438356,,7
F48,400000,400000,600,2,1,0.0011413849832587,,4
