Flow,Period,Deadline,Execution Time,w,h,Target_Utilization,Utilization_Error,Queue
F1,400000,400000,10083,2,1,0.0252085614427513,,4
F2,400000,400000,3615,2,1,0.0090363562983237,,6
F3,400000,400000,9627,2,1,0.0240678832940008,,1
F4,200000,200000,10381,2,1,0.0519053447899382,,4
F5,200000,200000,6075,2,1,0.0303730095545298,,2
F6,400000,400000,4861,2,1,0.0121526603064416,,3
F7,400000,400000,6199,2,1,0.0154975331078326,,5
F8,200000,200000,10058,2,1,0.0502904675970155,,1
F9,400000,400000,5267,2,1,0.0131678274702915,,6
F10,400000,400000,6039,2,1,0.0150982411498064,,7
F11,50000,50000,6028,2,1,0.1205591829172029,,5
F12,400000,400000,3831,2,1,0.0095765380368465,,5
F13,400000,400000,9111,2,1,0.0227783967361344,,2
F14,100000,100000,3583,2,1,0.0358288584568832,,4
F15,50000,50000,903,2,1,0.0180602947846771,,1
F16,400000,400000,6775,2,1,0.0169376556665559,,3
F17,200000,200000,10393,2,1,0.0519632409045928,,3
F18,400000,400000,6441,2,1,0.016103511629827,,4
F19,50000,50000,2976,2,1,0.0595185185006795,,1
F20,400000,400000,8693,2,1,0.0217331412210072,,7
F21,200000,200000,6889,2,1,0.0344425836961177,,1
F22,400000,400000,1076,2,1,0.0026909559152543,,7
F23,400000,400000,10447,2,1,0.0261165698601643,,5
F24,100000,100000,1217,2,1,0.0121698822916851,,4
F25,400000,400000,9010,2,1,0.0225258467136937,,5
F26,100000,100000,5609,2,1,0.056090466359521,,5
F27,400000,400000,10112,2,1,0.0252807769856718,,7
F28,400000,400000,680,2,1,0.001699258138819,,2
F29,400000,400000,600,2,1,0.0014687339661387,,3
F30,200000,200000,1195,2,1,0.0059750425295547,,4
F31,400000,400000,9037,2,1,0.0225931698229328,,3
F32,400000,400000,4321,2,1,0.0108027932828507,,1
F33,400000,400000,10587,2,1,0.0264662771867726,,3
F34,200000,200000,7074,2,1,0.0353723788857486,,4
F35,400000,400000,7568,2,1,0.0189191683045754,,2
F36,100000,100000,6107,2,1,0.0610735227881824,,4
F37,200000,200000,679,2,1,0.0033960640918948,,7
F38,200000,200000,9601,2,1,0.0480038573594982,,3
F39,400000,400000,4685,2,1,0.0117136938277443,,2
F40,400000,400000,3245,2,1,0.0081135176924152,,1
F41,400000,400000,7639,2,1,0.0190981240767189,,6
F42,400000,400000,1701,2,1,0.0042529295414575,,2
F43,200000,200000,7149,2,1,0.0357444772613062,,1
F44,200000,200000,7091,2,1,0.0354554819282033,,5
F45,200000,200000,829,2,1,0.0041457010020266,,3
F46,400000,400000,1077,2,1,0.0026919762236199,,5
F47,200000,200000,9714,2,1,0.0485723270112856,,5
F48,50000,50000,4260,2,1,0.0852044211144998,,3
