Flow,Period,Deadline,Execution Time,w,h,Target_Utilization,Utilization_Error,Queue
F1,400000,400000,851,2,1,0.002128591139626,,6
F2,50000,50000,6662,2,1,0.1332436186449734,,5
F3,400000,400000,600,2,1,6.649900970834288e-05,,1
F4,200000,200000,6359,2,1,0.031792587803447,,4
F5,400000,400000,2303,2,1,0.0057570449899257,,3
F6,400000,400000,4377,2,1,0.0109424269117406,,3
F7,400000,400000,6483,2,1,0.0162080874160874,,7
F8,100000,100000,6409,2,1,0.0640918708822464,,5
F9,200000,200000,8465,2,1,0.0423269491994068,,5
F10,400000,400000,6934,2,1,0.017335670341057,,2
F11,400000,400000,7108,2,1,0.0177692014482219,,4
F12,100000,100000,3082,2,1,0.0308189359707485,,3
F13,400000,400000,4481,2,1,0.0112030765653454,,5
F14,100000,100000,961,2,1,0.009608829949699,,7
F15,200000,200000,4335,2,1,0.0216757361585441,,3
F16,400000,400000,4551,2,1,0.0113766148658028,,4
F17,400000,400000,10761,2,1,0.0269023970146379,,5
F18,200000,200000,8574,2,1,0.0428685052913888,,5
F19,50000,50000,5230,2,1,0.1046013397754139,,5
F20,400000,400000,755,2,1,0.0018878198103748,,7
F21,200000,200000,8487,2,1,0.0424325208340141,,4
F22,400000,400000,2561,2,1,0.0064027474329656,,2
F23,400000,400000,10085,2,1,0.0252133807163358,,7
F24,200000,200000,7287,2,1,0.0364349318682489,,6
F25,200000,200000,3196,2,1,0.0159795013663308,,6
F26,400000,400000,7342,2,1,0.0183542141996914,,6
F27,200000,200000,4847,2,1,0.0242358028017408,,6
F28,200000,200000,9051,2,1,0.0452533293303701,,4
F29,400000,400000,600,2,1,0.0012532046297025,,4
F30,200000,200000,3251,2,1,0.0162542685795772,,5
F31,400000,400000,600,2,1,0.0005408047205657,,3
F32,400000,400000,3525,2,1,0.0088125986528621,,1
F33,100000,100000,7431,2,1,0.0743143733084788,,5
F34,200000,200000,1413,2,1,0.0070649215678818,,4
F35,200000,200000,3509,2,1,0.017545071110086,,3
F36,400000,400000,4408,2,1,0.011020937635705,,2
F37,400000,400000,3799,2,1,0.0094963009133438,,6
F38,200000,200000,7500,2,1,0.0374993710253014,,3
F39,400000,400000,7623,2,1,0.0190579791068351,,7
F40,400000,400000,2815,2,1,0.0070374823730035,,5
F41,400000,400000,4987,2,1,0.0124666423361478,,1
F42,400000,400000,9147,2,1,0.0228678038260518,,2
F43,200000,200000,9843,2,1,0.0492128446796877,,2
F44,200000,200000,6941,2,1,0.0347035905813325,,2
F45,100000,100000,1920,2,1,0.0191990204934561,,4
F46,200000,200000,718,2,1,0.0035901899599778,,7
F47,100000,100000,4265,2,1,0.0426506040079871,,2
F48,400000,400000,8955,2,1,0.0223871360925228,,5
