Flow,Period,Deadline,Execution Time,w,h,Target_Utilization,Utilization_Error,Queue
F1,400000,400000,2619,2,1,0.006547634,,4
F2,400000,400000,6673,2,1,0.016683111,,4
F3,100000,100000,5045,2,1,0.05044763,,3
F4,100000,100000,1472,2,1,0.014720508,,1
F5,200000,200000,4947,2,1,0.02473438,,2
F6,50000,50000,5249,2,1,0.1049759847542466,,3
F7,400000,400000,977,2,1,0.002442278,,3
F8,400000,400000,1469,2,1,0.00367353,,5
F9,400000,400000,952,2,1,0.002380467,,6
F10,400000,400000,3354,2,1,0.008384343,,6
F11,400000,400000,8278,2,1,0.020693782,,7
F12,400000,400000,1760,2,1,0.004399184,,7
F13,400000,400000,2995,2,1,0.007488362,,4
F14,50000,50000,3571,2,1,0.071419416,,3
F15,400000,400000,1162,2,1,0.00290592,,2
F16,200000,200000,9322,2,1,0.046611132,,1
F17,200000,200000,3217,2,1,0.016084012,,6
F18,400000,400000,8129,2,1,0.020323053,,1
F19,50000,50000,1916,2,1,0.03832066,,2
F20,100000,100000,10160,2,1,0.1016037954947943,,3
F21,400000,400000,8049,2,1,0.020123357,,2
F22,200000,200000,6962,2,1,0.034809989,,3
F23,50000,50000,1142,2,1,0.022838964,,6
F24,50000,50000,2424,2,1,0.048480215,,2
F25,400000,400000,1132,2,1,0.002828875,,7
F26,200000,200000,2282,2,1,0.011410474,,2
F27,400000,400000,2148,2,1,0.005370278,,6
F28,100000,100000,5776,2,1,0.057758762,,1
F29,200000,200000,7441,2,1,0.037205439,,1
F30,400000,400000,652,2,1,0.001630027,,4
F31,50000,50000,4803,2,1,0.096062491,,2
F32,400000,400000,1677,2,1,0.004192395,,1
F33,400000,400000,3503,2,1,0.008757381,,7
F34,400000,400000,3962,2,1,0.009904336,,3
F35,400000,400000,5567,2,1,0.013918477,,5
F36,400000,400000,600,2,1,0.000802881,,1
F37,400000,400000,8813,2,1,0.022031276,,4
F38,400000,400000,8085,2,1,0.020212002,,5
F39,400000,400000,6503,2,1,0.016256897,,7
F40,100000,100000,3819,2,1,0.038192368,,6
F41,50000,50000,2072,2,1,0.041439191,,5
F42,400000,400000,881,2,1,0.002203554,,5
F43,200000,200000,840,2,1,0.004199032,,3
F44,400000,400000,1695,2,1,0.004238575,,2
F45,200000,200000,10112,2,1,0.050560438,,1
F46,400000,400000,6995,2,1,0.017487251,,3
F47,100000,100000,4353,2,1,0.043530683,,3
F48,200000,200000,5049,2,1,0.025243795,,5
