Flow,Period,Deadline,Execution Time,w,h,Target_Utilization,Utilization_Error,Queue
F1,400000,400000,2216,2,1,0.0055396164520853,,6
F2,400000,400000,11503,2,1,0.0287581473335563,,5
F3,200000,200000,9423,2,1,0.0471171028456327,,5
F4,400000,400000,600,2,1,0.0002420634381956,,4
F5,400000,400000,600,2,1,4.515132985494219e-06,,5
F6,400000,400000,11729,2,1,0.0293234375644479,,2
F7,400000,400000,5361,2,1,0.0134036271628543,,2
F8,400000,400000,4737,2,1,0.0118422941378026,,5
F9,100000,100000,7605,2,1,0.076054280421604,,1
F10,400000,400000,3003,2,1,0.0075078627539486,,1
F11,100000,100000,744,2,1,0.0074405535777336,,5
F12,100000,100000,6979,2,1,0.0697866583670001,,5
F13,400000,400000,6525,2,1,0.0163129768871019,,7
F14,400000,400000,3853,2,1,0.0096335360295569,,6
F15,200000,200000,11401,2,1,0.0570041876711658,,1
F16,400000,400000,7758,2,1,0.0193954567268473,,5
F17,400000,400000,2158,2,1,0.0053959421344325,,3
F18,400000,400000,4354,2,1,0.0108848144365953,,2
F19,400000,400000,2330,2,1,0.0058258013228286,,1
F20,400000,400000,4621,2,1,0.0115525124626018,,7
F21,200000,200000,11383,2,1,0.0569167449851061,,2
F22,400000,400000,10166,2,1,0.0254156947460039,,5
F23,100000,100000,6156,2,1,0.0615609758846802,,5
F24,100000,100000,6347,2,1,0.0634696809059139,,5
F25,200000,200000,8169,2,1,0.0408444231093662,,2
F26,400000,400000,1297,2,1,0.0032429325034842,,7
F27,200000,200000,3633,2,1,0.0181654571823599,,3
F28,50000,50000,1818,2,1,0.0363582892994491,,1
F29,400000,400000,600,2,1,0.0004516839818127,,2
F30,400000,400000,600,2,1,0.0008878834809258,,7
F31,50000,50000,3316,2,1,0.0663176071840904,,1
F32,400000,400000,1164,2,1,0.0029109784299276,,2
F33,200000,200000,8279,2,1,0.0413971187796285,,1
F34,200000,200000,4136,2,1,0.0206795381920149,,1
F35,50000,50000,3166,2,1,0.0633207431516514,,1
F36,200000,200000,4286,2,1,0.0214305888616261,,2
F37,200000,200000,2587,2,1,0.0129357764755579,,1
F38,200000,200000,7659,2,1,0.038297017969632,,5
F39,400000,400000,4365,2,1,0.0109130687302481,,3
F40,400000,400000,3675,2,1,0.0091872342505001,,4
F41,400000,400000,5467,2,1,0.0136679682699116,,6
F42,200000,200000,5343,2,1,0.0267157594259707,,2
F43,400000,400000,615,2,1,0.0015372056441267,,4
F44,100000,100000,8688,2,1,0.0868826383348266,,5
F45,200000,200000,5128,2,1,0.0256388582749148,,1
F46,400000,400000,600,2,1,2.148437377332696e-05,,4
F47,400000,400000,4891,2,1,0.0122264239397596,,4
F48,400000,400000,7963,2,1,0.0199077454370047,,4
