Flow,Period,Deadline,Execution Time,w,h,Target_Utilization,Actual_Utilization,Utilization_Error,Queue
F1,400000,400000,635,1,2,0.0015869496943382577,0.0015875,,5
F2,200000,200000,1083,1,2,0.005414941094365133,0.005415,,2
F3,200000,200000,7025,1,2,0.03512626560809817,0.035125,,1
F4,50000,50000,11040,1,2,0.22079497705835938,0.2208,,7
F5,400000,400000,7527,1,2,0.018816977245471378,0.0188175,,7
F6,50000,50000,6777,1,2,0.13554419547424307,0.13554,,2
F7,50000,50000,2536,1,2,0.050717776373005896,0.05072,,7
F8,100000,100000,7526,1,2,0.07526084967585878,0.07526,,4
F9,400000,400000,11809,1,2,0.02952256162591055,0.0295225,,6
F10,400000,400000,11947,1,2,0.029867535088029806,0.0298675,,5
F11,100000,100000,6890,1,2,0.06890389063604865,0.0689,,3
F12,200000,200000,9531,1,2,0.047653098571798655,0.047655,,4
F13,400000,400000,10813,1,2,0.02703302623252314,0.0270325,,3
F14,400000,400000,7046,1,2,0.017614546070239392,0.017615,,4
F15,200000,200000,10759,1,2,0.053794983068409956,0.053795,,6
F16,400000,400000,4559,1,2,0.011397776544920876,0.0113975,,1
