Flow,Period,Deadline,Execution Time,w,h,Target_Utilization,Actual_Utilization,Utilization_Error,Queue
F1,400000,400000,2137,1,2,0.005341419489724553,0.0053425,,7
F2,100000,100000,7166,1,2,0.07166159490067703,0.07166,,6
F3,400000,400000,3027,1,2,0.00756734334671838,0.0075675,,1
F4,100000,100000,7093,1,2,0.07093236445705486,0.07093,,2
F5,200000,200000,9199,1,2,0.045995536548728566,0.045995,,6
F6,100000,100000,4255,1,2,0.042549124385996895,0.04255,,4
F7,50000,50000,726,1,2,0.014520398135316248,0.01452,,4
F8,400000,400000,7672,1,2,0.019179060183169172,0.01918,,6
F9,200000,200000,6313,1,2,0.03156430124111942,0.031565,,2
F10,400000,400000,6051,1,2,0.01512809827203132,0.0151275,,7
F11,200000,200000,7249,1,2,0.03624312626908527,0.036245,,5
F12,400000,400000,11783,1,2,0.029457815436277512,0.0294575,,3
F13,200000,200000,7971,1,2,0.03985276949687827,0.039855,,7
F14,50000,50000,6165,1,2,0.12329362326089849,0.1233,,4
F15,50000,50000,12000,1,2,0.2923265275916345,0.24,,2
F16,400000,400000,4673,1,2,0.011681579081449482,0.0116825,,5
