Flow,Period,Deadline,Execution Time,w,h,Target_Utilization,Actual_Utilization,Utilization_Error,Queue
F1,100000,100000,3523,1,2,0.03523223142466636,0.03523,,3
F2,200000,200000,11498,1,2,0.05749073375827063,0.05749,,1
F3,200000,200000,6400,1,2,0.0320022709496649,0.032,,2
F4,400000,400000,7548,1,2,0.018870012780425993,0.01887,,2
F5,100000,100000,11455,1,2,0.11455494854230741,0.11455,,7
F6,100000,100000,2092,1,2,0.020920670747820003,0.02092,,7
F7,400000,400000,9293,1,2,0.023233515700866292,0.0232325,,6
F8,400000,400000,8934,1,2,0.022334933169333437,0.022335,,3
F9,100000,100000,718,1,2,0.007179947959227828,0.00718,,6
F10,50000,50000,11257,1,2,0.22513139670719706,0.22514,,1
F11,100000,100000,9183,1,2,0.09183224892011538,0.09183,,5
F12,100000,100000,11138,1,2,0.11137587124471066,0.11138,,4
F13,200000,200000,6842,1,2,0.03421000301697509,0.03421,,4
F14,400000,400000,2887,1,2,0.007216683077978847,0.0072175,,4
F15,200000,200000,9349,1,2,0.0467448703095792,0.046745,,7
F16,400000,400000,8903,1,2,0.022257985386184478,0.0222575,,1
