Flow,Period,Deadline,Execution Time,w,h,Target_Utilization,Actual_Utilization,Utilization_Error,Queue
F1,50000,50000,6531,1,2,0.13062651979029272,0.13062,,1
F2,400000,400000,4057,1,2,0.010142124362403138,0.0101425,,6
F3,100000,100000,3113,1,2,0.03112914982643833,0.03113,,1
F4,200000,200000,1224,1,2,0.006120114879888838,0.00612,,2
F5,400000,400000,6353,1,2,0.01588182176807318,0.0158825,,6
F6,50000,50000,10402,1,2,0.20803059579067812,0.20804,,7
F7,200000,200000,7378,1,2,0.036892213990761924,0.03689,,7
F8,200000,200000,2456,1,2,0.012280495172885042,0.01228,,5
F9,400000,400000,2725,1,2,0.006812638162453699,0.0068125,,4
F10,50000,50000,7135,1,2,0.1427068793520682,0.1427,,3
F11,400000,400000,8665,1,2,0.02166160579944862,0.0216625,,4
F12,400000,400000,3331,1,2,0.008327679035914193,0.0083275,,2
F13,100000,100000,10989,1,2,0.10989246482209364,0.10989,,3
F14,400000,400000,5267,1,2,0.013168429694758274,0.0131675,,2
F15,200000,200000,8123,1,2,0.04061464578972826,0.040615,,7
F16,200000,200000,10846,1,2,0.054229171254866745,0.05423,,6
