Flow,Period,Deadline,Execution Time,w,h,Target_Utilization,Actual_Utilization,Utilization_Error,Queue
F1,100000,100000,656,1,2,0.006561117138142669,0.00656,,5
F2,100000,100000,9958,1,2,0.09957746724123928,0.09958,,7
F3,400000,400000,11113,1,2,0.027782112878611764,0.0277825,,4
F4,400000,400000,9760,1,2,0.024400962356368128,0.0244,,3
F5,200000,200000,3528,1,2,0.017640618672600028,0.01764,,6
F6,50000,50000,9713,1,2,0.1942568065409156,0.19426,,7
F7,400000,400000,600,1,2,0.0007671463014161106,0.0015,,6
F8,400000,400000,6333,1,2,0.015831386881020815,0.0158325,,1
F9,200000,200000,6576,1,2,0.032880647733599166,0.03288,,1
F10,100000,100000,7069,1,2,0.07068585758026513,0.07069,,1
F11,100000,100000,10639,1,2,0.1063918014847724,0.10639,,1
F12,50000,50000,4328,1,2,0.08655873795098354,0.08656,,4
F13,200000,200000,6661,1,2,0.033306354193033544,0.033305,,4
F14,200000,200000,1927,1,2,0.009634977239999384,0.009635,,2
F15,100000,100000,6203,1,2,0.062026454878376616,0.06203,,2
F16,100000,100000,6120,1,2,0.061201817408882864,0.0612,,7
