Flow,Period,Deadline,Execution Time,w,h,Target_Utilization,Actual_Utilization,Utilization_Error,Queue
F1,400000,400000,2199,1,2,0.005498685697443273,0.0054975,,1
F2,50000,50000,6613,1,2,0.13225778424307577,0.13226,,6
F3,400000,400000,3469,1,2,0.008671256375985203,0.0086725,,5
F4,200000,200000,6001,1,2,0.030005545858089233,0.030005,,2
F5,100000,100000,11831,1,2,0.11830565531804915,0.11831,,6
F6,400000,400000,9659,1,2,0.024148071908072888,0.0241475,,6
F7,100000,100000,4882,1,2,0.048822229369629266,0.04882,,1
F8,200000,200000,4224,1,2,0.021120633328812033,0.02112,,4
F9,200000,200000,8705,1,2,0.043522934589203144,0.043525,,3
F10,50000,50000,9035,1,2,0.18069486263603807,0.1807,,3
F11,100000,100000,6895,1,2,0.06895353616479515,0.06895,,3
F12,100000,100000,6310,1,2,0.06309806782327645,0.0631,,4
F13,400000,400000,2511,1,2,0.006277636513535759,0.0062775,,1
F14,50000,50000,732,1,2,0.014641045444047422,0.01464,,3
F15,400000,400000,5928,1,2,0.014819661483119743,0.01482,,2
F16,400000,400000,7705,1,2,0.019261482215021587,0.0192625,,7
