Flow,Period,Deadline,Execution Time,w,h,Target_Utilization,Actual_Utilization,Utilization_Error,Queue
F1,200000,200000,1797,1,2,0.008985470401094209,0.008985,,6
F2,50000,50000,7068,1,2,0.14135212127315167,0.14136,,5
F3,100000,100000,6174,1,2,0.06173846979860187,0.06174,,6
F4,200000,200000,4375,1,2,0.02187472832705728,0.021875,,1
F5,50000,50000,4394,1,2,0.08788391921533312,0.08788,,4
F6,400000,400000,9222,1,2,0.02305376211175314,0.023055,,3
F7,400000,400000,11221,1,2,0.02805318293314979,0.0280525,,2
F8,100000,100000,7609,1,2,0.07608732223567877,0.07609,,5
F9,50000,50000,8966,1,2,0.17932002049180717,0.17932,,2
F10,100000,100000,6289,1,2,0.06289375491853108,0.06289,,4
F11,400000,400000,3765,1,2,0.00941142793916075,0.0094125,,4
F12,200000,200000,8168,1,2,0.04084082707405931,0.04084,,3
F13,200000,200000,6535,1,2,0.032674669447938856,0.032675,,7
F14,100000,100000,1855,1,2,0.01854962279663496,0.01855,,5
F15,400000,400000,9431,1,2,0.023577107225593502,0.0235775,,2
F16,400000,400000,9827,1,2,0.024568494944985468,0.0245675,,7
