Flow,Period,Deadline,Execution Time,w,h,Target_Utilization,Actual_Utilization,Utilization_Error,Queue
F1,400000,400000,9594,1,2,0.023984091001557073,0.023985,,5
F2,100000,100000,6563,1,2,0.06562705127348101,0.06563,,5
F3,400000,400000,11697,1,2,0.02924137198738197,0.0292425,,4
F4,50000,50000,10094,1,2,0.20188505164684478,0.20188,,6
F5,200000,200000,6297,1,2,0.03148611806919083,0.031485,,6
F6,200000,200000,6874,1,2,0.03437059237419332,0.03437,,4
F7,50000,50000,4686,1,2,0.09372198219735706,0.09372,,4
F8,50000,50000,6464,1,2,0.12927655758324436,0.12928,,1
F9,100000,100000,7985,1,2,0.07985051187811998,0.07985,,1
F10,400000,400000,655,1,2,0.0016364299698144458,0.0016375,,4
F11,100000,100000,2181,1,2,0.02181113956050587,0.02181,,7
F12,400000,400000,7805,1,2,0.01951266545056418,0.0195125,,6
F13,200000,200000,6554,1,2,0.03277122940569391,0.03277,,7
F14,200000,200000,9572,1,2,0.04786134205612812,0.04786,,6
F15,100000,100000,1173,1,2,0.01172945313289965,0.01173,,1
F16,400000,400000,10559,1,2,0.02639750064324503,0.0263975,,1
