Flow,Period,Deadline,Execution Time,w,h,Target_Utilization,Actual_Utilization,Utilization_Error,Queue
F1,400000,400000,8399,1,2,0.020997981530487153,0.0209975,,3
F2,50000,50000,1619,1,2,0.03238003986478,0.03238,,4
F3,200000,200000,6230,1,2,0.03114753320470387,0.03115,,2
F4,50000,50000,6586,1,2,0.13171747621499863,0.13172,,1
F5,400000,400000,600,1,2,0.0003904793874631718,0.0015,,5
F6,100000,100000,9341,1,2,0.09340770826554712,0.09341,,2
F7,50000,50000,11740,1,2,0.2347906692850869,0.2348,,6
F8,400000,400000,795,1,2,0.001987297367274876,0.0019875,,3
F9,400000,400000,600,1,2,0.001456098876592149,0.0015,,3
F10,400000,400000,6163,1,2,0.015408362244596685,0.0154075,,4
F11,200000,200000,2914,1,2,0.014570737713482607,0.01457,,4
F12,200000,200000,6459,1,2,0.03229421227549861,0.032295,,1
F13,200000,200000,9843,1,2,0.04921555021975588,0.049215,,3
F14,100000,100000,7269,1,2,0.07268539365853467,0.07269,,5
F15,100000,100000,9011,1,2,0.0901139742525274,0.09011,,7
F16,400000,400000,600,1,2,5.0434556668939384e-05,0.0015,,5
