Flow,Period,Deadline,Execution Time,w,h,Target_Utilization,Actual_Utilization,Utilization_Error,Queue
F1,100000,100000,8311,1,2,0.08310632884765368,0.08311,,1
F2,400000,400000,11685,1,2,0.0292114229006325,0.0292125,,4
F3,200000,200000,9172,1,2,0.045857541718326345,0.04586,,5
F4,400000,400000,4538,1,2,0.011344832716852715,0.011345,,3
F5,400000,400000,3237,1,2,0.008092980310380415,0.0080925,,4
F6,400000,400000,8464,1,2,0.021158992121810605,0.02116,,6
F7,100000,100000,6669,1,2,0.06668501340105093,0.06669,,3
F8,50000,50000,7440,1,2,0.14879975859564026,0.1488,,7
F9,400000,400000,622,1,2,0.0015541401145384715,0.001555,,7
F10,200000,200000,1209,1,2,0.006045997418084037,0.006045,,2
F11,200000,200000,720,1,2,0.0035994511459194745,0.0036,,7
F12,50000,50000,9454,1,2,0.1890702984011135,0.18908,,7
F13,400000,400000,4679,1,2,0.011696263397334428,0.0116975,,1
F14,200000,200000,9788,1,2,0.048939317364171286,0.04894,,2
F15,100000,100000,7400,1,2,0.07399656973842972,0.074,,7
F16,100000,100000,11965,1,2,0.11965094267891369,0.11965,,1
