Flow,Period,Deadline,Execution Time,w,h,Target_Utilization,Actual_Utilization,Utilization_Error,Queue
F1,100000,100000,7570,1,2,0.07569676178511209,0.0757,,4
F2,400000,400000,9207,1,2,0.02301742576898891,0.0230175,,4
F3,50000,50000,8107,1,2,0.16213859141243325,0.16214,,3
F4,200000,200000,10646,1,2,0.05323027853695972,0.05323,,3
F5,100000,100000,6731,1,2,0.06730519394290724,0.06731,,5
F6,100000,100000,7031,1,2,0.07031438046545396,0.07031,,3
F7,200000,200000,6073,1,2,0.030363894192746543,0.030365,,6
F8,100000,100000,7766,1,2,0.07766245346040188,0.07766,,5
F9,200000,200000,1633,1,2,0.008165548295520408,0.008165,,2
F10,400000,400000,9320,1,2,0.023299741243578087,0.0233,,1
F11,400000,400000,4328,1,2,0.010820326719259588,0.01082,,7
F12,200000,200000,7409,1,2,0.03704721844833811,0.037045,,7
F13,50000,50000,3929,1,2,0.07857660092076402,0.07858,,5
F14,400000,400000,5609,1,2,0.014022995566580099,0.0140225,,5
F15,100000,100000,6401,1,2,0.06400884472464763,0.06401,,4
F16,400000,400000,5413,1,2,0.01353336784882431,0.0135325,,5
