Flow,Period,Deadline,Execution Time,w,h,Target_Utilization,Actual_Utilization,Utilization_Error,Queue
F1,200000,200000,9739,1,2,0.04869443637511517,0.048695,,2
F2,200000,200000,4598,1,2,0.02299118786855847,0.02299,,2
F3,50000,50000,8391,1,2,0.16782225161115194,0.16782,,1
F4,200000,200000,1067,1,2,0.005333790732073074,0.005335,,1
F5,400000,400000,7327,1,2,0.018316762410980125,0.0183175,,6
F6,400000,400000,4298,1,2,0.010743902827943241,0.010745,,3
F7,50000,50000,6581,1,2,0.1316197347837998,0.13162,,1
F8,50000,50000,957,1,2,0.019140687687602964,0.01914,,2
F9,400000,400000,4577,1,2,0.011443676512910561,0.0114425,,4
F10,400000,400000,8772,1,2,0.02192921832895367,0.02193,,1
F11,50000,50000,7090,1,2,0.1418072343033565,0.1418,,3
F12,100000,100000,7301,1,2,0.0730142233080919,0.07301,,3
F13,400000,400000,5003,1,2,0.012507228061757775,0.0125075,,5
F14,100000,100000,6100,1,2,0.06099567527420596,0.061,,7
F15,100000,100000,3712,1,2,0.037118624492066446,0.03712,,3
F16,200000,200000,9240,1,2,0.046200551964230105,0.0462,,7
