Flow,Period,Deadline,Execution Time,w,h,Target_Utilization,Actual_Utilization,Utilization_Error,Queue
F1,400000,400000,2583,1,2,0.006457506539966573,0.0064575,,7
F2,50000,50000,6636,1,2,0.13271048184664558,0.13272,,7
F3,400000,400000,7867,1,2,0.01966806229548379,0.0196675,,5
F4,200000,200000,11077,1,2,0.05538343135752666,0.055385,,1
F5,50000,50000,7039,1,2,0.14077916566918125,0.14078,,7
F6,50000,50000,6296,1,2,0.1259294144082403,0.12592,,6
F7,400000,400000,10365,1,2,0.025911904415216902,0.0259125,,6
F8,100000,100000,7202,1,2,0.07201866209075403,0.07202,,1
F9,50000,50000,3139,1,2,0.06277981136090777,0.06278,,7
F10,400000,400000,11414,1,2,0.02853596300915409,0.028535,,7
F11,400000,400000,2122,1,2,0.0053059319616822476,0.005305,,1
F12,400000,400000,4131,1,2,0.010328592901781036,0.0103275,,3
F13,400000,400000,9197,1,2,0.022991359757509766,0.0229925,,2
F14,50000,50000,6961,1,2,0.13921269735068373,0.13922,,7
F15,200000,200000,6827,1,2,0.0341335959347327,0.034135,,5
F16,400000,400000,1928,1,2,0.004819545301766869,0.00482,,6
