Flow,Period,Deadline,Execution Time,w,h,Target_Utilization,Actual_Utilization,Utilization_Error,Queue
F1,50000,50000,7933,1,2,0.15865393279334494,0.15866,,6
F2,200000,200000,8906,1,2,0.04453217886708105,0.04453,,1
F3,200000,200000,8906,1,2,0.04453112419536709,0.04453,,7
F4,100000,100000,1240,1,2,0.012399859381760359,0.0124,,2
F5,200000,200000,6369,1,2,0.031842652068651445,0.031845,,5
F6,400000,400000,9586,1,2,0.023964068050276177,0.023965,,6
F7,200000,200000,11447,1,2,0.05723432468374007,0.057235,,7
F8,200000,200000,2486,1,2,0.012429064421813907,0.01243,,7
F9,50000,50000,7703,1,2,0.15405467081327906,0.15406,,3
F10,50000,50000,6174,1,2,0.1234878601246173,0.12348,,2
F11,200000,200000,4578,1,2,0.022889433200047715,0.02289,,1
F12,400000,400000,7983,1,2,0.019958577710530945,0.0199575,,2
F13,400000,400000,8833,1,2,0.022082121924004633,0.0220825,,3
F14,400000,400000,3425,1,2,0.008562610023224629,0.0085625,,7
F15,200000,200000,9930,1,2,0.049651577660629165,0.04965,,6
F16,100000,100000,6291,1,2,0.06291232114990968,0.06291,,6
