Flow,Period,Deadline,Execution Time,w,h,Target_Utilization,Actual_Utilization,Utilization_Error,Queue
F1,100000,100000,7111,1,2,0.07111401939054596,0.07111,,3
F2,400000,400000,2676,1,2,0.0066907050037456894,0.00669,,4
F3,400000,400000,945,1,2,0.002362916466515541,0.0023625,,4
F4,400000,400000,2701,1,2,0.006752909261750206,0.0067525,,4
F5,50000,50000,5949,1,2,0.11897943248984455,0.11898,,2
F6,50000,50000,8933,1,2,0.17866492561509062,0.17866,,7
F7,200000,200000,2731,1,2,0.013656142749479239,0.013655,,2
F8,50000,50000,1637,1,2,0.03274147687916035,0.03274,,3
F9,50000,50000,2731,1,2,0.05461995678773057,0.05462,,7
F10,50000,50000,1443,1,2,0.02885943154642967,0.02886,,6
F11,100000,100000,8689,1,2,0.08689157030343209,0.08689,,1
F12,400000,400000,1388,1,2,0.003470522580107882,0.00347,,2
F13,50000,50000,2091,1,2,0.04181932889740181,0.04182,,5
F14,200000,200000,9117,1,2,0.04558522526568437,0.045585,,1
F15,50000,50000,6203,1,2,0.12406052321311117,0.12406,,3
F16,100000,100000,5942,1,2,0.059421661980081475,0.05942,,5
