Flow,Period,Deadline,Execution Time,w,h,Target_Utilization,Actual_Utilization,Utilization_Error,Queue
F1,400000,400000,2745,1,2,0.006862461613897586,0.0068625,,3
F2,100000,100000,8478,1,2,0.08477567111687079,0.08478,,5
F3,100000,100000,3849,1,2,0.03849088608504059,0.03849,,2
F4,50000,50000,9500,1,2,0.18999769679527367,0.19,,6
F5,200000,200000,6969,1,2,0.034843537416718195,0.034845,,3
F6,100000,100000,8955,1,2,0.08954997583888352,0.08955,,1
F7,50000,50000,6598,1,2,0.13196367465931558,0.13196,,7
F8,400000,400000,600,1,2,0.0006245171344310685,0.0015,,7
F9,400000,400000,8721,1,2,0.02180263965852891,0.0218025,,2
F10,200000,200000,4654,1,2,0.0232700811861066,0.02327,,1
F11,400000,400000,4636,1,2,0.011590403318422399,0.01159,,4
F12,50000,50000,7043,1,2,0.1408565321884462,0.14086,,6
F13,200000,200000,4614,1,2,0.023068881166914697,0.02307,,6
F14,400000,400000,1795,1,2,0.004488745286352503,0.0044875,,6
F15,200000,200000,2641,1,2,0.013204598912789581,0.013205,,5
F16,200000,200000,2655,1,2,0.013274807360416231,0.013275,,1
