Flow,Period,Deadline,Execution Time,w,h,Target_Utilization,Actual_Utilization,Utilization_Error,Queue
F1,50000,50000,6390,1,2,0.1278024911648803,0.1278,,3
F2,400000,400000,600,1,2,0.0012298654005254983,0.0015,,7
F3,400000,400000,7110,1,2,0.0177760576600573,0.017775,,4
F4,200000,200000,10991,1,2,0.05495432271818912,0.054955,,3
F5,400000,400000,2853,1,2,0.007132924139002572,0.0071325,,3
F6,200000,200000,8256,1,2,0.04128148636505102,0.04128,,1
F7,50000,50000,4722,1,2,0.09444036935848688,0.09444,,5
F8,200000,200000,10302,1,2,0.05151176636194038,0.05151,,4
F9,200000,200000,7299,1,2,0.036493369201298864,0.036495,,6
F10,50000,50000,6137,1,2,0.12274531005839734,0.12274,,2
F11,100000,100000,4676,1,2,0.04676117341134137,0.04676,,2
F12,100000,100000,6323,1,2,0.06323395836790552,0.06323,,6
F13,100000,100000,7125,1,2,0.07124719161063077,0.07125,,7
F14,200000,200000,1593,1,2,0.007964924807747832,0.007965,,3
F15,100000,100000,4864,1,2,0.04864175174262197,0.04864,,5
F16,400000,400000,4040,1,2,0.01009990005997828,0.0101,,7
