Flow,Period,Deadline,Execution Time,w,h,Target_Utilization,Actual_Utilization,Utilization_Error,Queue
F1,100000,100000,5257,1,2,0.05257019693511378,0.05257,,2
F2,200000,200000,9111,1,2,0.04555520655369505,0.045555,,3
F3,200000,200000,7301,1,2,0.03650672247965048,0.036505,,4
F4,100000,100000,6163,1,2,0.06162809440775474,0.06163,,2
F5,400000,400000,4489,1,2,0.011221453265924275,0.0112225,,5
F6,50000,50000,3118,1,2,0.062362599329268575,0.06236,,6
F7,100000,100000,10279,1,2,0.10279236493882182,0.10279,,2
F8,100000,100000,6137,1,2,0.061370677186280975,0.06137,,3
F9,200000,200000,8697,1,2,0.04348437637028757,0.043485,,7
F10,400000,400000,4144,1,2,0.01035952514737748,0.01036,,5
F11,200000,200000,9771,1,2,0.04885429417855475,0.048855,,4
F12,200000,200000,8593,1,2,0.042964133662910464,0.042965,,6
F13,100000,100000,7638,1,2,0.07637943625797272,0.07638,,3
F14,200000,200000,10732,1,2,0.053658891988396545,0.05366,,6
F15,200000,200000,7635,1,2,0.038172598728749105,0.038175,,2
F16,100000,100000,9439,1,2,0.0943876195220023,0.09439,,2
