Flow,Period,Deadline,Execution Time,w,h,Target_Utilization,Actual_Utilization,Utilization_Error,Queue
F1,100000,100000,6441,1,2,0.0644064791033897,0.06441,,5
F2,50000,50000,6630,1,2,0.13260455774231616,0.1326,,7
F3,200000,200000,9634,1,2,0.04817121911650324,0.04817,,2
F4,400000,400000,8093,1,2,0.020233541896033214,0.0202325,,7
F5,50000,50000,7871,1,2,0.1574223344824196,0.15742,,3
F6,400000,400000,8051,1,2,0.020126287750817873,0.0201275,,1
F7,50000,50000,4596,1,2,0.09191633991509313,0.09192,,3
F8,50000,50000,2069,1,2,0.041378397686706314,0.04138,,7
F9,200000,200000,7733,1,2,0.038663511682572455,0.038665,,3
F10,400000,400000,6831,1,2,0.01707806061738265,0.0170775,,5
F11,200000,200000,7058,1,2,0.035291403031514484,0.03529,,4
F12,50000,50000,4449,1,2,0.08898137298607954,0.08898,,4
F13,400000,400000,1775,1,2,0.004438442944408524,0.0044375,,7
F14,400000,400000,7717,1,2,0.01929268616773843,0.0192925,,4
F15,200000,200000,5973,1,2,0.029864739431619977,0.029865,,2
F16,400000,400000,9790,1,2,0.02447460765019615,0.024475,,3
