Flow,Period,Deadline,Execution Time,w,h,Target_Utilization,Actual_Utilization,Utilization_Error,Queue
F1,50000,50000,8374,1,2,0.16748285252323225,0.16748,,4
F2,400000,400000,8147,1,2,0.020367329580685656,0.0203675,,5
F3,200000,200000,7762,1,2,0.038811970571278054,0.03881,,6
F4,100000,100000,603,1,2,0.006030038972567708,0.00603,,5
F5,400000,400000,3993,1,2,0.009982364738621241,0.0099825,,2
F6,200000,200000,8407,1,2,0.042037391988527184,0.042035,,5
F7,200000,200000,7495,1,2,0.03747733774892548,0.037475,,7
F8,100000,100000,7370,1,2,0.07370302849583826,0.0737,,5
F9,100000,100000,7177,1,2,0.07176650935257067,0.07177,,4
F10,200000,200000,8260,1,2,0.04129813645942243,0.0413,,4
F11,400000,400000,5554,1,2,0.01388571987388848,0.013885,,3
F12,400000,400000,7249,1,2,0.018123262165827714,0.0181225,,4
F13,50000,50000,6067,1,2,0.12133325851086918,0.12134,,1
F14,100000,100000,9923,1,2,0.09922640684939711,0.09923,,6
F15,100000,100000,6771,1,2,0.06771258675108138,0.06771,,1
F16,200000,200000,7807,1,2,0.03903416575757017,0.039035,,3
