Flow,Period,Deadline,Execution Time,w,h,Target_Utilization,Actual_Utilization,Utilization_Error,Queue
F1,200000,200000,6765,1,2,0.03382570411284691,0.033825,,7
F2,50000,50000,7065,1,2,0.14129066281093083,0.1413,,1
F3,200000,200000,7927,1,2,0.03963678832323925,0.039635,,7
F4,100000,100000,9378,1,2,0.09378056326220696,0.09378,,2
F5,100000,100000,8136,1,2,0.08136013456317309,0.08136,,3
F6,100000,100000,9586,1,2,0.09586182681707939,0.09586,,6
F7,400000,400000,9547,1,2,0.023867501858795548,0.0238675,,6
F8,100000,100000,6808,1,2,0.06807698508262694,0.06808,,1
F9,400000,400000,6399,1,2,0.015997183738679588,0.0159975,,5
F10,100000,100000,11695,1,2,0.1169451105619663,0.11695,,7
F11,400000,400000,6730,1,2,0.016825389001306063,0.016825,,1
F12,50000,50000,2892,1,2,0.05783827347602607,0.05784,,6
F13,400000,400000,3111,1,2,0.007778185155964824,0.0077775,,7
F14,400000,400000,11647,1,2,0.029116627089942827,0.0291175,,2
F15,400000,400000,3607,1,2,0.009017253989642792,0.0090175,,3
F16,200000,200000,2981,1,2,0.014905458926254644,0.014905,,4
