Flow,Period,Deadline,Execution Time,w,h,Target_Utilization,Actual_Utilization,Utilization_Error,Queue
F1,50000,50000,10745,1,2,0.21490310206902563,0.2149,,4
F2,200000,200000,9733,1,2,0.04866608530723848,0.048665,,6
F3,50000,50000,7718,1,2,0.15435496921423358,0.15436,,4
F4,400000,400000,7758,1,2,0.019394249150599507,0.019395,,7
F5,400000,400000,2684,1,2,0.006710822754644963,0.00671,,1
F6,400000,400000,10559,1,2,0.02639640004206334,0.0263975,,4
F7,200000,200000,10841,1,2,0.05420744505136943,0.054205,,5
F8,200000,200000,2469,1,2,0.012345384083031485,0.012345,,6
F9,400000,400000,2364,1,2,0.00591050884787242,0.00591,,1
F10,100000,100000,8435,1,2,0.08434889603116749,0.08435,,4
F11,100000,100000,7862,1,2,0.07862444371900953,0.07862,,2
F12,400000,400000,2393,1,2,0.005982930016606186,0.0059825,,5
F13,400000,400000,6521,1,2,0.016301909607674497,0.0163025,,3
F14,200000,200000,3963,1,2,0.01981621729530572,0.019815,,1
F15,100000,100000,9117,1,2,0.09117470371153479,0.09117,,6
F16,400000,400000,5949,1,2,0.01487287665208247,0.0148725,,4
