Flow,Period,Deadline,Execution Time,w,h,Target_Utilization,Actual_Utilization,Utilization_Error,Queue
F1,100000,100000,3885,1,2,0.03885098719883051,0.03885,,6
F2,400000,400000,5593,1,2,0.013982091679192288,0.0139825,,7
F3,100000,100000,3923,1,2,0.03922838189317801,0.03923,,3
F4,50000,50000,6382,1,2,0.12763074176297795,0.12764,,2
F5,200000,200000,7025,1,2,0.03512666748799209,0.035125,,5
F6,200000,200000,11680,1,2,0.05839998892202092,0.0584,,2
F7,100000,100000,8899,1,2,0.08898735241258438,0.08899,,3
F8,100000,100000,7493,1,2,0.0749270928304937,0.07493,,4
F9,200000,200000,8235,1,2,0.04117282404475997,0.041175,,5
F10,400000,400000,3827,1,2,0.009567842291981099,0.0095675,,4
F11,400000,400000,10459,1,2,0.026147154141123452,0.0261475,,3
F12,100000,100000,6663,1,2,0.06662659659593989,0.06663,,7
F13,400000,400000,10937,1,2,0.027343102605999287,0.0273425,,2
F14,50000,50000,5131,1,2,0.10262471617890068,0.10262,,2
F15,50000,50000,5575,1,2,0.11149511562679877,0.1115,,2
F16,400000,400000,7636,1,2,0.01908953083779409,0.01909,,6
